v -0.262517 2.000000 0.051519
v -0.262517 2.000000 0.051519
v -0.262517 2.000000 0.051519
v -0.262517 2.000000 0.051519
v -0.268988 2.000000 0.015211
v -0.268988 2.000000 0.015211
v -0.270432 2.000000 -0.021649
v -0.270432 2.000000 -0.021649
v -0.266857 2.000000 -0.058360
v -0.266857 2.000000 -0.058360
v -0.258359 2.000000 -0.094263
v -0.258359 2.000000 -0.094263
v -0.245146 2.000000 -0.128661
v -0.245146 2.000000 -0.128661
v -0.227508 2.000000 -0.160947
v -0.227508 2.000000 -0.160947
v -0.205704 2.000000 -0.190699
v -0.205704 2.000000 -0.190699
v -0.180202 2.000000 -0.217309
v -0.180202 2.000000 -0.217309
v -0.151489 2.000000 -0.240335
v -0.151489 2.000000 -0.240335
v -0.119947 2.000000 -0.259498
v -0.119947 2.000000 -0.259498
v -0.086231 2.000000 -0.274421
v -0.086231 2.000000 -0.274421
v -0.050930 2.000000 -0.284892
v -0.050930 2.000000 -0.284892
v -0.014488 2.000000 -0.290800
v -0.014488 2.000000 -0.290800
v 0.022385 2.000000 -0.292045
v 0.022385 2.000000 -0.292045
v 0.059062 2.000000 -0.288648
v 0.059062 2.000000 -0.288648
v 0.095112 2.000000 -0.280673
v 0.095112 2.000000 -0.280673
v 0.095112 2.000000 -0.280673
v 0.159039 1.998092 -0.250060
v 0.159039 1.998092 -0.250060
v 0.213869 1.996184 -0.205142
v 0.213869 1.996184 -0.205142
v 0.256465 1.994276 -0.148489
v 0.256465 1.994276 -0.148489
v 0.284389 1.992369 -0.083342
v 0.284389 1.992369 -0.083342
v 0.296046 1.990461 -0.013428
v 0.296046 1.990461 -0.013428
v 0.290767 1.988553 0.057255
v 0.290767 1.988553 0.057255
v 0.268854 1.986645 0.124662
v 0.268854 1.986645 0.124662
v 0.231562 1.984737 0.184939
v 0.231562 1.984737 0.184939
v 0.181024 1.982829 0.234635
v 0.181024 1.982829 0.234635
v 0.120130 1.980921 0.270910
v 0.120130 1.980921 0.270910
v 0.052364 1.979014 0.291687
v 0.052364 1.979014 0.291687
v -0.018397 1.977106 0.295778
v -0.018397 1.977106 0.295778
v -0.088106 1.975198 0.282950
v -0.088106 1.975198 0.282950
v -0.152775 1.973290 0.253935
v -0.152775 1.973290 0.253935
v -0.208705 1.971382 0.210394
v -0.208705 1.971382 0.210394
v -0.252695 1.969474 0.154818
v -0.252695 1.969474 0.154818
v -0.282230 1.967566 0.090385
v -0.282230 1.967566 0.090385
v -0.295620 1.965659 0.020782
v -0.295620 1.965659 0.020782
v -0.295620 1.965659 0.020782
v -0.292100 1.963751 -0.050010
v -0.292100 1.963751 -0.050010
v -0.271870 1.961843 -0.117942
v -0.271870 1.961843 -0.117942
v -0.236087 1.959935 -0.179126
v -0.236087 1.959935 -0.179126
v -0.186799 1.958027 -0.230064
v -0.186799 1.958027 -0.230064
v -0.126826 1.956119 -0.267840
v -0.126826 1.956119 -0.267840
v -0.059597 1.954211 -0.290296
v -0.059597 1.954211 -0.290296
v 0.011040 1.952303 -0.296144
v 0.011040 1.952303 -0.296144
v 0.081047 1.950396 -0.285052
v 0.081047 1.950396 -0.285052
v 0.146417 1.948488 -0.257654
v 0.146417 1.948488 -0.257654
v 0.203411 1.946580 -0.215516
v 0.203411 1.946580 -0.215516
v 0.248769 1.944672 -0.161050
v 0.248769 1.944672 -0.161050
v 0.279897 1.942764 -0.097371
v 0.279897 1.942764 -0.097371
v 0.295013 1.940856 -0.028123
v 0.295013 1.940856 -0.028123
v 0.293252 1.938948 0.042735
v 0.293252 1.938948 0.042735
v 0.274717 1.937041 0.111148
v 0.274717 1.937041 0.111148
v 0.240466 1.935133 0.173203
v 0.240466 1.935133 0.173203
v 0.192460 1.933225 0.225350
v 0.192460 1.933225 0.225350
v 0.133444 1.931317 0.264606
v 0.133444 1.931317 0.264606
v 0.066794 1.929409 0.288725
v 0.066794 1.929409 0.288725
v -0.003677 1.927501 0.296327
v -0.003677 1.927501 0.296327
v -0.073937 1.925593 0.286978
v -0.073937 1.925593 0.286978
v -0.139968 1.923686 0.261213
v -0.139968 1.923686 0.261213
v -0.197992 1.921778 0.220505
v -0.197992 1.921778 0.220505
v -0.244690 1.919870 0.167183
v -0.244690 1.919870 0.167183
v -0.277390 1.917962 0.104298
v -0.277390 1.917962 0.104298
v -0.294223 1.916054 0.035446
v -0.294223 1.916054 0.035446
v -0.294223 1.916054 0.035446
v -0.294224 1.914146 -0.035433
v -0.294224 1.914146 -0.035433
v -0.277395 1.912238 -0.104286
v -0.277395 1.912238 -0.104286
v -0.244697 1.910331 -0.167173
v -0.244697 1.910331 -0.167173
v -0.198001 1.908423 -0.220497
v -0.198001 1.908423 -0.220497
v -0.139979 1.906515 -0.261207
v -0.139979 1.906515 -0.261207
v -0.073949 1.904607 -0.286975
v -0.073949 1.904607 -0.286975
v -0.003689 1.902699 -0.296327
v -0.003689 1.902699 -0.296327
v 0.066782 1.900791 -0.288727
v 0.066782 1.900791 -0.288727
v 0.133432 1.898883 -0.264611
v 0.133432 1.898883 -0.264611
v 0.192450 1.896976 -0.225358
v 0.192450 1.896976 -0.225358
v 0.240459 1.895068 -0.173213
v 0.240459 1.895068 -0.173213
v 0.274712 1.893160 -0.111160
v 0.274712 1.893160 -0.111160
v 0.293251 1.891252 -0.042748
v 0.293251 1.891252 -0.042748
v 0.295014 1.889344 0.028110
v 0.295014 1.889344 0.028110
v 0.279901 1.887436 0.097359
v 0.279901 1.887436 0.097359
v 0.248776 1.885528 0.161040
v 0.248776 1.885528 0.161040
v 0.203420 1.883621 0.215508
v 0.203420 1.883621 0.215508
v 0.146428 1.881713 0.257647
v 0.146428 1.881713 0.257647
v 0.081059 1.879805 0.285049
v 0.081059 1.879805 0.285049
v 0.011053 1.877897 0.296144
v 0.011053 1.877897 0.296144
v -0.059585 1.875989 0.290298
v -0.059585 1.875989 0.290298
v -0.126814 1.874081 0.267846
v -0.126814 1.874081 0.267846
v -0.186790 1.872173 0.230072
v -0.186790 1.872173 0.230072
v -0.236079 1.870265 0.179136
v -0.236079 1.870265 0.179136
v -0.271865 1.868358 0.117953
v -0.271865 1.868358 0.117953
v -0.292098 1.866450 0.050023
v -0.292098 1.866450 0.050023
v -0.292098 1.866450 0.050023
v -0.295621 1.864542 -0.020769
v -0.295621 1.864542 -0.020769
v -0.282234 1.862634 -0.090373
v -0.282234 1.862634 -0.090373
v -0.252702 1.860726 -0.154807
v -0.252702 1.860726 -0.154807
v -0.208714 1.858818 -0.210385
v -0.208714 1.858818 -0.210385
v -0.152786 1.856910 -0.253929
v -0.152786 1.856910 -0.253929
v -0.088119 1.855003 -0.282946
v -0.088119 1.855003 -0.282946
v -0.018410 1.853095 -0.295778
v -0.018410 1.853095 -0.295778
v 0.052351 1.851187 -0.291689
v 0.052351 1.851187 -0.291689
v 0.120118 1.849279 -0.270915
v 0.120118 1.849279 -0.270915
v 0.181014 1.847371 -0.234643
v 0.181014 1.847371 -0.234643
v 0.231554 1.845463 -0.184948
v 0.231554 1.845463 -0.184948
v 0.268849 1.843555 -0.124674
v 0.268849 1.843555 -0.124674
v 0.290764 1.841648 -0.057267
v 0.290764 1.841648 -0.057267
v 0.296046 1.839740 0.013415
v 0.296046 1.839740 0.013415
v 0.284393 1.837832 0.083330
v 0.284393 1.837832 0.083330
v 0.256471 1.835924 0.148478
v 0.256471 1.835924 0.148478
v 0.213878 1.834016 0.205133
v 0.213878 1.834016 0.205133
v 0.159050 1.832108 0.250053
v 0.159050 1.832108 0.250053
v 0.095124 1.830200 0.280668
v 0.095124 1.830200 0.280668
v 0.025756 1.828292 0.295229
v 0.025756 1.828292 0.295229
v -0.045086 1.826385 0.292900
v -0.045086 1.826385 0.292900
v -0.113348 1.824477 0.273817
v -0.113348 1.824477 0.273817
v -0.175126 1.822569 0.239070
v -0.175126 1.822569 0.239070
v -0.226886 1.820661 0.190646
v -0.226886 1.820661 0.190646
v -0.265667 1.818753 0.131317
v -0.265667 1.818753 0.131317
v -0.289251 1.816845 0.064476
v -0.289251 1.816845 0.064476
v -0.289251 1.816845 0.064476
v -0.296288 1.814937 -0.006053
v -0.296288 1.814937 -0.006053
v -0.286376 1.813030 -0.076236
v -0.286376 1.813030 -0.076236
v -0.260082 1.811122 -0.142058
v -0.260082 1.811122 -0.142058
v -0.218910 1.809214 -0.199754
v -0.218910 1.809214 -0.199754
v -0.165216 1.807306 -0.246022
v -0.165216 1.807306 -0.246022
v -0.102070 1.805398 -0.278218
v -0.102070 1.805398 -0.278218
v -0.033085 1.803490 -0.294497
v -0.033085 1.803490 -0.294497
v 0.037792 1.801582 -0.293930
v 0.037792 1.801582 -0.293930
v 0.106507 1.799675 -0.276549
v 0.106507 1.799675 -0.276549
v 0.169130 1.797767 -0.243348
v 0.169130 1.797767 -0.243348
v 0.222078 1.795859 -0.196227
v 0.222078 1.795859 -0.196227
v 0.262321 1.793951 -0.137880
v 0.262321 1.793951 -0.137880
v 0.287559 1.792043 -0.071646
v 0.287559 1.792043 -0.071646
v 0.296347 1.790135 -0.001313
v 0.296347 1.790135 -0.001313
v 0.288183 1.788227 0.069095
v 0.288183 1.788227 0.069095
v 0.263533 1.786319 0.135550
v 0.263533 1.786319 0.135550
v 0.223807 1.784412 0.194251
v 0.223807 1.784412 0.194251
v 0.171279 1.782504 0.241840
v 0.171279 1.782504 0.241840
v 0.108953 1.780596 0.275595
v 0.108953 1.780596 0.275595
v 0.040395 1.778688 0.293584
v 0.040395 1.778688 0.293584
v -0.030475 1.776780 0.294779
v -0.030475 1.776780 0.294779
v -0.099601 1.774872 0.279111
v -0.099601 1.774872 0.279111
v -0.163030 1.772964 0.247477
v -0.163030 1.772964 0.247477
v -0.217132 1.771057 0.201685
v -0.217132 1.771057 0.201685
v -0.258813 1.769149 0.144357
v -0.258813 1.769149 0.144357
v -0.285690 1.767241 0.078770
v -0.285690 1.767241 0.078770
v -0.296223 1.765333 0.008678
v -0.296223 1.765333 0.008678
v -0.296223 1.765333 0.008678
v -0.289811 1.763425 -0.061911
v -0.289811 1.763425 -0.061911
v -0.266820 1.761517 -0.128958
v -0.266820 1.761517 -0.128958
v -0.228566 1.759609 -0.188629
v -0.228566 1.759609 -0.188629
v -0.177237 1.757702 -0.237508
v -0.177237 1.757702 -0.237508
v -0.115769 1.755794 -0.272802
v -0.115769 1.755794 -0.272802
v -0.047679 1.753886 -0.292489
v -0.047679 1.753886 -0.292489
v 0.023139 1.751978 -0.295445
v 0.023139 1.751978 -0.295445
v 0.092633 1.750070 -0.281500
v 0.092633 1.750070 -0.281500
v 0.156828 1.748162 -0.251452
v 0.156828 1.748162 -0.251452
v 0.212052 1.746254 -0.207020
v 0.212052 1.746254 -0.207020
v 0.255146 1.744347 -0.150745
v 0.255146 1.744347 -0.150745
v 0.283644 1.742439 -0.085847
v 0.283644 1.742439 -0.085847
v 0.295916 1.740531 -0.016038
v 0.295916 1.740531 -0.016038
v 0.291260 1.738623 0.054689
v 0.291260 1.738623 0.054689
v 0.269943 1.736715 0.122287
v 0.269943 1.736715 0.122287
v 0.233184 1.734807 0.182890
v 0.233184 1.734807 0.182890
v 0.183086 1.732899 0.233030
v 0.183086 1.732899 0.233030
v 0.122514 1.730992 0.269840
v 0.122514 1.730992 0.269840
v 0.054934 1.729084 0.291214
v 0.054934 1.729084 0.291214
v -0.015789 1.727176 0.295929
v -0.015789 1.727176 0.295929
v -0.085608 1.725268 0.283716
v -0.085608 1.725268 0.283716
v -0.150530 1.723360 0.255272
v -0.150530 1.723360 0.255272
v -0.206841 1.721452 0.212226
v -0.206841 1.721452 0.212226
v -0.251320 1.719544 0.157040
v -0.251320 1.719544 0.157040
v -0.281422 1.717636 0.092870
v -0.281422 1.717636 0.092870
v -0.295426 1.715729 0.023387
v -0.295426 1.715729 0.023387
v -0.295426 1.715729 0.023387
v -0.292529 1.713821 -0.047433
v -0.292529 1.713821 -0.047433
v -0.272899 1.711913 -0.115540
v -0.272899 1.711913 -0.115540
v -0.237657 1.710005 -0.177038
v -0.237657 1.710005 -0.177038
v -0.188821 1.708097 -0.228408
v -0.188821 1.708097 -0.228408
v -0.129183 1.706189 -0.266712
v -0.129183 1.706189 -0.266712
v -0.062155 1.704281 -0.289759
v -0.062155 1.704281 -0.289759
v 0.008429 1.702374 -0.296230
v 0.008429 1.702374 -0.296230
v 0.078530 1.700466 -0.285756
v 0.078530 1.700466 -0.285756
v 0.144139 1.698558 -0.258935
v 0.144139 1.698558 -0.258935
v 0.201503 1.696650 -0.217301
v 0.201503 1.696650 -0.217301
v 0.247340 1.694742 -0.163238
v 0.247340 1.694742 -0.163238
v 0.279027 1.692834 -0.099836
v 0.279027 1.692834 -0.099836
v 0.294753 1.690926 -0.030723
v 0.294753 1.690926 -0.030723
v 0.293618 1.689019 0.040148
v 0.293618 1.689019 0.040148
v 0.275686 1.687111 0.108722
v 0.275686 1.687111 0.108722
v 0.241984 1.685203 0.171076
v 0.241984 1.685203 0.171076
v 0.194439 1.683295 0.223644
v 0.194439 1.683295 0.223644
v 0.135772 1.681387 0.263419
v 0.135772 1.681387 0.263419
v 0.069337 1.679479 0.288124
v 0.069337 1.679479 0.288124
v -0.001064 1.677571 0.296348
v -0.001064 1.677571 0.296348
v -0.071404 1.675664 0.287619
v -0.071404 1.675664 0.287619
v -0.137659 1.673756 0.262437
v -0.137659 1.673756 0.262437
v -0.196040 1.671848 0.222242
v -0.196040 1.671848 0.222242
v -0.243206 1.669940 0.169334
v -0.243206 1.669940 0.169334
v -0.276460 1.668032 0.106740
v -0.276460 1.668032 0.106740
v -0.293899 1.666124 0.038039
v -0.293899 1.666124 0.038039
v -0.293899 1.666124 0.038039
v -0.294525 1.664216 -0.032838
v -0.294525 1.664216 -0.032838
v -0.278303 1.662309 -0.101836
v -0.278303 1.662309 -0.101836
v -0.246161 1.660401 -0.165009
v -0.246161 1.660401 -0.165009
v -0.199938 1.658493 -0.218742
v -0.199938 1.658493 -0.218742
v -0.142277 1.656585 -0.259963
v -0.142277 1.656585 -0.259963
v -0.076477 1.654677 -0.286312
v -0.076477 1.654677 -0.286312
v -0.006302 1.652769 -0.296283
v -0.006302 1.652769 -0.296283
v 0.064233 1.650861 -0.289305
v 0.064233 1.650861 -0.289305
v 0.131094 1.648954 -0.265777
v 0.131094 1.648954 -0.265777
v 0.190456 1.647046 -0.227046
v 0.190456 1.647046 -0.227046
v 0.238922 1.645138 -0.175327
v 0.238922 1.645138 -0.175327
v 0.273721 1.643230 -0.113578
v 0.273721 1.643230 -0.113578
v 0.292862 1.641322 -0.045332
v 0.292862 1.641322 -0.045332
v 0.295250 1.639414 0.025508
v 0.295250 1.639414 0.025508
v 0.280748 1.637506 0.094888
v 0.280748 1.637506 0.094888
v 0.250186 1.635599 0.158840
v 0.250186 1.635599 0.158840
v 0.205313 1.633691 0.213706
v 0.205313 1.633691 0.213706
v 0.148694 1.631783 0.256346
v 0.148694 1.631783 0.256346
v 0.083569 1.629875 0.284323
v 0.083569 1.629875 0.284323
v 0.013664 1.627967 0.296035
v 0.013664 1.627967 0.296035
v -0.057023 1.626059 0.290812
v -0.057023 1.626059 0.290812
v -0.124448 1.624151 0.268954
v -0.124448 1.624151 0.268954
v -0.184754 1.622243 0.231710
v -0.184754 1.622243 0.231710
v -0.234491 1.620336 0.181211
v -0.234491 1.620336 0.181211
v -0.270814 1.618428 0.120346
v -0.270814 1.618428 0.120346
v -0.291645 1.616520 0.052597
v -0.291645 1.616520 0.052597
v -0.291645 1.616520 0.052597
v -0.295793 1.614612 -0.018162
v -0.295793 1.614612 -0.018162
v -0.283020 1.612704 -0.087881
v -0.283020 1.612704 -0.087881
v -0.254057 1.610796 -0.152573
v -0.254057 1.610796 -0.152573
v -0.210561 1.608888 -0.208537
v -0.210561 1.608888 -0.208537
v -0.155019 1.606981 -0.252572
v -0.155019 1.606981 -0.252572
v -0.090610 1.605073 -0.282158
v -0.090610 1.605073 -0.282158
v -0.021017 1.603165 -0.295604
v -0.021017 1.603165 -0.295604
v 0.049777 1.601257 -0.292140
v 0.049777 1.601257 -0.292140
v 0.117725 1.599349 -0.271964
v 0.117725 1.599349 -0.271964
v 0.178938 1.597441 -0.236230
v 0.178938 1.597441 -0.236230
v 0.229915 1.595533 -0.186983
v 0.229915 1.595533 -0.186983
v 0.267739 1.593626 -0.127040
v 0.267739 1.593626 -0.127040
v 0.290248 1.591718 -0.059829
v 0.290248 1.591718 -0.059829
v 0.296153 1.589810 0.010804
v 0.296153 1.589810 0.010804
v 0.285117 1.587902 0.080819
v 0.285117 1.587902 0.080819
v 0.257770 1.585994 0.146211
v 0.257770 1.585994 0.146211
v 0.215678 1.584086 0.203239
v 0.215678 1.584086 0.203239
v 0.161249 1.582178 0.248641
v 0.161249 1.582178 0.248641
v 0.097595 1.580271 0.279819
v 0.097595 1.580271 0.279819
v 0.028358 1.578363 0.294990
v 0.028358 1.578363 0.294990
v -0.042501 1.576455 0.293287
v -0.042501 1.576455 0.293287
v -0.110929 1.574547 0.274806
v -0.110929 1.574547 0.274806
v -0.173011 1.572639 0.240604
v -0.173011 1.572639 0.240604
v -0.225196 1.570731 0.192639
v -0.225196 1.570731 0.192639
v -0.264499 1.568823 0.133655
v -0.264499 1.568823 0.133655
v -0.288671 1.566916 0.067024
v -0.288671 1.566916 0.067024
v -0.288671 1.566916 0.067024
v -0.296330 1.565008 -0.003440
v -0.296330 1.565008 -0.003440
v -0.287037 1.563100 -0.073708
v -0.287037 1.563100 -0.073708
v -0.261325 1.561192 -0.139759
v -0.261325 1.561192 -0.139759
v -0.220663 1.559284 -0.197816
v -0.220663 1.559284 -0.197816
v -0.167379 1.557376 -0.244556
v -0.167379 1.557376 -0.244556
v -0.104519 1.555468 -0.277307
v -0.104519 1.555468 -0.277307
v -0.035681 1.553560 -0.294194
v -0.035681 1.553560 -0.294194
v 0.035199 1.551653 -0.294252
v 0.035199 1.551653 -0.294252
v 0.104065 1.549745 -0.277478
v 0.104065 1.549745 -0.277478
v 0.166978 1.547837 -0.244830
v 0.166978 1.547837 -0.244830
v 0.220339 1.545929 -0.198177
v 0.220339 1.545929 -0.198177
v 0.261095 1.544021 -0.140187
v 0.261095 1.544021 -0.140187
v 0.286916 1.542113 -0.074178
v 0.286916 1.542113 -0.074178
v 0.296324 1.540205 -0.003926
v 0.296324 1.540205 -0.003926
v 0.288781 1.538298 0.066551
v 0.288781 1.538298 0.066551
v 0.264718 1.536390 0.133221
v 0.264718 1.536390 0.133221
v 0.225512 1.534482 0.192270
v 0.225512 1.534482 0.192270
v 0.173405 1.532574 0.240321
v 0.173405 1.532574 0.240321
v 0.111379 1.530666 0.274623
v 0.111379 1.530666 0.274623
v 0.042982 1.528758 0.293216
v 0.042982 1.528758 0.293216
v -0.027875 1.526850 0.295036
v -0.027875 1.526850 0.295036
v -0.097136 1.524943 0.279978
v -0.097136 1.524943 0.279978
v -0.160841 1.523035 0.248904
v -0.160841 1.523035 0.248904
v -0.215345 1.521127 0.203592
v -0.215345 1.521127 0.203592
v -0.257531 1.519219 0.146633
v -0.257531 1.519219 0.146633
v -0.284984 1.517311 0.081286
v -0.284984 1.517311 0.081286
v -0.296135 1.515403 0.011289
v -0.296135 1.515403 0.011289
v -0.296135 1.515403 0.011289
v -0.290345 1.513495 -0.059353
v -0.290345 1.513495 -0.059353
v -0.267947 1.511588 -0.126601
v -0.267947 1.511588 -0.126601
v -0.230221 1.509680 -0.186606
v -0.230221 1.509680 -0.186606
v -0.179325 1.507772 -0.235937
v -0.179325 1.507772 -0.235937
v -0.118170 1.505864 -0.271770
v -0.118170 1.505864 -0.271770
v -0.050256 1.503956 -0.292058
v -0.050256 1.503956 -0.292058
v 0.020533 1.502048 -0.295638
v 0.020533 1.502048 -0.295638
v 0.090148 1.500140 -0.282306
v 0.090148 1.500140 -0.282306
v 0.154605 1.498232 -0.252825
v 0.154605 1.498232 -0.252825
v 0.210219 1.496325 -0.208881
v 0.210219 1.496325 -0.208881
v 0.253807 1.494417 -0.152989
v 0.253807 1.494417 -0.152989
v 0.282876 1.492509 -0.088344
v 0.282876 1.492509 -0.088344
v 0.295763 1.490601 -0.018646
v 0.295763 1.490601 -0.018646
v 0.291731 1.488693 0.052119
v 0.291731 1.488693 0.052119
v 0.271011 1.486785 0.119902
v 0.271011 1.486785 0.119902
v 0.234787 1.484877 0.180826
v 0.234787 1.484877 0.180826
v 0.185133 1.482970 0.231407
v 0.185133 1.482970 0.231407
v 0.124888 1.481062 0.268749
v 0.124888 1.481062 0.268749
v 0.057499 1.479154 0.290718
v 0.057499 1.479154 0.290718
v -0.013179 1.477246 0.296057
v -0.013179 1.477246 0.296057
v -0.083103 1.475338 0.284459
v -0.083103 1.475338 0.284459
v -0.148274 1.473430 0.256590
v -0.148274 1.473430 0.256590
v -0.204962 1.471522 0.214042
v -0.204962 1.471522 0.214042
v -0.249926 1.469615 0.159250
v -0.249926 1.469615 0.159250
v -0.280593 1.467707 0.095348
v -0.280593 1.467707 0.095348
v -0.295208 1.465799 0.025991
v -0.295208 1.465799 0.025991
v -0.295208 1.465799 0.025991
v -0.292936 1.463891 -0.044852
v -0.292936 1.463891 -0.044852
v -0.273907 1.461983 -0.113129
v -0.273907 1.461983 -0.113129
v -0.239209 1.460075 -0.174935
v -0.239209 1.460075 -0.174935
v -0.190827 1.458167 -0.226734
v -0.190827 1.458167 -0.226734
v -0.131529 1.456259 -0.265562
v -0.131529 1.456259 -0.265562
v -0.064707 1.454352 -0.289199
v -0.064707 1.454352 -0.289199
v 0.005817 1.452444 -0.296293
v 0.005817 1.452444 -0.296293
v 0.076008 1.450536 -0.286437
v 0.076008 1.450536 -0.286437
v 0.141851 1.448628 -0.260196
v 0.141851 1.448628 -0.260196
v 0.199579 1.446720 -0.219070
v 0.199579 1.446720 -0.219070
v 0.245891 1.444812 -0.165412
v 0.245891 1.444812 -0.165412
v 0.278136 1.442904 -0.102292
v 0.278136 1.442904 -0.102292
v 0.294471 1.440997 -0.033320
v 0.294471 1.440997 -0.033320
v 0.293960 1.439089 0.037557
v 0.293960 1.439089 0.037557
v 0.276634 1.437181 0.106287
v 0.276634 1.437181 0.106287
v 0.243483 1.435273 0.168936
v 0.243483 1.435273 0.168936
v 0.196404 1.433365 0.221921
v 0.196404 1.433365 0.221921
v 0.138089 1.431457 0.262211
v 0.138089 1.431457 0.262211
v 0.071875 1.429549 0.287502
v 0.071875 1.429549 0.287502
v 0.001549 1.427642 0.296346
v 0.001549 1.427642 0.296346
v -0.068865 1.425734 0.288238
v -0.068865 1.425734 0.288238
v -0.135340 1.423826 0.263641
v -0.135340 1.423826 0.263641
v -0.194073 1.421918 0.223962
v -0.194073 1.421918 0.223962
v -0.241703 1.420010 0.171472
v -0.241703 1.420010 0.171472
v -0.275508 1.418102 0.109173
v -0.275508 1.418102 0.109173
v -0.293552 1.416194 0.040629
v -0.293552 1.416194 0.040629
v -0.293552 1.416194 0.040629
v -0.294803 1.414287 -0.030240
v -0.294803 1.414287 -0.030240
v -0.279190 1.412379 -0.099378
v -0.279190 1.412379 -0.099378
v -0.247607 1.410471 -0.162832
v -0.247607 1.410471 -0.162832
v -0.201859 1.408563 -0.216971
v -0.201859 1.408563 -0.216971
v -0.144563 1.406655 -0.258698
v -0.144563 1.406655 -0.258698
v -0.078998 1.404747 -0.285627
v -0.078998 1.404747 -0.285627
v -0.008914 1.402839 -0.296216
v -0.008914 1.402839 -0.296216
v 0.061680 1.400932 -0.289860
v 0.061680 1.400932 -0.289860
v 0.128745 1.399024 -0.266923
v 0.128745 1.399024 -0.266923
v 0.188446 1.397116 -0.228717
v 0.188446 1.397116 -0.228717
v 0.237367 1.395208 -0.177427
v 0.237367 1.395208 -0.177427
v 0.272709 1.393300 -0.115987
v 0.272709 1.393300 -0.115987
v 0.292451 1.391392 -0.047912
v 0.292451 1.391392 -0.047912
v 0.295464 1.389484 0.022903
v 0.295464 1.389484 0.022903
v 0.281574 1.387576 0.092409
v 0.281574 1.387576 0.092409
v 0.251577 1.385669 0.156628
v 0.251577 1.385669 0.156628
v 0.207189 1.383761 0.211887
v 0.207189 1.383761 0.211887
v 0.150948 1.381853 0.255025
v 0.150948 1.381853 0.255025
v 0.086073 1.379945 0.283575
v 0.086073 1.379945 0.283575
v 0.016274 1.378037 0.295903
v 0.016274 1.378037 0.295903
v -0.054457 1.376129 0.291304
v -0.054457 1.376129 0.291304
v -0.122072 1.374221 0.270040
v -0.122072 1.374221 0.270040
v -0.182704 1.372314 0.233330
v -0.182704 1.372314 0.233330
v -0.232884 1.370406 0.183271
v -0.232884 1.370406 0.183271
v -0.269742 1.368498 0.122729
v -0.269742 1.368498 0.122729
v -0.291170 1.366590 0.055166
v -0.291170 1.366590 0.055166
v -0.291170 1.366590 0.055166
v -0.295942 1.364682 -0.015553
v -0.295942 1.364682 -0.015553
v -0.283784 1.362774 -0.085382
v -0.283784 1.362774 -0.085382
v -0.255392 1.360866 -0.150327
v -0.255392 1.360866 -0.150327
v -0.212391 1.358959 -0.206672
v -0.212391 1.358959 -0.206672
v -0.157240 1.357051 -0.251195
v -0.157240 1.357051 -0.251195
v -0.093094 1.355143 -0.281348
v -0.093094 1.355143 -0.281348
v -0.023623 1.353235 -0.295407
v -0.023623 1.353235 -0.295407
v 0.047200 1.351327 -0.292567
v 0.047200 1.351327 -0.292567
v 0.115322 1.349419 -0.272991
v 0.115322 1.349419 -0.272991
v 0.176848 1.347511 -0.237799
v 0.176848 1.347511 -0.237799
v 0.228257 1.345604 -0.189003
v 0.228257 1.345604 -0.189003
v 0.266609 1.343696 -0.129395
v 0.266609 1.343696 -0.129395
v 0.289709 1.341788 -0.062386
v 0.289709 1.341788 -0.062386
v 0.296237 1.339880 0.008193
v 0.296237 1.339880 0.008193
v 0.285818 1.337972 0.078302
v 0.285818 1.337972 0.078302
v 0.259050 1.336064 0.143933
v 0.259050 1.336064 0.143933
v 0.217462 1.334156 0.201329
v 0.217462 1.334156 0.201329
v 0.163435 1.332249 0.247209
v 0.163435 1.332249 0.247209
v 0.100058 1.330341 0.278947
v 0.100058 1.330341 0.278947
v 0.030958 1.328433 0.294729
v 0.030958 1.328433 0.294729
v -0.039914 1.326525 0.293650
v -0.039914 1.326525 0.293650
v -0.108502 1.324617 0.275773
v -0.108502 1.324617 0.275773
v -0.170883 1.322709 0.242120
v -0.170883 1.322709 0.242120
v -0.223489 1.320801 0.194618
v -0.223489 1.320801 0.194618
v -0.263310 1.318894 0.135982
v -0.263310 1.318894 0.135982
v -0.288069 1.316986 0.069567
v -0.288069 1.316986 0.069567
v -0.288069 1.316986 0.069567
v -0.296349 1.315078 -0.000827
v -0.296349 1.315078 -0.000827
v -0.287676 1.313170 -0.071174
v -0.287676 1.313170 -0.071174
v -0.262547 1.311262 -0.137450
v -0.262547 1.311262 -0.137450
v -0.222399 1.309354 -0.195862
v -0.222399 1.309354 -0.195862
v -0.169528 1.307446 -0.243071
v -0.169528 1.307446 -0.243071
v -0.106960 1.305539 -0.276374
v -0.106960 1.305539 -0.276374
v -0.038273 1.303631 -0.293868
v -0.038273 1.303631 -0.293868
v 0.032603 1.301723 -0.294551
v 0.032603 1.301723 -0.294551
v 0.101614 1.299815 -0.278384
v 0.101614 1.299815 -0.278384
v 0.164813 1.297907 -0.246293
v 0.164813 1.297907 -0.246293
v 0.218583 1.295999 -0.200112
v 0.218583 1.295999 -0.200112
v 0.259849 1.294091 -0.142484
v 0.259849 1.294091 -0.142484
v 0.286251 1.292183 -0.076705
v 0.286251 1.292183 -0.076705
v 0.296278 1.290276 -0.006538
v 0.296278 1.290276 -0.006538
v 0.289356 1.288368 0.064002
v 0.289356 1.288368 0.064002
v 0.265882 1.286460 0.130882
v 0.265882 1.286460 0.130882
v 0.227198 1.284552 0.190274
v 0.227198 1.284552 0.190274
v 0.175517 1.282644 0.238782
v 0.175517 1.282644 0.238782
v 0.113796 1.280736 0.273631
v 0.113796 1.280736 0.273631
v 0.045565 1.278828 0.292826
v 0.045565 1.278828 0.292826
v -0.025272 1.276921 0.295270
v -0.025272 1.276921 0.295270
v -0.094664 1.275013 0.280824
v -0.094664 1.275013 0.280824
v -0.158640 1.273105 0.250313
v -0.158640 1.273105 0.250313
v -0.213542 1.271197 0.205483
v -0.213542 1.271197 0.205483
v -0.256228 1.269289 0.148898
v -0.256228 1.269289 0.148898
v -0.284256 1.267381 0.083796
v -0.284256 1.267381 0.083796
v -0.296024 1.265473 0.013900
v -0.296024 1.265473 0.013900
v -0.296024 1.265473 0.013900
v -0.290858 1.263566 -0.056791
v -0.290858 1.263566 -0.056791
v -0.269053 1.261658 -0.124233
v -0.269053 1.261658 -0.124233
v -0.231857 1.259750 -0.184569
v -0.231857 1.259750 -0.184569
v -0.181398 1.257842 -0.234346
v -0.181398 1.257842 -0.234346
v -0.120562 1.255934 -0.270718
v -0.120562 1.255934 -0.270718
v -0.052829 1.254026 -0.291603
v -0.052829 1.254026 -0.291603
v 0.017926 1.252118 -0.295807
v 0.017926 1.252118 -0.295807
v 0.087655 1.250211 -0.283090
v 0.087655 1.250211 -0.283090
v 0.152370 1.248303 -0.254179
v 0.152370 1.248303 -0.254179
v 0.208369 1.246395 -0.210727
v 0.208369 1.246395 -0.210727
v 0.252448 1.244487 -0.155221
v 0.252448 1.244487 -0.155221
v 0.282086 1.242579 -0.090835
v 0.282086 1.242579 -0.090835
v 0.295587 1.240671 -0.021253
v 0.295587 1.240671 -0.021253
v 0.292179 1.238763 0.049544
v 0.292179 1.238763 0.049544
v 0.272057 1.236856 0.117508
v 0.272057 1.236856 0.117508
v 0.236373 1.234948 0.178749
v 0.236373 1.234948 0.178749
v 0.187166 1.233040 0.229765
v 0.187166 1.233040 0.229765
v 0.127253 1.231132 0.267638
v 0.127253 1.231132 0.267638
v 0.060060 1.229224 0.290200
v 0.060060 1.229224 0.290200
v -0.010568 1.227316 0.296162
v -0.010568 1.227316 0.296162
v -0.080592 1.225408 0.285181
v -0.080592 1.225408 0.285181
v -0.146006 1.223500 0.257887
v -0.146006 1.223500 0.257887
v -0.203067 1.221593 0.215841
v -0.203067 1.221593 0.215841
v -0.248512 1.219685 0.161447
v -0.248512 1.219685 0.161447
v -0.279741 1.217777 0.097818
v -0.279741 1.217777 0.097818
v -0.294967 1.215869 0.028593
v -0.294967 1.215869 0.028593
v -0.294967 1.215869 0.028593
v -0.293320 1.213961 -0.042267
v -0.293320 1.213961 -0.042267
v -0.274894 1.212053 -0.110710
v -0.274894 1.212053 -0.110710
v -0.240742 1.210145 -0.172819
v -0.240742 1.210145 -0.172819
v -0.192819 1.208238 -0.225043
v -0.192819 1.208238 -0.225043
v -0.133866 1.206330 -0.264392
v -0.133866 1.206330 -0.264392
v -0.067254 1.204422 -0.288618
v -0.067254 1.204422 -0.288618
v 0.003204 1.202514 -0.296333
v 0.003204 1.202514 -0.296333
v 0.073479 1.200606 -0.287096
v 0.073479 1.200606 -0.287096
v 0.139551 1.198698 -0.261436
v 0.139551 1.198698 -0.261436
v 0.197640 1.196790 -0.220821
v 0.197640 1.196790 -0.220821
v 0.244423 1.194883 -0.167574
v 0.244423 1.194883 -0.167574
v 0.277223 1.192975 -0.104740
v 0.277223 1.192975 -0.104740
v 0.294166 1.191067 -0.035915
v 0.294166 1.191067 -0.035915
v 0.294280 1.189159 0.034964
v 0.294280 1.189159 0.034964
v 0.277561 1.187251 0.103843
v 0.277561 1.187251 0.103843
v 0.244963 1.185343 0.166782
v 0.244963 1.185343 0.166782
v 0.198353 1.183435 0.220181
v 0.198353 1.183435 0.220181
v 0.140396 1.181527 0.260984
v 0.140396 1.181527 0.260984
v 0.074407 1.179620 0.286857
v 0.074407 1.179620 0.286857
v 0.004162 1.177712 0.296321
v 0.004162 1.177712 0.296321
v -0.066321 1.175804 0.288834
v -0.066321 1.175804 0.288834
v -0.133010 1.173896 0.264824
v -0.133010 1.173896 0.264824
v -0.192090 1.171988 0.225665
v -0.192090 1.171988 0.225665
v -0.240182 1.170080 0.173597
v -0.240182 1.170080 0.173597
v -0.274534 1.168172 0.111598
v -0.274534 1.168172 0.111598
v -0.293182 1.166265 0.043216
v -0.293182 1.166265 0.043216
v -0.293182 1.166265 0.043216
v -0.295058 1.164357 -0.027639
v -0.295058 1.164357 -0.027639
v -0.280056 1.162449 -0.096913
v -0.280056 1.162449 -0.096913
v -0.249033 1.160541 -0.160643
v -0.249033 1.160541 -0.160643
v -0.203764 1.158633 -0.215183
v -0.203764 1.158633 -0.215183
v -0.146839 1.156725 -0.257414
v -0.146839 1.156725 -0.257414
v -0.081514 1.154817 -0.284919
v -0.081514 1.154817 -0.284919
v -0.011526 1.152910 -0.296126
v -0.011526 1.152910 -0.296126
v 0.059122 1.151002 -0.290393
v 0.059122 1.151002 -0.290393
v 0.126387 1.149094 -0.268048
v 0.126387 1.149094 -0.268048
v 0.186422 1.147186 -0.230369
v 0.186422 1.147186 -0.230369
v 0.235793 1.145278 -0.179513
v 0.235793 1.145278 -0.179513
v 0.271676 1.143370 -0.118387
v 0.271676 1.143370 -0.118387
v 0.292017 1.141462 -0.050489
v 0.292017 1.141462 -0.050489
v 0.295654 1.139555 0.020297
v 0.295654 1.139555 0.020297
v 0.282378 1.137647 0.089922
v 0.282378 1.137647 0.089922
v 0.252948 1.135739 0.154403
v 0.252948 1.135739 0.154403
v 0.209049 1.133831 0.210052
v 0.209049 1.133831 0.210052
v 0.153191 1.131923 0.253684
v 0.153191 1.131923 0.253684
v 0.088570 1.130015 0.282805
v 0.088570 1.130015 0.282805
v 0.018882 1.128107 0.295748
v 0.018882 1.128107 0.295748
v -0.051886 1.126199 0.291772
v -0.051886 1.126199 0.291772
v -0.119686 1.124292 0.271106
v -0.119686 1.124292 0.271106
v -0.180639 1.122384 0.234932
v -0.180639 1.122384 0.234932
v -0.231259 1.120476 0.185318
v -0.231259 1.120476 0.185318
v -0.268650 1.118568 0.125103
v -0.268650 1.118568 0.125103
v -0.290672 1.116660 0.057731
v -0.290672 1.116660 0.057731
v -0.290672 1.116660 0.057731
v -0.296067 1.114752 -0.012943
v -0.296067 1.114752 -0.012943
v -0.284526 1.112844 -0.082876
v -0.284526 1.112844 -0.082876
v -0.256708 1.110937 -0.148069
v -0.256708 1.110937 -0.148069
v -0.214205 1.109029 -0.204791
v -0.214205 1.109029 -0.204791
v -0.159449 1.107121 -0.249799
v -0.159449 1.107121 -0.249799
v -0.095571 1.105213 -0.280516
v -0.095571 1.105213 -0.280516
v -0.026227 1.103305 -0.295187
v -0.026227 1.103305 -0.295187
v 0.044618 1.101397 -0.292972
v 0.044618 1.101397 -0.292972
v 0.112911 1.099489 -0.273997
v 0.112911 1.099489 -0.273997
v 0.174744 1.097582 -0.239349
v 0.174744 1.097582 -0.239349
v 0.226582 1.095674 -0.191008
v 0.226582 1.095674 -0.191008
v 0.265457 1.093766 -0.131741
v 0.265457 1.093766 -0.131741
v 0.289148 1.091858 -0.064938
v 0.289148 1.091858 -0.064938
v 0.296297 1.089950 0.005580
v 0.296297 1.089950 0.005580
v 0.286498 1.088042 0.075779
v 0.286498 1.088042 0.075779
v 0.260309 1.086134 0.141643
v 0.260309 1.086134 0.141643
v 0.219229 1.084227 0.199404
v 0.219229 1.084227 0.199404
v 0.165608 1.082319 0.245759
v 0.165608 1.082319 0.245759
v 0.102514 1.080411 0.278054
v 0.102514 1.080411 0.278054
v 0.033555 1.078503 0.294444
v 0.033555 1.078503 0.294444
v -0.037323 1.076595 0.293990
v -0.037323 1.076595 0.293990
v -0.106066 1.074687 0.276719
v -0.106066 1.074687 0.276719
v -0.168742 1.072779 0.243618
v -0.168742 1.072779 0.243618
v -0.221764 1.070872 0.196581
v -0.221764 1.070872 0.196581
v -0.262101 1.068964 0.138298
v -0.262101 1.068964 0.138298
v -0.287444 1.067056 0.072104
v -0.287444 1.067056 0.072104
v -0.296345 1.065148 0.001786
v -0.296345 1.065148 0.001786
v -0.296345 1.065148 0.001786
v -0.288292 1.063240 -0.068635
v -0.288292 1.063240 -0.068635
v -0.263749 1.061332 -0.135129
v -0.263749 1.061332 -0.135129
v -0.224117 1.059424 -0.193894
v -0.224117 1.059424 -0.193894
v -0.171665 1.057516 -0.241567
v -0.171665 1.057516 -0.241567
v -0.109393 1.055609 -0.275421
v -0.109393 1.055609 -0.275421
v -0.040863 1.053701 -0.293519
v -0.040863 1.053701 -0.293519
v 0.030005 1.051793 -0.294827
v 0.030005 1.051793 -0.294827
v 0.099156 1.049885 -0.279270
v 0.099156 1.049885 -0.279270
v 0.162635 1.047977 -0.247736
v 0.162635 1.047977 -0.247736
v 0.216810 1.046069 -0.202032
v 0.216810 1.046069 -0.202032
v 0.258583 1.044161 -0.144770
v 0.258583 1.044161 -0.144770
v 0.285564 1.042254 -0.079226
v 0.285564 1.042254 -0.079226
v 0.296209 1.040346 -0.009150
v 0.296209 1.040346 -0.009150
v 0.289909 1.038438 0.061449
v 0.289909 1.038438 0.061449
v 0.267026 1.036530 0.128533
v 0.267026 1.036530 0.128533
v 0.228867 1.034622 0.188264
v 0.228867 1.034622 0.188264
v 0.177616 1.032714 0.237225
v 0.177616 1.032714 0.237225
v 0.116204 1.030806 0.272617
v 0.116204 1.030806 0.272617
v 0.048145 1.028899 0.292413
v 0.048145 1.028899 0.292413
v -0.022668 1.026991 0.295482
v -0.022668 1.026991 0.295482
v -0.092184 1.025083 0.281648
v -0.092184 1.025083 0.281648
v -0.156427 1.023175 0.251702
v -0.156427 1.023175 0.251702
v -0.211722 1.021267 0.207358
v -0.211722 1.021267 0.207358
v -0.254905 1.019359 0.151152
v -0.254905 1.019359 0.151152
v -0.283506 1.017451 0.086299
v -0.283506 1.017451 0.086299
v -0.295890 1.015544 0.016510
v -0.295890 1.015544 0.016510
v -0.295890 1.015544 0.016510
v -0.291347 1.013636 -0.054224
v -0.291347 1.013636 -0.054224
v -0.270138 1.011728 -0.121856
v -0.270138 1.011728 -0.121856
v -0.233475 1.009820 -0.182517
v -0.233475 1.009820 -0.182517
v -0.183457 1.007912 -0.232738
v -0.183457 1.007912 -0.232738
v -0.122944 1.006004 -0.269644
v -0.122944 1.006004 -0.269644
v -0.055398 1.004096 -0.291126
v -0.055398 1.004096 -0.291126
v 0.015317 1.002189 -0.295954
v 0.015317 1.002189 -0.295954
v 0.085155 1.000281 -0.283852
v 0.085155 1.000281 -0.283852
v 0.150123 0.998373 -0.255512
v 0.150123 0.998373 -0.255512
v 0.206503 0.996465 -0.212556
v 0.206503 0.996465 -0.212556
v 0.251069 0.994557 -0.157440
v 0.251069 0.994557 -0.157440
v 0.281274 0.992649 -0.093319
v 0.281274 0.992649 -0.093319
v 0.295388 0.990741 -0.023859
v 0.295388 0.990741 -0.023859
v 0.292605 0.988833 0.046966
v 0.292605 0.988833 0.046966
v 0.273083 0.986926 0.115104
v 0.273083 0.986926 0.115104
v 0.237940 0.985018 0.176658
v 0.237940 0.985018 0.176658
v 0.189185 0.983110 0.228106
v 0.189185 0.983110 0.228106
v 0.129608 0.981202 0.266505
v 0.129608 0.981202 0.266505
v 0.062617 0.979294 0.289659
v 0.062617 0.979294 0.289659
v -0.007956 0.977386 0.296243
v -0.007956 0.977386 0.296243
v -0.078074 0.975478 0.285881
v -0.078074 0.975478 0.285881
v -0.143726 0.973571 0.259164
v -0.143726 0.973571 0.259164
v -0.201156 0.971663 0.217623
v -0.201156 0.971663 0.217623
v -0.247079 0.969755 0.163632
v -0.247079 0.969755 0.163632
v -0.278868 0.967847 0.100281
v -0.278868 0.967847 0.100281
v -0.294704 0.965939 0.031193
v -0.294704 0.965939 0.031193
v -0.294704 0.965939 0.031193
v -0.293682 0.964031 -0.039679
v -0.293682 0.964031 -0.039679
v -0.275859 0.962123 -0.108282
v -0.275859 0.962123 -0.108282
v -0.242257 0.960216 -0.170690
v -0.242257 0.960216 -0.170690
v -0.194796 0.958308 -0.223334
v -0.194796 0.958308 -0.223334
v -0.136192 0.956400 -0.263202
v -0.136192 0.956400 -0.263202
v -0.069797 0.954492 -0.288013
v -0.069797 0.954492 -0.288013
v 0.000591 0.952584 -0.296349
v 0.000591 0.952584 -0.296349
v 0.070945 0.950676 -0.287733
v 0.070945 0.950676 -0.287733
v 0.137240 0.948768 -0.262656
v 0.137240 0.948768 -0.262656
v 0.195685 0.946861 -0.222555
v 0.195685 0.946861 -0.222555
v 0.242936 0.944953 -0.169722
v 0.242936 0.944953 -0.169722
v 0.276289 0.943045 -0.107181
v 0.276289 0.943045 -0.107181
v 0.293837 0.941137 -0.038508
v 0.293837 0.941137 -0.038508
v 0.294577 0.939229 0.032368
v 0.294577 0.939229 0.032368
v 0.278465 0.937321 0.101392
v 0.278465 0.937321 0.101392
v 0.246424 0.935413 0.164616
v 0.246424 0.935413 0.164616
v 0.200286 0.933506 0.218423
v 0.200286 0.933506 0.218423
v 0.142691 0.931598 0.259736
v 0.142691 0.931598 0.259736
v 0.076933 0.929690 0.286190
v 0.076933 0.929690 0.286190
v 0.006775 0.927782 0.296273
v 0.006775 0.927782 0.296273
v -0.063772 0.925874 0.289407
v -0.063772 0.925874 0.289407
v -0.130670 0.923966 0.265986
v -0.130670 0.923966 0.265986
v -0.190093 0.922058 0.227350
v -0.190093 0.922058 0.227350
v -0.238642 0.920150 0.175708
v -0.238642 0.920150 0.175708
v -0.273540 0.918243 0.114014
v -0.273540 0.918243 0.114014
v -0.292790 0.916335 0.045799
v -0.292790 0.916335 0.045799
v -0.292790 0.916335 0.045799
v -0.295291 0.914427 -0.025037
v -0.295291 0.914427 -0.025037
v -0.280899 0.912519 -0.094440
v -0.280899 0.912519 -0.094440
v -0.250439 0.910611 -0.158441
v -0.250439 0.910611 -0.158441
v -0.205653 0.908703 -0.213378
v -0.205653 0.908703 -0.213378
v -0.149103 0.906795 -0.256109
v -0.149103 0.906795 -0.256109
v -0.084023 0.904888 -0.284189
v -0.084023 0.904888 -0.284189
v -0.014136 0.902980 -0.296013
v -0.014136 0.902980 -0.296013
v 0.056559 0.901072 -0.290903
v 0.056559 0.901072 -0.290903
v 0.124019 0.899164 -0.269152
v 0.124019 0.899164 -0.269152
v 0.184384 0.897256 -0.232004
v 0.184384 0.897256 -0.232004
v 0.234201 0.895348 -0.181585
v 0.234201 0.895348 -0.181585
v 0.270622 0.893440 -0.120778
v 0.270622 0.893440 -0.120778
v 0.291561 0.891533 -0.053062
v 0.291561 0.891533 -0.053062
v 0.295822 0.889625 0.017690
v 0.295822 0.889625 0.017690
v 0.283160 0.887717 0.087429
v 0.283160 0.887717 0.087429
v 0.254300 0.885809 0.152167
v 0.254300 0.885809 0.152167
v 0.210893 0.883901 0.208201
v 0.210893 0.883901 0.208201
v 0.155422 0.881993 0.252324
v 0.155422 0.881993 0.252324
v 0.091060 0.880085 0.282013
v 0.091060 0.880085 0.282013
v 0.021489 0.878178 0.295570
v 0.021489 0.878178 0.295570
v -0.049311 0.876270 0.292219
v -0.049311 0.876270 0.292219
v -0.117291 0.874362 0.272151
v -0.117291 0.874362 0.272151
v -0.178561 0.872454 0.236515
v -0.178561 0.872454 0.236515
v -0.229616 0.870546 0.187349
v -0.229616 0.870546 0.187349
v -0.267536 0.868638 0.127467
v -0.267536 0.868638 0.127467
v -0.290152 0.866730 0.060292
v -0.290152 0.866730 0.060292
v -0.290152 0.866730 0.060292
v -0.296170 0.864823 -0.010332
v -0.296170 0.864823 -0.010332
v -0.285245 0.862915 -0.080364
v -0.285245 0.862915 -0.080364
v -0.258003 0.861007 -0.145800
v -0.258003 0.861007 -0.145800
v -0.216002 0.859099 -0.202895
v -0.216002 0.859099 -0.202895
v -0.161645 0.857191 -0.248383
v -0.161645 0.857191 -0.248383
v -0.098041 0.855283 -0.279663
v -0.098041 0.855283 -0.279663
v -0.028828 0.853375 -0.294944
v -0.028828 0.853375 -0.294944
v 0.042033 0.851467 -0.293354
v 0.042033 0.851467 -0.293354
v 0.110491 0.849560 -0.274982
v 0.110491 0.849560 -0.274982
v 0.172627 0.847652 -0.240880
v 0.172627 0.847652 -0.240880
v 0.224889 0.845744 -0.192998
v 0.224889 0.845744 -0.192998
v 0.264285 0.843836 -0.134077
v 0.264285 0.843836 -0.134077
v 0.288564 0.841928 -0.067485
v 0.288564 0.841928 -0.067485
v 0.296335 0.840020 0.002968
v 0.296335 0.840020 0.002968
v 0.287155 0.838112 0.073250
v 0.287155 0.838112 0.073250
v 0.261547 0.836205 0.139342
v 0.261547 0.836205 0.139342
v 0.220978 0.834297 0.197463
v 0.220978 0.834297 0.197463
v 0.167769 0.832389 0.244289
v 0.167769 0.832389 0.244289
v 0.104961 0.830481 0.277140
v 0.104961 0.830481 0.277140
v 0.036150 0.828573 0.294137
v 0.036150 0.828573 0.294137
v -0.034729 0.826665 0.294308
v -0.034729 0.826665 0.294308
v -0.103622 0.824757 0.277643
v -0.103622 0.824757 0.277643
v -0.166587 0.822850 0.245096
v -0.166587 0.822850 0.245096
v -0.220022 0.820942 0.198528
v -0.220022 0.820942 0.198528
v -0.260871 0.819034 0.140604
v -0.260871 0.819034 0.140604
v -0.286798 0.817126 0.074636
v -0.286798 0.817126 0.074636
v -0.296317 0.815218 0.004399
v -0.296317 0.815218 0.004399
v -0.296317 0.815218 0.004399
v -0.288886 0.813310 -0.066090
v -0.288886 0.813310 -0.066090
v -0.264930 0.811402 -0.132799
v -0.264930 0.811402 -0.132799
v -0.225818 0.809495 -0.191910
v -0.225818 0.809495 -0.191910
v -0.173788 0.807587 -0.240044
v -0.173788 0.807587 -0.240044
v -0.111817 0.805679 -0.274445
v -0.111817 0.805679 -0.274445
v -0.043449 0.803771 -0.293148
v -0.043449 0.803771 -0.293148
v 0.027404 0.801863 -0.295080
v 0.027404 0.801863 -0.295080
v 0.096689 0.799955 -0.280133
v 0.096689 0.799955 -0.280133
v 0.160444 0.798047 -0.249161
v 0.160444 0.798047 -0.249161
v 0.215020 0.796139 -0.203935
v 0.215020 0.796139 -0.203935
v 0.257296 0.794232 -0.147044
v 0.257296 0.794232 -0.147044
v 0.284854 0.792324 -0.081741
v 0.284854 0.792324 -0.081741
v 0.296117 0.790416 -0.011762
v 0.296117 0.790416 -0.011762
v 0.290440 0.788508 0.058890
v 0.290440 0.788508 0.058890
v 0.268149 0.786600 0.126173
v 0.268149 0.786600 0.126173
v 0.230518 0.784692 0.186238
v 0.230518 0.784692 0.186238
v 0.179701 0.782784 0.235650
v 0.179701 0.782784 0.235650
v 0.118604 0.780877 0.271581
v 0.118604 0.780877 0.271581
v 0.050722 0.778969 0.291977
v 0.050722 0.778969 0.291977
v -0.020061 0.777061 0.295670
v -0.020061 0.777061 0.295670
v -0.089697 0.775153 0.282450
v -0.089697 0.775153 0.282450
v -0.154202 0.773245 0.253071
v -0.154202 0.773245 0.253071
v -0.209885 0.771337 0.209217
v -0.209885 0.771337 0.209217
v -0.253562 0.769429 0.153393
v -0.253562 0.769429 0.153393
v -0.282734 0.767522 0.088795
v -0.282734 0.767522 0.088795
v -0.295733 0.765614 0.019118
v -0.295733 0.765614 0.019118
v -0.295733 0.765614 0.019118
v -0.291814 0.763706 -0.051653
v -0.291814 0.763706 -0.051653
v -0.271202 0.761798 -0.119470
v -0.271202 0.761798 -0.119470
v -0.235076 0.759890 -0.180452
v -0.235076 0.759890 -0.180452
v -0.185502 0.757982 -0.231111
v -0.185502 0.757982 -0.231111
v -0.125317 0.756074 -0.268550
v -0.125317 0.756074 -0.268550
v -0.057963 0.754167 -0.290626
v -0.057963 0.754167 -0.290626
v 0.012707 0.752259 -0.296077
v 0.012707 0.752259 -0.296077
v 0.082649 0.750351 -0.284592
v 0.082649 0.750351 -0.284592
v 0.147864 0.748443 -0.256826
v 0.147864 0.748443 -0.256826
v 0.204620 0.746535 -0.214368
v 0.204620 0.746535 -0.214368
v 0.249671 0.744627 -0.159648
v 0.249671 0.744627 -0.159648
v 0.280440 0.742719 -0.095795
v 0.280440 0.742719 -0.095795
v 0.295166 0.740812 -0.026462
v 0.295166 0.740812 -0.026462
v 0.293007 0.738904 0.044385
v 0.293007 0.738904 0.044385
v 0.274087 0.736996 0.112692
v 0.274087 0.736996 0.112692
v 0.239488 0.735088 0.174553
v 0.239488 0.735088 0.174553
v 0.191189 0.733180 0.226429
v 0.191189 0.733180 0.226429
v 0.131953 0.731272 0.265352
v 0.131953 0.731272 0.265352
v 0.065168 0.729364 0.289096
v 0.065168 0.729364 0.289096
v -0.005344 0.727457 0.296302
v -0.005344 0.727457 0.296302
v -0.075551 0.725549 0.286558
v -0.075551 0.725549 0.286558
v -0.141435 0.723641 0.260422
v -0.141435 0.723641 0.260422
v -0.199229 0.721733 0.219388
v -0.199229 0.721733 0.219388
v -0.245626 0.719825 0.165804
v -0.245626 0.719825 0.165804
v -0.277973 0.717917 0.102736
v -0.277973 0.717917 0.102736
v -0.294417 0.716009 0.033790
v -0.294417 0.716009 0.033790
v -0.294417 0.716009 0.033790
v -0.294020 0.714101 -0.037088
v -0.294020 0.714101 -0.037088
v -0.276803 0.712194 -0.105845
v -0.276803 0.712194 -0.105845
v -0.243752 0.710286 -0.168547
v -0.243752 0.710286 -0.168547
v -0.196757 0.708378 -0.221607
v -0.196757 0.708378 -0.221607
v -0.138507 0.706470 -0.261991
v -0.138507 0.706470 -0.261991
v -0.072333 0.704562 -0.287387
v -0.072333 0.704562 -0.287387
v -0.002022 0.702654 -0.296343
v -0.002022 0.702654 -0.296343
v 0.068405 0.700746 -0.288347
v 0.068405 0.700746 -0.288347
v 0.134919 0.698839 -0.263856
v 0.134919 0.698839 -0.263856
v 0.193715 0.696931 -0.224272
v 0.193715 0.696931 -0.224272
v 0.241430 0.695023 -0.171858
v 0.241430 0.695023 -0.171858
v 0.275333 0.693115 -0.109613
v 0.275333 0.693115 -0.109613
v 0.293487 0.691207 -0.041097
v 0.293487 0.691207 -0.041097
v 0.294851 0.689299 0.029769
v 0.294851 0.689299 0.029769
v 0.279349 0.687391 0.098933
v 0.279349 0.687391 0.098933
v 0.247866 0.685484 0.162437
v 0.247866 0.685484 0.162437
v 0.202204 0.683576 0.216649
v 0.202204 0.683576 0.216649
v 0.144976 0.681668 0.258467
v 0.144976 0.681668 0.258467
v 0.079454 0.679760 0.285500
v 0.079454 0.679760 0.285500
v 0.009387 0.677852 0.296201
v 0.009387 0.677852 0.296201
v -0.061217 0.675944 0.289958
v -0.061217 0.675944 0.289958
v -0.128319 0.674036 0.267128
v -0.128319 0.674036 0.267128
v -0.188081 0.672128 0.229017
v -0.188081 0.672128 0.229017
v -0.237084 0.670221 0.177805
v -0.237084 0.670221 0.177805
v -0.272524 0.668313 0.116422
v -0.272524 0.668313 0.116422
v -0.292374 0.666405 0.048379
v -0.292374 0.666405 0.048379
v -0.292374 0.666405 0.048379
v -0.295500 0.664497 -0.022432
v -0.295500 0.664497 -0.022432
v -0.281721 0.662589 -0.091959
v -0.281721 0.662589 -0.091959
v -0.251827 0.660681 -0.156226
v -0.251827 0.660681 -0.156226
v -0.207527 0.658773 -0.211556
v -0.207527 0.658773 -0.211556
v -0.151355 0.656866 -0.254784
v -0.151355 0.656866 -0.254784
v -0.086525 0.654958 -0.283437
v -0.086525 0.654958 -0.283437
v -0.016746 0.653050 -0.295877
v -0.016746 0.653050 -0.295877
v 0.053992 0.651142 -0.291390
v 0.053992 0.651142 -0.291390
v 0.121641 0.649234 -0.270235
v 0.121641 0.649234 -0.270235
v 0.182331 0.647326 -0.233621
v 0.182331 0.647326 -0.233621
v 0.232591 0.645418 -0.183643
v 0.232591 0.645418 -0.183643
v 0.269546 0.643511 -0.123159
v 0.269546 0.643511 -0.123159
v 0.291082 0.641603 -0.055630
v 0.291082 0.641603 -0.055630
v 0.295966 0.639695 0.015081
v 0.295966 0.639695 0.015081
v 0.283920 0.637787 0.084929
v 0.283920 0.637787 0.084929
v 0.255632 0.635879 0.149919
v 0.255632 0.635879 0.149919
v 0.212721 0.633971 0.206333
v 0.212721 0.633971 0.206333
v 0.157641 0.632063 0.250944
v 0.157641 0.632063 0.250944
v 0.093543 0.630156 0.281199
v 0.093543 0.630156 0.281199
v 0.024094 0.628248 0.295369
v 0.024094 0.628248 0.295369
v -0.046733 0.626340 0.292642
v -0.046733 0.626340 0.292642
v -0.114887 0.624432 0.273175
v -0.114887 0.624432 0.273175
v -0.176468 0.622524 0.238080
v -0.176468 0.622524 0.238080
v -0.227955 0.620616 0.189367
v -0.227955 0.620616 0.189367
v -0.266402 0.618708 0.129820
v -0.266402 0.618708 0.129820
v -0.289609 0.616801 0.062848
v -0.289609 0.616801 0.062848
v -0.289609 0.616801 0.062848
v -0.296249 0.614893 -0.007720
v -0.296249 0.614893 -0.007720
v -0.285943 0.612985 -0.077846
v -0.285943 0.612985 -0.077846
v -0.259279 0.611077 -0.143519
v -0.259279 0.611077 -0.143519
v -0.217783 0.609169 -0.200982
v -0.217783 0.609169 -0.200982
v -0.163829 0.607261 -0.246948
v -0.163829 0.607261 -0.246948
v -0.100503 0.605353 -0.278787
v -0.100503 0.605353 -0.278787
v -0.031428 0.603446 -0.294679
v -0.031428 0.603446 -0.294679
v 0.039445 0.601538 -0.293713
v 0.039445 0.601538 -0.293713
v 0.108062 0.599630 -0.275946
v 0.108062 0.599630 -0.275946
v 0.170497 0.597722 -0.242393
v 0.170497 0.597722 -0.242393
v 0.223178 0.595814 -0.194974
v 0.223178 0.595814 -0.194974
v 0.263093 0.593906 -0.136402
v 0.263093 0.593906 -0.136402
v 0.287958 0.591998 -0.070026
v 0.287958 0.591998 -0.070026
v 0.296350 0.590090 0.000355
v 0.296350 0.590090 0.000355
v 0.287789 0.588183 0.070715
v 0.287789 0.588183 0.070715
v 0.262766 0.586275 0.137031
v 0.262766 0.586275 0.137031
v 0.222711 0.584367 0.195507
v 0.222711 0.584367 0.195507
v 0.169916 0.582459 0.242800
v 0.169916 0.582459 0.242800
v 0.107401 0.580551 0.276203
v 0.107401 0.580551 0.276203
v 0.038742 0.578643 0.293807
v 0.038742 0.578643 0.293807
v -0.032133 0.576735 0.294603
v -0.032133 0.576735 0.294603
v -0.101170 0.574828 0.278546
v -0.101170 0.574828 0.278546
v -0.164419 0.572920 0.246555
v -0.164419 0.572920 0.246555
v -0.218263 0.571012 0.200461
v -0.218263 0.571012 0.200461
v -0.259622 0.569104 0.142898
v -0.259622 0.569104 0.142898
v -0.286128 0.567196 0.077162
v -0.286128 0.567196 0.077162
v -0.296267 0.565288 0.007011
v -0.296267 0.565288 0.007011
v -0.296267 0.565288 0.007011
v -0.289458 0.563380 -0.063541
v -0.289458 0.563380 -0.063541
v -0.266090 0.561473 -0.130458
v -0.266090 0.561473 -0.130458
v -0.227501 0.559565 -0.189912
v -0.227501 0.559565 -0.189912
v -0.175898 0.557657 -0.238502
v -0.175898 0.557657 -0.238502
v -0.114233 0.555749 -0.273449
v -0.114233 0.555749 -0.273449
v -0.046032 0.553841 -0.292753
v -0.046032 0.553841 -0.292753
v 0.024801 0.551933 -0.295310
v 0.024801 0.551933 -0.295310
v 0.094216 0.550025 -0.280975
v 0.094216 0.550025 -0.280975
v 0.158241 0.548118 -0.250566
v 0.158241 0.548118 -0.250566
v 0.213214 0.546210 -0.205823
v 0.213214 0.546210 -0.205823
v 0.255990 0.544302 -0.149307
v 0.255990 0.544302 -0.149307
v 0.284122 0.542394 -0.084249
v 0.284122 0.542394 -0.084249
v 0.296001 0.540486 -0.014372
v 0.296001 0.540486 -0.014372
v 0.290948 0.538578 0.056327
v 0.290948 0.538578 0.056327
v 0.269251 0.536670 0.123804
v 0.269251 0.536670 0.123804
v 0.232151 0.534763 0.184199
v 0.232151 0.534763 0.184199
v 0.181771 0.532855 0.234057
v 0.181771 0.532855 0.234057
v 0.120994 0.530947 0.270525
v 0.120994 0.530947 0.270525
v 0.053294 0.529039 0.291519
v 0.053294 0.529039 0.291519
v -0.017454 0.527131 0.295836
v -0.017454 0.527131 0.295836
v -0.087203 0.525223 0.283229
v -0.087203 0.525223 0.283229
v -0.151964 0.523315 0.254421
v -0.151964 0.523315 0.254421
v -0.208032 0.521407 0.211059
v -0.208032 0.521407 0.211059
v -0.252200 0.519500 0.155623
v -0.252200 0.519500 0.155623
v -0.281940 0.517592 0.091285
v -0.281940 0.517592 0.091285
v -0.295553 0.515684 0.021725
v -0.295553 0.515684 0.021725
v -0.295553 0.515684 0.021725
v -0.292258 0.513776 -0.049078
v -0.292258 0.513776 -0.049078
v -0.272245 0.511868 -0.117074
v -0.272245 0.511868 -0.117074
v -0.236658 0.509960 -0.178372
v -0.236658 0.509960 -0.178372
v -0.187533 0.508052 -0.229466
v -0.187533 0.508052 -0.229466
v -0.127680 0.506145 -0.267434
v -0.127680 0.506145 -0.267434
v -0.060523 0.504237 -0.290104
v -0.060523 0.504237 -0.290104
v 0.010096 0.502329 -0.296178
v 0.010096 0.502329 -0.296178
v 0.080137 0.500421 -0.285309
v 0.080137 0.500421 -0.285309
v 0.145594 0.498513 -0.258120
v 0.145594 0.498513 -0.258120
v 0.202722 0.496605 -0.216164
v 0.202722 0.496605 -0.216164
v 0.248254 0.494697 -0.161843
v 0.248254 0.494697 -0.161843
v 0.279585 0.492790 -0.098264
v 0.279585 0.492790 -0.098264
v 0.294921 0.490882 -0.029064
v 0.294921 0.490882 -0.029064
v 0.293387 0.488974 0.041799
v 0.293387 0.488974 0.041799
v 0.275070 0.487066 0.110271
v 0.275070 0.487066 0.110271
v 0.241018 0.485158 0.172435
v 0.241018 0.485158 0.172435
v 0.193178 0.483250 0.224735
v 0.193178 0.483250 0.224735
v 0.134287 0.481342 0.264178
v 0.134287 0.481342 0.264178
v 0.067715 0.479435 0.288510
v 0.067715 0.479435 0.288510
v -0.002731 0.477527 0.296337
v -0.002731 0.477527 0.296337
v -0.073021 0.475619 0.287213
v -0.073021 0.475619 0.287213
v -0.139134 0.473711 0.261658
v -0.139134 0.473711 0.261658
v -0.197287 0.471803 0.221136
v -0.197287 0.471803 0.221136
v -0.244155 0.469895 0.167963
v -0.244155 0.469895 0.167963
v -0.277056 0.467987 0.105182
v -0.277056 0.467987 0.105182
v -0.294108 0.466080 0.036385
v -0.294108 0.466080 0.036385
v -0.294108 0.466080 0.036385
v -0.294336 0.464172 -0.034495
v -0.294336 0.464172 -0.034495
v -0.277726 0.462264 -0.103400
v -0.277726 0.462264 -0.103400
v -0.245229 0.460356 -0.166391
v -0.245229 0.460356 -0.166391
v -0.198704 0.458448 -0.219864
v -0.198704 0.458448 -0.219864
v -0.140812 0.456540 -0.260759
v -0.140812 0.456540 -0.260759
v -0.074865 0.454632 -0.286738
v -0.074865 0.454632 -0.286738
v -0.004635 0.452724 -0.296314
v -0.004635 0.452724 -0.296314
v 0.065860 0.450817 -0.288939
v 0.065860 0.450817 -0.288939
v 0.132587 0.448909 -0.265036
v 0.132587 0.448909 -0.265036
v 0.191730 0.447001 -0.225971
v 0.191730 0.447001 -0.225971
v 0.239905 0.445093 -0.173980
v 0.239905 0.445093 -0.173980
v 0.274356 0.443185 -0.112036
v 0.274356 0.443185 -0.112036
v 0.293113 0.441277 -0.043683
v 0.293113 0.441277 -0.043683
v 0.295102 0.439369 0.027168
v 0.295102 0.439369 0.027168
v 0.280210 0.437462 0.096466
v 0.280210 0.437462 0.096466
v 0.249289 0.435554 0.160245
v 0.249289 0.435554 0.160245
v 0.204107 0.433646 0.214857
v 0.204107 0.433646 0.214857
v 0.147249 0.431738 0.257179
v 0.147249 0.431738 0.257179
v 0.081968 0.429830 0.284789
v 0.081968 0.429830 0.284789
v 0.011998 0.427922 0.296107
v 0.011998 0.427922 0.296107
v -0.058658 0.426014 0.290487
v -0.058658 0.426014 0.290487
v -0.125959 0.424107 0.268249
v -0.125959 0.424107 0.268249
v -0.186055 0.422199 0.230666
v -0.186055 0.422199 0.230666
v -0.235507 0.420291 0.179889
v -0.235507 0.420291 0.179889
v -0.271487 0.418383 0.118820
v -0.271487 0.418383 0.118820
v -0.291937 0.416475 0.050955
v -0.291937 0.416475 0.050955
v -0.291937 0.416475 0.050955
v -0.295686 0.414567 -0.019826
v -0.295686 0.414567 -0.019826
v -0.282521 0.412659 -0.089472
v -0.282521 0.412659 -0.089472
v -0.253194 0.410752 -0.154000
v -0.253194 0.410752 -0.154000
v -0.209384 0.408844 -0.209718
v -0.209384 0.408844 -0.209718
v -0.153596 0.406936 -0.253440
v -0.153596 0.406936 -0.253440
v -0.089021 0.405028 -0.282663
v -0.089021 0.405028 -0.282663
v -0.019354 0.403120 -0.295717
v -0.019354 0.403120 -0.295717
v 0.051420 0.401212 -0.291855
v 0.051420 0.401212 -0.291855
v 0.119253 0.399304 -0.271297
v 0.119253 0.399304 -0.271297
v 0.180264 0.397396 -0.235219
v 0.180264 0.397396 -0.235219
v 0.230963 0.395489 -0.185686
v 0.230963 0.395489 -0.185686
v 0.268450 0.393581 -0.125531
v 0.268450 0.393581 -0.125531
v 0.290580 0.391673 -0.058195
v 0.290580 0.391673 -0.058195
v 0.296088 0.389765 0.012470
v 0.296088 0.389765 0.012470
v 0.284657 0.387857 0.082422
v 0.284657 0.387857 0.082422
v 0.256944 0.385949 0.147659
v 0.256944 0.385949 0.147659
v 0.214532 0.384041 0.204449
v 0.214532 0.384041 0.204449
v 0.159847 0.382134 0.249544
v 0.159847 0.382134 0.249544
v 0.096019 0.380226 0.280364
v 0.096019 0.380226 0.280364
v 0.026698 0.378318 0.295145
v 0.026698 0.378318 0.295145
v -0.044151 0.376410 0.293043
v -0.044151 0.376410 0.293043
v -0.112474 0.374502 0.274177
v -0.112474 0.374502 0.274177
v -0.174362 0.372594 0.239627
v -0.174362 0.372594 0.239627
v -0.226277 0.370686 0.191369
v -0.226277 0.370686 0.191369
v -0.265247 0.368779 0.132164
v -0.265247 0.368779 0.132164
v -0.289044 0.366871 0.065399
v -0.289044 0.366871 0.065399
v -0.289044 0.366871 0.065399
v -0.296306 0.364963 -0.005108
v -0.296306 0.364963 -0.005108
v -0.286618 0.363055 -0.075322
v -0.286618 0.363055 -0.075322
v -0.260534 0.361147 -0.141228
v -0.260534 0.361147 -0.141228
v -0.219547 0.359239 -0.199054
v -0.219547 0.359239 -0.199054
v -0.166000 0.357331 -0.245494
v -0.166000 0.357331 -0.245494
v -0.102957 0.355424 -0.277891
v -0.102957 0.355424 -0.277891
v -0.034025 0.353516 -0.294390
v -0.034025 0.353516 -0.294390
v 0.036854 0.351608 -0.294050
v 0.036854 0.351608 -0.294050
v 0.105624 0.349700 -0.276888
v 0.105624 0.349700 -0.276888
v 0.168353 0.347792 -0.243887
v 0.168353 0.347792 -0.243887
v 0.221450 0.345884 -0.196934
v 0.221450 0.345884 -0.196934
v 0.261880 0.343976 -0.138716
v 0.261880 0.343976 -0.138716
v 0.287329 0.342068 -0.072563
v 0.287329 0.342068 -0.072563
v 0.296341 0.340161 -0.002258
v 0.296341 0.340161 -0.002258
v 0.288402 0.338253 0.068175
v 0.288402 0.338253 0.068175
v 0.263964 0.336345 0.134709
v 0.263964 0.336345 0.134709
v 0.224426 0.334437 0.193536
v 0.224426 0.334437 0.193536
v 0.172050 0.332529 0.241292
v 0.172050 0.332529 0.241292
v 0.109832 0.330621 0.275246
v 0.109832 0.330621 0.275246
v 0.041331 0.328713 0.293454
v 0.041331 0.328713 0.293454
v -0.029534 0.326806 0.294875
v -0.029534 0.326806 0.294875
v -0.098710 0.324898 0.279427
v -0.098710 0.324898 0.279427
v -0.162239 0.322990 0.247996
v -0.162239 0.322990 0.247996
v -0.216487 0.321082 0.202377
v -0.216487 0.321082 0.202377
v -0.258352 0.319174 0.145182
v -0.258352 0.319174 0.145182
v -0.285437 0.317266 0.079682
v -0.285437 0.317266 0.079682
v -0.296194 0.315358 0.009623
v -0.296194 0.315358 0.009623
v -0.296194 0.315358 0.009623
v -0.290007 0.313451 -0.060986
v -0.290007 0.313451 -0.060986
v -0.267230 0.311543 -0.128106
v -0.267230 0.311543 -0.128106
v -0.229167 0.309635 -0.187898
v -0.229167 0.309635 -0.187898
v -0.177994 0.307727 -0.236942
v -0.177994 0.307727 -0.236942
v -0.116639 0.305819 -0.272431
v -0.116639 0.305819 -0.272431
v -0.048612 0.303911 -0.292336
v -0.048612 0.303911 -0.292336
v 0.022196 0.302003 -0.295518
v 0.022196 0.302003 -0.295518
v 0.091735 0.300096 -0.281794
v 0.091735 0.300096 -0.281794
v 0.156025 0.298188 -0.251951
v 0.156025 0.298188 -0.251951
v 0.211391 0.296280 -0.207695
v 0.211391 0.296280 -0.207695
v 0.254663 0.294372 -0.151558
v 0.254663 0.294372 -0.151558
v 0.283368 0.292464 -0.086751
v 0.283368 0.292464 -0.086751
v 0.295863 0.290556 -0.016982
v 0.295863 0.290556 -0.016982
v 0.291433 0.288648 0.053759
v 0.291433 0.288648 0.053759
v 0.270332 0.286741 0.121425
v 0.270332 0.286741 0.121425
v 0.233766 0.284833 0.182145
v 0.233766 0.284833 0.182145
v 0.183828 0.282925 0.232445
v 0.183828 0.282925 0.232445
v 0.123374 0.281017 0.269448
v 0.123374 0.281017 0.269448
v 0.055863 0.279109 0.291037
v 0.055863 0.279109 0.291037
v -0.014845 0.277201 0.295978
v -0.014845 0.277201 0.295978
v -0.084702 0.275293 0.283987
v -0.084702 0.275293 0.283987
v -0.149715 0.273385 0.255751
v -0.149715 0.273385 0.255751
v -0.206163 0.271478 0.212885
v -0.206163 0.271478 0.212885
v -0.250818 0.269570 0.157841
v -0.250818 0.269570 0.157841
v -0.281125 0.267662 0.093767
v -0.281125 0.267662 0.093767
v -0.295350 0.265754 0.024330
v -0.295350 0.265754 0.024330
v -0.295350 0.265754 0.024330
v -0.292679 0.263846 -0.046499
v -0.292679 0.263846 -0.046499
v -0.273266 0.261938 -0.114669
v -0.273266 0.261938 -0.114669
v -0.238221 0.260030 -0.176278
v -0.238221 0.260030 -0.176278
v -0.189549 0.258123 -0.227804
v -0.189549 0.258123 -0.227804
v -0.130033 0.256215 -0.266298
v -0.130033 0.256215 -0.266298
v -0.063079 0.254307 -0.289559
v -0.063079 0.254307 -0.289559
v 0.007484 0.252399 -0.296255
v 0.007484 0.252399 -0.296255
v 0.077618 0.250491 -0.286005
v 0.077618 0.250491 -0.286005
v 0.143312 0.248583 -0.259393
v 0.143312 0.248583 -0.259393
v 0.200808 0.246675 -0.217943
v 0.200808 0.246675 -0.217943
v 0.246817 0.244768 -0.164026
v 0.246817 0.244768 -0.164026
v 0.278707 0.242860 -0.100725
v 0.278707 0.242860 -0.100725
v 0.294654 0.240952 -0.031663
v 0.294654 0.240952 -0.031663
v 0.293745 0.239044 0.039211
v 0.293745 0.239044 0.039211
v 0.276032 0.237136 0.107841
v 0.276032 0.237136 0.107841
v 0.242529 0.235228 0.170303
v 0.242529 0.235228 0.170303
v 0.195152 0.233320 0.223023
v 0.195152 0.233320 0.223023
v 0.136611 0.231413 0.262984
v 0.136611 0.231413 0.262984
v 0.070256 0.229505 0.287902
v 0.070256 0.229505 0.287902
v -0.000118 0.227597 0.296350
v -0.000118 0.227597 0.296350
v -0.070486 0.225689 0.287846
v -0.070486 0.225689 0.287846
v -0.136821 0.223781 0.262875
v -0.136821 0.223781 0.262875
v -0.195330 0.221873 0.222867
v -0.195330 0.221873 0.222867
v -0.242664 0.219965 0.170110
v -0.242664 0.219965 0.170110
v -0.276118 0.218058 0.107621
v -0.276118 0.218058 0.107621
v -0.293776 0.216150 0.038976
v -0.293776 0.216150 0.038976
v -0.293776 0.216150 0.038976
v -0.294628 0.214242 -0.031898
v -0.294628 0.214242 -0.031898
v -0.278627 0.212334 -0.100948
v -0.278627 0.212334 -0.100948
v -0.246687 0.210426 -0.164223
v -0.246687 0.210426 -0.164223
v -0.200635 0.208518 -0.218103
v -0.200635 0.208518 -0.218103
v -0.143105 0.206610 -0.259508
v -0.143105 0.206610 -0.259508
v -0.077390 0.204702 -0.286067
v -0.077390 0.204702 -0.286067
v -0.007247 0.202795 -0.296261
v -0.007247 0.202795 -0.296261
v 0.063310 0.200887 -0.289509
v 0.063310 0.200887 -0.289509
v 0.130245 0.198979 -0.266194
v 0.130245 0.198979 -0.266194
v 0.189730 0.197071 -0.227653
v 0.189730 0.197071 -0.227653
v 0.238362 0.195163 -0.176088
v 0.238362 0.195163 -0.176088
v 0.273358 0.193255 -0.114451
v 0.273358 0.193255 -0.114451
v 0.292716 0.191347 -0.046266
v 0.292716 0.191347 -0.046266
v 0.295330 0.189440 0.024565
v 0.295330 0.189440 0.024565
v 0.281050 0.187532 0.093991
v 0.281050 0.187532 0.093991
v 0.250692 0.185624 0.158041
v 0.250692 0.185624 0.158041
v 0.205993 0.183716 0.213049
v 0.205993 0.183716 0.213049
v 0.149511 0.181808 0.255871
v 0.149511 0.181808 0.255871
v 0.084476 0.179900 0.284055
v 0.084476 0.179900 0.284055
v 0.014608 0.177992 0.295990
v 0.014608 0.177992 0.295990
v -0.056095 0.176085 0.290993
v -0.056095 0.176085 0.290993
v -0.123589 0.174177 0.269349
v -0.123589 0.174177 0.269349
v -0.184013 0.172269 0.232298
v -0.184013 0.172269 0.232298
v -0.233911 0.170361 0.181958
v -0.233911 0.170361 0.181958
v -0.270429 0.168453 0.121209
v -0.270429 0.168453 0.121209
v -0.291476 0.166545 0.053527
v -0.291476 0.166545 0.053527
v -0.291476 0.166545 0.053527
v -0.295849 0.164637 -0.017218
v -0.295849 0.164637 -0.017218
v -0.283299 0.162730 -0.086977
v -0.283299 0.162730 -0.086977
v -0.254542 0.160822 -0.151761
v -0.254542 0.160822 -0.151761
v -0.211225 0.158914 -0.207864
v -0.211225 0.158914 -0.207864
v -0.155824 0.157006 -0.252076
v -0.155824 0.157006 -0.252076
v -0.091510 0.155098 -0.281868
v -0.091510 0.155098 -0.281868
v -0.021960 0.153190 -0.295535
v -0.021960 0.153190 -0.295535
v 0.048845 0.151282 -0.292297
v 0.048845 0.151282 -0.292297
v 0.116856 0.149375 -0.272338
v 0.116856 0.149375 -0.272338
v 0.178183 0.147467 -0.236800
v 0.178183 0.147467 -0.236800
v 0.229317 0.145559 -0.187716
v 0.229317 0.145559 -0.187716
v 0.267332 0.143651 -0.127893
v 0.267332 0.143651 -0.127893
v 0.290055 0.141743 -0.060755
v 0.290055 0.141743 -0.060755
v 0.296186 0.139835 0.009859
v 0.296186 0.139835 0.009859
v 0.285373 0.137927 0.079909
v 0.285373 0.137927 0.079909
v 0.258236 0.136019 0.145388
v 0.258236 0.136019 0.145388
v 0.216326 0.134112 0.202550
v 0.216326 0.134112 0.202550
v 0.162041 0.132204 0.248125
v 0.162041 0.132204 0.248125
v 0.098487 0.130296 0.279506
v 0.098487 0.130296 0.279506
v 0.029299 0.128388 0.294898
v 0.029299 0.128388 0.294898
v -0.041565 0.126480 0.293421
v -0.041565 0.126480 0.293421
v -0.110052 0.124572 0.275158
v -0.110052 0.124572 0.275158
v -0.172243 0.122664 0.241155
v -0.172243 0.122664 0.241155
v -0.224580 0.120757 0.193357
v -0.224580 0.120757 0.193357
v -0.264071 0.118849 0.134498
v -0.264071 0.118849 0.134498
v -0.288456 0.116941 0.067945
v -0.288456 0.116941 0.067945
v -0.288456 0.116941 0.067945
v -0.296340 0.115033 -0.002495
v -0.296340 0.115033 -0.002495
v -0.287271 0.113125 -0.072792
v -0.287271 0.113125 -0.072792
v -0.261769 0.111217 -0.138925
v -0.261769 0.111217 -0.138925
v -0.221293 0.109309 -0.197111
v -0.221293 0.109309 -0.197111
v -0.168158 0.107402 -0.244021
v -0.168158 0.107402 -0.244021
v -0.105403 0.105494 -0.276972
v -0.105403 0.105494 -0.276972
v -0.036619 0.103586 -0.294079
v -0.036619 0.103586 -0.294079
v 0.034260 0.101678 -0.294363
v 0.034260 0.101678 -0.294363
v 0.103179 0.099770 -0.277808
v 0.103179 0.099770 -0.277808
v 0.166196 0.097862 -0.245362
v 0.166196 0.097862 -0.245362
v 0.219705 0.095954 -0.198879
v 0.219705 0.095954 -0.198879
v 0.260647 0.094047 -0.141020
v 0.260647 0.094047 -0.141020
v 0.286678 0.092139 -0.075093
v 0.286678 0.092139 -0.075093
v 0.296310 0.090231 -0.004871
v 0.296310 0.090231 -0.004871
v 0.288992 0.088323 0.065629
v 0.288992 0.088323 0.065629
v 0.265141 0.086415 0.132376
v 0.265141 0.086415 0.132376
v 0.226124 0.084507 0.191550
v 0.226124 0.084507 0.191550
v 0.174171 0.082599 0.239766
v 0.174171 0.082599 0.239766
v 0.112255 0.080692 0.274267
v 0.112255 0.080692 0.274267
v 0.043917 0.078784 0.293078
v 0.043917 0.078784 0.293078
v -0.026933 0.076876 0.295124
v -0.026933 0.076876 0.295124
v -0.096242 0.074968 0.280287
v -0.096242 0.074968 0.280287
v -0.160046 0.073060 0.249416
v -0.160046 0.073060 0.249416
v -0.214695 0.071152 0.204278
v -0.214695 0.071152 0.204278
v -0.257061 0.069244 0.147454
v -0.257061 0.069244 0.147454
v -0.284723 0.067336 0.082195
v -0.284723 0.067336 0.082195
v -0.296097 0.065429 0.012234
v -0.296097 0.065429 0.012234
v -0.296097 0.065429 0.012234
v -0.290533 0.063521 -0.058427
v -0.290533 0.063521 -0.058427
v -0.268350 0.061613 -0.125745
v -0.268350 0.061613 -0.125745
v -0.230815 0.059705 -0.185870
v -0.230815 0.059705 -0.185870
v -0.180076 0.057797 -0.235363
v -0.180076 0.057797 -0.235363
v -0.119037 0.055889 -0.271392
v -0.119037 0.055889 -0.271392
v -0.051188 0.053981 -0.291896
v -0.051188 0.053981 -0.291896
v 0.019590 0.052074 -0.295702
v 0.019590 0.052074 -0.295702
v 0.089246 0.050166 -0.282592
v 0.089246 0.050166 -0.282592
v 0.153798 0.048258 -0.253317
v 0.153798 0.048258 -0.253317
v 0.209551 0.046350 -0.209551
v 0.209551 0.046350 -0.209551
v 0.209551 0.046350 -0.209551
v 0.209551 0.046350 -0.209551
v 0.180759 0.046350 -0.232663
v 0.180759 0.046350 -0.232663
v 0.149376 0.046350 -0.251948
v 0.149376 0.046350 -0.251948
v 0.115764 0.046350 -0.267158
v 0.115764 0.046350 -0.267158
v 0.080472 0.046350 -0.277995
v 0.080472 0.046350 -0.277995
v 0.044184 0.046350 -0.284237
v 0.044184 0.046350 -0.284237
v 0.007345 0.046350 -0.285785
v 0.007345 0.046350 -0.285785
v -0.029421 0.046350 -0.282567
v -0.029421 0.046350 -0.282567
v -0.065361 0.046350 -0.274634
v -0.065361 0.046350 -0.274634
v -0.100009 0.046350 -0.262066
v -0.100009 0.046350 -0.262066
v -0.132733 0.046350 -0.245042
v -0.132733 0.046350 -0.245042
v -0.162842 0.046350 -0.223903
v -0.162842 0.046350 -0.223903
v -0.189920 0.046350 -0.198911
v -0.189920 0.046350 -0.198911
v -0.213436 0.046350 -0.170481
v -0.213436 0.046350 -0.170481
v -0.232895 0.046350 -0.139147
v -0.232895 0.046350 -0.139147
v -0.247920 0.046350 -0.105458
v -0.247920 0.046350 -0.105458
v -0.258195 0.046350 -0.070037
v -0.258195 0.046350 -0.070037
v -0.258195 0.046350 -0.070037
v -0.267440 0.048258 -0.006724
v -0.267440 0.048258 -0.006724
v -0.261388 0.050166 0.056975
v -0.261388 0.050166 0.056975
v -0.261388 0.050166 0.056975
v -0.240382 0.052074 0.117414
v -0.240382 0.052074 0.117414
v -0.205626 0.053981 0.171137
v -0.205626 0.053981 0.171137
v -0.159106 0.055889 0.215069
v -0.159106 0.055889 0.215069
v -0.103485 0.057797 0.246699
v -0.103485 0.057797 0.246699
v -0.041945 0.059705 0.264216
v -0.041945 0.059705 0.264216
v 0.021995 0.061613 0.266619
v 0.021995 0.061613 0.266619
v 0.084677 0.063521 0.253770
v 0.084677 0.063521 0.253770
v 0.142515 0.065429 0.226404
v 0.142515 0.065429 0.226404
v 0.192201 0.067336 0.186087
v 0.192201 0.067336 0.186087
v 0.230891 0.069244 0.135125
v 0.230891 0.069244 0.135125
v 0.256374 0.071152 0.076433
v 0.256374 0.071152 0.076433
v 0.267191 0.073060 0.013368
v 0.267191 0.073060 0.013368
v 0.262723 0.074968 -0.050461
v 0.262723 0.074968 -0.050461
v 0.243226 0.076876 -0.111403
v 0.243226 0.076876 -0.111403
v 0.209816 0.078784 -0.165973
v 0.209816 0.078784 -0.165973
v 0.164403 0.080692 -0.211048
v 0.164403 0.080692 -0.211048
v 0.109585 0.082599 -0.244051
v 0.109585 0.082599 -0.244051
v 0.048499 0.084507 -0.263092
v 0.048499 0.084507 -0.263092
v -0.015362 0.086415 -0.267084
v -0.015362 0.086415 -0.267084
v -0.078344 0.088323 -0.255796
v -0.078344 0.088323 -0.255796
v -0.136844 0.090231 -0.229877
v -0.136844 0.090231 -0.229877
v -0.187516 0.092139 -0.190807
v -0.187516 0.092139 -0.190807
v -0.227462 0.094047 -0.140822
v -0.227462 0.094047 -0.140822
v -0.254395 0.095954 -0.082781
v -0.254395 0.095954 -0.082781
v -0.266776 0.097862 -0.020005
v -0.266776 0.097862 -0.020005
v -0.263896 0.099770 0.043915
v -0.263896 0.099770 0.043915
v -0.263896 0.099770 0.043915
v -0.245920 0.101678 0.105324
v -0.245920 0.101678 0.105324
v -0.213876 0.103586 0.160707
v -0.213876 0.103586 0.160707
v -0.169597 0.105494 0.206897
v -0.169597 0.105494 0.206897
v -0.115617 0.107402 0.241252
v -0.115617 0.107402 0.241252
v -0.055023 0.109309 0.261806
v -0.055023 0.109309 0.261806
v 0.008719 0.111217 0.267383
v 0.008719 0.111217 0.267383
v 0.071962 0.113125 0.257665
v 0.071962 0.113125 0.257665
v 0.131089 0.115033 0.233207
v 0.131089 0.115033 0.233207
v 0.182716 0.116941 0.195408
v 0.182716 0.116941 0.195408
v 0.223891 0.118849 0.146432
v 0.223891 0.118849 0.146432
v 0.252259 0.120757 0.089078
v 0.252259 0.120757 0.089078
v 0.266196 0.122664 0.026629
v 0.266196 0.122664 0.026629
v 0.264906 0.124572 -0.037343
v 0.264906 0.124572 -0.037343
v 0.248462 0.126480 -0.099179
v 0.248462 0.126480 -0.099179
v 0.217804 0.128388 -0.155342
v 0.217804 0.128388 -0.155342
v 0.174687 0.130296 -0.202618
v 0.174687 0.130296 -0.202618
v 0.121577 0.132204 -0.238304
v 0.121577 0.132204 -0.238304
v 0.061512 0.134112 -0.260357
v 0.061512 0.134112 -0.260357
v -0.002071 0.136019 -0.267517
v -0.002071 0.136019 -0.267517
v -0.065536 0.137927 -0.259374
v -0.065536 0.137927 -0.259374
v -0.125252 0.139835 -0.236393
v -0.125252 0.139835 -0.236393
v -0.177803 0.141743 -0.199889
v -0.177803 0.141743 -0.199889
v -0.220183 0.143651 -0.151951
v -0.220183 0.143651 -0.151951
v -0.249967 0.145559 -0.095320
v -0.249967 0.145559 -0.095320
v -0.265452 0.147467 -0.033237
v -0.265452 0.147467 -0.033237
v -0.265452 0.147467 -0.033237
v -0.265752 0.149375 0.030747
v -0.265752 0.149375 0.030747
v -0.250850 0.151282 0.092973
v -0.250850 0.151282 0.092973
v -0.221598 0.153190 0.149880
v -0.221598 0.153190 0.149880
v -0.179669 0.155098 0.198214
v -0.179669 0.155098 0.198214
v -0.127462 0.157006 0.235208
v -0.127462 0.157006 0.235208
v -0.067964 0.158914 0.258748
v -0.067964 0.158914 0.258748
v -0.004579 0.160822 0.267486
v -0.004579 0.160822 0.267486
v 0.059069 0.162730 0.260922
v 0.059069 0.162730 0.260922
v 0.119338 0.164637 0.239433
v 0.119338 0.164637 0.239433
v 0.172780 0.166545 0.204247
v 0.172780 0.166545 0.204247
v 0.216338 0.168453 0.157377
v 0.216338 0.168453 0.157377
v 0.247521 0.170361 0.101504
v 0.247521 0.170361 0.101504
v 0.264544 0.172269 0.039824
v 0.264544 0.172269 0.039824
v 0.266434 0.174177 -0.024133
v 0.266434 0.174177 -0.024133
v 0.253083 0.176085 -0.086710
v 0.253083 0.176085 -0.086710
v 0.225254 0.177992 -0.144326
v 0.225254 0.177992 -0.144326
v 0.184540 0.179900 -0.193687
v 0.184540 0.179900 -0.193687
v 0.133269 0.181808 -0.231968
v 0.133269 0.181808 -0.231968
v 0.074374 0.183716 -0.256979
v 0.074374 0.183716 -0.256979
v 0.011225 0.185624 -0.267289
v 0.011225 0.185624 -0.267289
v -0.052566 0.187532 -0.262310
v -0.052566 0.187532 -0.262310
v -0.113350 0.189440 -0.242325
v -0.113350 0.189440 -0.242325
v -0.167650 0.191347 -0.208478
v -0.167650 0.191347 -0.208478
v -0.212360 0.193255 -0.162705
v -0.212360 0.193255 -0.162705
v -0.244922 0.195163 -0.107624
v -0.244922 0.195163 -0.107624
v -0.263473 0.197071 -0.046387
v -0.263473 0.197071 -0.046387
v -0.263473 0.197071 -0.046387
v -0.266952 0.198979 0.017503
v -0.266952 0.198979 0.017503
v -0.255160 0.200887 0.080393
v -0.255160 0.200887 0.080393
v -0.228772 0.202795 0.138683
v -0.228772 0.202795 0.138683
v -0.189297 0.204702 0.189041
v -0.189297 0.204702 0.189041
v -0.138993 0.206610 0.228584
v -0.138993 0.206610 0.228584
v -0.080738 0.208518 0.255051
v -0.080738 0.208518 0.255051
v -0.017865 0.210426 0.266928
v -0.017865 0.210426 0.266928
v 0.046030 0.212334 0.263535
v 0.046030 0.212334 0.263535
v 0.107293 0.214242 0.245067
v 0.107293 0.214242 0.245067
v 0.162417 0.216150 0.212580
v 0.162417 0.216150 0.212580
v 0.208251 0.218058 0.167933
v 0.208251 0.218058 0.167933
v 0.242171 0.219965 0.113678
v 0.242171 0.219965 0.113678
v 0.262238 0.221873 0.052921
v 0.262238 0.221873 0.052921
v 0.267304 0.223781 -0.010863
v 0.267304 0.223781 -0.010863
v 0.257079 0.225689 -0.074026
v 0.257079 0.225689 -0.074026
v 0.232148 0.227597 -0.132955
v 0.232148 0.227597 -0.132955
v 0.193937 0.229505 -0.184277
v 0.193937 0.229505 -0.184277
v 0.144631 0.231413 -0.225059
v 0.144631 0.231413 -0.225059
v 0.087052 0.233320 -0.252965
v 0.087052 0.233320 -0.252965
v 0.024494 0.235228 -0.266401
v 0.024494 0.235228 -0.266401
v -0.039466 0.237136 -0.264598
v -0.039466 0.237136 -0.264598
v -0.101168 0.239044 -0.247658
v -0.101168 0.239044 -0.247658
v -0.157083 0.240952 -0.216551
v -0.157083 0.240952 -0.216551
v -0.204012 0.242860 -0.173057
v -0.204012 0.242860 -0.173057
v -0.239271 0.244768 -0.119662
v -0.239271 0.244768 -0.119662
v -0.260842 0.246675 -0.059423
v -0.260842 0.246675 -0.059423
v -0.260842 0.246675 -0.059423
v -0.267492 0.248583 0.004216
v -0.267492 0.248583 0.004216
v -0.258840 0.250491 0.067614
v -0.258840 0.250491 0.067614
v -0.235381 0.252399 0.127144
v -0.235381 0.252399 0.127144
v -0.198457 0.254307 0.179400
v -0.198457 0.254307 0.179400
v -0.150180 0.256215 0.221394
v -0.150180 0.256215 0.221394
v -0.093313 0.258123 0.250724
v -0.093313 0.258123 0.250724
v -0.031107 0.260030 0.265710
v -0.031107 0.260030 0.265710
v 0.032878 0.261938 0.265497
v 0.032878 0.261938 0.265497
v 0.094982 0.263846 0.250096
v 0.094982 0.263846 0.250096
v 0.151653 0.265754 0.220388
v 0.151653 0.265754 0.220388
v 0.199648 0.267662 0.178074
v 0.199648 0.267662 0.178074
v 0.236223 0.269570 0.125572
v 0.236223 0.269570 0.125572
v 0.259285 0.271478 0.065887
v 0.259285 0.271478 0.065887
v 0.267514 0.273385 0.002433
v 0.267514 0.273385 0.002433
v 0.260440 0.275293 -0.061160
v 0.260440 0.275293 -0.061160
v 0.238468 0.277201 -0.121254
v 0.238468 0.277201 -0.121254
v 0.202854 0.279109 -0.174413
v 0.202854 0.279109 -0.174413
v 0.155637 0.281017 -0.217593
v 0.155637 0.281017 -0.217593
v 0.099515 0.282925 -0.248327
v 0.099515 0.282925 -0.248327
v 0.037702 0.284833 -0.264855
v 0.037702 0.284833 -0.264855
v -0.026269 0.286741 -0.266232
v -0.026269 0.286741 -0.266232
v -0.088737 0.288648 -0.252380
v -0.088737 0.288648 -0.252380
v -0.146128 0.290556 -0.224090
v -0.146128 0.290556 -0.224090
v -0.195161 0.292464 -0.182981
v -0.195161 0.292464 -0.182981
v -0.233029 0.294372 -0.131404
v -0.233029 0.294372 -0.131404
v -0.257567 0.296280 -0.072311
v -0.257567 0.296280 -0.072311
v -0.267371 0.298188 -0.009081
v -0.267371 0.298188 -0.009081
v -0.261880 0.300096 0.054668
v -0.261880 0.300096 0.054668
v -0.261880 0.300096 0.054668
v -0.241408 0.302003 0.115290
v -0.241408 0.302003 0.115290
v -0.207127 0.303911 0.169317
v -0.207127 0.303911 0.169317
v -0.160997 0.305819 0.213658
v -0.160997 0.305819 0.213658
v -0.105657 0.307727 0.245777
v -0.105657 0.307727 0.245777
v -0.044273 0.309635 0.263836
v -0.044273 0.309635 0.263836
v 0.019644 0.311543 0.266803
v 0.019644 0.311543 0.266803
v 0.082437 0.313451 0.254507
v 0.082437 0.313451 0.254507
v 0.140514 0.315358 0.227652
v 0.140514 0.315358 0.227652
v 0.190553 0.317266 0.187775
v 0.190553 0.317266 0.187775
v 0.229691 0.319174 0.137155
v 0.229691 0.319174 0.137155
v 0.255690 0.321082 0.078690
v 0.255690 0.321082 0.078690
v 0.267063 0.322990 0.015724
v 0.267063 0.322990 0.015724
v 0.263158 0.324898 -0.048142
v 0.263158 0.324898 -0.048142
v 0.244199 0.326806 -0.109254
v 0.244199 0.326806 -0.109254
v 0.211271 0.328713 -0.164117
v 0.211271 0.328713 -0.164117
v 0.166257 0.330621 -0.209591
v 0.166257 0.330621 -0.209591
v 0.111733 0.332529 -0.243075
v 0.111733 0.332529 -0.243075
v 0.050816 0.334437 -0.262654
v 0.050816 0.334437 -0.262654
v -0.013007 0.336345 -0.267209
v -0.013007 0.336345 -0.267209
v -0.076086 0.338253 -0.256477
v -0.076086 0.338253 -0.256477
v -0.134812 0.340161 -0.231074
v -0.134812 0.340161 -0.231074
v -0.185827 0.342068 -0.192453
v -0.185827 0.342068 -0.192453
v -0.226211 0.343976 -0.142822
v -0.226211 0.343976 -0.142822
v -0.253655 0.345884 -0.085021
v -0.253655 0.345884 -0.085021
v -0.266589 0.347792 -0.022357
v -0.266589 0.347792 -0.022357
v -0.264273 0.349700 0.041587
v -0.264273 0.349700 0.041587
v -0.264273 0.349700 0.041587
v -0.246839 0.351608 0.103151
v -0.246839 0.351608 0.103151
v -0.215285 0.353516 0.158815
v -0.215285 0.353516 0.158815
v -0.171415 0.355424 0.205394
v -0.171415 0.355424 0.205394
v -0.117739 0.357331 0.240223
v -0.117739 0.357331 0.240223
v -0.057329 0.359239 0.261310
v -0.057329 0.359239 0.261310
v 0.006361 0.361147 0.267449
v 0.006361 0.361147 0.267449
v 0.069688 0.363055 0.258289
v 0.069688 0.363055 0.258289
v 0.129027 0.364963 0.234354
v 0.129027 0.364963 0.234354
v 0.180986 0.366871 0.197012
v 0.180986 0.366871 0.197012
v 0.222592 0.368779 0.148400
v 0.222592 0.368779 0.148400
v 0.251464 0.370686 0.091299
v 0.251464 0.370686 0.091299
v 0.265951 0.372594 0.028975
v 0.265951 0.372594 0.028975
v 0.265225 0.374502 -0.035006
v 0.265225 0.374502 -0.035006
v 0.249326 0.376410 -0.096984
v 0.249326 0.376410 -0.096984
v 0.219165 0.378318 -0.153415
v 0.219165 0.378318 -0.153415
v 0.176467 0.380226 -0.201070
v 0.176467 0.380226 -0.201070
v 0.123674 0.382134 -0.237222
v 0.123674 0.382134 -0.237222
v 0.063806 0.384041 -0.259805
v 0.063806 0.384041 -0.259805
v 0.000288 0.385949 -0.267525
v 0.000288 0.385949 -0.267525
v -0.063247 0.387857 -0.259941
v -0.063247 0.387857 -0.259941
v -0.123163 0.389765 -0.237488
v -0.123163 0.389765 -0.237488
v -0.176034 0.391673 -0.201449
v -0.176034 0.391673 -0.201449
v -0.218835 0.393581 -0.153886
v -0.218835 0.393581 -0.153886
v -0.249117 0.395489 -0.097521
v -0.249117 0.395489 -0.097521
v -0.265149 0.397396 -0.035576
v -0.265149 0.397396 -0.035576
v -0.265149 0.397396 -0.035576
v -0.266013 0.399304 0.028403
v -0.266013 0.399304 0.028403
v -0.251660 0.401212 0.090758
v -0.251660 0.401212 0.090758
v -0.222911 0.403120 0.147921
v -0.222911 0.403120 0.147921
v -0.181410 0.405028 0.196622
v -0.181410 0.405028 0.196622
v -0.129531 0.406936 0.234075
v -0.129531 0.406936 0.234075
v -0.070243 0.408844 0.258139
v -0.070243 0.408844 0.258139
v -0.006937 0.410752 0.267435
v -0.006937 0.410752 0.267435
v 0.056766 0.412659 0.261433
v 0.056766 0.412659 0.261433
v 0.117222 0.414567 0.240476
v 0.117222 0.414567 0.240476
v 0.170972 0.416475 0.205762
v 0.170972 0.416475 0.205762
v 0.214942 0.418383 0.159278
v 0.214942 0.418383 0.159278
v 0.246616 0.420291 0.103682
v 0.246616 0.420291 0.103682
v 0.264183 0.422199 0.042155
v 0.264183 0.422199 0.042155
v 0.266637 0.424107 -0.021783
v 0.266637 0.424107 -0.021783
v 0.253838 0.426014 -0.084475
v 0.253838 0.426014 -0.084475
v 0.226518 0.427922 -0.142335
v 0.226518 0.427922 -0.142335
v 0.186240 0.429830 -0.192052
v 0.186240 0.429830 -0.192052
v 0.135309 0.431738 -0.230784
v 0.135309 0.431738 -0.230784
v 0.076637 0.433646 -0.256313
v 0.076637 0.433646 -0.256313
v 0.013582 0.435554 -0.267180
v 0.013582 0.435554 -0.267180
v -0.050251 0.437462 -0.262763
v -0.050251 0.437462 -0.262763
v -0.111209 0.439369 -0.243315
v -0.111209 0.439369 -0.243315
v -0.165806 0.441277 -0.209948
v -0.165806 0.441277 -0.209948
v -0.210917 0.443185 -0.164571
v -0.210917 0.443185 -0.164571
v -0.243963 0.445093 -0.109780
v -0.243963 0.445093 -0.109780
v -0.263053 0.447001 -0.048708
v -0.263053 0.447001 -0.048708
v -0.263053 0.447001 -0.048708
v -0.267096 0.448909 0.015149
v -0.267096 0.448909 0.015149
v -0.255859 0.450817 0.078140
v -0.255859 0.450817 0.078140
v -0.229986 0.452724 0.136661
v -0.229986 0.452724 0.136661
v -0.190956 0.454632 0.187364
v -0.190956 0.454632 0.187364
v -0.141003 0.456540 0.227349
v -0.141003 0.456540 0.227349
v -0.082984 0.458448 0.254329
v -0.082984 0.458448 0.254329
v -0.020218 0.460356 0.266760
v -0.020218 0.460356 0.266760
v 0.043705 0.462264 0.263931
v 0.043705 0.462264 0.263931
v 0.105128 0.464172 0.246004
v 0.105128 0.464172 0.246004
v 0.160536 0.466080 0.214004
v 0.160536 0.466080 0.214004
v 0.206762 0.467987 0.169762
v 0.206762 0.467987 0.169762
v 0.241159 0.469895 0.115809
v 0.241159 0.469895 0.115809
v 0.261762 0.471803 0.055231
v 0.261762 0.471803 0.055231
v 0.267390 0.473711 -0.008506
v 0.267390 0.473711 -0.008506
v 0.257722 0.475619 -0.071757
v 0.257722 0.475619 -0.071757
v 0.233311 0.477527 -0.130903
v 0.233311 0.477527 -0.130903
v 0.195554 0.479435 -0.182560
v 0.195554 0.479435 -0.182560
v 0.146610 0.481342 -0.223775
v 0.146610 0.481342 -0.223775
v 0.089280 0.483250 -0.252188
v 0.089280 0.483250 -0.252188
v 0.026842 0.485158 -0.266175
v 0.026842 0.485158 -0.266175
v -0.037132 0.487066 -0.264936
v -0.037132 0.487066 -0.264936
v -0.098981 0.488974 -0.248541
v -0.098981 0.488974 -0.248541
v -0.155168 0.490882 -0.217928
v -0.155168 0.490882 -0.217928
v -0.202479 0.492790 -0.174849
v -0.202479 0.492790 -0.174849
v -0.238207 0.494697 -0.121767
v -0.238207 0.494697 -0.121767
v -0.260308 0.496605 -0.061720
v -0.260308 0.496605 -0.061720
v -0.260308 0.496605 -0.061720
v -0.267519 0.498513 0.001858
v -0.267519 0.498513 0.001858
v -0.259426 0.500421 0.065329
v -0.259426 0.500421 0.065329
v -0.236493 0.502329 0.125063
v -0.236493 0.502329 0.125063
v -0.200031 0.504237 0.177644
v -0.200031 0.504237 0.177644
v -0.152127 0.506145 0.220062
v -0.152127 0.506145 0.220062
v -0.095520 0.508052 0.249891
v -0.095520 0.508052 0.249891
v -0.033449 0.509960 0.265426
v -0.033449 0.509960 0.265426
v 0.030535 0.511868 0.265777
v 0.030535 0.511868 0.265777
v 0.092773 0.513776 0.250924
v 0.092773 0.513776 0.250924
v 0.149704 0.515684 0.221717
v 0.149704 0.515684 0.221717
v 0.198070 0.517592 0.179827
v 0.198070 0.517592 0.179827
v 0.235107 0.519500 0.127650
v 0.235107 0.519500 0.127650
v 0.258694 0.521407 0.068171
v 0.258694 0.521407 0.068171
v 0.267482 0.523315 0.004792
v 0.267482 0.523315 0.004792
v 0.260969 0.525223 -0.058861
v 0.260969 0.525223 -0.058861
v 0.239528 0.527131 -0.119147
v 0.239528 0.527131 -0.119147
v 0.204384 0.529039 -0.172617
v 0.204384 0.529039 -0.172617
v 0.157549 0.530947 -0.216213
v 0.157549 0.530947 -0.216213
v 0.101701 0.532855 -0.247440
v 0.101701 0.532855 -0.247440
v 0.040035 0.534763 -0.264512
v 0.040035 0.534763 -0.264512
v -0.023920 0.536670 -0.266453
v -0.023920 0.536670 -0.266453
v -0.086508 0.538578 -0.253152
v -0.086508 0.538578 -0.253152
v -0.144147 0.540486 -0.225369
v -0.144147 0.540486 -0.225369
v -0.193540 0.542394 -0.184694
v -0.193540 0.542394 -0.184694
v -0.231861 0.544302 -0.133454
v -0.231861 0.544302 -0.133454
v -0.256919 0.546210 -0.074579
v -0.256919 0.546210 -0.074579
v -0.267280 0.548118 -0.011438
v -0.267280 0.548118 -0.011438
v -0.262352 0.550025 0.052357
v -0.262352 0.550025 0.052357
v -0.262352 0.550025 0.052357
v -0.242415 0.551933 0.113157
v -0.242415 0.551933 0.113157
v -0.208611 0.553841 0.167484
v -0.208611 0.553841 0.167484
v -0.162874 0.555749 0.212230
v -0.162874 0.555749 0.212230
v -0.107820 0.557657 0.244836
v -0.107820 0.557657 0.244836
v -0.046597 0.559565 0.263436
v -0.046597 0.559565 0.263436
v 0.017291 0.561473 0.266966
v 0.017291 0.561473 0.266966
v 0.080189 0.563380 0.255224
v 0.080189 0.563380 0.255224
v 0.138501 0.565288 0.228882
v 0.138501 0.565288 0.228882
v 0.188890 0.567196 0.189448
v 0.188890 0.567196 0.189448
v 0.228473 0.569104 0.139175
v 0.228473 0.569104 0.139175
v 0.254986 0.571012 0.080942
v 0.254986 0.571012 0.080942
v 0.266914 0.572920 0.018078
v 0.266914 0.572920 0.018078
v 0.263572 0.574828 -0.045820
v 0.263572 0.574828 -0.045820
v 0.245153 0.576735 -0.107097
v 0.245153 0.576735 -0.107097
v 0.212710 0.578643 -0.162247
v 0.212710 0.578643 -0.162247
v 0.168099 0.580551 -0.208117
v 0.168099 0.580551 -0.208117
v 0.113871 0.582459 -0.242080
v 0.113871 0.582459 -0.242080
v 0.053130 0.584367 -0.262196
v 0.053130 0.584367 -0.262196
v -0.010650 0.586275 -0.267313
v -0.010650 0.586275 -0.267313
v -0.073821 0.588183 -0.257138
v -0.073821 0.588183 -0.257138
v -0.132769 0.590090 -0.232254
v -0.132769 0.590090 -0.232254
v -0.184123 0.591998 -0.194084
v -0.184123 0.591998 -0.194084
v -0.224943 0.593906 -0.144811
v -0.224943 0.593906 -0.144811
v -0.252896 0.595814 -0.087254
v -0.252896 0.595814 -0.087254
v -0.266382 0.597722 -0.024706
v -0.266382 0.597722 -0.024706
v -0.264629 0.599630 0.039255
v -0.264629 0.599630 0.039255
v -0.264629 0.599630 0.039255
v -0.247739 0.601538 0.100971
v -0.247739 0.601538 0.100971
v -0.216676 0.603446 0.156911
v -0.216676 0.603446 0.156911
v -0.173219 0.605353 0.203874
v -0.173219 0.605353 0.203874
v -0.119853 0.607261 0.239175
v -0.119853 0.607261 0.239175
v -0.059631 0.609169 0.260795
v -0.059631 0.609169 0.260795
v 0.004003 0.611077 0.267495
v 0.004003 0.611077 0.267495
v 0.067407 0.612985 0.258894
v 0.067407 0.612985 0.258894
v 0.126956 0.614893 0.235482
v 0.126956 0.614893 0.235482
v 0.179242 0.616801 0.198600
v 0.179242 0.616801 0.198600
v 0.221275 0.618708 0.150357
v 0.221275 0.618708 0.150357
v 0.250649 0.620616 0.093513
v 0.250649 0.620616 0.093513
v 0.265685 0.622524 0.031319
v 0.265685 0.622524 0.031319
v 0.265523 0.624432 -0.032666
v 0.265523 0.624432 -0.032666
v 0.250172 0.626340 -0.094782
v 0.250172 0.626340 -0.094782
v 0.220509 0.628248 -0.151477
v 0.220509 0.628248 -0.151477
v 0.178233 0.630156 -0.199506
v 0.178233 0.630156 -0.199506
v 0.125760 0.632063 -0.236123
v 0.125760 0.632063 -0.236123
v 0.066094 0.633971 -0.259232
v 0.066094 0.633971 -0.259232
v 0.002647 0.635879 -0.267512
v 0.002647 0.635879 -0.267512
v -0.060952 0.637787 -0.260489
v -0.060952 0.637787 -0.260489
v -0.121064 0.639695 -0.238565
v -0.121064 0.639695 -0.238565
v -0.174251 0.641603 -0.202993
v -0.174251 0.641603 -0.202993
v -0.217469 0.643511 -0.155810
v -0.217469 0.643511 -0.155810
v -0.248248 0.645418 -0.099714
v -0.248248 0.645418 -0.099714
v -0.264825 0.647326 -0.037913
v -0.264825 0.647326 -0.037913
v -0.264825 0.647326 -0.037913
v -0.266253 0.649234 0.026056
v -0.266253 0.649234 0.026056
v -0.252450 0.651142 0.088535
v -0.252450 0.651142 0.088535
v -0.224206 0.653050 0.145949
v -0.224206 0.653050 0.145949
v -0.183136 0.654958 0.195015
v -0.183136 0.654958 0.195015
v -0.131590 0.656866 0.232924
v -0.131590 0.656866 0.232924
v -0.072517 0.658773 0.257509
v -0.072517 0.658773 0.257509
v -0.009295 0.660681 0.267363
v -0.009295 0.660681 0.267363
v 0.054459 0.662589 0.261923
v 0.054459 0.662589 0.261923
v 0.115097 0.664497 0.241500
v 0.115097 0.664497 0.241500
v 0.169152 0.666405 0.207262
v 0.169152 0.666405 0.207262
v 0.213530 0.668313 0.161167
v 0.213530 0.668313 0.161167
v 0.245693 0.670221 0.105853
v 0.245693 0.670221 0.105853
v 0.263801 0.672128 0.044483
v 0.263801 0.672128 0.044483
v 0.266818 0.674036 -0.019431
v 0.266818 0.674036 -0.019431
v 0.254573 0.675944 -0.082234
v 0.254573 0.675944 -0.082234
v 0.227764 0.677852 -0.140332
v 0.227764 0.677852 -0.140332
v 0.187927 0.679760 -0.190403
v 0.187927 0.679760 -0.190403
v 0.137339 0.681668 -0.229582
v 0.137339 0.681668 -0.229582
v 0.078894 0.683576 -0.255627
v 0.078894 0.683576 -0.255627
v 0.015937 0.685484 -0.267050
v 0.015937 0.685484 -0.267050
v -0.047932 0.687391 -0.263196
v -0.047932 0.687391 -0.263196
v -0.109060 0.689299 -0.244286
v -0.109060 0.689299 -0.244286
v -0.163948 0.691207 -0.211402
v -0.163948 0.691207 -0.211402
v -0.209458 0.693115 -0.166424
v -0.209458 0.693115 -0.166424
v -0.242986 0.695023 -0.111926
v -0.242986 0.695023 -0.111926
v -0.262614 0.696931 -0.051026
v -0.262614 0.696931 -0.051026
v -0.262614 0.696931 -0.051026
v -0.267219 0.698839 0.012793
v -0.267219 0.698839 0.012793
v -0.256538 0.700746 0.075881
v -0.256538 0.700746 0.075881
v -0.231182 0.702654 0.134628
v -0.231182 0.702654 0.134628
v -0.192601 0.704562 0.185673
v -0.192601 0.704562 0.185673
v -0.143002 0.706470 0.226097
v -0.143002 0.706470 0.226097
v -0.085223 0.708378 0.253587
v -0.085223 0.708378 0.253587
v -0.022569 0.710286 0.266571
v -0.022569 0.710286 0.266571
v 0.041376 0.712194 0.264306
v 0.041376 0.712194 0.264306
v 0.102954 0.714101 0.246921
v 0.102954 0.714101 0.246921
v 0.158643 0.716009 0.215411
v 0.158643 0.716009 0.215411
v 0.205257 0.717917 0.171579
v 0.205257 0.717917 0.171579
v 0.240129 0.719825 0.117931
v 0.240129 0.719825 0.117931
v 0.261264 0.721733 0.057537
v 0.261264 0.721733 0.057537
v 0.267454 0.723641 -0.006148
v 0.267454 0.723641 -0.006148
v 0.258345 0.725549 -0.069482
v 0.258345 0.725549 -0.069482
v 0.234456 0.727457 -0.128840
v 0.234456 0.727457 -0.128840
v 0.197156 0.729364 -0.180829
v 0.197156 0.729364 -0.180829
v 0.148578 0.731272 -0.222473
v 0.148578 0.731272 -0.222473
v 0.091500 0.733180 -0.251391
v 0.091500 0.733180 -0.251391
v 0.029188 0.735088 -0.265928
v 0.029188 0.735088 -0.265928
v -0.034794 0.736996 -0.265253
v -0.034794 0.736996 -0.265253
v -0.096786 0.738904 -0.249404
v -0.096786 0.738904 -0.249404
v -0.153240 0.740812 -0.219288
v -0.153240 0.740812 -0.219288
v -0.200929 0.742719 -0.176627
v -0.200929 0.742719 -0.176627
v -0.237124 0.744627 -0.123863
v -0.237124 0.744627 -0.123863
v -0.259754 0.746535 -0.064013
v -0.259754 0.746535 -0.064013
v -0.267525 0.748443 -0.000501
v -0.267525 0.748443 -0.000501
v -0.259992 0.750351 0.063039
v -0.259992 0.750351 0.063039
v -0.259992 0.750351 0.063039
v -0.237586 0.752259 0.122973
v -0.237586 0.752259 0.122973
v -0.201590 0.754167 0.175873
v -0.201590 0.754167 0.175873
v -0.154061 0.756074 0.218712
v -0.154061 0.756074 0.218712
v -0.097719 0.757982 0.249039
v -0.097719 0.757982 0.249039
v -0.035788 0.759890 0.265120
v -0.035788 0.759890 0.265120
v 0.028191 0.761798 0.266036
v 0.028191 0.761798 0.266036
v 0.090557 0.763706 0.251732
v 0.090557 0.763706 0.251732
v 0.147743 0.765614 0.223028
v 0.147743 0.765614 0.223028
v 0.196477 0.767522 0.181566
v 0.196477 0.767522 0.181566
v 0.233972 0.769429 0.129718
v 0.233972 0.769429 0.129718
v 0.258082 0.771337 0.070449
v 0.258082 0.771337 0.070449
v 0.267429 0.773245 0.007150
v 0.267429 0.773245 0.007150
v 0.261478 0.775153 -0.056558
v 0.261478 0.775153 -0.056558
v 0.240569 0.777061 -0.117030
v 0.240569 0.777061 -0.117030
v 0.205898 0.778969 -0.170808
v 0.205898 0.778969 -0.170808
v 0.159449 0.780877 -0.214815
v 0.159449 0.780877 -0.214815
v 0.103879 0.782784 -0.246534
v 0.103879 0.782784 -0.246534
v 0.042366 0.784692 -0.264149
v 0.042366 0.784692 -0.264149
v -0.021570 0.786600 -0.266654
v -0.021570 0.786600 -0.266654
v -0.084272 0.788508 -0.253905
v -0.084272 0.788508 -0.253905
v -0.142154 0.790416 -0.226632
v -0.142154 0.790416 -0.226632
v -0.191904 0.792324 -0.186394
v -0.191904 0.792324 -0.186394
v -0.230676 0.794232 -0.135493
v -0.230676 0.794232 -0.135493
v -0.256252 0.796139 -0.076842
v -0.256252 0.796139 -0.076842
v -0.267169 0.798047 -0.013795
v -0.267169 0.798047 -0.013795
v -0.262803 0.799955 0.050042
v -0.262803 0.799955 0.050042
v -0.262803 0.799955 0.050042
v -0.243404 0.801863 0.111015
v -0.243404 0.801863 0.111015
v -0.210080 0.803771 0.165638
v -0.210080 0.803771 0.165638
v -0.164739 0.805679 0.210786
v -0.164739 0.805679 0.210786
v -0.109974 0.807587 0.243876
v -0.109974 0.807587 0.243876
v -0.048918 0.809495 0.263014
v -0.048918 0.809495 0.263014
v 0.014936 0.811402 0.267108
v 0.014936 0.811402 0.267108
v 0.077936 0.813310 0.255921
v 0.077936 0.813310 0.255921
v 0.136477 0.815218 0.230095
v 0.136477 0.815218 0.230095
v 0.187212 0.817126 0.191106
v 0.187212 0.817126 0.191106
v 0.227237 0.819034 0.141184
v 0.227237 0.819034 0.141184
v 0.254263 0.820942 0.083187
v 0.254263 0.820942 0.083187
v 0.266744 0.822850 0.020431
v 0.266744 0.822850 0.020431
v 0.263966 0.824757 -0.043494
v 0.263966 0.824757 -0.043494
v 0.246087 0.826665 -0.104931
v 0.246087 0.826665 -0.104931
v 0.214132 0.828573 -0.160366
v 0.214132 0.828573 -0.160366
v 0.169927 0.830481 -0.206626
v 0.169927 0.830481 -0.206626
v 0.116002 0.832389 -0.241067
v 0.116002 0.832389 -0.241067
v 0.055440 0.834297 -0.261717
v 0.055440 0.834297 -0.261717
v -0.008293 0.836205 -0.267396
v -0.008293 0.836205 -0.267396
v -0.071551 0.838112 -0.257779
v -0.071551 0.838112 -0.257779
v -0.130716 0.840020 -0.233416
v -0.130716 0.840020 -0.233416
v -0.182404 0.841928 -0.195700
v -0.182404 0.841928 -0.195700
v -0.223658 0.843836 -0.146789
v -0.223658 0.843836 -0.146789
v -0.252117 0.845744 -0.089481
v -0.252117 0.845744 -0.089481
v -0.266154 0.847652 -0.027054
v -0.266154 0.847652 -0.027054
v -0.264965 0.849560 0.036920
v -0.264965 0.849560 0.036920
v -0.264965 0.849560 0.036920
v -0.248619 0.851467 0.098783
v -0.248619 0.851467 0.098783
v -0.218052 0.853375 0.154994
v -0.218052 0.853375 0.154994
v -0.175010 0.855283 0.202339
v -0.175010 0.855283 0.202339
v -0.121957 0.857191 0.238109
v -0.121957 0.857191 0.238109
v -0.061928 0.859099 0.260259
v -0.061928 0.859099 0.260259
v 0.001644 0.861007 0.267520
v 0.001644 0.861007 0.267520
v 0.065122 0.862915 0.259478
v 0.065122 0.862915 0.259478
v 0.124875 0.864823 0.236592
v 0.124875 0.864823 0.236592
v 0.177484 0.866730 0.200173
v 0.177484 0.866730 0.200173
v 0.219940 0.868638 0.152302
v 0.219940 0.868638 0.152302
v 0.249815 0.870546 0.095719
v 0.249815 0.870546 0.095719
v 0.265399 0.872454 0.033661
v 0.265399 0.872454 0.033661
v 0.265801 0.874362 -0.030323
v 0.265801 0.874362 -0.030323
v 0.250998 0.876270 -0.092573
v 0.250998 0.876270 -0.092573
v 0.221836 0.878178 -0.149527
v 0.221836 0.878178 -0.149527
v 0.179985 0.880085 -0.197927
v 0.179985 0.880085 -0.197927
v 0.127837 0.881993 -0.235005
v 0.127837 0.881993 -0.235005
v 0.068377 0.883901 -0.258639
v 0.068377 0.883901 -0.258639
v 0.005005 0.885809 -0.267478
v 0.005005 0.885809 -0.267478
v -0.058653 0.887717 -0.261016
v -0.058653 0.887717 -0.261016
v -0.118956 0.889625 -0.239623
v -0.118956 0.889625 -0.239623
v -0.172454 0.891533 -0.204522
v -0.172454 0.891533 -0.204522
v -0.216087 0.893440 -0.157721
v -0.216087 0.893440 -0.157721
v -0.247359 0.895348 -0.101898
v -0.247359 0.895348 -0.101898
v -0.264480 0.897256 -0.040246
v -0.264480 0.897256 -0.040246
v -0.264480 0.897256 -0.040246
v -0.266472 0.899164 0.023708
v -0.266472 0.899164 0.023708
v -0.253221 0.901072 0.086306
v -0.253221 0.901072 0.086306
v -0.225484 0.902980 0.143967
v -0.225484 0.902980 0.143967
v -0.184849 0.904888 0.193392
v -0.184849 0.904888 0.193392
v -0.133639 0.906795 0.231755
v -0.133639 0.906795 0.231755
v -0.074784 0.908703 0.256860
v -0.074784 0.908703 0.256860
v -0.011652 0.910611 0.267271
v -0.011652 0.910611 0.267271
v 0.052148 0.912519 0.262393
v 0.052148 0.912519 0.262393
v 0.112964 0.914427 0.242505
v 0.112964 0.914427 0.242505
v 0.167318 0.916335 0.208745
v 0.167318 0.916335 0.208745
v 0.212100 0.918243 0.163043
v 0.212100 0.918243 0.163043
v 0.244750 0.920150 0.108015
v 0.244750 0.920150 0.108015
v 0.263398 0.922058 0.046807
v 0.263398 0.922058 0.046807
v 0.266979 0.923966 -0.017078
v 0.266979 0.923966 -0.017078
v 0.255288 0.925874 -0.079986
v 0.255288 0.925874 -0.079986
v 0.228993 0.927782 -0.138318
v 0.228993 0.927782 -0.138318
v 0.189598 0.929690 -0.188738
v 0.189598 0.929690 -0.188738
v 0.139358 0.931598 -0.228362
v 0.139358 0.931598 -0.228362
v 0.081145 0.933506 -0.254922
v 0.081145 0.933506 -0.254922
v 0.018291 0.935413 -0.266899
v 0.018291 0.935413 -0.266899
v -0.045610 0.937321 -0.263608
v -0.045610 0.937321 -0.263608
v -0.106901 0.939229 -0.245238
v -0.106901 0.939229 -0.245238
v -0.162078 0.941137 -0.212839
v -0.162078 0.941137 -0.212839
v -0.207982 0.943045 -0.168265
v -0.207982 0.943045 -0.168265
v -0.241989 0.944953 -0.114065
v -0.241989 0.944953 -0.114065
v -0.262154 0.946861 -0.053340
v -0.262154 0.946861 -0.053340
v -0.262154 0.946861 -0.053340
v -0.267321 0.948768 0.010437
v -0.267321 0.948768 0.010437
v -0.257197 0.950676 0.073616
v -0.257197 0.950676 0.073616
v -0.232360 0.952584 0.132584
v -0.232360 0.952584 0.132584
v -0.194230 0.954492 0.183968
v -0.194230 0.954492 0.183968
v -0.144990 0.956400 0.224828
v -0.144990 0.956400 0.224828
v -0.087456 0.958308 0.252826
v -0.087456 0.958308 0.252826
v -0.024919 0.960216 0.266362
v -0.024919 0.960216 0.266362
v 0.039044 0.962123 0.264661
v 0.039044 0.962123 0.264661
v 0.100773 0.964031 0.247819
v 0.100773 0.964031 0.247819
v 0.156738 0.965939 0.216802
v 0.156738 0.965939 0.216802
v 0.203736 0.967847 0.173382
v 0.203736 0.967847 0.173382
v 0.239080 0.969755 0.120044
v 0.239080 0.969755 0.120044
v 0.260747 0.971663 0.059839
v 0.260747 0.971663 0.059839
v 0.267498 0.973571 -0.003790
v 0.267498 0.973571 -0.003790
v 0.258947 0.975478 -0.067201
v 0.258947 0.975478 -0.067201
v 0.235583 0.977386 -0.126768
v 0.235583 0.977386 -0.126768
v 0.198743 0.979294 -0.179084
v 0.198743 0.979294 -0.179084
v 0.150533 0.981202 -0.221155
v 0.150533 0.981202 -0.221155
v 0.093713 0.983110 -0.250574
v 0.093713 0.983110 -0.250574
v 0.031531 0.985018 -0.265660
v 0.031531 0.985018 -0.265660
v -0.032454 0.986926 -0.265549
v -0.032454 0.986926 -0.265549
v -0.094583 0.988833 -0.250247
v -0.094583 0.988833 -0.250247
v -0.151301 0.990741 -0.220630
v -0.151301 0.990741 -0.220630
v -0.199364 0.992649 -0.178392
v -0.199364 0.992649 -0.178392
v -0.236022 0.994557 -0.125949
v -0.236022 0.994557 -0.125949
v -0.259179 0.996465 -0.066301
v -0.259179 0.996465 -0.066301
v -0.267510 0.998373 -0.002860
v -0.267510 0.998373 -0.002860
v -0.260537 1.000281 0.060744
v -0.260537 1.000281 0.060744
v -0.260537 1.000281 0.060744
v -0.238661 1.002189 0.120874
v -0.238661 1.002189 0.120874
v -0.203132 1.004096 0.174089
v -0.203132 1.004096 0.174089
v -0.155983 1.006004 0.217345
v -0.155983 1.006004 0.217345
v -0.099912 1.007912 0.248168
v -0.099912 1.007912 0.248168
v -0.038124 1.009820 0.264795
v -0.038124 1.009820 0.264795
v 0.025844 1.011728 0.266274
v 0.025844 1.011728 0.266274
v 0.088334 1.013636 0.252521
v 0.088334 1.013636 0.252521
v 0.145771 1.015544 0.224322
v 0.145771 1.015544 0.224322
v 0.194869 1.017451 0.183292
v 0.194869 1.017451 0.183292
v 0.232819 1.019359 0.131776
v 0.232819 1.019359 0.131776
v 0.257451 1.021267 0.072722
v 0.257451 1.021267 0.072722
v 0.267356 1.023175 0.009508
v 0.267356 1.023175 0.009508
v 0.261967 1.025083 -0.054250
v 0.261967 1.025083 -0.054250
v 0.241592 1.026991 -0.114905
v 0.241592 1.026991 -0.114905
v 0.207396 1.028899 -0.168986
v 0.207396 1.028899 -0.168986
v 0.161337 1.030806 -0.213401
v 0.161337 1.030806 -0.213401
v 0.106049 1.032714 -0.245608
v 0.106049 1.032714 -0.245608
v 0.044694 1.034622 -0.263765
v 0.044694 1.034622 -0.263765
v -0.019218 1.036530 -0.266834
v -0.019218 1.036530 -0.266834
v -0.082030 1.038438 -0.254638
v -0.082030 1.038438 -0.254638
v -0.140150 1.040346 -0.227876
v -0.140150 1.040346 -0.227876
v -0.190253 1.042254 -0.188078
v -0.190253 1.042254 -0.188078
v -0.229472 1.044161 -0.137522
v -0.229472 1.044161 -0.137522
v -0.255564 1.046069 -0.079098
v -0.255564 1.046069 -0.079098
v -0.267037 1.047977 -0.016150
v -0.267037 1.047977 -0.016150
v -0.263234 1.049885 0.047722
v -0.263234 1.049885 0.047722
v -0.263234 1.049885 0.047722
v -0.244373 1.051793 0.108865
v -0.244373 1.051793 0.108865
v -0.211532 1.053701 0.163779
v -0.211532 1.053701 0.163779
v -0.166591 1.055609 0.209325
v -0.166591 1.055609 0.209325
v -0.112120 1.057516 0.242896
v -0.112120 1.057516 0.242896
v -0.051235 1.059424 0.262573
v -0.051235 1.059424 0.262573
v 0.012580 1.061332 0.267229
v 0.012580 1.061332 0.267229
v 0.075676 1.063240 0.256598
v 0.075676 1.063240 0.256598
v 0.134443 1.065148 0.231289
v 0.134443 1.065148 0.231289
v 0.185520 1.067056 0.192749
v 0.185520 1.067056 0.192749
v 0.225983 1.068964 0.143183
v 0.225983 1.068964 0.143183
v 0.253519 1.070872 0.085426
v 0.253519 1.070872 0.085426
v 0.266553 1.072779 0.022782
v 0.266553 1.072779 0.022782
v 0.264339 1.074687 -0.041165
v 0.264339 1.074687 -0.041165
v 0.247003 1.076595 -0.102757
v 0.247003 1.076595 -0.102757
v 0.215538 1.078503 -0.158471
v 0.215538 1.078503 -0.158471
v 0.171742 1.080411 -0.205120
v 0.171742 1.080411 -0.205120
v 0.118123 1.082319 -0.240035
v 0.118123 1.082319 -0.240035
v 0.057746 1.084227 -0.261218
v 0.057746 1.084227 -0.261218
v -0.005935 1.086134 -0.267459
v -0.005935 1.086134 -0.267459
v -0.069275 1.088042 -0.258400
v -0.069275 1.088042 -0.258400
v -0.128653 1.089950 -0.234559
v -0.128653 1.089950 -0.234559
v -0.180672 1.091858 -0.197300
v -0.180672 1.091858 -0.197300
v -0.222355 1.093766 -0.148755
v -0.222355 1.093766 -0.148755
v -0.251318 1.095674 -0.091700
v -0.251318 1.095674 -0.091700
v -0.265905 1.097582 -0.029400
v -0.265905 1.097582 -0.029400
v -0.265280 1.099489 0.034583
v -0.265280 1.099489 0.034583
v -0.265280 1.099489 0.034583
v -0.249481 1.101397 0.096587
v -0.249481 1.101397 0.096587
v -0.219410 1.103305 0.153065
v -0.219410 1.103305 0.153065
v -0.176787 1.105213 0.200788
v -0.176787 1.105213 0.200788
v -0.124052 1.107121 0.237025
v -0.124052 1.107121 0.237025
v -0.064220 1.109029 0.259703
v -0.064220 1.109029 0.259703
v -0.000715 1.110937 0.267524
v -0.000715 1.110937 0.267524
v 0.062832 1.112844 0.260042
v 0.062832 1.112844 0.260042
v 0.122784 1.114752 0.237684
v 0.122784 1.114752 0.237684
v 0.175712 1.116660 0.201730
v 0.175712 1.116660 0.201730
v 0.218589 1.118568 0.154235
v 0.218589 1.118568 0.154235
v 0.248961 1.120476 0.097918
v 0.248961 1.120476 0.097918
v 0.265092 1.122384 0.035999
v 0.265092 1.122384 0.035999
v 0.266058 1.124292 -0.027979
v 0.266058 1.124292 -0.027979
v 0.251804 1.126199 -0.090356
v 0.251804 1.126199 -0.090356
v 0.223146 1.128107 -0.147565
v 0.223146 1.128107 -0.147565
v 0.181723 1.130015 -0.196332
v 0.181723 1.130015 -0.196332
v 0.129905 1.131923 -0.233868
v 0.129905 1.131923 -0.233868
v 0.070655 1.133831 -0.258026
v 0.070655 1.133831 -0.258026
v 0.007363 1.135739 -0.267424
v 0.007363 1.135739 -0.267424
v -0.056349 1.137647 -0.261523
v -0.056349 1.137647 -0.261523
v -0.116838 1.139555 -0.240662
v -0.116838 1.139555 -0.240662
v -0.170644 1.141462 -0.206035
v -0.170644 1.141462 -0.206035
v -0.214688 1.143370 -0.159621
v -0.214688 1.143370 -0.159621
v -0.246451 1.145278 -0.104076
v -0.246451 1.145278 -0.104076
v -0.264115 1.147186 -0.042577
v -0.264115 1.147186 -0.042577
v -0.264115 1.147186 -0.042577
v -0.266671 1.149094 0.021357
v -0.266671 1.149094 0.021357
v -0.253972 1.151002 0.084070
v -0.253972 1.151002 0.084070
v -0.226745 1.152910 0.141973
v -0.226745 1.152910 0.141973
v -0.186547 1.154817 0.191755
v -0.186547 1.154817 0.191755
v -0.135677 1.156725 0.230567
v -0.135677 1.156725 0.230567
v -0.077046 1.158633 0.256190
v -0.077046 1.158633 0.256190
v -0.014008 1.160541 0.267158
v -0.014008 1.160541 0.267158
v 0.049832 1.162449 0.262843
v 0.049832 1.162449 0.262843
v 0.110821 1.164357 0.243492
v 0.110821 1.164357 0.243492
v 0.165470 1.166265 0.210212
v 0.165470 1.166265 0.210212
v 0.210654 1.168172 0.164907
v 0.210654 1.168172 0.164907
v 0.243788 1.170080 0.110169
v 0.243788 1.170080 0.110169
v 0.262975 1.171988 0.049128
v 0.262975 1.171988 0.049128
v 0.267120 1.173896 -0.014723
v 0.267120 1.173896 -0.014723
v 0.255983 1.175804 -0.077732
v 0.255983 1.175804 -0.077732
v 0.230203 1.177712 -0.136294
v 0.230203 1.177712 -0.136294
v 0.191255 1.179620 -0.187059
v 0.191255 1.179620 -0.187059
v 0.141366 1.181527 -0.227124
v 0.141366 1.181527 -0.227124
v 0.083390 1.183435 -0.254196
v 0.083390 1.183435 -0.254196
v 0.020643 1.185343 -0.266727
v 0.020643 1.185343 -0.266727
v -0.043284 1.187251 -0.264000
v -0.043284 1.187251 -0.264000
v -0.104735 1.189159 -0.246171
v -0.104735 1.189159 -0.246171
v -0.160195 1.191067 -0.214260
v -0.160195 1.191067 -0.214260
v -0.206491 1.192975 -0.170092
v -0.206491 1.192975 -0.170092
v -0.240974 1.194883 -0.116194
v -0.240974 1.194883 -0.116194
v -0.261673 1.196790 -0.055649
v -0.261673 1.196790 -0.055649
v -0.261673 1.196790 -0.055649
v -0.267403 1.198698 0.008079
v -0.267403 1.198698 0.008079
v -0.257836 1.200606 0.071345
v -0.257836 1.200606 0.071345
v -0.233520 1.202514 0.130530
v -0.233520 1.202514 0.130530
v -0.195845 1.204422 0.182248
v -0.195845 1.204422 0.182248
v -0.146967 1.206330 0.223540
v -0.146967 1.206330 0.223540
v -0.089682 1.208238 0.252045
v -0.089682 1.208238 0.252045
v -0.027266 1.210145 0.266132
v -0.027266 1.210145 0.266132
v 0.036709 1.212053 0.264995
v 0.036709 1.212053 0.264995
v 0.098584 1.213961 0.248698
v 0.098584 1.213961 0.248698
v 0.154820 1.215869 0.218175
v 0.154820 1.215869 0.218175
v 0.202199 1.217777 0.175171
v 0.202199 1.217777 0.175171
v 0.238012 1.219685 0.122147
v 0.238012 1.219685 0.122147
v 0.260209 1.221593 0.062135
v 0.260209 1.221593 0.062135
v 0.267521 1.223500 -0.001431
v 0.267521 1.223500 -0.001431
v 0.259530 1.225408 -0.064915
v 0.259530 1.225408 -0.064915
v 0.236692 1.227316 -0.124686
v 0.236692 1.227316 -0.124686
v 0.200314 1.229224 -0.177324
v 0.200314 1.229224 -0.177324
v 0.152477 1.231132 -0.219819
v 0.152477 1.231132 -0.219819
v 0.095918 1.233040 -0.249738
v 0.095918 1.233040 -0.249738
v 0.033872 1.234948 -0.265372
v 0.033872 1.234948 -0.265372
v -0.030111 1.236856 -0.265825
v -0.030111 1.236856 -0.265825
v -0.092373 1.238763 -0.251072
v -0.092373 1.238763 -0.251072
v -0.149350 1.240671 -0.221956
v -0.149350 1.240671 -0.221956
v -0.197783 1.242579 -0.180143
v -0.197783 1.242579 -0.180143
v -0.234903 1.244487 -0.128025
v -0.234903 1.244487 -0.128025
v -0.258584 1.246395 -0.068583
v -0.258584 1.246395 -0.068583
v -0.267474 1.248303 -0.005219
v -0.267474 1.248303 -0.005219
v -0.261063 1.250211 0.058445
v -0.261063 1.250211 0.058445
v -0.261063 1.250211 0.058445
v -0.239718 1.252118 0.118765
v -0.239718 1.252118 0.118765
v -0.204659 1.254026 0.172291
v -0.204659 1.254026 0.172291
v -0.157894 1.255934 0.215961
v -0.157894 1.255934 0.215961
v -0.102096 1.257842 0.247277
v -0.102096 1.257842 0.247277
v -0.040457 1.259750 0.264448
v -0.040457 1.259750 0.264448
v 0.023495 1.261658 0.266491
v 0.023495 1.261658 0.266491
v 0.086104 1.263566 0.253290
v 0.086104 1.263566 0.253290
v 0.143787 1.265473 0.225599
v 0.143787 1.265473 0.225599
v 0.193245 1.267381 0.185003
v 0.193245 1.267381 0.185003
v 0.231648 1.269289 0.133824
v 0.231648 1.269289 0.133824
v 0.256800 1.271197 0.074989
v 0.256800 1.271197 0.074989
v 0.267262 1.273105 0.011865
v 0.267262 1.273105 0.011865
v 0.262435 1.275013 -0.051938
v 0.262435 1.275013 -0.051938
v 0.242595 1.276921 -0.112770
v 0.242595 1.276921 -0.112770
v 0.208878 1.278828 -0.167151
v 0.208878 1.278828 -0.167151
v 0.163212 1.280736 -0.211970
v 0.163212 1.280736 -0.211970
v 0.108210 1.282644 -0.244663
v 0.108210 1.282644 -0.244663
v 0.047018 1.284552 -0.263361
v 0.047018 1.284552 -0.263361
v -0.016865 1.286460 -0.266993
v -0.016865 1.286460 -0.266993
v -0.079782 1.288368 -0.255352
v -0.079782 1.288368 -0.255352
v -0.138136 1.290276 -0.229103
v -0.138136 1.290276 -0.229103
v -0.188587 1.292183 -0.189749
v -0.188587 1.292183 -0.189749
v -0.228251 1.294091 -0.139540
v -0.228251 1.294091 -0.139540
v -0.254857 1.295999 -0.081348
v -0.254857 1.295999 -0.081348
v -0.266884 1.297907 -0.018504
v -0.266884 1.297907 -0.018504
v -0.263645 1.299815 0.045400
v -0.263645 1.299815 0.045400
v -0.263645 1.299815 0.045400
v -0.245323 1.301723 0.106706
v -0.245323 1.301723 0.106706
v -0.212968 1.303631 0.161908
v -0.212968 1.303631 0.161908
v -0.168430 1.305539 0.207848
v -0.168430 1.305539 0.207848
v -0.114258 1.307446 0.241898
v -0.114258 1.307446 0.241898
v -0.053549 1.309354 0.262111
v -0.053549 1.309354 0.262111
v 0.010224 1.311262 0.267330
v 0.010224 1.311262 0.267330
v 0.073411 1.313170 0.257256
v 0.073411 1.313170 0.257256
v 0.132399 1.315078 0.232465
v 0.132399 1.315078 0.232465
v 0.183813 1.316986 0.194377
v 0.183813 1.316986 0.194377
v 0.224712 1.318894 0.145170
v 0.224712 1.318894 0.145170
v 0.252756 1.320801 0.087658
v 0.252756 1.320801 0.087658
v 0.266342 1.322709 0.025131
v 0.266342 1.322709 0.025131
v 0.264692 1.324617 -0.038833
v 0.264692 1.324617 -0.038833
v 0.247900 1.326525 -0.100576
v 0.247900 1.326525 -0.100576
v 0.216927 1.328433 -0.156565
v 0.216927 1.328433 -0.156565
v 0.173544 1.330341 -0.203598
v 0.173544 1.330341 -0.203598
v 0.120234 1.332249 -0.238984
v 0.120234 1.332249 -0.238984
v 0.060047 1.334156 -0.260699
v 0.060047 1.334156 -0.260699
v -0.003576 1.336064 -0.267501
v -0.003576 1.336064 -0.267501
v -0.066994 1.337972 -0.259001
v -0.066994 1.337972 -0.259001
v -0.126580 1.339880 -0.235684
v -0.126580 1.339880 -0.235684
v -0.178925 1.341788 -0.198886
v -0.178925 1.341788 -0.198886
v -0.221034 1.343696 -0.150710
v -0.221034 1.343696 -0.150710
v -0.250500 1.345604 -0.093913
v -0.250500 1.345604 -0.093913
v -0.265635 1.347511 -0.031743
v -0.265635 1.347511 -0.031743
v -0.265635 1.347511 -0.031743
v -0.265575 1.349419 0.032242
v -0.265575 1.349419 0.032242
v -0.250323 1.351327 0.094383
v -0.250323 1.351327 0.094383
v -0.220751 1.353235 0.151125
v -0.220751 1.353235 0.151125
v -0.178551 1.355143 0.199222
v -0.178551 1.355143 0.199222
v -0.126137 1.357051 0.235922
v -0.126137 1.357051 0.235922
v -0.066507 1.358959 0.259126
v -0.066507 1.358959 0.259126
v -0.003073 1.360866 0.267507
v -0.003073 1.360866 0.267507
v 0.060536 1.362774 0.260586
v 0.060536 1.362774 0.260586
v 0.120683 1.364682 0.238758
v 0.120683 1.364682 0.238758
v 0.173927 1.366590 0.203271
v 0.173927 1.366590 0.203271
v 0.217220 1.368498 0.156157
v 0.217220 1.368498 0.156157
v 0.248088 1.370406 0.100109
v 0.248088 1.370406 0.100109
v 0.264764 1.372314 0.038335
v 0.264764 1.372314 0.038335
v 0.266294 1.374221 -0.025632
v 0.266294 1.374221 -0.025632
v 0.252591 1.376129 -0.088132
v 0.252591 1.376129 -0.088132
v 0.224439 1.378037 -0.145592
v 0.224439 1.378037 -0.145592
v 0.183447 1.379945 -0.194722
v 0.183447 1.379945 -0.194722
v 0.131962 1.381853 -0.232714
v 0.131962 1.381853 -0.232714
v 0.072927 1.383761 -0.257393
v 0.072927 1.383761 -0.257393
v 0.009721 1.385669 -0.267348
v 0.009721 1.385669 -0.267348
v -0.054041 1.387576 -0.262010
v -0.054041 1.387576 -0.262010
v -0.114712 1.389484 -0.241683
v -0.114712 1.389484 -0.241683
v -0.168821 1.391392 -0.207531
v -0.168821 1.391392 -0.207531
v -0.213272 1.393300 -0.161507
v -0.213272 1.393300 -0.161507
v -0.245523 1.395208 -0.106245
v -0.245523 1.395208 -0.106245
v -0.263730 1.397116 -0.044904
v -0.263730 1.397116 -0.044904
v -0.263730 1.397116 -0.044904
v -0.266849 1.399024 0.019005
v -0.266849 1.399024 0.019005
v -0.254704 1.400932 0.081827
v -0.254704 1.400932 0.081827
v -0.227988 1.402839 0.139968
v -0.227988 1.402839 0.139968
v -0.188230 1.404747 0.190103
v -0.188230 1.404747 0.190103
v -0.137705 1.406655 0.229362
v -0.137705 1.406655 0.229362
v -0.079302 1.408563 0.255501
v -0.079302 1.408563 0.255501
v -0.016363 1.410471 0.267024
v -0.016363 1.410471 0.267024
v 0.047512 1.412379 0.263272
v 0.047512 1.412379 0.263272
v 0.108670 1.414287 0.244460
v 0.108670 1.414287 0.244460
v 0.163611 1.416194 0.211663
v 0.163611 1.416194 0.211663
v 0.209192 1.418102 0.166758
v 0.209192 1.418102 0.166758
v 0.242807 1.420010 0.112314
v 0.242807 1.420010 0.112314
v 0.262532 1.421918 0.051445
v 0.262532 1.421918 0.051445
v 0.267239 1.423826 -0.012367
v 0.267239 1.423826 -0.012367
v 0.256659 1.425734 -0.075472
v 0.256659 1.425734 -0.075472
v 0.231396 1.427642 -0.134259
v 0.231396 1.427642 -0.134259
v 0.192897 1.429549 -0.185366
v 0.192897 1.429549 -0.185366
v 0.143363 1.431457 -0.225869
v 0.143363 1.431457 -0.225869
v 0.085628 1.433365 -0.253451
v 0.085628 1.433365 -0.253451
v 0.022994 1.435273 -0.266535
v 0.022994 1.435273 -0.266535
v -0.040954 1.437181 -0.264372
v -0.040954 1.437181 -0.264372
v -0.102560 1.439089 -0.247085
v -0.102560 1.439089 -0.247085
v -0.158299 1.440997 -0.215664
v -0.158299 1.440997 -0.215664
v -0.204983 1.442904 -0.171906
v -0.204983 1.442904 -0.171906
v -0.239940 1.444812 -0.118314
v -0.239940 1.444812 -0.118314
v -0.261172 1.446720 -0.057954
v -0.261172 1.446720 -0.057954
v -0.261172 1.446720 -0.057954
v -0.267464 1.448628 0.005721
v -0.267464 1.448628 0.005721
v -0.258455 1.450536 0.069069
v -0.258455 1.450536 0.069069
v -0.234662 1.452444 0.128466
v -0.234662 1.452444 0.128466
v -0.197444 1.454352 0.180514
v -0.197444 1.454352 0.180514
v -0.148932 1.456259 0.222236
v -0.148932 1.456259 0.222236
v -0.091901 1.458167 0.251245
v -0.091901 1.458167 0.251245
v -0.029612 1.460075 0.265881
v -0.029612 1.460075 0.265881
v 0.034371 1.461983 0.265308
v 0.034371 1.461983 0.265308
v 0.096388 1.463891 0.249558
v 0.096388 1.463891 0.249558
v 0.152890 1.465799 0.219532
v 0.152890 1.465799 0.219532
v 0.200647 1.467707 0.176947
v 0.200647 1.467707 0.176947
v 0.236926 1.469615 0.124241
v 0.236926 1.469615 0.124241
v 0.259651 1.471522 0.064427
v 0.259651 1.471522 0.064427
v 0.267523 1.473430 0.000928
v 0.267523 1.473430 0.000928
v 0.260092 1.475338 -0.062624
v 0.260092 1.475338 -0.062624
v 0.237782 1.477246 -0.122594
v 0.237782 1.477246 -0.122594
v 0.201870 1.479154 -0.175551
v 0.201870 1.479154 -0.175551
v 0.154410 1.481062 -0.218466
v 0.154410 1.481062 -0.218466
v 0.098117 1.482970 -0.248883
v 0.098117 1.482970 -0.248883
v 0.036211 1.484877 -0.265063
v 0.036211 1.484877 -0.265063
v -0.027766 1.486785 -0.266080
v -0.027766 1.486785 -0.266080
v -0.090155 1.488693 -0.251876
v -0.090155 1.488693 -0.251876
v -0.147387 1.490601 -0.223264
v -0.147387 1.490601 -0.223264
v -0.196187 1.492509 -0.181880
v -0.196187 1.492509 -0.181880
v -0.233765 1.494417 -0.130091
v -0.233765 1.494417 -0.130091
v -0.257970 1.496325 -0.070861
v -0.257970 1.496325 -0.070861
v -0.267418 1.498232 -0.007577
v -0.267418 1.498232 -0.007577
v -0.261568 1.500140 0.056141
v -0.261568 1.500140 0.056141
v -0.261568 1.500140 0.056141
v -0.240756 1.502048 0.116646
v -0.240756 1.502048 0.116646
v -0.206171 1.503956 0.170480
v -0.206171 1.503956 0.170480
v -0.159792 1.505864 0.214561
v -0.159792 1.505864 0.214561
v -0.104272 1.507772 0.246368
v -0.104272 1.507772 0.246368
v -0.042788 1.509680 0.264081
v -0.042788 1.509680 0.264081
v 0.021145 1.511588 0.266688
v 0.021145 1.511588 0.266688
v 0.083867 1.513495 0.254039
v 0.083867 1.513495 0.254039
v 0.141792 1.515403 0.226858
v 0.141792 1.515403 0.226858
v 0.191606 1.517311 0.186700
v 0.191606 1.517311 0.186700
v 0.230459 1.519219 0.135861
v 0.230459 1.519219 0.135861
v 0.256129 1.521127 0.077250
v 0.256129 1.521127 0.077250
v 0.267147 1.523035 0.014221
v 0.267147 1.523035 0.014221
v 0.262883 1.524943 -0.049622
v 0.262883 1.524943 -0.049622
v 0.243580 1.526850 -0.110627
v 0.243580 1.526850 -0.110627
v 0.210344 1.528758 -0.165303
v 0.210344 1.528758 -0.165303
v 0.165075 1.530666 -0.210523
v 0.165075 1.530666 -0.210523
v 0.110363 1.532574 -0.243700
v 0.110363 1.532574 -0.243700
v 0.049338 1.534482 -0.262936
v 0.049338 1.534482 -0.262936
v -0.014510 1.536390 -0.267131
v -0.014510 1.536390 -0.267131
v -0.077527 1.538298 -0.256045
v -0.077527 1.538298 -0.256045
v -0.136110 1.540205 -0.230312
v -0.136110 1.540205 -0.230312
v -0.186907 1.542113 -0.191404
v -0.186907 1.542113 -0.191404
v -0.227011 1.544021 -0.141547
v -0.227011 1.544021 -0.141547
v -0.254130 1.545929 -0.083592
v -0.254130 1.545929 -0.083592
v -0.266711 1.547837 -0.020856
v -0.266711 1.547837 -0.020856
v -0.264035 1.549745 0.043073
v -0.264035 1.549745 0.043073
v -0.264035 1.549745 0.043073
v -0.246255 1.551653 0.104539
v -0.246255 1.551653 0.104539
v -0.214388 1.553560 0.160024
v -0.214388 1.553560 0.160024
v -0.170256 1.555468 0.206355
v -0.170256 1.555468 0.206355
v -0.116386 1.557376 0.240882
v -0.116386 1.557376 0.240882
v -0.055858 1.559284 0.261629
v -0.055858 1.559284 0.261629
v 0.007866 1.561192 0.267409
v 0.007866 1.561192 0.267409
v 0.071140 1.563100 0.257893
v 0.071140 1.563100 0.257893
v 0.130344 1.565008 0.233624
v 0.130344 1.565008 0.233624
v 0.182092 1.566916 0.195990
v 0.182092 1.566916 0.195990
v 0.223423 1.568823 0.147145
v 0.223423 1.568823 0.147145
v 0.251974 1.570731 0.089883
v 0.251974 1.570731 0.089883
v 0.266110 1.572639 0.027479
v 0.266110 1.572639 0.027479
v 0.265024 1.574547 -0.036498
v 0.265024 1.574547 -0.036498
v 0.248777 1.576455 -0.098386
v 0.248777 1.576455 -0.098386
v 0.218299 1.578363 -0.154646
v 0.218299 1.578363 -0.154646
v 0.175333 1.580271 -0.202060
v 0.175333 1.580271 -0.202060
v 0.122337 1.582178 -0.237915
v 0.122337 1.582178 -0.237915
v 0.062343 1.584086 -0.260160
v 0.062343 1.584086 -0.260160
v -0.001217 1.585994 -0.267522
v -0.001217 1.585994 -0.267522
v -0.064708 1.587902 -0.259581
v -0.064708 1.587902 -0.259581
v -0.124497 1.589810 -0.236791
v -0.124497 1.589810 -0.236791
v -0.177164 1.591718 -0.200456
v -0.177164 1.591718 -0.200456
v -0.219697 1.593626 -0.152653
v -0.219697 1.593626 -0.152653
v -0.249662 1.595533 -0.096118
v -0.249662 1.595533 -0.096118
v -0.265345 1.597441 -0.034084
v -0.265345 1.597441 -0.034084
v -0.265345 1.597441 -0.034084
v -0.265849 1.599349 0.029899
v -0.265849 1.599349 0.029899
v -0.251145 1.601257 0.092172
v -0.251145 1.601257 0.092172
v -0.222075 1.603165 0.149173
v -0.222075 1.603165 0.149173
v -0.180300 1.605073 0.197639
v -0.180300 1.605073 0.197639
v -0.128212 1.606981 0.234800
v -0.128212 1.606981 0.234800
v -0.068790 1.608888 0.258530
v -0.068790 1.608888 0.258530
v -0.005432 1.610796 0.267470
v -0.005432 1.610796 0.267470
v 0.058236 1.612704 0.261109
v 0.058236 1.612704 0.261109
v 0.118573 1.614612 0.239812
v 0.118573 1.614612 0.239812
v 0.172128 1.616520 0.204797
v 0.172128 1.616520 0.204797
v 0.215835 1.618428 0.158066
v 0.215835 1.618428 0.158066
v 0.247196 1.620336 0.102293
v 0.247196 1.620336 0.102293
v 0.264416 1.622243 0.040668
v 0.264416 1.622243 0.040668
v 0.266510 1.624151 -0.023283
v 0.266510 1.624151 -0.023283
v 0.253358 1.626059 -0.085902
v 0.253358 1.626059 -0.085902
v 0.225714 1.627967 -0.143607
v 0.225714 1.627967 -0.143607
v 0.185157 1.629875 -0.193097
v 0.185157 1.629875 -0.193097
v 0.134008 1.631783 -0.231541
v 0.134008 1.631783 -0.231541
v 0.075194 1.633691 -0.256740
v 0.075194 1.633691 -0.256740
v 0.012078 1.635599 -0.267252
v 0.012078 1.635599 -0.267252
v -0.051729 1.637506 -0.262476
v -0.051729 1.637506 -0.262476
v -0.112577 1.639414 -0.242685
v -0.112577 1.639414 -0.242685
v -0.166984 1.641322 -0.209012
v -0.166984 1.641322 -0.209012
v -0.211840 1.643230 -0.163382
v -0.211840 1.643230 -0.163382
v -0.244577 1.645138 -0.108405
v -0.244577 1.645138 -0.108405
v -0.263323 1.647046 -0.047228
v -0.263323 1.647046 -0.047228
v -0.263323 1.647046 -0.047228
v -0.267006 1.648954 0.016652
v -0.267006 1.648954 0.016652
v -0.255415 1.650861 0.079578
v -0.255415 1.650861 0.079578
v -0.229213 1.652769 0.137953
v -0.229213 1.652769 0.137953
v -0.189899 1.654677 0.188436
v -0.189899 1.654677 0.188436
v -0.139722 1.656585 0.228139
v -0.139722 1.656585 0.228139
v -0.081552 1.658493 0.254792
v -0.081552 1.658493 0.254792
v -0.018717 1.660401 0.266869
v -0.018717 1.660401 0.266869
v 0.045189 1.662309 0.263681
v 0.045189 1.662309 0.263681
v 0.106510 1.664216 0.245408
v 0.106510 1.664216 0.245408
v 0.161738 1.666124 0.213097
v 0.161738 1.666124 0.213097
v 0.207714 1.668032 0.168596
v 0.207714 1.668032 0.168596
v 0.241807 1.669940 0.114450
v 0.241807 1.669940 0.114450
v 0.262068 1.671848 0.053758
v 0.262068 1.671848 0.053758
v 0.267338 1.673756 -0.010010
v 0.267338 1.673756 -0.010010
v 0.257314 1.675664 -0.073206
v 0.257314 1.675664 -0.073206
v 0.232571 1.677571 -0.132213
v 0.232571 1.677571 -0.132213
v 0.194524 1.679479 -0.183658
v 0.194524 1.679479 -0.183658
v 0.145349 1.681387 -0.224596
v 0.145349 1.681387 -0.224596
v 0.087859 1.683295 -0.252686
v 0.087859 1.683295 -0.252686
v 0.025344 1.685203 -0.266322
v 0.025344 1.685203 -0.266322
v -0.038622 1.687111 -0.264722
v -0.038622 1.687111 -0.264722
v -0.100378 1.689019 -0.247980
v -0.100378 1.689019 -0.247980
v -0.156392 1.690926 -0.217051
v -0.156392 1.690926 -0.217051
v -0.203459 1.692834 -0.173707
v -0.203459 1.692834 -0.173707
v -0.238888 1.694742 -0.120425
v -0.238888 1.694742 -0.120425
v -0.260651 1.696650 -0.060255
v -0.260651 1.696650 -0.060255
v -0.260651 1.696650 -0.060255
v -0.267504 1.698558 0.003363
v -0.267504 1.698558 0.003363
v -0.259054 1.700466 0.066788
v -0.259054 1.700466 0.066788
v -0.235785 1.702374 0.126392
v -0.235785 1.702374 0.126392
v -0.199028 1.704281 0.178766
v -0.199028 1.704281 0.178766
v -0.150886 1.706189 0.220914
v -0.150886 1.706189 0.220914
v -0.094112 1.708097 0.250425
v -0.094112 1.708097 0.250425
v -0.031955 1.710005 0.265610
v -0.031955 1.710005 0.265610
v 0.032030 1.711913 0.265601
v 0.032030 1.711913 0.265601
v 0.094183 1.713821 0.250398
v 0.094183 1.713821 0.250398
v 0.150949 1.715729 0.220871
v 0.150949 1.715729 0.220871
v 0.199079 1.717636 0.178710
v 0.199079 1.717636 0.178710
v 0.235821 1.719544 0.126325
v 0.235821 1.719544 0.126325
v 0.259073 1.721452 0.066714
v 0.259073 1.721452 0.066714
v 0.267505 1.723360 0.003287
v 0.267505 1.723360 0.003287
v 0.260634 1.725268 -0.060329
v 0.260634 1.725268 -0.060329
v 0.238854 1.727176 -0.120493
v 0.238854 1.727176 -0.120493
v 0.203410 1.729084 -0.173764
v 0.203410 1.729084 -0.173764
v 0.156330 1.730992 -0.217096
v 0.156330 1.730992 -0.217096
v 0.100307 1.732899 -0.248008
v 0.100307 1.732899 -0.248008
v 0.038547 1.734807 -0.264733
v 0.038547 1.734807 -0.264733
v -0.025419 1.736715 -0.266315
v -0.025419 1.736715 -0.266315
v -0.087931 1.738623 -0.252661
v -0.087931 1.738623 -0.252661
v -0.145413 1.740531 -0.224555
v -0.145413 1.740531 -0.224555
v -0.194576 1.742439 -0.183602
v -0.194576 1.742439 -0.183602
v -0.232609 1.744347 -0.132147
v -0.232609 1.744347 -0.132147
v -0.257335 1.746254 -0.073133
v -0.257335 1.746254 -0.073133
v -0.267340 1.748162 -0.009934
v -0.267340 1.748162 -0.009934
v -0.262053 1.750070 0.053832
v -0.262053 1.750070 0.053832
v -0.262053 1.750070 0.053832
v -0.241775 1.751978 0.114519
v -0.241775 1.751978 0.114519
v -0.207666 1.753886 0.168655
v -0.207666 1.753886 0.168655
v -0.161677 1.755794 0.213143
v -0.161677 1.755794 0.213143
v -0.106440 1.757702 0.245439
v -0.106440 1.757702 0.245439
v -0.045114 1.759609 0.263694
v -0.045114 1.759609 0.263694
v 0.018792 1.761517 0.266864
v 0.018792 1.761517 0.266864
v 0.081624 1.763425 0.254769
v 0.081624 1.763425 0.254769
v 0.139787 1.765333 0.228099
v 0.139787 1.765333 0.228099
v 0.189953 1.767241 0.188382
v 0.189953 1.767241 0.188382
v 0.229252 1.769149 0.137888
v 0.229252 1.769149 0.137888
v 0.255438 1.771057 0.079506
v 0.255438 1.771057 0.079506
v 0.267011 1.772964 0.016576
v 0.267011 1.772964 0.016576
v 0.263310 1.774872 -0.047302
v 0.263310 1.774872 -0.047302
v 0.244546 1.776780 -0.108475
v 0.244546 1.776780 -0.108475
v 0.211793 1.778688 -0.163442
v 0.211793 1.778688 -0.163442
v 0.166925 1.780596 -0.209059
v 0.166925 1.780596 -0.209059
v 0.112508 1.782504 -0.242717
v 0.112508 1.782504 -0.242717
v 0.051654 1.784412 -0.262491
v 0.051654 1.784412 -0.262491
v -0.012154 1.786319 -0.267249
v -0.012154 1.786319 -0.267249
v -0.075267 1.788227 -0.256719
v -0.075267 1.788227 -0.256719
v -0.134074 1.790135 -0.231503
v -0.134074 1.790135 -0.231503
v -0.185212 1.792043 -0.193045
v -0.185212 1.792043 -0.193045
v -0.225754 1.793951 -0.143543
v -0.225754 1.793951 -0.143543
v -0.253383 1.795859 -0.085830
v -0.253383 1.795859 -0.085830
v -0.266517 1.797767 -0.023207
v -0.266517 1.797767 -0.023207
v -0.264404 1.799675 0.040743
v -0.264404 1.799675 0.040743
v -0.264404 1.799675 0.040743
v -0.247167 1.801582 0.102363
v -0.247167 1.801582 0.102363
v -0.215790 1.803490 0.158127
v -0.215790 1.803490 0.158127
v -0.172069 1.805398 0.204846
v -0.172069 1.805398 0.204846
v -0.118505 1.807306 0.239846
v -0.118505 1.807306 0.239846
v -0.058162 1.809214 0.261126
v -0.058162 1.809214 0.261126
v 0.005508 1.811122 0.267468
v 0.005508 1.811122 0.267468
v 0.068863 1.813030 0.258510
v 0.068863 1.813030 0.258510
v 0.128279 1.814937 0.234764
v 0.128279 1.814937 0.234764
v 0.180357 1.816845 0.197588
v 0.180357 1.816845 0.197588
v 0.222117 1.818753 0.149109
v 0.222117 1.818753 0.149109
v 0.251171 1.820661 0.092101
v 0.251171 1.820661 0.092101
v 0.265857 1.822569 0.029824
v 0.265857 1.822569 0.029824
v 0.265335 1.824477 -0.034159
v 0.265335 1.824477 -0.034159
v 0.249635 1.826385 -0.096188
v 0.249635 1.826385 -0.096188
v 0.219654 1.828292 -0.152715
v 0.219654 1.828292 -0.152715
v 0.177107 1.830200 -0.200506
v 0.177107 1.830200 -0.200506
v 0.124430 1.832108 -0.236827
v 0.124430 1.832108 -0.236827
v 0.064634 1.834016 -0.259600
v 0.064634 1.834016 -0.259600
v 0.001141 1.835924 -0.267523
v 0.001141 1.835924 -0.267523
v -0.062417 1.837832 -0.260142
v -0.062417 1.837832 -0.260142
v -0.122404 1.839740 -0.237880
v -0.122404 1.839740 -0.237880
v -0.175390 1.841648 -0.202010
v -0.175390 1.841648 -0.202010
v -0.218342 1.843555 -0.154584
v -0.218342 1.843555 -0.154584
v -0.248805 1.845463 -0.098315
v -0.248805 1.845463 -0.098315
v -0.265034 1.847371 -0.036422
v -0.265034 1.847371 -0.036422
v -0.265034 1.847371 -0.036422
v -0.266102 1.849279 0.027554
v -0.266102 1.849279 0.027554
v -0.251948 1.851187 0.089954
v -0.251948 1.851187 0.089954
v -0.223381 1.853095 0.147209
v -0.223381 1.853095 0.147209
v -0.182036 1.855003 0.196042
v -0.182036 1.855003 0.196042
v -0.130278 1.856910 0.233661
v -0.130278 1.856910 0.233661
v -0.071066 1.858818 0.257913
v -0.071066 1.858818 0.257913
v -0.007790 1.860726 0.267412
v -0.007790 1.860726 0.267412
v 0.055932 1.862634 0.261613
v 0.055932 1.862634 0.261613
v 0.116454 1.864542 0.240848
v 0.116454 1.864542 0.240848
v 0.170315 1.866450 0.206307
v 0.170315 1.866450 0.206307
v 0.214433 1.868358 0.159963
v 0.214433 1.868358 0.159963
v 0.246284 1.870265 0.104469
v 0.246284 1.870265 0.104469
v 0.264047 1.872173 0.042998
v 0.264047 1.872173 0.042998
v 0.266705 1.874081 -0.020932
v 0.266705 1.874081 -0.020932
v 0.254106 1.875989 -0.083665
v 0.254106 1.875989 -0.083665
v 0.226971 1.877897 -0.141611
v 0.226971 1.877897 -0.141611
v 0.186852 1.879805 -0.191457
v 0.186852 1.879805 -0.191457
v 0.136045 1.881713 -0.230351
v 0.136045 1.881713 -0.230351
v 0.077455 1.883621 -0.256067
v 0.077455 1.883621 -0.256067
v 0.014434 1.885528 -0.267135
v 0.014434 1.885528 -0.267135
v -0.049413 1.887436 -0.262922
v -0.049413 1.887436 -0.262922
v -0.110432 1.889344 -0.243668
v -0.110432 1.889344 -0.243668
v -0.165135 1.891252 -0.210476
v -0.165135 1.891252 -0.210476
v -0.210391 1.893160 -0.165243
v -0.210391 1.893160 -0.165243
v -0.243612 1.895068 -0.110557
v -0.243612 1.895068 -0.110557
v -0.262897 1.896976 -0.049548
v -0.262897 1.896976 -0.049548
v -0.262897 1.896976 -0.049548
v -0.267143 1.898883 0.014297
v -0.267143 1.898883 0.014297
v -0.256107 1.900791 0.077323
v -0.256107 1.900791 0.077323
v -0.230421 1.902699 0.135926
v -0.230421 1.902699 0.135926
v -0.191553 1.904607 0.186754
v -0.191553 1.904607 0.186754
v -0.141728 1.906515 0.226898
v -0.141728 1.906515 0.226898
v -0.083795 1.908423 0.254063
v -0.083795 1.908423 0.254063
v -0.021069 1.910331 0.266694
v -0.021069 1.910331 0.266694
v 0.042863 1.912238 0.264069
v 0.042863 1.912238 0.264069
v 0.104342 1.914146 0.246338
v 0.104342 1.914146 0.246338
v 0.159853 1.916054 0.214515
v 0.159853 1.916054 0.214515
v 0.206219 1.917962 0.170421
v 0.206219 1.917962 0.170421
v 0.240789 1.919870 0.116578
v 0.240789 1.919870 0.116578
v 0.261584 1.921778 0.056066
v 0.261584 1.921778 0.056066
v 0.267416 1.923686 -0.007653
v 0.267416 1.923686 -0.007653
v 0.257950 1.925593 -0.070934
v 0.257950 1.925593 -0.070934
v 0.233728 1.927501 -0.130158
v 0.233728 1.927501 -0.130158
v 0.196136 1.929409 -0.181935
v 0.196136 1.929409 -0.181935
v 0.147323 1.931317 -0.223306
v 0.147323 1.931317 -0.223306
v 0.090084 1.933225 -0.251902
v 0.090084 1.933225 -0.251902
v 0.027691 1.935133 -0.266088
v 0.027691 1.935133 -0.266088
v -0.036286 1.937041 -0.265053
v -0.036286 1.937041 -0.265053
v -0.098187 1.938948 -0.248855
v -0.098187 1.938948 -0.248855
v -0.154472 1.940856 -0.218422
v -0.154472 1.940856 -0.218422
v -0.201920 1.942764 -0.175494
v -0.201920 1.942764 -0.175494
v -0.237817 1.944672 -0.122527
v -0.237817 1.944672 -0.122527
v -0.260110 1.946580 -0.062550
v -0.260110 1.946580 -0.062550
v -0.260110 1.946580 -0.062550
v -0.267523 1.948488 0.001004
v -0.267523 1.948488 0.001004
v -0.259633 1.950396 0.064501
v -0.259633 1.950396 0.064501
v -0.236890 1.952303 0.124308
v -0.236890 1.952303 0.124308
v -0.200597 1.954211 0.177004
v -0.200597 1.954211 0.177004
v -0.152828 1.956119 0.219575
v -0.152828 1.956119 0.219575
v -0.096317 1.958027 0.249585
v -0.096317 1.958027 0.249585
v -0.034296 1.959935 0.265318
v -0.034296 1.959935 0.265318
v 0.029687 1.961843 0.265873
v 0.029687 1.961843 0.265873
v 0.091972 1.963751 0.251219
v 0.091972 1.963751 0.251219
v 0.148995 1.965659 0.222194
v 0.148995 1.965659 0.222194
v 0.197496 1.967566 0.180458
v 0.197496 1.967566 0.180458
v 0.234698 1.969474 0.128400
v 0.234698 1.969474 0.128400
v 0.258475 1.971382 0.068996
v 0.258475 1.971382 0.068996
v 0.267465 1.973290 0.005645
v 0.267465 1.973290 0.005645
v 0.261156 1.975198 -0.058028
v 0.261156 1.975198 -0.058028
v 0.239907 1.977106 -0.118382
v 0.239907 1.977106 -0.118382
v 0.204934 1.979014 -0.171964
v 0.204934 1.979014 -0.171964
v 0.158238 1.980921 -0.215709
v 0.158238 1.980921 -0.215709
v 0.102490 1.982829 -0.247114
v 0.102490 1.982829 -0.247114
v 0.040879 1.984737 -0.264383
v 0.040879 1.984737 -0.264383
v -0.023070 1.986645 -0.266528
v -0.023070 1.986645 -0.266528
v -0.085700 1.988553 -0.253427
v -0.085700 1.988553 -0.253427
v -0.143427 1.990461 -0.225828
v -0.143427 1.990461 -0.225828
v -0.192949 1.992369 -0.185311
v -0.192949 1.992369 -0.185311
v -0.231434 1.994276 -0.134193
v -0.231434 1.994276 -0.134193
v -0.256680 1.996184 -0.075399
v -0.256680 1.996184 -0.075399
v -0.267242 1.998092 -0.012291
v -0.267242 1.998092 -0.012291
v 0.179143 0.046350 -0.236075
v 0.179143 0.046350 -0.236075
v 0.153979 0.046350 -0.253207
v 0.153979 0.046350 -0.253207
v 0.089650 0.046350 -0.282464
v 0.089650 0.046350 -0.282464
v 0.020224 0.046350 -0.295659
v 0.020224 0.046350 -0.295659
v -0.050353 0.046350 -0.292041
v -0.050353 0.046350 -0.292041
v -0.118066 0.046350 -0.271816
v -0.118066 0.046350 -0.271816
v -0.179065 0.046350 -0.236133
v -0.179065 0.046350 -0.236133
v -0.229882 0.046350 -0.187023
v -0.229882 0.046350 -0.187023
v -0.267626 0.046350 -0.127277
v -0.267626 0.046350 -0.127277
v -0.290152 0.046350 -0.060294
v -0.290152 0.046350 -0.060294
v -0.296177 0.046350 0.010118
v -0.296177 0.046350 0.010118
v -0.296177 0.046350 0.010118
v -0.285361 0.046350 0.079954
v -0.285361 0.046350 0.079954
v -0.258317 0.046350 0.145244
v -0.258317 0.046350 0.145244
v -0.216583 0.046350 0.202275
v -0.216583 0.046350 0.202275
v -0.162534 0.046350 0.247803
v -0.162534 0.046350 0.247803
v -0.099242 0.046350 0.279239
v -0.099242 0.046350 0.279239
v -0.030306 0.046350 0.294796
v -0.030306 0.046350 0.294796
v 0.040353 0.046350 0.293590
v 0.040353 0.046350 0.293590
v 0.108717 0.046350 0.275688
v 0.108717 0.046350 0.275688
v 0.170899 0.046350 0.242109
v 0.170899 0.046350 0.242109
v 0.223363 0.046350 0.194762
v 0.223363 0.046350 0.194762
v 0.263125 0.046350 0.136340
v 0.263125 0.046350 0.136340
v 0.287924 0.046350 0.070165
v 0.287924 0.046350 0.070165
v 0.293602 0.046350 0.040263
v 0.293602 0.046350 0.040263
v 0.296350 0.046350 0.000000
v 0.296350 0.046350 0.000000
v 0.296350 0.046350 0.000000
v 0.296350 0.046350 0.000000
v 0.292329 0.046350 0.036728
v 0.292329 0.046350 0.036728
v 0.283742 0.046350 0.072650
v 0.283742 0.046350 0.072650
v 0.270690 0.046350 0.107221
v 0.270690 0.046350 0.107221
v 0.253376 0.046350 0.139831
v 0.253376 0.046350 0.139831
v 0.232039 0.046350 0.169977
v 0.232039 0.046350 0.169977
v 0.207091 0.046350 0.197061
v 0.207091 0.046350 0.197061
v 0.178844 0.046350 0.220725
v 0.178844 0.046350 0.220725
v 0.147711 0.046350 0.240560
v 0.147711 0.046350 0.240560
v 0.114354 0.046350 0.256118
v 0.114354 0.046350 0.256118
v 0.079216 0.046350 0.267176
v 0.079216 0.046350 0.267176
v 0.042868 0.046350 0.273503
v 0.042868 0.046350 0.273503
v 0.006108 0.046350 0.274938
v 0.006108 0.046350 0.274938
v -0.030555 0.046350 0.271440
v -0.030555 0.046350 0.271440
v -0.066451 0.046350 0.263024
v -0.066451 0.046350 0.263024
v -0.100780 0.046350 0.249856
v -0.100780 0.046350 0.249856
v -0.133047 0.046350 0.232095
v -0.133047 0.046350 0.232095
v -0.133047 0.046350 0.232095
v -0.180331 0.046350 0.197611
v -0.180331 0.046350 0.197611
v -0.218986 0.046350 0.153671
v -0.218986 0.046350 0.153671
v -0.247161 0.046350 0.102377
v -0.247161 0.046350 0.102377
v -0.263508 0.046350 0.046184
v -0.263508 0.046350 0.046184
v -0.263508 0.046350 0.046184
v -0.267246 0.046350 -0.012219
v -0.267246 0.046350 -0.012219
v -0.016534 2.000000 0.267014
v -0.016534 2.000000 0.267014
v -0.016534 2.000000 0.267014
v -0.074198 2.000000 0.257030
v -0.074198 2.000000 0.257030
v -0.128312 2.000000 0.234746
v -0.128312 2.000000 0.234746
v -0.176286 2.000000 0.201228
v -0.176286 2.000000 0.201228
v -0.215824 2.000000 0.158081
v -0.215824 2.000000 0.158081
v -0.245034 2.000000 0.107369
v -0.245034 2.000000 0.107369
v -0.074129 0.048258 0.257050
v -0.074129 0.048258 0.257050
v -0.010970 0.050166 0.267300
v -0.010970 0.050166 0.267300
v 0.052817 0.052074 0.262259
v 0.052817 0.052074 0.262259
v 0.113582 0.053981 0.242216
v 0.113582 0.053981 0.242216
v 0.167849 0.055889 0.208318
v 0.167849 0.055889 0.208318
v 0.212515 0.057797 0.162502
v 0.212515 0.057797 0.162502
v 0.245024 0.059705 0.107390
v 0.245024 0.059705 0.107390
v 0.263517 0.061613 0.046135
v 0.263517 0.061613 0.046135
v 0.266935 0.063521 -0.017759
v 0.266935 0.063521 -0.017759
v 0.255083 0.065429 -0.080637
v 0.255083 0.065429 -0.080637
v 0.228639 0.067336 -0.138902
v 0.228639 0.067336 -0.138902
v 0.189116 0.069244 -0.189221
v 0.189116 0.069244 -0.189221
v 0.138775 0.071152 -0.228716
v 0.138775 0.071152 -0.228716
v 0.080495 0.073060 -0.255128
v 0.080495 0.073060 -0.255128
v 0.017610 0.074968 -0.266945
v 0.017610 0.074968 -0.266945
v -0.046282 0.076876 -0.263491
v -0.046282 0.076876 -0.263491
v -0.107527 0.078784 -0.244965
v -0.107527 0.078784 -0.244965
v -0.162620 0.080692 -0.212425
v -0.162620 0.080692 -0.212425
v -0.208411 0.082599 -0.167733
v -0.208411 0.082599 -0.167733
v -0.242280 0.084507 -0.113447
v -0.242280 0.084507 -0.113447
v -0.262289 0.086415 -0.052671
v -0.262289 0.086415 -0.052671
v -0.267294 0.088323 0.011119
v -0.267294 0.088323 0.011119
v -0.267294 0.088323 0.011119
v -0.257008 0.090231 0.074272
v -0.257008 0.090231 0.074272
v -0.232021 0.092139 0.133176
v -0.232021 0.092139 0.133176
v -0.193761 0.094047 0.184463
v -0.193761 0.094047 0.184463
v -0.144416 0.095954 0.225197
v -0.144416 0.095954 0.225197
v -0.086811 0.097862 0.253048
v -0.086811 0.097862 0.253048
v -0.024239 0.099770 0.266425
v -0.024239 0.099770 0.266425
v 0.039719 0.101678 0.264560
v 0.039719 0.101678 0.264560
v 0.101405 0.103586 0.247561
v 0.101405 0.103586 0.247561
v 0.157290 0.105494 0.216401
v 0.157290 0.105494 0.216401
v 0.204178 0.107402 0.172862
v 0.204178 0.107402 0.172862
v 0.239385 0.109309 0.119434
v 0.239385 0.109309 0.119434
v 0.260899 0.111217 0.059173
v 0.260899 0.111217 0.059173
v 0.267488 0.113125 -0.004472
v 0.267488 0.113125 -0.004472
v 0.258775 0.115033 -0.067861
v 0.258775 0.115033 -0.067861
v 0.235259 0.116941 -0.127369
v 0.235259 0.116941 -0.127369
v 0.198285 0.118849 -0.179590
v 0.198285 0.118849 -0.179590
v 0.149969 0.120757 -0.221538
v 0.149969 0.120757 -0.221538
v 0.093073 0.122664 -0.250813
v 0.093073 0.122664 -0.250813
v 0.030853 0.124572 -0.265740
v 0.030853 0.124572 -0.265740
v -0.033131 0.126480 -0.265466
v -0.033131 0.126480 -0.265466
v -0.095221 0.128388 -0.250005
v -0.095221 0.128388 -0.250005
v -0.151863 0.130296 -0.220243
v -0.151863 0.130296 -0.220243
v -0.199818 0.132204 -0.177883
v -0.199818 0.132204 -0.177883
v -0.236343 0.134112 -0.125346
v -0.236343 0.134112 -0.125346
v -0.259347 0.136019 -0.065639
v -0.259347 0.136019 -0.065639
v -0.267516 0.137927 -0.002178
v -0.267516 0.137927 -0.002178
v -0.267516 0.137927 -0.002178
v -0.260382 0.139835 0.061409
v -0.260382 0.139835 0.061409
v -0.238352 0.141743 0.121482
v -0.238352 0.141743 0.121482
v -0.202688 0.143651 0.174606
v -0.202688 0.143651 0.174606
v -0.155429 0.145559 0.217742
v -0.155429 0.145559 0.217742
v -0.099278 0.147467 0.248422
v -0.099278 0.147467 0.248422
v -0.037449 0.149375 0.264891
v -0.037449 0.149375 0.264891
v 0.026523 0.151282 0.266207
v 0.026523 0.151282 0.266207
v 0.088978 0.153190 0.252295
v 0.088978 0.153190 0.252295
v 0.146342 0.155098 0.223950
v 0.146342 0.155098 0.223950
v 0.195335 0.157006 0.182794
v 0.195335 0.157006 0.182794
v 0.233154 0.158914 0.131182
v 0.233154 0.158914 0.131182
v 0.257636 0.160822 0.072065
v 0.257636 0.160822 0.072065
v 0.267379 0.162730 0.008826
v 0.267379 0.162730 0.008826
v 0.261827 0.164637 -0.054918
v 0.261827 0.164637 -0.054918
v 0.241298 0.166545 -0.115521
v 0.241298 0.166545 -0.115521
v 0.206965 0.168453 -0.169515
v 0.206965 0.168453 -0.169515
v 0.160792 0.170361 -0.213812
v 0.160792 0.170361 -0.213812
v 0.105422 0.172269 -0.245878
v 0.105422 0.172269 -0.245878
v 0.044021 0.174177 -0.263878
v 0.044021 0.174177 -0.263878
v -0.019899 0.176085 -0.266784
v -0.019899 0.176085 -0.266784
v -0.082680 0.177992 -0.254428
v -0.082680 0.177992 -0.254428
v -0.140731 0.179900 -0.227518
v -0.140731 0.179900 -0.227518
v -0.190732 0.181808 -0.187593
v -0.190732 0.181808 -0.187593
v -0.229822 0.183716 -0.136936
v -0.229822 0.183716 -0.136936
v -0.255765 0.185624 -0.078446
v -0.255765 0.185624 -0.078446
v -0.267077 0.187532 -0.015469
v -0.267077 0.187532 -0.015469
v -0.267077 0.187532 -0.015469
v -0.263112 0.189440 0.048394
v -0.263112 0.189440 0.048394
v -0.244094 0.191347 0.109488
v -0.244094 0.191347 0.109488
v -0.211114 0.193255 0.164318
v -0.211114 0.193255 0.164318
v -0.166057 0.195163 0.209749
v -0.166057 0.195163 0.209749
v -0.111500 0.197071 0.243182
v -0.111500 0.197071 0.243182
v -0.050566 0.198979 0.262703
v -0.050566 0.198979 0.262703
v 0.013262 0.200887 0.267196
v 0.013262 0.200887 0.267196
v 0.076331 0.202795 0.256404
v 0.076331 0.202795 0.256404
v 0.135033 0.204702 0.230945
v 0.135033 0.204702 0.230945
v 0.186011 0.206610 0.192275
v 0.186011 0.206610 0.192275
v 0.226348 0.208518 0.142606
v 0.226348 0.208518 0.142606
v 0.253736 0.210426 0.084779
v 0.253736 0.210426 0.084779
v 0.266610 0.212334 0.022102
v 0.266610 0.212334 0.022102
v 0.264233 0.214242 -0.041839
v 0.264233 0.214242 -0.041839
v 0.246740 0.216150 -0.103387
v 0.246740 0.216150 -0.103387
v 0.215133 0.218058 -0.159021
v 0.215133 0.218058 -0.159021
v 0.171219 0.219965 -0.205557
v 0.171219 0.219965 -0.205557
v 0.117510 0.221873 -0.240335
v 0.117510 0.221873 -0.240335
v 0.057079 0.223781 -0.261365
v 0.057079 0.223781 -0.261365
v -0.006617 0.225689 -0.267443
v -0.006617 0.225689 -0.267443
v -0.069934 0.227597 -0.258222
v -0.069934 0.227597 -0.258222
v -0.129251 0.229505 -0.234230
v -0.129251 0.229505 -0.234230
v -0.181174 0.231413 -0.196839
v -0.181174 0.231413 -0.196839
v -0.222733 0.233320 -0.148187
v -0.222733 0.233320 -0.148187
v -0.251551 0.235228 -0.091059
v -0.251551 0.235228 -0.091059
v -0.265979 0.237136 -0.028721
v -0.265979 0.237136 -0.028721
v -0.265979 0.237136 -0.028721
v -0.265191 0.239044 0.035259
v -0.265191 0.239044 0.035259
v -0.249234 0.240952 0.097223
v -0.249234 0.240952 0.097223
v -0.219019 0.242860 0.153625
v -0.219019 0.242860 0.153625
v -0.176275 0.244768 0.201238
v -0.176275 0.244768 0.201238
v -0.123447 0.246675 0.237340
v -0.123447 0.246675 0.237340
v -0.063557 0.248583 0.259865
v -0.063557 0.248583 0.259865
v -0.000032 0.250491 0.267525
v -0.000032 0.250491 0.267525
v 0.063495 0.252399 0.259881
v 0.063495 0.252399 0.259881
v 0.123390 0.254307 0.237370
v 0.123390 0.254307 0.237370
v 0.176226 0.256215 0.201281
v 0.176226 0.256215 0.201281
v 0.218982 0.258123 0.153677
v 0.218982 0.258123 0.153677
v 0.249210 0.260030 0.097283
v 0.249210 0.260030 0.097283
v 0.265183 0.261938 0.035323
v 0.265183 0.261938 0.035323
v 0.265986 0.263846 -0.028657
v 0.265986 0.263846 -0.028657
v 0.251573 0.265754 -0.090998
v 0.251573 0.265754 -0.090998
v 0.222769 0.267662 -0.148134
v 0.222769 0.267662 -0.148134
v 0.181222 0.269570 -0.196795
v 0.181222 0.269570 -0.196795
v 0.129308 0.271478 -0.234199
v 0.129308 0.271478 -0.234199
v 0.069997 0.273385 -0.258206
v 0.069997 0.273385 -0.258206
v 0.006681 0.275293 -0.267442
v 0.006681 0.275293 -0.267442
v -0.057016 0.277201 -0.261379
v -0.057016 0.277201 -0.261379
v -0.117452 0.279109 -0.240364
v -0.117452 0.279109 -0.240364
v -0.171169 0.281017 -0.205599
v -0.171169 0.281017 -0.205599
v -0.215094 0.282925 -0.159072
v -0.215094 0.282925 -0.159072
v -0.246715 0.284833 -0.103447
v -0.246715 0.284833 -0.103447
v -0.264223 0.286741 -0.041903
v -0.264223 0.286741 -0.041903
v -0.266616 0.288648 0.022038
v -0.266616 0.288648 0.022038
v -0.266616 0.288648 0.022038
v -0.253757 0.290556 0.084717
v -0.253757 0.290556 0.084717
v -0.226382 0.292464 0.142551
v -0.226382 0.292464 0.142551
v -0.186057 0.294372 0.192230
v -0.186057 0.294372 0.192230
v -0.135089 0.296280 0.230913
v -0.135089 0.296280 0.230913
v -0.076392 0.298188 0.256386
v -0.076392 0.298188 0.256386
v -0.013326 0.300096 0.267193
v -0.013326 0.300096 0.267193
v 0.050502 0.302003 0.262715
v 0.050502 0.302003 0.262715
v 0.111442 0.303911 0.243209
v 0.111442 0.303911 0.243209
v 0.166006 0.305819 0.209789
v 0.166006 0.305819 0.209789
v 0.211074 0.307727 0.164369
v 0.211074 0.307727 0.164369
v 0.244068 0.309635 0.109547
v 0.244068 0.309635 0.109547
v 0.263100 0.311543 0.048457
v 0.263100 0.311543 0.048457
v 0.267081 0.313451 -0.015404
v 0.267081 0.313451 -0.015404
v 0.255784 0.315358 -0.078384
v 0.255784 0.315358 -0.078384
v 0.229855 0.317266 -0.136881
v 0.229855 0.317266 -0.136881
v 0.190777 0.319174 -0.187547
v 0.190777 0.319174 -0.187547
v 0.140786 0.321082 -0.227484
v 0.140786 0.321082 -0.227484
v 0.082741 0.322990 -0.254408
v 0.082741 0.322990 -0.254408
v 0.019963 0.324898 -0.266779
v 0.019963 0.324898 -0.266779
v -0.043957 0.326806 -0.263889
v -0.043957 0.326806 -0.263889
v -0.105363 0.328713 -0.245903
v -0.105363 0.328713 -0.245903
v -0.160741 0.330621 -0.213850
v -0.160741 0.330621 -0.213850
v -0.206924 0.332529 -0.169565
v -0.206924 0.332529 -0.169565
v -0.241270 0.334437 -0.115579
v -0.241270 0.334437 -0.115579
v -0.261814 0.336345 -0.054981
v -0.261814 0.336345 -0.054981
v -0.267381 0.338253 0.008761
v -0.267381 0.338253 0.008761
v -0.267381 0.338253 0.008761
v -0.257653 0.340161 0.072003
v -0.257653 0.340161 0.072003
v -0.233186 0.342068 0.131125
v -0.233186 0.342068 0.131125
v -0.195380 0.343976 0.182747
v -0.195380 0.343976 0.182747
v -0.146396 0.345884 0.223915
v -0.146396 0.345884 0.223915
v -0.089039 0.347792 0.252273
v -0.089039 0.347792 0.252273
v -0.026587 0.349700 0.266201
v -0.026587 0.349700 0.266201
v 0.037385 0.351608 0.264900
v 0.037385 0.351608 0.264900
v 0.099218 0.353516 0.248446
v 0.099218 0.353516 0.248446
v 0.155376 0.355424 0.217780
v 0.155376 0.355424 0.217780
v 0.202646 0.357331 0.174655
v 0.202646 0.357331 0.174655
v 0.238323 0.359239 0.121540
v 0.238323 0.359239 0.121540
v 0.260367 0.361147 0.061471
v 0.260367 0.361147 0.061471
v 0.267517 0.363055 -0.002113
v 0.267517 0.363055 -0.002113
v 0.259363 0.364963 -0.065577
v 0.259363 0.364963 -0.065577
v 0.236373 0.366871 -0.125289
v 0.236373 0.366871 -0.125289
v 0.199861 0.368779 -0.177835
v 0.199861 0.368779 -0.177835
v 0.151916 0.370686 -0.220207
v 0.151916 0.370686 -0.220207
v 0.095281 0.372594 -0.249982
v 0.095281 0.372594 -0.249982
v 0.033195 0.374502 -0.265458
v 0.033195 0.374502 -0.265458
v -0.030789 0.376410 -0.265747
v -0.030789 0.376410 -0.265747
v -0.093013 0.378318 -0.250835
v -0.093013 0.378318 -0.250835
v -0.149915 0.380226 -0.221574
v -0.149915 0.380226 -0.221574
v -0.198242 0.382134 -0.179638
v -0.198242 0.382134 -0.179638
v -0.235228 0.384041 -0.127425
v -0.235228 0.384041 -0.127425
v -0.258759 0.385949 -0.067924
v -0.258759 0.385949 -0.067924
v -0.267487 0.387857 -0.004536
v -0.267487 0.387857 -0.004536
v -0.267487 0.387857 -0.004536
v -0.260913 0.389765 0.059110
v -0.260913 0.389765 0.059110
v -0.239414 0.391673 0.119376
v -0.239414 0.391673 0.119376
v -0.204219 0.393581 0.172812
v -0.204219 0.393581 0.172812
v -0.157342 0.395489 0.216363
v -0.157342 0.395489 0.216363
v -0.101465 0.397396 0.247537
v -0.101465 0.397396 0.247537
v -0.039783 0.399304 0.264550
v -0.039783 0.399304 0.264550
v 0.024175 0.401212 0.266430
v 0.024175 0.401212 0.266430
v 0.086750 0.403120 0.253069
v 0.086750 0.403120 0.253069
v 0.144362 0.405028 0.225232
v 0.144362 0.405028 0.225232
v 0.193716 0.406936 0.184509
v 0.193716 0.406936 0.184509
v 0.231989 0.408844 0.133232
v 0.231989 0.408844 0.133232
v 0.256990 0.410752 0.074334
v 0.256990 0.410752 0.074334
v 0.267291 0.412659 0.011183
v 0.267291 0.412659 0.011183
v 0.262302 0.414567 -0.052607
v 0.262302 0.414567 -0.052607
v 0.242307 0.416475 -0.113389
v 0.242307 0.416475 -0.113389
v 0.208451 0.418383 -0.167683
v 0.208451 0.418383 -0.167683
v 0.162671 0.420291 -0.212386
v 0.162671 0.420291 -0.212386
v 0.107586 0.422199 -0.244939
v 0.107586 0.422199 -0.244939
v 0.046346 0.424107 -0.263480
v 0.046346 0.424107 -0.263480
v -0.017546 0.426014 -0.266949
v -0.017546 0.426014 -0.266949
v -0.080433 0.427922 -0.255147
v -0.080433 0.427922 -0.255147
v -0.138719 0.429830 -0.228750
v -0.138719 0.429830 -0.228750
v -0.189070 0.431738 -0.189267
v -0.189070 0.431738 -0.189267
v -0.228606 0.433646 -0.138957
v -0.228606 0.433646 -0.138957
v -0.255064 0.435554 -0.080698
v -0.255064 0.435554 -0.080698
v -0.266931 0.437462 -0.017823
v -0.266931 0.437462 -0.017823
v -0.266931 0.437462 -0.017823
v -0.263528 0.439369 0.046072
v -0.263528 0.439369 0.046072
v -0.245050 0.441277 0.107331
v -0.245050 0.441277 0.107331
v -0.212555 0.443185 0.162451
v -0.212555 0.443185 0.162451
v -0.167900 0.445093 0.208277
v -0.167900 0.445093 0.208277
v -0.113640 0.447001 0.242189
v -0.113640 0.447001 0.242189
v -0.052880 0.448909 0.262247
v -0.052880 0.448909 0.262247
v 0.010905 0.450817 0.267303
v 0.010905 0.450817 0.267303
v 0.074067 0.452724 0.257068
v 0.074067 0.452724 0.257068
v 0.132991 0.454632 0.232127
v 0.132991 0.454632 0.232127
v 0.184308 0.456540 0.193908
v 0.184308 0.456540 0.193908
v 0.225081 0.458448 0.144596
v 0.225081 0.458448 0.144596
v 0.252979 0.460356 0.087013
v 0.252979 0.460356 0.087013
v 0.266405 0.462264 0.024452
v 0.266405 0.462264 0.024452
v 0.264592 0.464172 -0.039508
v 0.264592 0.464172 -0.039508
v 0.247642 0.466080 -0.101208
v 0.247642 0.466080 -0.101208
v 0.216526 0.467987 -0.157118
v 0.216526 0.467987 -0.157118
v 0.173024 0.469895 -0.204040
v 0.173024 0.469895 -0.204040
v 0.119624 0.471803 -0.239290
v 0.119624 0.471803 -0.239290
v 0.059381 0.473711 -0.260851
v 0.059381 0.473711 -0.260851
v -0.004258 0.475619 -0.267491
v -0.004258 0.475619 -0.267491
v -0.067655 0.477527 -0.258829
v -0.067655 0.477527 -0.258829
v -0.127181 0.479435 -0.235361
v -0.127181 0.479435 -0.235361
v -0.179432 0.481342 -0.198429
v -0.179432 0.481342 -0.198429
v -0.221418 0.483250 -0.150145
v -0.221418 0.483250 -0.150145
v -0.250738 0.485158 -0.093273
v -0.250738 0.485158 -0.093273
v -0.265715 0.487066 -0.031065
v -0.265715 0.487066 -0.031065
v -0.265715 0.487066 -0.031065
v -0.265492 0.488974 0.032920
v -0.265492 0.488974 0.032920
v -0.250081 0.490882 0.095021
v -0.250081 0.490882 0.095021
v -0.220365 0.492790 0.151687
v -0.220365 0.492790 0.151687
v -0.178042 0.494697 0.199676
v -0.178042 0.494697 0.199676
v -0.125535 0.496605 0.236243
v -0.125535 0.496605 0.236243
v -0.065846 0.498513 0.259295
v -0.065846 0.498513 0.259295
v -0.002391 0.500421 0.267514
v -0.002391 0.500421 0.267514
v 0.061201 0.502329 0.260431
v 0.061201 0.502329 0.260431
v 0.121292 0.504237 0.238449
v 0.121292 0.504237 0.238449
v 0.174444 0.506145 0.202827
v 0.174444 0.506145 0.202827
v 0.217618 0.508052 0.155602
v 0.217618 0.508052 0.155602
v 0.248343 0.509960 0.099476
v 0.248343 0.509960 0.099476
v 0.264861 0.511868 0.037660
v 0.264861 0.511868 0.037660
v 0.266228 0.513776 -0.026311
v 0.266228 0.513776 -0.026311
v 0.252366 0.515684 -0.088776
v 0.252366 0.515684 -0.088776
v 0.224067 0.517592 -0.146164
v 0.224067 0.517592 -0.146164
v 0.182950 0.519500 -0.195190
v 0.182950 0.519500 -0.195190
v 0.131368 0.521407 -0.233050
v 0.131368 0.521407 -0.233050
v 0.072270 0.523315 -0.257578
v 0.072270 0.523315 -0.257578
v 0.009039 0.525223 -0.267372
v 0.009039 0.525223 -0.267372
v -0.054709 0.527131 -0.261871
v -0.054709 0.527131 -0.261871
v -0.115328 0.529039 -0.241390
v -0.115328 0.529039 -0.241390
v -0.169350 0.530947 -0.207100
v -0.169350 0.530947 -0.207100
v -0.213683 0.532855 -0.160963
v -0.213683 0.532855 -0.160963
v -0.245794 0.534763 -0.105618
v -0.245794 0.534763 -0.105618
v -0.263843 0.536670 -0.044231
v -0.263843 0.536670 -0.044231
v -0.266800 0.538578 0.019686
v -0.266800 0.538578 0.019686
v -0.266800 0.538578 0.019686
v -0.254494 0.540486 0.082477
v -0.254494 0.540486 0.082477
v -0.227630 0.542394 0.140550
v -0.227630 0.542394 0.140550
v -0.187745 0.544302 0.190582
v -0.187745 0.544302 0.190582
v -0.137119 0.546210 0.229713
v -0.137119 0.546210 0.229713
v -0.078650 0.548118 0.255703
v -0.078650 0.548118 0.255703
v -0.015682 0.550025 0.267065
v -0.015682 0.550025 0.267065
v 0.048184 0.551933 0.263150
v 0.048184 0.551933 0.263150
v 0.109293 0.553841 0.244182
v 0.109293 0.553841 0.244182
v 0.164150 0.555749 0.211245
v 0.164150 0.555749 0.211245
v 0.209617 0.557657 0.166224
v 0.209617 0.557657 0.166224
v 0.243093 0.559565 0.111694
v 0.243093 0.559565 0.111694
v 0.262662 0.561473 0.050775
v 0.262662 0.561473 0.050775
v 0.267207 0.563380 -0.013049
v 0.267207 0.563380 -0.013049
v 0.256465 0.565288 -0.076126
v 0.256465 0.565288 -0.076126
v 0.231053 0.567196 -0.134849
v 0.231053 0.567196 -0.134849
v 0.192423 0.569104 -0.185857
v 0.192423 0.569104 -0.185857
v 0.142786 0.571012 -0.226234
v 0.142786 0.571012 -0.226234
v 0.084981 0.572920 -0.253669
v 0.084981 0.572920 -0.253669
v 0.022314 0.574828 -0.266593
v 0.022314 0.574828 -0.266593
v -0.041629 0.576735 -0.264266
v -0.041629 0.576735 -0.264266
v -0.103190 0.578643 -0.246823
v -0.103190 0.578643 -0.246823
v -0.158849 0.580551 -0.215259
v -0.158849 0.580551 -0.215259
v -0.205421 0.582459 -0.171382
v -0.205421 0.582459 -0.171382
v -0.240241 0.584367 -0.117702
v -0.240241 0.584367 -0.117702
v -0.261319 0.586275 -0.057288
v -0.261319 0.586275 -0.057288
v -0.267448 0.588183 0.006404
v -0.267448 0.588183 0.006404
v -0.267448 0.588183 0.006404
v -0.258278 0.590090 0.069728
v -0.258278 0.590090 0.069728
v -0.234333 0.591998 0.129064
v -0.234333 0.591998 0.129064
v -0.196983 0.593906 0.181017
v -0.196983 0.593906 0.181017
v -0.148365 0.595814 0.222615
v -0.148365 0.595814 0.222615
v -0.091259 0.597722 0.251478
v -0.091259 0.597722 0.251478
v -0.028933 0.599630 0.265956
v -0.028933 0.599630 0.265956
v 0.035048 0.601538 0.265219
v 0.035048 0.601538 0.265219
v 0.097024 0.603446 0.249311
v 0.097024 0.603446 0.249311
v 0.153450 0.605353 0.219141
v 0.153450 0.605353 0.219141
v 0.201098 0.607261 0.176435
v 0.201098 0.607261 0.176435
v 0.237242 0.609169 0.123636
v 0.237242 0.609169 0.123636
v 0.259815 0.611077 0.063765
v 0.259815 0.611077 0.063765
v 0.267525 0.612985 0.000246
v 0.267525 0.612985 0.000246
v 0.259931 0.614893 -0.063287
v 0.259931 0.614893 -0.063287
v 0.237469 0.616801 -0.123200
v 0.237469 0.616801 -0.123200
v 0.201421 0.618708 -0.176065
v 0.201421 0.618708 -0.176065
v 0.153852 0.620616 -0.218859
v 0.153852 0.620616 -0.218859
v 0.097482 0.622524 -0.249132
v 0.097482 0.622524 -0.249132
v 0.035535 0.624432 -0.265155
v 0.035535 0.624432 -0.265155
v -0.028445 0.626340 -0.266008
v -0.028445 0.626340 -0.266008
v -0.090797 0.628248 -0.251645
v -0.090797 0.628248 -0.251645
v -0.147956 0.630156 -0.222887
v -0.147956 0.630156 -0.222887
v -0.196650 0.632063 -0.181379
v -0.196650 0.632063 -0.181379
v -0.234096 0.633971 -0.129494
v -0.234096 0.633971 -0.129494
v -0.258150 0.635879 -0.070202
v -0.258150 0.635879 -0.070202
v -0.267436 0.637787 -0.006895
v -0.267436 0.637787 -0.006895
v -0.267436 0.637787 -0.006895
v -0.261424 0.639695 0.056808
v -0.261424 0.639695 0.056808
v -0.240457 0.641603 0.117260
v -0.240457 0.641603 0.117260
v -0.205735 0.643511 0.171005
v -0.205735 0.643511 0.171005
v -0.159244 0.645418 0.214967
v -0.159244 0.645418 0.214967
v -0.103643 0.647326 0.246633
v -0.103643 0.647326 0.246633
v -0.042114 0.649234 0.264189
v -0.042114 0.649234 0.264189
v 0.021825 0.651142 0.266633
v 0.021825 0.651142 0.266633
v 0.084515 0.653050 0.253824
v 0.084515 0.653050 0.253824
v 0.142370 0.654958 0.226496
v 0.142370 0.654958 0.226496
v 0.192082 0.656866 0.186210
v 0.192082 0.656866 0.186210
v 0.230805 0.658773 0.135273
v 0.230805 0.658773 0.135273
v 0.256325 0.660681 0.076597
v 0.256325 0.660681 0.076597
v 0.267182 0.662589 0.013539
v 0.267182 0.662589 0.013539
v 0.262755 0.664497 -0.050293
v 0.262755 0.664497 -0.050293
v 0.243297 0.666405 -0.111248
v 0.243297 0.666405 -0.111248
v 0.209922 0.668313 -0.165839
v 0.209922 0.668313 -0.165839
v 0.164538 0.670221 -0.210943
v 0.164538 0.670221 -0.210943
v 0.109741 0.672128 -0.243981
v 0.109741 0.672128 -0.243981
v 0.048667 0.674036 -0.263061
v 0.048667 0.674036 -0.263061
v -0.015191 0.675944 -0.267093
v -0.015191 0.675944 -0.267093
v -0.078180 0.677852 -0.255847
v -0.078180 0.677852 -0.255847
v -0.136697 0.679760 -0.229964
v -0.136697 0.679760 -0.229964
v -0.187394 0.681668 -0.190927
v -0.187394 0.681668 -0.190927
v -0.227372 0.683576 -0.140967
v -0.227372 0.683576 -0.140967
v -0.254342 0.685484 -0.082944
v -0.254342 0.685484 -0.082944
v -0.266763 0.687391 -0.020176
v -0.266763 0.687391 -0.020176
v -0.266763 0.687391 -0.020176
v -0.263924 0.689299 0.043747
v -0.263924 0.689299 0.043747
v -0.245987 0.691207 0.105166
v -0.245987 0.691207 0.105166
v -0.213979 0.693115 0.160570
v -0.213979 0.693115 0.160570
v -0.169730 0.695023 0.206789
v -0.169730 0.695023 0.206789
v -0.115771 0.696931 0.241178
v -0.115771 0.696931 0.241178
v -0.055190 0.698839 0.261770
v -0.055190 0.698839 0.261770
v 0.008548 0.700746 0.267388
v 0.008548 0.700746 0.267388
v 0.071797 0.702654 0.257711
v 0.071797 0.702654 0.257711
v 0.130939 0.704562 0.233291
v 0.130939 0.704562 0.233291
v 0.182591 0.706470 0.195525
v 0.182591 0.706470 0.195525
v 0.223798 0.708378 0.146575
v 0.223798 0.708378 0.146575
v 0.252202 0.710286 0.089240
v 0.252202 0.710286 0.089240
v 0.266179 0.712194 0.026800
v 0.266179 0.712194 0.026800
v 0.264930 0.714101 -0.037173
v 0.264930 0.714101 -0.037173
v 0.248525 0.716009 -0.099020
v 0.248525 0.716009 -0.099020
v 0.217903 0.717917 -0.155202
v 0.217903 0.717917 -0.155202
v 0.174817 0.719825 -0.202506
v 0.174817 0.719825 -0.202506
v 0.121730 0.721733 -0.238226
v 0.121730 0.721733 -0.238226
v 0.061679 0.723641 -0.260318
v 0.061679 0.723641 -0.260318
v -0.001900 0.725549 -0.267518
v -0.001900 0.725549 -0.267518
v -0.065370 0.727457 -0.259415
v -0.065370 0.727457 -0.259415
v -0.125101 0.729364 -0.236473
v -0.125101 0.729364 -0.236473
v -0.177675 0.731272 -0.200003
v -0.177675 0.731272 -0.200003
v -0.220086 0.733180 -0.152092
v -0.220086 0.733180 -0.152092
v -0.249906 0.735088 -0.095480
v -0.249906 0.735088 -0.095480
v -0.265431 0.736996 -0.033407
v -0.265431 0.736996 -0.033407
v -0.265772 0.738904 0.030577
v -0.265772 0.738904 0.030577
v -0.265772 0.738904 0.030577
v -0.250909 0.740812 0.092813
v -0.250909 0.740812 0.092813
v -0.221693 0.742719 0.149739
v -0.221693 0.742719 0.149739
v -0.179796 0.744627 0.198099
v -0.179796 0.744627 0.198099
v -0.127613 0.746535 0.235127
v -0.127613 0.746535 0.235127
v -0.068130 0.748443 0.258704
v -0.068130 0.748443 0.258704
v -0.004750 0.750351 0.267483
v -0.004750 0.750351 0.267483
v 0.058902 0.752259 0.260960
v 0.058902 0.752259 0.260960
v 0.119185 0.754167 0.239509
v 0.119185 0.754167 0.239509
v 0.172649 0.756074 0.204357
v 0.172649 0.756074 0.204357
v 0.216238 0.757982 0.157515
v 0.216238 0.757982 0.157515
v 0.247456 0.759890 0.101662
v 0.247456 0.759890 0.101662
v 0.264519 0.761798 0.039994
v 0.264519 0.761798 0.039994
v 0.266450 0.763706 -0.023962
v 0.266450 0.763706 -0.023962
v 0.253138 0.765614 -0.086548
v 0.253138 0.765614 -0.086548
v 0.225347 0.767522 -0.144182
v 0.225347 0.767522 -0.144182
v 0.184664 0.769429 -0.193569
v 0.184664 0.769429 -0.193569
v 0.133417 0.771337 -0.231882
v 0.133417 0.771337 -0.231882
v 0.074539 0.773245 -0.256931
v 0.074539 0.773245 -0.256931
v 0.011396 0.775153 -0.267282
v 0.011396 0.775153 -0.267282
v -0.052398 0.777061 -0.262343
v -0.052398 0.777061 -0.262343
v -0.113195 0.778969 -0.242397
v -0.113195 0.778969 -0.242397
v -0.167517 0.780877 -0.208585
v -0.167517 0.780877 -0.208585
v -0.212256 0.782784 -0.162841
v -0.212256 0.782784 -0.162841
v -0.244853 0.784692 -0.107781
v -0.244853 0.784692 -0.107781
v -0.263443 0.786600 -0.046556
v -0.263443 0.786600 -0.046556
v -0.266963 0.788508 0.017333
v -0.266963 0.788508 0.017333
v -0.266963 0.788508 0.017333
v -0.255211 0.790416 0.080230
v -0.255211 0.790416 0.080230
v -0.228860 0.792324 0.138537
v -0.228860 0.792324 0.138537
v -0.189418 0.794232 0.188919
v -0.189418 0.794232 0.188919
v -0.139139 0.796139 0.228495
v -0.139139 0.796139 0.228495
v -0.080902 0.798047 0.254999
v -0.080902 0.798047 0.254999
v -0.018036 0.799955 0.266916
v -0.018036 0.799955 0.266916
v 0.045862 0.801863 0.263565
v 0.045862 0.801863 0.263565
v 0.107136 0.803771 0.245136
v 0.107136 0.803771 0.245136
v 0.162281 0.805679 0.212684
v 0.162281 0.805679 0.212684
v 0.208143 0.807587 0.168066
v 0.208143 0.807587 0.168066
v 0.242098 0.809495 0.113833
v 0.242098 0.809495 0.113833
v 0.262204 0.811402 0.053089
v 0.262204 0.811402 0.053089
v 0.267311 0.813310 -0.010692
v 0.267311 0.813310 -0.010692
v 0.257127 0.815218 -0.073862
v 0.257127 0.815218 -0.073862
v 0.232233 0.817126 -0.132806
v 0.232233 0.817126 -0.132806
v 0.194055 0.819034 -0.184153
v 0.194055 0.819034 -0.184153
v 0.144775 0.820942 -0.224966
v 0.144775 0.820942 -0.224966
v 0.087214 0.822850 -0.252910
v 0.087214 0.822850 -0.252910
v 0.024664 0.824757 -0.266386
v 0.024664 0.824757 -0.266386
v -0.039297 0.826665 -0.264623
v -0.039297 0.826665 -0.264623
v -0.101010 0.828573 -0.247723
v -0.101010 0.828573 -0.247723
v -0.156945 0.830481 -0.216652
v -0.156945 0.830481 -0.216652
v -0.203902 0.832389 -0.173187
v -0.203902 0.832389 -0.173187
v -0.239194 0.834297 -0.119815
v -0.239194 0.834297 -0.119815
v -0.260804 0.836205 -0.059589
v -0.260804 0.836205 -0.059589
v -0.267494 0.838112 0.004045
v -0.267494 0.838112 0.004045
v -0.267494 0.838112 0.004045
v -0.258883 0.840020 0.067448
v -0.258883 0.840020 0.067448
v -0.235462 0.841928 0.126993
v -0.235462 0.841928 0.126993
v -0.198572 0.843836 0.179273
v -0.198572 0.843836 0.179273
v -0.150322 0.845744 0.221298
v -0.150322 0.845744 0.221298
v -0.093473 0.847652 0.250664
v -0.093473 0.847652 0.250664
v -0.031277 0.849560 0.265690
v -0.031277 0.849560 0.265690
v 0.032708 0.851467 0.265518
v 0.032708 0.851467 0.265518
v 0.094822 0.853375 0.250157
v 0.094822 0.853375 0.250157
v 0.151512 0.855283 0.220485
v 0.151512 0.855283 0.220485
v 0.199534 0.857191 0.178201
v 0.199534 0.857191 0.178201
v 0.236143 0.859099 0.125723
v 0.236143 0.859099 0.125723
v 0.259242 0.861007 0.066053
v 0.259242 0.861007 0.066053
v 0.267512 0.862915 0.002604
v 0.267512 0.862915 0.002604
v 0.260479 0.864823 -0.060993
v 0.260479 0.864823 -0.060993
v 0.238546 0.866730 -0.121102
v 0.238546 0.866730 -0.121102
v 0.202966 0.868638 -0.174283
v 0.202966 0.868638 -0.174283
v 0.155776 0.870546 -0.217494
v 0.155776 0.870546 -0.217494
v 0.099674 0.872454 -0.248263
v 0.099674 0.872454 -0.248263
v 0.037871 0.874362 -0.264831
v 0.037871 0.874362 -0.264831
v -0.026098 0.876270 -0.266249
v -0.026098 0.876270 -0.266249
v -0.088575 0.878178 -0.252436
v -0.088575 0.878178 -0.252436
v -0.145985 0.880085 -0.224183
v -0.145985 0.880085 -0.224183
v -0.195044 0.881993 -0.183106
v -0.195044 0.881993 -0.183106
v -0.232945 0.883901 -0.131553
v -0.232945 0.883901 -0.131553
v -0.257521 0.885809 -0.072476
v -0.257521 0.885809 -0.072476
v -0.267365 0.887717 -0.009252
v -0.267365 0.887717 -0.009252
v -0.267365 0.887717 -0.009252
v -0.261915 0.889625 0.054500
v -0.261915 0.889625 0.054500
v -0.241482 0.891533 0.115135
v -0.241482 0.891533 0.115135
v -0.207235 0.893440 0.169184
v -0.207235 0.893440 0.169184
v -0.161133 0.895348 0.213555
v -0.161133 0.895348 0.213555
v -0.105814 0.897256 0.245709
v -0.105814 0.897256 0.245709
v -0.044442 0.899164 0.263808
v -0.044442 0.899164 0.263808
v 0.019473 0.901072 0.266815
v 0.019473 0.901072 0.266815
v 0.082274 0.902980 0.254560
v 0.082274 0.902980 0.254560
v 0.140368 0.904888 0.227742
v 0.140368 0.904888 0.227742
v 0.190432 0.906795 0.187897
v 0.190432 0.906795 0.187897
v 0.229603 0.908703 0.137302
v 0.229603 0.908703 0.137302
v 0.255640 0.910611 0.078854
v 0.255640 0.910611 0.078854
v 0.267052 0.912519 0.015895
v 0.267052 0.912519 0.015895
v 0.263188 0.914427 -0.047974
v 0.263188 0.914427 -0.047974
v 0.244269 0.916335 -0.109098
v 0.244269 0.916335 -0.109098
v 0.211376 0.918243 -0.163981
v 0.211376 0.918243 -0.163981
v 0.166391 0.920150 -0.209484
v 0.166391 0.920150 -0.209484
v 0.111888 0.922058 -0.243003
v 0.111888 0.922058 -0.243003
v 0.050985 0.923966 -0.262622
v 0.050985 0.923966 -0.262622
v -0.012836 0.925874 -0.267217
v -0.012836 0.925874 -0.267217
v -0.075921 0.927782 -0.256526
v -0.075921 0.927782 -0.256526
v -0.134664 0.929690 -0.231160
v -0.134664 0.929690 -0.231160
v -0.185704 0.931598 -0.192572
v -0.185704 0.931598 -0.192572
v -0.226120 0.933506 -0.142967
v -0.226120 0.933506 -0.142967
v -0.253601 0.935413 -0.085183
v -0.253601 0.935413 -0.085183
v -0.266575 0.937321 -0.022527
v -0.266575 0.937321 -0.022527
v -0.266575 0.937321 -0.022527
v -0.264299 0.939229 0.041418
v -0.264299 0.939229 0.041418
v -0.246905 0.941137 0.102993
v -0.246905 0.941137 0.102993
v -0.215386 0.943045 0.158677
v -0.215386 0.943045 0.158677
v -0.171546 0.944953 0.205284
v -0.171546 0.944953 0.205284
v -0.117893 0.946861 0.240148
v -0.117893 0.946861 0.240148
v -0.057496 0.948768 0.261273
v -0.057496 0.948768 0.261273
v 0.006190 0.950676 0.267453
v 0.006190 0.950676 0.267453
v 0.069522 0.952584 0.258334
v 0.069522 0.952584 0.258334
v 0.128877 0.954492 0.234436
v 0.128877 0.954492 0.234436
v 0.180860 0.956400 0.197128
v 0.180860 0.956400 0.197128
v 0.222497 0.958308 0.148542
v 0.222497 0.958308 0.148542
v 0.251405 0.960216 0.091460
v 0.251405 0.960216 0.091460
v 0.265933 0.962123 0.029146
v 0.265933 0.962123 0.029146
v 0.265247 0.964031 -0.034836
v 0.265247 0.964031 -0.034836
v 0.249388 0.965939 -0.096825
v 0.249388 0.965939 -0.096825
v 0.219263 0.967847 -0.153275
v 0.219263 0.967847 -0.153275
v 0.176595 0.969755 -0.200957
v 0.176595 0.969755 -0.200957
v 0.123825 0.971663 -0.237143
v 0.123825 0.971663 -0.237143
v 0.063972 0.973571 -0.259764
v 0.063972 0.973571 -0.259764
v 0.000459 0.975478 -0.267525
v 0.000459 0.975478 -0.267525
v -0.063080 0.977386 -0.259982
v -0.063080 0.977386 -0.259982
v -0.123011 0.979294 -0.237567
v -0.123011 0.979294 -0.237567
v -0.175905 0.981202 -0.201562
v -0.175905 0.981202 -0.201562
v -0.218736 0.983110 -0.154027
v -0.218736 0.983110 -0.154027
v -0.249055 0.985018 -0.097680
v -0.249055 0.985018 -0.097680
v -0.265126 0.986926 -0.035746
v -0.265126 0.986926 -0.035746
v -0.266031 0.988833 0.028233
v -0.266031 0.988833 0.028233
v -0.266031 0.988833 0.028233
v -0.251718 0.990741 0.090597
v -0.251718 0.990741 0.090597
v -0.223005 0.992649 0.147778
v -0.223005 0.992649 0.147778
v -0.181535 0.994557 0.196506
v -0.181535 0.994557 0.196506
v -0.129681 0.996465 0.233992
v -0.129681 0.996465 0.233992
v -0.070408 0.998373 0.258094
v -0.070408 0.998373 0.258094
v -0.007108 1.000281 0.267431
v -0.007108 1.000281 0.267431
v 0.056599 1.002189 0.261469
v 0.056599 1.002189 0.261469
v 0.117068 1.004096 0.240551
v 0.117068 1.004096 0.240551
v 0.170841 1.006004 0.205871
v 0.170841 1.006004 0.205871
v 0.214840 1.007912 0.159415
v 0.214840 1.007912 0.159415
v 0.246550 1.009820 0.103840
v 0.246550 1.009820 0.103840
v 0.264156 1.011728 0.042325
v 0.264156 1.011728 0.042325
v 0.266651 1.013636 -0.021612
v 0.266651 1.013636 -0.021612
v 0.253892 1.015544 -0.084312
v 0.253892 1.015544 -0.084312
v 0.226609 1.017451 -0.142190
v 0.226609 1.017451 -0.142190
v 0.186363 1.019359 -0.191933
v 0.186363 1.019359 -0.191933
v 0.135457 1.021267 -0.230697
v 0.135457 1.021267 -0.230697
v 0.076801 1.023175 -0.256264
v 0.076801 1.023175 -0.256264
v 0.013753 1.025083 -0.267171
v 0.013753 1.025083 -0.267171
v -0.050083 1.026991 -0.262795
v -0.050083 1.026991 -0.262795
v -0.111054 1.028899 -0.243386
v -0.111054 1.028899 -0.243386
v -0.165671 1.030806 -0.210054
v -0.165671 1.030806 -0.210054
v -0.210812 1.032714 -0.164706
v -0.210812 1.032714 -0.164706
v -0.243893 1.034622 -0.109936
v -0.243893 1.034622 -0.109936
v -0.263022 1.036530 -0.048877
v -0.263022 1.036530 -0.048877
v -0.267105 1.038438 0.014978
v -0.267105 1.038438 0.014978
v -0.267105 1.038438 0.014978
v -0.255909 1.040346 0.077976
v -0.255909 1.040346 0.077976
v -0.230073 1.042254 0.136514
v -0.230073 1.042254 0.136514
v -0.191076 1.044161 0.187242
v -0.191076 1.044161 0.187242
v -0.141149 1.046069 0.227259
v -0.141149 1.046069 0.227259
v -0.083147 1.047977 0.254276
v -0.083147 1.047977 0.254276
v -0.020389 1.049885 0.266747
v -0.020389 1.049885 0.266747
v 0.043536 1.051793 0.263959
v 0.043536 1.051793 0.263959
v 0.104970 1.053701 0.246071
v 0.104970 1.053701 0.246071
v 0.160399 1.055609 0.214107
v 0.160399 1.055609 0.214107
v 0.206653 1.057516 0.169894
v 0.206653 1.057516 0.169894
v 0.241085 1.059424 0.115964
v 0.241085 1.059424 0.115964
v 0.261726 1.061332 0.055399
v 0.261726 1.061332 0.055399
v 0.267395 1.063240 -0.008335
v 0.267395 1.063240 -0.008335
v 0.257768 1.065148 -0.071592
v 0.257768 1.065148 -0.071592
v 0.233395 1.067056 -0.130753
v 0.233395 1.067056 -0.130753
v 0.195671 1.068964 -0.182435
v 0.195671 1.068964 -0.182435
v 0.146753 1.070872 -0.223681
v 0.146753 1.070872 -0.223681
v 0.089441 1.072779 -0.252131
v 0.089441 1.072779 -0.252131
v 0.027012 1.074687 -0.266158
v 0.027012 1.074687 -0.266158
v -0.036962 1.076595 -0.264959
v -0.036962 1.076595 -0.264959
v -0.098822 1.078503 -0.248604
v -0.098822 1.078503 -0.248604
v -0.155028 1.080411 -0.218027
v -0.155028 1.080411 -0.218027
v -0.202367 1.082319 -0.174978
v -0.202367 1.082319 -0.174978
v -0.238129 1.084227 -0.121920
v -0.238129 1.084227 -0.121920
v -0.260268 1.086134 -0.061887
v -0.260268 1.086134 -0.061887
v -0.267520 1.088042 0.001686
v -0.267520 1.088042 0.001686
v -0.267520 1.088042 0.001686
v -0.259468 1.089950 0.065163
v -0.259468 1.089950 0.065163
v -0.236573 1.091858 0.124912
v -0.236573 1.091858 0.124912
v -0.200145 1.093766 0.177516
v -0.200145 1.093766 0.177516
v -0.152267 1.095674 0.219964
v -0.152267 1.095674 0.219964
v -0.095680 1.097582 0.249830
v -0.095680 1.097582 0.249830
v -0.033619 1.099489 0.265404
v -0.033619 1.099489 0.265404
v 0.030365 1.101397 0.265796
v 0.030365 1.101397 0.265796
v 0.092612 1.103305 0.250983
v 0.092612 1.103305 0.250983
v 0.149562 1.105213 0.221813
v 0.149562 1.105213 0.221813
v 0.197955 1.107121 0.179954
v 0.197955 1.107121 0.179954
v 0.235025 1.109029 0.127800
v 0.235025 1.109029 0.127800
v 0.258650 1.110937 0.068336
v 0.258650 1.110937 0.068336
v 0.267479 1.112844 0.004963
v 0.267479 1.112844 0.004963
v 0.261007 1.114752 -0.058694
v 0.261007 1.114752 -0.058694
v 0.239604 1.116660 -0.118994
v 0.239604 1.116660 -0.118994
v 0.204495 1.118568 -0.172486
v 0.204495 1.118568 -0.172486
v 0.157687 1.120476 -0.216112
v 0.157687 1.120476 -0.216112
v 0.101859 1.122384 -0.247375
v 0.101859 1.122384 -0.247375
v 0.040205 1.124292 -0.264487
v 0.040205 1.124292 -0.264487
v -0.023750 1.126199 -0.266469
v -0.023750 1.126199 -0.266469
v -0.086346 1.128107 -0.253207
v -0.086346 1.128107 -0.253207
v -0.144003 1.130015 -0.225462
v -0.144003 1.130015 -0.225462
v -0.193422 1.131923 -0.184818
v -0.193422 1.131923 -0.184818
v -0.231776 1.133831 -0.133602
v -0.231776 1.133831 -0.133602
v -0.256872 1.135739 -0.074744
v -0.256872 1.135739 -0.074744
v -0.267273 1.137647 -0.011609
v -0.267273 1.137647 -0.011609
v -0.267273 1.137647 -0.011609
v -0.262385 1.139555 0.052189
v -0.262385 1.139555 0.052189
v -0.242488 1.141462 0.113002
v -0.242488 1.141462 0.113002
v -0.208719 1.143370 0.167350
v -0.208719 1.143370 0.167350
v -0.163010 1.145278 0.212126
v -0.163010 1.145278 0.212126
v -0.107976 1.147186 0.244767
v -0.107976 1.147186 0.244767
v -0.046766 1.149094 0.263406
v -0.046766 1.149094 0.263406
v 0.017120 1.151002 0.266977
v 0.017120 1.151002 0.266977
v 0.080026 1.152910 0.255275
v 0.080026 1.152910 0.255275
v 0.138354 1.154817 0.228971
v 0.138354 1.154817 0.228971
v 0.188768 1.156725 0.189568
v 0.188768 1.156725 0.189568
v 0.228384 1.158633 0.139322
v 0.228384 1.158633 0.139322
v 0.254935 1.160541 0.081105
v 0.254935 1.160541 0.081105
v 0.266902 1.162449 0.018249
v 0.266902 1.162449 0.018249
v 0.263601 1.164357 -0.045651
v 0.263601 1.164357 -0.045651
v 0.245221 1.166265 -0.106940
v 0.245221 1.166265 -0.106940
v 0.212813 1.168172 -0.162111
v 0.212813 1.168172 -0.162111
v 0.168232 1.170080 -0.208009
v 0.168232 1.170080 -0.208009
v 0.114026 1.171988 -0.242007
v 0.114026 1.171988 -0.242007
v 0.053298 1.173896 -0.262162
v 0.053298 1.173896 -0.262162
v -0.010479 1.175804 -0.267320
v -0.010479 1.175804 -0.267320
v -0.073657 1.177712 -0.257185
v -0.073657 1.177712 -0.257185
v -0.132621 1.179620 -0.232339
v -0.132621 1.179620 -0.232339
v -0.183998 1.181527 -0.194201
v -0.183998 1.181527 -0.194201
v -0.224850 1.183435 -0.144955
v -0.224850 1.183435 -0.144955
v -0.252840 1.185343 -0.087416
v -0.252840 1.185343 -0.087416
v -0.266366 1.187251 -0.024877
v -0.266366 1.187251 -0.024877
v -0.266366 1.187251 -0.024877
v -0.264654 1.189159 0.039086
v -0.264654 1.189159 0.039086
v -0.247803 1.191067 0.100812
v -0.247803 1.191067 0.100812
v -0.216777 1.192975 0.156772
v -0.216777 1.192975 0.156772
v -0.173350 1.194883 0.203763
v -0.173350 1.194883 0.203763
v -0.120006 1.196790 0.239099
v -0.120006 1.196790 0.239099
v -0.059797 1.198698 0.260756
v -0.059797 1.198698 0.260756
v 0.003832 1.200606 0.267498
v 0.003832 1.200606 0.267498
v 0.067242 1.202514 0.258937
v 0.067242 1.202514 0.258937
v 0.126805 1.204422 0.235563
v 0.126805 1.204422 0.235563
v 0.179115 1.206330 0.198715
v 0.179115 1.206330 0.198715
v 0.221178 1.208238 0.150498
v 0.221178 1.208238 0.150498
v 0.250589 1.210145 0.093673
v 0.250589 1.210145 0.093673
v 0.265665 1.212053 0.031489
v 0.265665 1.212053 0.031489
v 0.265544 1.213961 -0.032496
v 0.265544 1.213961 -0.032496
v 0.250232 1.215869 -0.094622
v 0.250232 1.215869 -0.094622
v 0.220606 1.217777 -0.151336
v 0.220606 1.217777 -0.151336
v 0.178360 1.219685 -0.199392
v 0.178360 1.219685 -0.199392
v 0.125912 1.221593 -0.236042
v 0.125912 1.221593 -0.236042
v 0.066260 1.223500 -0.259190
v 0.066260 1.223500 -0.259190
v 0.002818 1.225408 -0.267510
v 0.002818 1.225408 -0.267510
v -0.060785 1.227316 -0.260528
v -0.060785 1.227316 -0.260528
v -0.120911 1.229224 -0.238642
v -0.120911 1.229224 -0.238642
v -0.174121 1.231132 -0.203105
v -0.174121 1.231132 -0.203105
v -0.217369 1.233040 -0.155949
v -0.217369 1.233040 -0.155949
v -0.248184 1.234948 -0.099872
v -0.248184 1.234948 -0.099872
v -0.264801 1.236856 -0.038082
v -0.264801 1.236856 -0.038082
v -0.266270 1.238763 0.025886
v -0.266270 1.238763 0.025886
v -0.266270 1.238763 0.025886
v -0.252507 1.240671 0.088374
v -0.252507 1.240671 0.088374
v -0.224299 1.242579 0.145806
v -0.224299 1.242579 0.145806
v -0.183261 1.244487 0.194897
v -0.183261 1.244487 0.194897
v -0.131739 1.246395 0.232840
v -0.131739 1.246395 0.232840
v -0.072681 1.248303 0.257463
v -0.072681 1.248303 0.257463
v -0.009466 1.250211 0.267357
v -0.009466 1.250211 0.267357
v 0.054291 1.252118 0.261958
v 0.054291 1.252118 0.261958
v 0.114943 1.254026 0.241574
v 0.114943 1.254026 0.241574
v 0.169019 1.255934 0.207370
v 0.169019 1.255934 0.207370
v 0.213426 1.257842 0.161304
v 0.213426 1.257842 0.161304
v 0.245625 1.259750 0.106010
v 0.245625 1.259750 0.106010
v 0.263772 1.261658 0.044652
v 0.263772 1.261658 0.044652
v 0.266831 1.263566 -0.019260
v 0.266831 1.263566 -0.019260
v 0.254625 1.265473 -0.082071
v 0.254625 1.265473 -0.082071
v 0.227854 1.267381 -0.140186
v 0.227854 1.267381 -0.140186
v 0.188048 1.269289 -0.190282
v 0.188048 1.269289 -0.190282
v 0.137486 1.271197 -0.229494
v 0.137486 1.271197 -0.229494
v 0.079058 1.273105 -0.255577
v 0.079058 1.273105 -0.255577
v 0.016108 1.275013 -0.267040
v 0.016108 1.275013 -0.267040
v -0.047764 1.276921 -0.263227
v -0.047764 1.276921 -0.263227
v -0.108903 1.278828 -0.244356
v -0.108903 1.278828 -0.244356
v -0.163813 1.280736 -0.211507
v -0.163813 1.280736 -0.211507
v -0.209351 1.282644 -0.166558
v -0.209351 1.282644 -0.166558
v -0.242914 1.284552 -0.112082
v -0.242914 1.284552 -0.112082
v -0.262581 1.286460 -0.051194
v -0.262581 1.286460 -0.051194
v -0.267227 1.288368 0.012622
v -0.267227 1.288368 0.012622
v -0.267227 1.288368 0.012622
v -0.256586 1.290276 0.075717
v -0.256586 1.290276 0.075717
v -0.231268 1.292183 0.134480
v -0.231268 1.292183 0.134480
v -0.192720 1.294091 0.185550
v -0.192720 1.294091 0.185550
v -0.143147 1.295999 0.226006
v -0.143147 1.295999 0.226006
v -0.085386 1.297907 0.253533
v -0.085386 1.297907 0.253533
v -0.022740 1.299815 0.266557
v -0.022740 1.299815 0.266557
v 0.041207 1.301723 0.264332
v 0.041207 1.301723 0.264332
v 0.102796 1.303631 0.246987
v 0.102796 1.303631 0.246987
v 0.158505 1.305539 0.215513
v 0.158505 1.305539 0.215513
v 0.205147 1.307446 0.171710
v 0.205147 1.307446 0.171710
v 0.240053 1.309354 0.118085
v 0.240053 1.309354 0.118085
v 0.261228 1.311262 0.057704
v 0.261228 1.311262 0.057704
v 0.267458 1.313170 -0.005977
v 0.267458 1.313170 -0.005977
v 0.258389 1.315078 -0.069316
v 0.258389 1.315078 -0.069316
v 0.234539 1.316986 -0.128690
v 0.234539 1.316986 -0.128690
v 0.197272 1.318894 -0.180703
v 0.197272 1.318894 -0.180703
v 0.148720 1.320801 -0.222378
v 0.148720 1.320801 -0.222378
v 0.091661 1.322709 -0.251332
v 0.091661 1.322709 -0.251332
v 0.029358 1.324617 -0.265909
v 0.029358 1.324617 -0.265909
v -0.034624 1.326525 -0.265275
v -0.034624 1.326525 -0.265275
v -0.096626 1.328433 -0.249466
v -0.096626 1.328433 -0.249466
v -0.153100 1.330341 -0.219386
v -0.153100 1.330341 -0.219386
v -0.200816 1.332249 -0.176756
v -0.200816 1.332249 -0.176756
v -0.237044 1.334156 -0.124015
v -0.237044 1.334156 -0.124015
v -0.259713 1.336064 -0.064179
v -0.259713 1.336064 -0.064179
v -0.267524 1.337972 -0.000672
v -0.267524 1.337972 -0.000672
v -0.267524 1.337972 -0.000672
v -0.260032 1.339880 0.062873
v -0.260032 1.339880 0.062873
v -0.237665 1.341788 0.122821
v -0.237665 1.341788 0.122821
v -0.201702 1.343696 0.175744
v -0.201702 1.343696 0.175744
v -0.154201 1.345604 0.218613
v -0.154201 1.345604 0.218613
v -0.097879 1.347511 0.248977
v -0.097879 1.347511 0.248977
v -0.035958 1.349419 0.265097
v -0.035958 1.349419 0.265097
v 0.028021 1.351327 0.266053
v 0.028021 1.351327 0.266053
v 0.090396 1.353235 0.251790
v 0.090396 1.353235 0.251790
v 0.147600 1.355143 0.223123
v 0.147600 1.355143 0.223123
v 0.196361 1.357051 0.181692
v 0.196361 1.357051 0.181692
v 0.233889 1.358959 0.129868
v 0.233889 1.358959 0.129868
v 0.258037 1.360866 0.070614
v 0.258037 1.360866 0.070614
v 0.267425 1.362774 0.007321
v 0.267425 1.362774 0.007321
v 0.261514 1.364682 -0.056390
v 0.261514 1.364682 -0.056390
v 0.240644 1.366590 -0.116876
v 0.240644 1.366590 -0.116876
v 0.206008 1.368498 -0.170676
v 0.206008 1.368498 -0.170676
v 0.159587 1.370406 -0.214713
v 0.159587 1.370406 -0.214713
v 0.104037 1.372314 -0.246467
v 0.104037 1.372314 -0.246467
v 0.042535 1.374221 -0.264122
v 0.042535 1.374221 -0.264122
v -0.021399 1.376129 -0.266668
v -0.021399 1.376129 -0.266668
v -0.084110 1.378037 -0.253959
v -0.084110 1.378037 -0.253959
v -0.142009 1.379945 -0.226722
v -0.142009 1.379945 -0.226722
v -0.191784 1.381853 -0.186516
v -0.191784 1.381853 -0.186516
v -0.230589 1.383761 -0.135641
v -0.230589 1.383761 -0.135641
v -0.256203 1.385669 -0.077006
v -0.256203 1.385669 -0.077006
v -0.267160 1.387576 -0.013966
v -0.267160 1.387576 -0.013966
v -0.267160 1.387576 -0.013966
v -0.262835 1.389484 0.049873
v -0.262835 1.389484 0.049873
v -0.243474 1.391392 0.110859
v -0.243474 1.391392 0.110859
v -0.210186 1.393300 0.165504
v -0.210186 1.393300 0.165504
v -0.164874 1.395208 0.210680
v -0.164874 1.395208 0.210680
v -0.110130 1.397116 0.243805
v -0.110130 1.397116 0.243805
v -0.049087 1.399024 0.262983
v -0.049087 1.399024 0.262983
v 0.014765 1.400932 0.267117
v 0.014765 1.400932 0.267117
v 0.077772 1.402839 0.255971
v 0.077772 1.402839 0.255971
v 0.136330 1.404747 0.230182
v 0.136330 1.404747 0.230182
v 0.187089 1.406655 0.191225
v 0.187089 1.406655 0.191225
v 0.227146 1.408563 0.141330
v 0.227146 1.408563 0.141330
v 0.254209 1.410471 0.083350
v 0.254209 1.410471 0.083350
v 0.266731 1.412379 0.020601
v 0.266731 1.412379 0.020601
v 0.263993 1.414287 -0.043325
v 0.263993 1.414287 -0.043325
v 0.246155 1.416194 -0.104774
v 0.246155 1.416194 -0.104774
v 0.214235 1.418102 -0.160229
v 0.214235 1.418102 -0.160229
v 0.170059 1.420010 -0.206517
v 0.170059 1.420010 -0.206517
v 0.116156 1.421918 -0.240993
v 0.116156 1.421918 -0.240993
v 0.055608 1.423826 -0.261682
v 0.055608 1.423826 -0.261682
v -0.008122 1.425734 -0.267402
v -0.008122 1.425734 -0.267402
v -0.071386 1.427642 -0.257825
v -0.071386 1.427642 -0.257825
v -0.130567 1.429549 -0.233499
v -0.130567 1.429549 -0.233499
v -0.182279 1.431457 -0.195816
v -0.182279 1.431457 -0.195816
v -0.223564 1.433365 -0.146932
v -0.223564 1.433365 -0.146932
v -0.252059 1.435273 -0.089642
v -0.252059 1.435273 -0.089642
v -0.266136 1.437181 -0.027224
v -0.266136 1.437181 -0.027224
v -0.266136 1.437181 -0.027224
v -0.264989 1.439089 0.036751
v -0.264989 1.439089 0.036751
v -0.248683 1.440997 0.098623
v -0.248683 1.440997 0.098623
v -0.218151 1.442904 0.154854
v -0.218151 1.442904 0.154854
v -0.175140 1.444812 0.202227
v -0.175140 1.444812 0.202227
v -0.122110 1.446720 0.238031
v -0.122110 1.446720 0.238031
v -0.062094 1.448628 0.260219
v -0.062094 1.448628 0.260219
v 0.001473 1.450536 0.267521
v 0.001473 1.450536 0.267521
v 0.064956 1.452444 0.259519
v 0.064956 1.452444 0.259519
v 0.124723 1.454352 0.236672
v 0.124723 1.454352 0.236672
v 0.177356 1.456259 0.200286
v 0.177356 1.456259 0.200286
v 0.219843 1.458167 0.152443
v 0.219843 1.458167 0.152443
v 0.249754 1.460075 0.095879
v 0.249754 1.460075 0.095879
v 0.265377 1.461983 0.033830
v 0.265377 1.461983 0.033830
v 0.265820 1.463891 -0.030153
v 0.265820 1.463891 -0.030153
v 0.251057 1.465799 -0.092412
v 0.251057 1.465799 -0.092412
v 0.221932 1.467707 -0.149385
v 0.221932 1.467707 -0.149385
v 0.180112 1.469615 -0.197812
v 0.180112 1.469615 -0.197812
v 0.127988 1.471522 -0.234923
v 0.127988 1.471522 -0.234923
v 0.068543 1.473430 -0.258595
v 0.068543 1.473430 -0.258595
v 0.005176 1.475338 -0.267475
v 0.005176 1.475338 -0.267475
v -0.058486 1.477246 -0.261054
v -0.058486 1.477246 -0.261054
v -0.118803 1.479154 -0.239699
v -0.118803 1.479154 -0.239699
v -0.172323 1.481062 -0.204632
v -0.172323 1.481062 -0.204632
v -0.215986 1.482970 -0.157860
v -0.215986 1.482970 -0.157860
v -0.247293 1.484877 -0.102057
v -0.247293 1.484877 -0.102057
v -0.264455 1.486785 -0.040416
v -0.264455 1.486785 -0.040416
v -0.266488 1.488693 0.023537
v -0.266488 1.488693 0.023537
v -0.266488 1.488693 0.023537
v -0.253276 1.490601 0.086144
v -0.253276 1.490601 0.086144
v -0.225576 1.492509 0.143823
v -0.225576 1.492509 0.143823
v -0.184972 1.494417 0.193274
v -0.184972 1.494417 0.193274
v -0.133787 1.496325 0.231669
v -0.133787 1.496325 0.231669
v -0.074949 1.498232 0.256812
v -0.074949 1.498232 0.256812
v -0.011823 1.500140 0.267264
v -0.011823 1.500140 0.267264
v 0.051980 1.502048 0.262427
v 0.051980 1.502048 0.262427
v 0.112808 1.503956 0.242578
v 0.112808 1.503956 0.242578
v 0.167184 1.505864 0.208852
v 0.167184 1.505864 0.208852
v 0.211996 1.507772 0.163179
v 0.211996 1.507772 0.163179
v 0.244681 1.509680 0.108171
v 0.244681 1.509680 0.108171
v 0.263368 1.511588 0.046976
v 0.263368 1.511588 0.046976
v 0.266990 1.513495 -0.016907
v 0.266990 1.513495 -0.016907
v 0.255339 1.515403 -0.079822
v 0.255339 1.515403 -0.079822
v 0.229081 1.517311 -0.138172
v 0.229081 1.517311 -0.138172
v 0.189719 1.519219 -0.188617
v 0.189719 1.519219 -0.188617
v 0.139504 1.521127 -0.228273
v 0.139504 1.521127 -0.228273
v 0.081308 1.523035 -0.254870
v 0.081308 1.523035 -0.254870
v 0.018462 1.524943 -0.266887
v 0.018462 1.524943 -0.266887
v -0.045441 1.526850 -0.263637
v -0.045441 1.526850 -0.263637
v -0.106744 1.528758 -0.245306
v -0.106744 1.528758 -0.245306
v -0.161941 1.530666 -0.212943
v -0.161941 1.530666 -0.212943
v -0.207875 1.532574 -0.168398
v -0.207875 1.532574 -0.168398
v -0.241916 1.534482 -0.114219
v -0.241916 1.534482 -0.114219
v -0.262119 1.536390 -0.053507
v -0.262119 1.536390 -0.053507
v -0.267328 1.538298 0.010266
v -0.267328 1.538298 0.010266
v -0.267328 1.538298 0.010266
v -0.257244 1.540205 0.073451
v -0.257244 1.540205 0.073451
v -0.232445 1.542113 0.132435
v -0.232445 1.542113 0.132435
v -0.194348 1.544021 0.183843
v -0.194348 1.544021 0.183843
v -0.145134 1.545929 0.224735
v -0.145134 1.545929 0.224735
v -0.087618 1.547837 0.252770
v -0.087618 1.547837 0.252770
v -0.025089 1.549745 0.266346
v -0.025089 1.549745 0.266346
v 0.038875 1.551653 0.264685
v 0.038875 1.551653 0.264685
v 0.100615 1.553560 0.247884
v 0.100615 1.553560 0.247884
v 0.156599 1.555468 0.216902
v 0.156599 1.555468 0.216902
v 0.203625 1.557376 0.173512
v 0.203625 1.557376 0.173512
v 0.239003 1.559284 0.120197
v 0.239003 1.559284 0.120197
v 0.260709 1.561192 0.060005
v 0.260709 1.561192 0.060005
v 0.267501 1.563100 -0.003618
v 0.267501 1.563100 -0.003618
v 0.258990 1.565008 -0.067035
v 0.258990 1.565008 -0.067035
v 0.235664 1.566916 -0.126617
v 0.235664 1.566916 -0.126617
v 0.198857 1.568823 -0.178956
v 0.198857 1.568823 -0.178956
v 0.150675 1.570731 -0.221058
v 0.150675 1.570731 -0.221058
v 0.093873 1.572639 -0.250514
v 0.093873 1.572639 -0.250514
v 0.031701 1.574547 -0.265640
v 0.031701 1.574547 -0.265640
v -0.032284 1.576455 -0.265570
v -0.032284 1.576455 -0.265570
v -0.094423 1.578363 -0.250308
v -0.094423 1.578363 -0.250308
v -0.151160 1.580271 -0.220727
v -0.151160 1.580271 -0.220727
v -0.199250 1.582178 -0.178519
v -0.199250 1.582178 -0.178519
v -0.235942 1.584086 -0.126100
v -0.235942 1.584086 -0.126100
v -0.259137 1.585994 -0.066467
v -0.259137 1.585994 -0.066467
v -0.267508 1.587902 -0.003031
v -0.267508 1.587902 -0.003031
v -0.267508 1.587902 -0.003031
v -0.260576 1.589810 0.060578
v -0.260576 1.589810 0.060578
v -0.238738 1.591718 0.120721
v -0.238738 1.591718 0.120721
v -0.203244 1.593626 0.173959
v -0.203244 1.593626 0.173959
v -0.156123 1.595533 0.217245
v -0.156123 1.595533 0.217245
v -0.100070 1.597441 0.248104
v -0.100070 1.597441 0.248104
v -0.038294 1.599349 0.264770
v -0.038294 1.599349 0.264770
v 0.025674 1.601257 0.266290
v 0.025674 1.601257 0.266290
v 0.088172 1.603165 0.252577
v 0.088172 1.603165 0.252577
v 0.145627 1.605073 0.224416
v 0.145627 1.605073 0.224416
v 0.194751 1.606981 0.183416
v 0.194751 1.606981 0.183416
v 0.232735 1.608888 0.131925
v 0.232735 1.608888 0.131925
v 0.257405 1.610796 0.072887
v 0.257405 1.610796 0.072887
v 0.267350 1.612704 0.009679
v 0.267350 1.612704 0.009679
v 0.262001 1.614612 -0.054082
v 0.262001 1.614612 -0.054082
v 0.241665 1.616520 -0.114750
v 0.241665 1.616520 -0.114750
v 0.207505 1.618428 -0.168853
v 0.207505 1.618428 -0.168853
v 0.161474 1.620336 -0.213298
v 0.161474 1.620336 -0.213298
v 0.106206 1.622243 -0.245540
v 0.106206 1.622243 -0.245540
v 0.044862 1.624151 -0.263737
v 0.044862 1.624151 -0.263737
v -0.019047 1.626059 -0.266846
v -0.019047 1.626059 -0.266846
v -0.081867 1.627967 -0.254691
v -0.081867 1.627967 -0.254691
v -0.140004 1.629875 -0.227966
v -0.140004 1.629875 -0.227966
v -0.190132 1.631783 -0.188200
v -0.190132 1.631783 -0.188200
v -0.229384 1.633691 -0.137669
v -0.229384 1.633691 -0.137669
v -0.255514 1.635599 -0.079262
v -0.255514 1.635599 -0.079262
v -0.267027 1.637506 -0.016321
v -0.267027 1.637506 -0.016321
v -0.267027 1.637506 -0.016321
v -0.263265 1.639414 0.047554
v -0.263265 1.639414 0.047554
v -0.244443 1.641322 0.108708
v -0.244443 1.641322 0.108708
v -0.211637 1.643230 0.163644
v -0.211637 1.643230 0.163644
v -0.166725 1.645138 0.209218
v -0.166725 1.645138 0.209218
v -0.112276 1.647046 0.242825
v -0.112276 1.647046 0.242825
v -0.051403 1.648954 0.262540
v -0.051403 1.648954 0.262540
v 0.012409 1.650861 0.267237
v 0.012409 1.650861 0.267237
v 0.075512 1.652769 0.256647
v 0.075512 1.652769 0.256647
v 0.134295 1.654677 0.231375
v 0.134295 1.654677 0.231375
v 0.185396 1.656585 0.192868
v 0.185396 1.656585 0.192868
v 0.225891 1.658493 0.143327
v 0.225891 1.658493 0.143327
v 0.253465 1.660401 0.085588
v 0.253465 1.660401 0.085588
v 0.266539 1.662309 0.022952
v 0.266539 1.662309 0.022952
v 0.264365 1.664216 -0.040996
v 0.264365 1.664216 -0.040996
v 0.247069 1.666124 -0.102599
v 0.247069 1.666124 -0.102599
v 0.215639 1.668032 -0.158333
v 0.215639 1.668032 -0.158333
v 0.171874 1.669940 -0.205010
v 0.171874 1.669940 -0.205010
v 0.118276 1.671848 -0.239959
v 0.118276 1.671848 -0.239959
v 0.057913 1.673756 -0.261181
v 0.057913 1.673756 -0.261181
v -0.005763 1.675664 -0.267463
v -0.005763 1.675664 -0.267463
v -0.069110 1.677571 -0.258444
v -0.069110 1.677571 -0.258444
v -0.128503 1.679479 -0.234641
v -0.128503 1.679479 -0.234641
v -0.180545 1.681387 -0.197416
v -0.180545 1.681387 -0.197416
v -0.222259 1.683295 -0.148897
v -0.222259 1.683295 -0.148897
v -0.251259 1.685203 -0.091861
v -0.251259 1.685203 -0.091861
v -0.265886 1.687111 -0.029570
v -0.265886 1.687111 -0.029570
v -0.265886 1.687111 -0.029570
v -0.265302 1.689019 0.034413
v -0.265302 1.689019 0.034413
v -0.249543 1.690926 0.096427
v -0.249543 1.690926 0.096427
v -0.219508 1.692834 0.152925
v -0.219508 1.692834 0.152925
v -0.176916 1.694742 0.200675
v -0.176916 1.694742 0.200675
v -0.124204 1.696650 0.236945
v -0.124204 1.696650 0.236945
v -0.064386 1.698558 0.259661
v -0.064386 1.698558 0.259661
v -0.000886 1.700466 0.267524
v -0.000886 1.700466 0.267524
v 0.062665 1.702374 0.260082
v 0.062665 1.702374 0.260082
v 0.122632 1.704281 0.237763
v 0.122632 1.704281 0.237763
v 0.175583 1.706189 0.201842
v 0.175583 1.706189 0.201842
v 0.218490 1.708097 0.154375
v 0.218490 1.708097 0.154375
v 0.248898 1.710005 0.098077
v 0.248898 1.710005 0.098077
v 0.265069 1.711913 0.036169
v 0.265069 1.711913 0.036169
v 0.266076 1.713821 -0.027808
v 0.266076 1.713821 -0.027808
v 0.251862 1.715729 -0.090195
v 0.251862 1.715729 -0.090195
v 0.223241 1.717636 -0.147422
v 0.223241 1.717636 -0.147422
v 0.181849 1.719544 -0.196216
v 0.181849 1.719544 -0.196216
v 0.130054 1.721452 -0.233785
v 0.130054 1.721452 -0.233785
v 0.070820 1.723360 -0.257981
v 0.070820 1.723360 -0.257981
v 0.007535 1.725268 -0.267419
v 0.007535 1.725268 -0.267419
v -0.056182 1.727176 -0.261559
v -0.056182 1.727176 -0.261559
v -0.116684 1.729084 -0.240737
v -0.116684 1.729084 -0.240737
v -0.170512 1.730992 -0.206144
v -0.170512 1.730992 -0.206144
v -0.214586 1.732899 -0.159758
v -0.214586 1.732899 -0.159758
v -0.246384 1.734807 -0.104233
v -0.246384 1.734807 -0.104233
v -0.264088 1.736715 -0.042746
v -0.264088 1.736715 -0.042746
v -0.266685 1.738623 0.021187
v -0.266685 1.738623 0.021187
v -0.266685 1.738623 0.021187
v -0.254026 1.740531 0.083907
v -0.254026 1.740531 0.083907
v -0.226836 1.742439 0.141828
v -0.226836 1.742439 0.141828
v -0.186669 1.744347 0.191636
v -0.186669 1.744347 0.191636
v -0.135825 1.746254 0.230481
v -0.135825 1.746254 0.230481
v -0.077210 1.748162 0.256141
v -0.077210 1.748162 0.256141
v -0.014179 1.750070 0.267149
v -0.014179 1.750070 0.267149
v 0.049664 1.751978 0.262875
v 0.049664 1.751978 0.262875
v 0.110665 1.753886 0.243563
v 0.110665 1.753886 0.243563
v 0.165336 1.755794 0.210318
v 0.165336 1.755794 0.210318
v 0.210549 1.757702 0.165042
v 0.210549 1.757702 0.165042
v 0.243717 1.759609 0.110325
v 0.243717 1.759609 0.110325
v 0.262944 1.761517 0.049296
v 0.262944 1.761517 0.049296
v 0.267129 1.763425 -0.014552
v 0.267129 1.763425 -0.014552
v 0.256033 1.765333 -0.077568
v 0.256033 1.765333 -0.077568
v 0.230291 1.767241 -0.136146
v 0.230291 1.767241 -0.136146
v 0.191375 1.769149 -0.186937
v 0.191375 1.769149 -0.186937
v 0.141511 1.771057 -0.227034
v 0.141511 1.771057 -0.227034
v 0.083552 1.772964 -0.254143
v 0.083552 1.772964 -0.254143
v 0.020814 1.774872 -0.266714
v 0.020814 1.774872 -0.266714
v -0.043115 1.776780 -0.264028
v -0.043115 1.776780 -0.264028
v -0.104577 1.778688 -0.246238
v -0.104577 1.778688 -0.246238
v -0.160058 1.780596 -0.214362
v -0.160058 1.780596 -0.214362
v -0.206382 1.782504 -0.170224
v -0.206382 1.782504 -0.170224
v -0.240900 1.784412 -0.116348
v -0.240900 1.784412 -0.116348
v -0.261637 1.786319 -0.055816
v -0.261637 1.786319 -0.055816
v -0.267408 1.788227 0.007908
v -0.267408 1.788227 0.007908
v -0.267408 1.788227 0.007908
v -0.257882 1.790135 0.071180
v -0.257882 1.790135 0.071180
v -0.233603 1.792043 0.130381
v -0.233603 1.792043 0.130381
v -0.195962 1.793951 0.182123
v -0.195962 1.793951 0.182123
v -0.147110 1.795859 0.223446
v -0.147110 1.795859 0.223446
v -0.089843 1.797767 0.251988
v -0.089843 1.797767 0.251988
v -0.027437 1.799675 0.266114
v -0.027437 1.799675 0.266114
v 0.036539 1.801582 0.265018
v 0.036539 1.801582 0.265018
v 0.098425 1.803490 0.248761
v 0.098425 1.803490 0.248761
v 0.154680 1.805398 0.218274
v 0.154680 1.805398 0.218274
v 0.202087 1.807306 0.175301
v 0.202087 1.807306 0.175301
v 0.237934 1.809214 0.122299
v 0.237934 1.809214 0.122299
v 0.260169 1.811122 0.062302
v 0.260169 1.811122 0.062302
v 0.267522 1.813030 -0.001260
v 0.267522 1.813030 -0.001260
v 0.259571 1.814937 -0.064749
v 0.259571 1.814937 -0.064749
v 0.236772 1.816845 -0.124534
v 0.236772 1.816845 -0.124534
v 0.200428 1.818753 -0.177196
v 0.200428 1.818753 -0.177196
v 0.152618 1.820661 -0.219721
v 0.152618 1.820661 -0.219721
v 0.096078 1.822569 -0.249677
v 0.096078 1.822569 -0.249677
v 0.034042 1.824477 -0.265350
v 0.034042 1.824477 -0.265350
v -0.029941 1.826385 -0.265844
v -0.029941 1.826385 -0.265844
v -0.092212 1.828292 -0.251131
v -0.092212 1.828292 -0.251131
v -0.149208 1.830200 -0.222051
v -0.149208 1.830200 -0.222051
v -0.197668 1.832108 -0.180269
v -0.197668 1.832108 -0.180269
v -0.234821 1.834016 -0.128175
v -0.234821 1.834016 -0.128175
v -0.258541 1.835924 -0.068749
v -0.258541 1.835924 -0.068749
v -0.267471 1.837832 -0.005390
v -0.267471 1.837832 -0.005390
v -0.267471 1.837832 -0.005390
v -0.261100 1.839740 0.058278
v -0.261100 1.839740 0.058278
v -0.239794 1.841648 0.118611
v -0.239794 1.841648 0.118611
v -0.204770 1.843555 0.172160
v -0.204770 1.843555 0.172160
v -0.158032 1.845463 0.215860
v -0.158032 1.845463 0.215860
v -0.102254 1.847371 0.247212
v -0.102254 1.847371 0.247212
v -0.040627 1.849279 0.264422
v -0.040627 1.849279 0.264422
v 0.023325 1.851187 0.266506
v 0.023325 1.851187 0.266506
v 0.085942 1.853095 0.253345
v 0.085942 1.853095 0.253345
v 0.143643 1.855003 0.225691
v 0.143643 1.855003 0.225691
v 0.193126 1.856910 0.185126
v 0.193126 1.856910 0.185126
v 0.231562 1.858818 0.133972
v 0.231562 1.858818 0.133972
v 0.256752 1.860726 0.075153
v 0.256752 1.860726 0.075153
v 0.267254 1.862634 0.012036
v 0.267254 1.862634 0.012036
v 0.262468 1.864542 -0.051770
v 0.262468 1.864542 -0.051770
v 0.242668 1.866450 -0.112615
v 0.242668 1.866450 -0.112615
v 0.208985 1.868358 -0.167017
v 0.208985 1.868358 -0.167017
v 0.163348 1.870265 -0.211866
v 0.163348 1.870265 -0.211866
v 0.108367 1.872173 -0.244594
v 0.108367 1.872173 -0.244594
v 0.047186 1.874081 -0.263331
v 0.047186 1.874081 -0.263331
v -0.016694 1.875989 -0.267004
v -0.016694 1.875989 -0.267004
v -0.079619 1.877897 -0.255403
v -0.079619 1.877897 -0.255403
v -0.137989 1.879805 -0.229191
v -0.137989 1.879805 -0.229191
v -0.188466 1.881713 -0.189869
v -0.188466 1.881713 -0.189869
v -0.228161 1.883621 -0.139686
v -0.228161 1.883621 -0.139686
v -0.254805 1.885528 -0.081512
v -0.254805 1.885528 -0.081512
v -0.266872 1.887436 -0.018674
v -0.266872 1.887436 -0.018674
v -0.266872 1.887436 -0.018674
v -0.263674 1.889344 0.045231
v -0.263674 1.889344 0.045231
v -0.245392 1.891252 0.106549
v -0.245392 1.891252 0.106549
v -0.213072 1.893160 0.161772
v -0.213072 1.893160 0.161772
v -0.168563 1.895068 0.207740
v -0.168563 1.895068 0.207740
v -0.114412 1.896976 0.241825
v -0.114412 1.896976 0.241825
v -0.053716 1.898883 0.262077
v -0.053716 1.898883 0.262077
v 0.010052 1.900791 0.267336
v 0.010052 1.900791 0.267336
v 0.073246 1.902699 0.257303
v 0.073246 1.902699 0.257303
v 0.132250 1.904607 0.232550
v 0.132250 1.904607 0.232550
v 0.183688 1.906515 0.194495
v 0.183688 1.906515 0.194495
v 0.224619 1.908423 0.145313
v 0.224619 1.908423 0.145313
v 0.252700 1.910331 0.087819
v 0.252700 1.910331 0.087819
v 0.266326 1.912238 0.025302
v 0.266326 1.912238 0.025302
v 0.264716 1.914146 -0.038663
v 0.264716 1.914146 -0.038663
v 0.247964 1.916054 -0.100417
v 0.247964 1.916054 -0.100417
v 0.217027 1.917962 -0.156426
v 0.217027 1.917962 -0.156426
v 0.173674 1.919870 -0.203487
v 0.173674 1.919870 -0.203487
v 0.120387 1.921778 -0.238907
v 0.120387 1.921778 -0.238907
v 0.060213 1.923686 -0.260661
v 0.060213 1.923686 -0.260661
v -0.003405 1.925593 -0.267503
v -0.003405 1.925593 -0.267503
v -0.066829 1.927501 -0.259044
v -0.066829 1.927501 -0.259044
v -0.126429 1.929409 -0.235765
v -0.126429 1.929409 -0.235765
v -0.178798 1.931317 -0.199000
v -0.178798 1.931317 -0.199000
v -0.220938 1.933225 -0.150851
v -0.220938 1.933225 -0.150851
v -0.250439 1.935133 -0.094073
v -0.250439 1.935133 -0.094073
v -0.265615 1.937041 -0.031913
v -0.265615 1.937041 -0.031913
v -0.265615 1.937041 -0.031913
v -0.265596 1.938948 0.032072
v -0.265596 1.938948 0.032072
v -0.250383 1.940856 0.094223
v -0.250383 1.940856 0.094223
v -0.220847 1.942764 0.150984
v -0.220847 1.942764 0.150984
v -0.178678 1.944672 0.199107
v -0.178678 1.944672 0.199107
v -0.126288 1.946580 0.235841
v -0.126288 1.946580 0.235841
v -0.066673 1.948488 0.259084
v -0.066673 1.948488 0.259084
v -0.003245 1.950396 0.267505
v -0.003245 1.950396 0.267505
v 0.060370 1.952303 0.260624
v 0.060370 1.952303 0.260624
v 0.120531 1.954211 0.238835
v 0.120531 1.954211 0.238835
v 0.173796 1.956119 0.203382
v 0.173796 1.956119 0.203382
v 0.217120 1.958027 0.156296
v 0.217120 1.958027 0.156296
v 0.248024 1.959935 0.100268
v 0.248024 1.959935 0.100268
v 0.264740 1.961843 0.038505
v 0.264740 1.961843 0.038505
v 0.266311 1.963751 -0.025461
v 0.266311 1.963751 -0.025461
v 0.252648 1.965659 -0.087971
v 0.252648 1.965659 -0.087971
v 0.224532 1.967566 -0.145448
v 0.224532 1.967566 -0.145448
v 0.183572 1.969474 -0.194605
v 0.183572 1.969474 -0.194605
v 0.132111 1.971382 -0.232629
v 0.132111 1.971382 -0.232629
v 0.073092 1.973290 -0.257346
v 0.073092 1.973290 -0.257346
v 0.009892 1.975198 -0.267342
v 0.009892 1.975198 -0.267342
v -0.053873 1.977106 -0.262044
v -0.053873 1.977106 -0.262044
v -0.114557 1.979014 -0.241757
v -0.114557 1.979014 -0.241757
v -0.168688 1.980921 -0.207639
v -0.168688 1.980921 -0.207639
v -0.213169 1.982829 -0.161644
v -0.213169 1.982829 -0.161644
v -0.245455 1.984737 -0.106402
v -0.245455 1.984737 -0.106402
v -0.263701 1.986645 -0.045073
v -0.263701 1.986645 -0.045073
v -0.266861 1.988553 0.018834
v -0.266861 1.988553 0.018834
v -0.266861 1.988553 0.018834
v -0.254756 1.990461 0.081664
v -0.254756 1.990461 0.081664
v -0.228077 1.992369 0.139823
v -0.228077 1.992369 0.139823
v -0.188352 1.994276 0.189982
v -0.188352 1.994276 0.189982
v -0.137852 1.996184 0.229274
v -0.137852 1.996184 0.229274
v -0.079466 1.998092 0.255450
v -0.079466 1.998092 0.255450
v 0.265720 2.000000 -0.131211
v 0.265720 2.000000 -0.131211
v 0.265720 2.000000 -0.131211
v 0.278376 2.000000 -0.096499
v 0.278376 2.000000 -0.096499
v 0.286581 2.000000 -0.060488
v 0.286581 2.000000 -0.060488
v 0.290185 2.000000 -0.023712
v 0.290185 2.000000 -0.023712
v 0.289098 2.000000 0.013195
v 0.289098 2.000000 0.013195
v 0.283314 2.000000 0.049672
v 0.283314 2.000000 0.049672
v 0.272937 2.000000 0.085002
v 0.272937 2.000000 0.085002
v 0.258086 2.000000 0.118726
v 0.258086 2.000000 0.118726
v 0.238953 2.000000 0.150296
v 0.238953 2.000000 0.150296
v 0.215933 2.000000 0.179015
v 0.215933 2.000000 0.179015
v 0.189323 2.000000 0.204487
v 0.189323 2.000000 0.204487
v 0.159533 2.000000 0.226254
v 0.159533 2.000000 0.226254
v 0.127208 2.000000 0.243816
v 0.127208 2.000000 0.243816
v 0.092785 2.000000 0.256913
v 0.092785 2.000000 0.256913
v 0.056874 2.000000 0.265260
v 0.056874 2.000000 0.265260
v 0.020263 2.000000 0.268652
v 0.020263 2.000000 0.268652
v 0.287874 0.048258 -0.070371
v 0.287874 0.048258 -0.070371
v 0.262930 0.050166 -0.136716
v 0.262930 0.050166 -0.136716
v 0.222945 0.052074 -0.195241
v 0.222945 0.052074 -0.195241
v 0.170206 0.053981 -0.242597
v 0.170206 0.053981 -0.242597
v 0.107731 0.055889 -0.276075
v 0.107731 0.055889 -0.276075
v 0.039094 0.057797 -0.293760
v 0.039094 0.057797 -0.293760
v -0.031780 0.059705 -0.294641
v -0.031780 0.059705 -0.294641
v -0.100837 0.061613 -0.278667
v -0.100837 0.061613 -0.278667
v -0.164124 0.063521 -0.246752
v -0.164124 0.063521 -0.246752
v -0.218023 0.065429 -0.200722
v -0.218023 0.065429 -0.200722
v -0.259450 0.067336 -0.143209
v -0.259450 0.067336 -0.143209
v -0.286036 0.069244 -0.077504
v -0.286036 0.069244 -0.077504
v -0.296258 0.071152 -0.007366
v -0.296258 0.071152 -0.007366
v -0.289534 0.073060 0.063194
v -0.289534 0.073060 0.063194
v -0.289534 0.073060 0.063194
v -0.266246 0.074968 0.130139
v -0.266246 0.074968 0.130139
v -0.227728 0.076876 0.189639
v -0.227728 0.076876 0.189639
v -0.176183 0.078784 0.238291
v -0.176183 0.078784 0.238291
v -0.114560 0.080692 0.273312
v -0.114560 0.080692 0.273312
v -0.046383 0.082599 0.292698
v -0.046383 0.082599 0.292698
v 0.024448 0.084507 0.295340
v 0.024448 0.084507 0.295340
v 0.093879 0.086415 0.281087
v 0.093879 0.086415 0.281087
v 0.157941 0.088323 0.250755
v 0.157941 0.088323 0.250755
v 0.212967 0.090231 0.206078
v 0.212967 0.090231 0.206078
v 0.255811 0.092139 0.149613
v 0.255811 0.092139 0.149613
v 0.284021 0.094047 0.084589
v 0.284021 0.094047 0.084589
v 0.295984 0.095954 0.014726
v 0.295984 0.095954 0.014726
v 0.291015 0.097862 -0.055979
v 0.291015 0.097862 -0.055979
v 0.269399 0.099770 -0.123482
v 0.269399 0.099770 -0.123482
v 0.232371 0.101678 -0.183921
v 0.232371 0.101678 -0.183921
v 0.182051 0.103586 -0.233839
v 0.182051 0.103586 -0.233839
v 0.121317 0.105494 -0.270380
v 0.121317 0.105494 -0.270380
v 0.053643 0.107402 -0.291455
v 0.053643 0.107402 -0.291455
v -0.017100 0.109309 -0.295856
v -0.017100 0.109309 -0.295856
v -0.086864 0.111217 -0.283334
v -0.086864 0.111217 -0.283334
v -0.151660 0.113125 -0.254603
v -0.151660 0.113125 -0.254603
v -0.207780 0.115033 -0.211308
v -0.207780 0.115033 -0.211308
v -0.252013 0.116941 -0.155925
v -0.252013 0.116941 -0.155925
v -0.281831 0.118849 -0.091622
v -0.281831 0.118849 -0.091622
v -0.295526 0.120757 -0.022078
v -0.295526 0.120757 -0.022078
v -0.292316 0.122664 0.048729
v -0.292316 0.122664 0.048729
v -0.292316 0.122664 0.048729
v -0.272384 0.124572 0.116748
v -0.272384 0.124572 0.116748
v -0.236871 0.126480 0.178089
v -0.236871 0.126480 0.178089
v -0.187807 0.128388 0.229242
v -0.187807 0.128388 0.229242
v -0.128000 0.130296 0.267281
v -0.128000 0.130296 0.267281
v -0.060870 0.132204 0.290031
v -0.060870 0.132204 0.290031
v 0.009741 0.134112 0.296190
v 0.009741 0.134112 0.296190
v 0.079795 0.136019 0.285405
v 0.079795 0.136019 0.285405
v 0.145285 0.137927 0.258294
v 0.145285 0.137927 0.258294
v 0.202464 0.139835 0.216407
v 0.202464 0.139835 0.216407
v 0.248060 0.141743 0.162140
v 0.248060 0.141743 0.162140
v 0.279467 0.143651 0.098598
v 0.279467 0.143651 0.098598
v 0.294886 0.145559 0.029417
v 0.294886 0.145559 0.029417
v 0.293437 0.147467 -0.041448
v 0.293437 0.147467 -0.041448
v 0.275202 0.149375 -0.109942
v 0.275202 0.149375 -0.109942
v 0.241224 0.151282 -0.172146
v 0.241224 0.151282 -0.172146
v 0.193447 0.153190 -0.224503
v 0.193447 0.153190 -0.224503
v 0.134603 0.155098 -0.264018
v 0.134603 0.155098 -0.264018
v 0.068060 0.157006 -0.288429
v 0.068060 0.157006 -0.288429
v -0.002377 0.158914 -0.296340
v -0.002377 0.158914 -0.296340
v -0.072677 0.160822 -0.287300
v -0.072677 0.160822 -0.287300
v -0.138820 0.162730 -0.261825
v -0.138820 0.162730 -0.261825
v -0.197022 0.164637 -0.221372
v -0.197022 0.164637 -0.221372
v -0.243954 0.166545 -0.168255
v -0.243954 0.166545 -0.168255
v -0.276930 0.168453 -0.105514
v -0.276930 0.168453 -0.105514
v -0.294064 0.170361 -0.036737
v -0.294064 0.170361 -0.036737
v -0.294377 0.172269 0.034142
v -0.294377 0.172269 0.034142
v -0.294377 0.172269 0.034142
v -0.277849 0.174177 0.103068
v -0.277849 0.174177 0.103068
v -0.245428 0.176085 0.166098
v -0.245428 0.176085 0.166098
v -0.198967 0.177992 0.219626
v -0.198967 0.177992 0.219626
v -0.141124 0.179900 0.260591
v -0.141124 0.179900 0.260591
v -0.075208 0.181808 0.286648
v -0.075208 0.181808 0.286648
v -0.004989 0.183716 0.296308
v -0.004989 0.183716 0.296308
v 0.065514 0.185624 0.289018
v 0.065514 0.185624 0.289018
v 0.132270 0.187532 0.265194
v 0.132270 0.187532 0.265194
v 0.191460 0.189440 0.226200
v 0.191460 0.189440 0.226200
v 0.239697 0.191347 0.174267
v 0.239697 0.191347 0.174267
v 0.274222 0.193255 0.112364
v 0.274222 0.193255 0.112364
v 0.293060 0.195163 0.044034
v 0.293060 0.195163 0.044034
v 0.295134 0.197071 -0.026815
v 0.295134 0.197071 -0.026815
v 0.280325 0.198979 -0.096131
v 0.280325 0.198979 -0.096131
v 0.249480 0.200887 -0.159947
v 0.249480 0.200887 -0.159947
v 0.204364 0.202795 -0.214613
v 0.204364 0.202795 -0.214613
v 0.147557 0.204702 -0.257003
v 0.147557 0.204702 -0.257003
v 0.082309 0.206610 -0.284690
v 0.082309 0.206610 -0.284690
v 0.012352 0.208518 -0.296092
v 0.012352 0.208518 -0.296092
v -0.058311 0.210426 -0.290557
v -0.058311 0.210426 -0.290557
v -0.125638 0.212334 -0.268400
v -0.125638 0.212334 -0.268400
v -0.185778 0.214242 -0.230889
v -0.185778 0.214242 -0.230889
v -0.235291 0.216150 -0.180170
v -0.235291 0.216150 -0.180170
v -0.271344 0.218058 -0.119145
v -0.271344 0.218058 -0.119145
v -0.291875 0.219965 -0.051304
v -0.291875 0.219965 -0.051304
v -0.295710 0.221873 0.019472
v -0.295710 0.221873 0.019472
v -0.295710 0.221873 0.019472
v -0.282628 0.223781 0.089134
v -0.282628 0.223781 0.089134
v -0.253378 0.225689 0.153697
v -0.253378 0.225689 0.153697
v -0.209635 0.227597 0.209468
v -0.209635 0.227597 0.209468
v -0.153899 0.229505 0.253256
v -0.153899 0.229505 0.253256
v -0.089359 0.231413 0.282557
v -0.089359 0.231413 0.282557
v -0.019708 0.233320 0.295694
v -0.019708 0.233320 0.295694
v 0.051071 0.235228 0.291916
v 0.051071 0.235228 0.291916
v 0.118928 0.237136 0.271439
v 0.118928 0.237136 0.271439
v 0.179983 0.239044 0.235435
v 0.179983 0.239044 0.235435
v 0.230741 0.240952 0.185963
v 0.230741 0.240952 0.185963
v 0.268299 0.242860 0.125852
v 0.268299 0.242860 0.125852
v 0.290510 0.244768 0.058542
v 0.290510 0.244768 0.058542
v 0.296102 0.246675 -0.012116
v 0.296102 0.246675 -0.012116
v 0.284756 0.248583 -0.082082
v 0.284756 0.248583 -0.082082
v 0.257120 0.250491 -0.147352
v 0.257120 0.250491 -0.147352
v 0.214776 0.252399 -0.204193
v 0.214776 0.252399 -0.204193
v 0.160146 0.254307 -0.249353
v 0.160146 0.254307 -0.249353
v 0.096354 0.256215 -0.280248
v 0.096354 0.256215 -0.280248
v 0.027051 0.258123 -0.295113
v 0.027051 0.258123 -0.295113
v -0.043800 0.260030 -0.293095
v -0.043800 0.260030 -0.293095
v -0.112145 0.261938 -0.274311
v -0.112145 0.261938 -0.274311
v -0.174075 0.263846 -0.239836
v -0.174075 0.263846 -0.239836
v -0.226047 0.265754 -0.191640
v -0.226047 0.265754 -0.191640
v -0.265089 0.267662 -0.132482
v -0.265089 0.267662 -0.132482
v -0.288965 0.269570 -0.065745
v -0.288965 0.269570 -0.065745
v -0.296312 0.271478 0.004753
v -0.296312 0.271478 0.004753
v -0.296312 0.271478 0.004753
v -0.286708 0.273385 0.074979
v -0.286708 0.273385 0.074979
v -0.260703 0.275293 0.140916
v -0.260703 0.275293 0.140916
v -0.219785 0.277201 0.198791
v -0.219785 0.277201 0.198791
v -0.166294 0.279109 0.245295
v -0.166294 0.279109 0.245295
v -0.103290 0.281017 0.277767
v -0.103290 0.281017 0.277767
v -0.034377 0.282925 0.294349
v -0.034377 0.282925 0.294349
v 0.036502 0.284833 0.294093
v 0.036502 0.284833 0.294093
v 0.105293 0.286741 0.277014
v 0.105293 0.286741 0.277014
v 0.168061 0.288648 0.244088
v 0.168061 0.288648 0.244088
v 0.221215 0.290556 0.197199
v 0.221215 0.290556 0.197199
v 0.261714 0.292464 0.139029
v 0.261714 0.292464 0.139029
v 0.287242 0.294372 0.072906
v 0.287242 0.294372 0.072906
v 0.296338 0.296280 0.002613
v 0.296338 0.296280 0.002613
v 0.288483 0.298188 -0.067830
v 0.288483 0.298188 -0.067830
v 0.264125 0.300096 -0.134393
v 0.264125 0.300096 -0.134393
v 0.224658 0.302003 -0.193267
v 0.224658 0.302003 -0.193267
v 0.172339 0.303911 -0.241086
v 0.172339 0.303911 -0.241086
v 0.110161 0.305819 -0.275114
v 0.110161 0.305819 -0.275114
v 0.041682 0.307727 -0.293404
v 0.041682 0.307727 -0.293404
v -0.029181 0.309635 -0.294910
v -0.029181 0.309635 -0.294910
v -0.098376 0.311543 -0.279545
v -0.098376 0.311543 -0.279545
v -0.161942 0.313451 -0.248190
v -0.161942 0.313451 -0.248190
v -0.216245 0.315358 -0.202636
v -0.216245 0.315358 -0.202636
v -0.258178 0.317266 -0.145491
v -0.258178 0.317266 -0.145491
v -0.285341 0.319174 -0.080023
v -0.285341 0.319174 -0.080023
v -0.296182 0.321082 -0.009977
v -0.296182 0.321082 -0.009977
v -0.290080 0.322990 0.060639
v -0.290080 0.322990 0.060639
v -0.290080 0.322990 0.060639
v -0.267383 0.324898 0.127787
v -0.267383 0.324898 0.127787
v -0.229392 0.326806 0.187624
v -0.229392 0.326806 0.187624
v -0.178278 0.328713 0.236729
v -0.178278 0.328713 0.236729
v -0.116965 0.330621 0.272291
v -0.116965 0.330621 0.272291
v -0.048962 0.332529 0.292277
v -0.048962 0.332529 0.292277
v 0.021843 0.334437 0.295544
v 0.021843 0.334437 0.295544
v 0.091397 0.336345 0.281904
v 0.091397 0.336345 0.281904
v 0.155724 0.338253 0.252138
v 0.155724 0.338253 0.252138
v 0.211142 0.340161 0.207948
v 0.211142 0.340161 0.207948
v 0.254482 0.342068 0.151863
v 0.254482 0.342068 0.151863
v 0.283264 0.343976 0.087090
v 0.283264 0.343976 0.087090
v 0.295843 0.345884 0.017336
v 0.295843 0.345884 0.017336
v 0.291497 0.347792 -0.053411
v 0.291497 0.347792 -0.053411
v 0.270477 0.349700 -0.121101
v 0.270477 0.349700 -0.121101
v 0.233984 0.351608 -0.181865
v 0.233984 0.351608 -0.181865
v 0.184106 0.353516 -0.232225
v 0.184106 0.353516 -0.232225
v 0.123696 0.355424 -0.269300
v 0.123696 0.355424 -0.269300
v 0.056211 0.357331 -0.290970
v 0.056211 0.357331 -0.290970
v -0.014490 0.359239 -0.295996
v -0.014490 0.359239 -0.295996
v -0.084363 0.361147 -0.284088
v -0.084363 0.361147 -0.284088
v -0.149409 0.363055 -0.255930
v -0.149409 0.363055 -0.255930
v -0.205908 0.364963 -0.213132
v -0.205908 0.364963 -0.213132
v -0.250629 0.366871 -0.158141
v -0.250629 0.366871 -0.158141
v -0.281012 0.368779 -0.094104
v -0.281012 0.368779 -0.094104
v -0.295320 0.370686 -0.024683
v -0.295320 0.370686 -0.024683
v -0.292735 0.372594 0.046149
v -0.292735 0.372594 0.046149
v -0.292735 0.372594 0.046149
v -0.273403 0.374502 0.114342
v -0.273403 0.374502 0.114342
v -0.238432 0.376410 0.175993
v -0.238432 0.376410 0.175993
v -0.189821 0.378318 0.227577
v -0.189821 0.378318 0.227577
v -0.130351 0.380226 0.266142
v -0.130351 0.380226 0.266142
v -0.063425 0.382134 0.289483
v -0.063425 0.382134 0.289483
v 0.007129 0.384041 0.296264
v 0.007129 0.384041 0.296264
v 0.077276 0.385949 0.286097
v 0.077276 0.385949 0.286097
v 0.143002 0.387857 0.259565
v 0.143002 0.387857 0.259565
v 0.200548 0.389765 0.218183
v 0.200548 0.389765 0.218183
v 0.246621 0.391673 0.164321
v 0.246621 0.391673 0.164321
v 0.278587 0.393581 0.101059
v 0.278587 0.393581 0.101059
v 0.294616 0.395489 0.032015
v 0.294616 0.395489 0.032015
v 0.293791 0.397396 -0.038859
v 0.293791 0.397396 -0.038859
v 0.276161 0.399304 -0.107511
v 0.276161 0.399304 -0.107511
v 0.242732 0.401212 -0.170013
v 0.242732 0.401212 -0.170013
v 0.195419 0.403120 -0.222789
v 0.195419 0.403120 -0.222789
v 0.136926 0.405028 -0.262820
v 0.136926 0.405028 -0.262820
v 0.070601 0.406936 -0.287817
v 0.070601 0.406936 -0.287817
v 0.000236 0.408844 -0.296350
v 0.000236 0.408844 -0.296350
v -0.070141 0.410752 -0.287930
v -0.070141 0.410752 -0.287930
v -0.136506 0.412659 -0.263039
v -0.136506 0.412659 -0.263039
v -0.195063 0.414567 -0.223100
v -0.195063 0.414567 -0.223100
v -0.242461 0.416475 -0.170400
v -0.242461 0.416475 -0.170400
v -0.275989 0.418383 -0.107952
v -0.275989 0.418383 -0.107952
v -0.293729 0.420291 -0.039328
v -0.293729 0.420291 -0.039328
v -0.294666 0.422199 0.031545
v -0.294666 0.422199 0.031545
v -0.294666 0.422199 0.031545
v -0.278747 0.424107 0.100614
v -0.278747 0.424107 0.100614
v -0.246883 0.426014 0.163927
v -0.246883 0.426014 0.163927
v -0.200895 0.427922 0.217863
v -0.200895 0.427922 0.217863
v -0.143416 0.429830 0.259336
v -0.143416 0.429830 0.259336
v -0.077732 0.431738 0.285974
v -0.077732 0.431738 0.285974
v -0.007602 0.433646 0.296252
v -0.007602 0.433646 0.296252
v 0.062963 0.435554 0.289584
v 0.062963 0.435554 0.289584
v 0.129927 0.437462 0.266350
v 0.129927 0.437462 0.266350
v 0.189458 0.439369 0.227880
v 0.189458 0.439369 0.227880
v 0.238151 0.441277 0.176373
v 0.238151 0.441277 0.176373
v 0.273220 0.443185 0.114778
v 0.273220 0.443185 0.114778
v 0.292661 0.445093 0.046616
v 0.292661 0.445093 0.046616
v 0.295359 0.447001 -0.024212
v 0.295359 0.447001 -0.024212
v 0.281162 0.448909 -0.093655
v 0.281162 0.448909 -0.093655
v 0.250881 0.450817 -0.157741
v 0.250881 0.450817 -0.157741
v 0.206248 0.452724 -0.212803
v 0.206248 0.452724 -0.212803
v 0.149817 0.454632 -0.255692
v 0.149817 0.454632 -0.255692
v 0.084816 0.456540 -0.283954
v 0.084816 0.456540 -0.283954
v 0.014963 0.458448 -0.295972
v 0.014963 0.458448 -0.295972
v -0.055747 0.460356 -0.291060
v -0.055747 0.460356 -0.291060
v -0.123267 0.462264 -0.269497
v -0.123267 0.462264 -0.269497
v -0.183735 0.464172 -0.232518
v -0.183735 0.464172 -0.232518
v -0.233694 0.466080 -0.182238
v -0.233694 0.466080 -0.182238
v -0.270283 0.467987 -0.121533
v -0.270283 0.467987 -0.121533
v -0.291412 0.469895 -0.053876
v -0.291412 0.469895 -0.053876
v -0.295870 0.471803 0.016864
v -0.295870 0.471803 0.016864
v -0.295870 0.471803 0.016864
v -0.283403 0.473711 0.086638
v -0.283403 0.473711 0.086638
v -0.254724 0.475619 0.151457
v -0.254724 0.475619 0.151457
v -0.211473 0.477527 0.207611
v -0.211473 0.477527 0.207611
v -0.156126 0.479435 0.251889
v -0.156126 0.479435 0.251889
v -0.091847 0.481342 0.281758
v -0.091847 0.481342 0.281758
v -0.022314 0.483250 0.295509
v -0.022314 0.483250 0.295509
v 0.048495 0.485158 0.292355
v 0.048495 0.485158 0.292355
v 0.116531 0.487066 0.272477
v 0.116531 0.487066 0.272477
v 0.177900 0.488974 0.237013
v 0.177900 0.488974 0.237013
v 0.229092 0.490882 0.187990
v 0.229092 0.490882 0.187990
v 0.267179 0.492790 0.128213
v 0.267179 0.492790 0.128213
v 0.289983 0.494697 0.061102
v 0.289983 0.494697 0.061102
v 0.296198 0.496605 -0.009505
v 0.296198 0.496605 -0.009505
v 0.285469 0.498513 -0.079568
v 0.285469 0.498513 -0.079568
v 0.258409 0.500421 -0.145079
v 0.258409 0.500421 -0.145079
v 0.216568 0.502329 -0.202291
v 0.216568 0.502329 -0.202291
v 0.162338 0.504237 -0.247931
v 0.162338 0.504237 -0.247931
v 0.098821 0.506145 -0.279388
v 0.098821 0.506145 -0.279388
v 0.029652 0.508052 -0.294863
v 0.029652 0.508052 -0.294863
v -0.041214 0.509960 -0.293470
v -0.041214 0.509960 -0.293470
v -0.109722 0.511868 -0.275290
v -0.109722 0.511868 -0.275290
v -0.171954 0.513776 -0.241361
v -0.171954 0.513776 -0.241361
v -0.224349 0.515684 -0.193626
v -0.224349 0.515684 -0.193626
v -0.263910 0.517592 -0.134814
v -0.263910 0.517592 -0.134814
v -0.288374 0.519500 -0.068290
v -0.288374 0.519500 -0.068290
v -0.296342 0.521407 0.002140
v -0.296342 0.521407 0.002140
v -0.296342 0.521407 0.002140
v -0.287358 0.523315 0.072448
v -0.287358 0.523315 0.072448
v -0.261935 0.525223 0.138612
v -0.261935 0.525223 0.138612
v -0.221529 0.527131 0.196846
v -0.221529 0.527131 0.196846
v -0.168450 0.529039 0.243819
v -0.168450 0.529039 0.243819
v -0.105735 0.530947 0.276846
v -0.105735 0.530947 0.276846
v -0.036971 0.532855 0.294035
v -0.036971 0.532855 0.294035
v 0.033907 0.534763 0.294404
v 0.033907 0.534763 0.294404
v 0.102846 0.536670 0.277932
v 0.102846 0.536670 0.277932
v 0.165902 0.538578 0.245560
v 0.165902 0.538578 0.245560
v 0.219467 0.540486 0.199142
v 0.219467 0.540486 0.199142
v 0.260478 0.542394 0.141331
v 0.260478 0.542394 0.141331
v 0.286588 0.544302 0.075436
v 0.286588 0.544302 0.075436
v 0.296304 0.546210 0.005226
v 0.296304 0.546210 0.005226
v 0.289070 0.548118 -0.065284
v 0.289070 0.548118 -0.065284
v 0.265300 0.550025 -0.132059
v 0.265300 0.550025 -0.132059
v 0.226353 0.551933 -0.191279
v 0.226353 0.551933 -0.191279
v 0.174458 0.553841 -0.239558
v 0.174458 0.553841 -0.239558
v 0.112583 0.555749 -0.274132
v 0.112583 0.555749 -0.274132
v 0.044268 0.557657 -0.293025
v 0.044268 0.557657 -0.293025
v -0.026580 0.559565 -0.295156
v -0.026580 0.559565 -0.295156
v -0.095907 0.561473 -0.280402
v -0.095907 0.561473 -0.280402
v -0.159748 0.563380 -0.249608
v -0.159748 0.563380 -0.249608
v -0.214450 0.565288 -0.204535
v -0.214450 0.565288 -0.204535
v -0.256885 0.567196 -0.147762
v -0.256885 0.567196 -0.147762
v -0.284625 0.569104 -0.082536
v -0.284625 0.569104 -0.082536
v -0.296082 0.571012 -0.012588
v -0.296082 0.571012 -0.012588
v -0.290603 0.572920 0.058079
v -0.290603 0.572920 0.058079
v -0.290603 0.572920 0.058079
v -0.268500 0.574828 0.125424
v -0.268500 0.574828 0.125424
v -0.231037 0.576735 0.185594
v -0.231037 0.576735 0.185594
v -0.180358 0.578643 0.235148
v -0.180358 0.578643 0.235148
v -0.119361 0.580551 0.271249
v -0.119361 0.580551 0.271249
v -0.051537 0.582459 0.291834
v -0.051537 0.582459 0.291834
v 0.019236 0.584367 0.295725
v 0.019236 0.584367 0.295725
v 0.088908 0.586275 0.282699
v 0.088908 0.586275 0.282699
v 0.153494 0.588183 0.253501
v 0.153494 0.588183 0.253501
v 0.209300 0.590090 0.209802
v 0.209300 0.590090 0.209802
v 0.253133 0.591998 0.154101
v 0.253133 0.591998 0.154101
v 0.282485 0.593906 0.089584
v 0.282485 0.593906 0.089584
v 0.295678 0.595814 0.019943
v 0.295678 0.595814 0.019943
v 0.291957 0.597722 -0.050838
v 0.291957 0.597722 -0.050838
v 0.271534 0.599630 -0.118712
v 0.271534 0.599630 -0.118712
v 0.235578 0.601538 -0.179795
v 0.235578 0.601538 -0.179795
v 0.186147 0.603446 -0.230592
v 0.186147 0.603446 -0.230592
v 0.126066 0.605353 -0.268199
v 0.126066 0.605353 -0.268199
v 0.058774 0.607261 -0.290463
v 0.058774 0.607261 -0.290463
v -0.011880 0.609169 -0.296112
v -0.011880 0.609169 -0.296112
v -0.081854 0.611077 -0.284821
v -0.081854 0.611077 -0.284821
v -0.147147 0.612985 -0.257238
v -0.147147 0.612985 -0.257238
v -0.204021 0.614893 -0.214939
v -0.204021 0.614893 -0.214939
v -0.249225 0.616801 -0.160344
v -0.249225 0.616801 -0.160344
v -0.280172 0.618708 -0.096578
v -0.280172 0.618708 -0.096578
v -0.295091 0.620616 -0.027286
v -0.295091 0.620616 -0.027286
v -0.293130 0.622524 0.043566
v -0.293130 0.622524 0.043566
v -0.293130 0.622524 0.043566
v -0.274401 0.624432 0.111927
v -0.274401 0.624432 0.111927
v -0.239974 0.626340 0.173884
v -0.239974 0.626340 0.173884
v -0.191820 0.628248 0.225895
v -0.191820 0.628248 0.225895
v -0.132693 0.630156 0.264983
v -0.132693 0.630156 0.264983
v -0.065975 0.632063 0.288913
v -0.065975 0.632063 0.288913
v 0.004517 0.633971 0.296316
v 0.004517 0.633971 0.296316
v 0.074750 0.635879 0.286768
v 0.074750 0.635879 0.286768
v 0.140708 0.637787 0.260815
v 0.140708 0.637787 0.260815
v 0.198616 0.639695 0.219943
v 0.198616 0.639695 0.219943
v 0.245163 0.641603 0.166489
v 0.245163 0.641603 0.166489
v 0.277685 0.643511 0.103511
v 0.277685 0.643511 0.103511
v 0.294322 0.645418 0.034612
v 0.294322 0.645418 0.034612
v 0.294122 0.647326 -0.036267
v 0.294122 0.647326 -0.036267
v 0.277098 0.649234 -0.105072
v 0.277098 0.649234 -0.105072
v 0.244222 0.651142 -0.167866
v 0.244222 0.651142 -0.167866
v 0.197375 0.653050 -0.221057
v 0.197375 0.653050 -0.221057
v 0.139238 0.654958 -0.261603
v 0.139238 0.654958 -0.261603
v 0.073136 0.656866 -0.287184
v 0.073136 0.656866 -0.287184
v 0.002849 0.658773 -0.296336
v 0.002849 0.658773 -0.296336
v -0.067600 0.660681 -0.288537
v -0.067600 0.660681 -0.288537
v -0.134182 0.662589 -0.264232
v -0.134182 0.662589 -0.264232
v -0.193088 0.664497 -0.224812
v -0.193088 0.664497 -0.224812
v -0.240949 0.666405 -0.172531
v -0.240949 0.666405 -0.172531
v -0.275026 0.668313 -0.110381
v -0.275026 0.668313 -0.110381
v -0.293371 0.670221 -0.041916
v -0.293371 0.670221 -0.041916
v -0.294933 0.672128 0.028946
v -0.294933 0.672128 0.028946
v -0.294933 0.672128 0.028946
v -0.279624 0.674036 0.098153
v -0.279624 0.674036 0.098153
v -0.248319 0.675944 0.161744
v -0.248319 0.675944 0.161744
v -0.202809 0.677852 0.216083
v -0.202809 0.677852 0.216083
v -0.145697 0.679760 0.258062
v -0.145697 0.679760 0.258062
v -0.080251 0.681668 0.285277
v -0.080251 0.681668 0.285277
v -0.010214 0.683576 0.296174
v -0.010214 0.683576 0.296174
v 0.060408 0.685484 0.290128
v 0.060408 0.685484 0.290128
v 0.127573 0.687391 0.267485
v 0.127573 0.687391 0.267485
v 0.187441 0.689299 0.229541
v 0.187441 0.689299 0.229541
v 0.236586 0.691207 0.178466
v 0.236586 0.691207 0.178466
v 0.272198 0.693115 0.117182
v 0.272198 0.693115 0.117182
v 0.292238 0.695023 0.049195
v 0.292238 0.695023 0.049195
v 0.295561 0.696931 -0.021607
v 0.295561 0.696931 -0.021607
v 0.281977 0.698839 -0.091172
v 0.281977 0.698839 -0.091172
v 0.252262 0.700746 -0.155523
v 0.252262 0.700746 -0.155523
v 0.208116 0.702654 -0.210976
v 0.208116 0.702654 -0.210976
v 0.152066 0.704562 -0.254361
v 0.152066 0.704562 -0.254361
v 0.087316 0.706470 -0.283195
v 0.087316 0.706470 -0.283195
v 0.017572 0.708378 -0.295829
v 0.017572 0.708378 -0.295829
v -0.053178 0.710286 -0.291540
v -0.053178 0.710286 -0.291540
v -0.120886 0.712194 -0.270573
v -0.120886 0.712194 -0.270573
v -0.181678 0.714101 -0.234129
v -0.181678 0.714101 -0.234129
v -0.232078 0.716009 -0.184291
v -0.232078 0.716009 -0.184291
v -0.269201 0.717917 -0.123911
v -0.269201 0.717917 -0.123911
v -0.290925 0.719825 -0.056443
v -0.290925 0.719825 -0.056443
v -0.296007 0.721733 0.014254
v -0.296007 0.721733 0.014254
v -0.296007 0.721733 0.014254
v -0.284156 0.723641 0.084136
v -0.284156 0.723641 0.084136
v -0.256049 0.725549 0.149205
v -0.256049 0.725549 0.149205
v -0.213296 0.727457 0.205738
v -0.213296 0.727457 0.205738
v -0.158341 0.729364 0.250503
v -0.158341 0.729364 0.250503
v -0.094328 0.731272 0.280937
v -0.094328 0.731272 0.280937
v -0.024919 0.733180 0.295300
v -0.024919 0.733180 0.295300
v 0.045916 0.735088 0.292771
v 0.045916 0.735088 0.292771
v 0.114124 0.736996 0.273494
v 0.114124 0.736996 0.273494
v 0.175803 0.738904 0.238572
v 0.175803 0.738904 0.238572
v 0.227426 0.740812 0.190002
v 0.227426 0.740812 0.190002
v 0.266038 0.742719 0.130564
v 0.266038 0.742719 0.130564
v 0.289433 0.744627 0.063656
v 0.289433 0.744627 0.063656
v 0.296270 0.746535 -0.006893
v 0.296270 0.746535 -0.006893
v 0.286159 0.748443 -0.077048
v 0.286159 0.748443 -0.077048
v 0.259679 0.750351 -0.142795
v 0.259679 0.750351 -0.142795
v 0.218343 0.752259 -0.200373
v 0.218343 0.752259 -0.200373
v 0.164518 0.754167 -0.246490
v 0.164518 0.754167 -0.246490
v 0.101281 0.756074 -0.278506
v 0.101281 0.756074 -0.278506
v 0.032250 0.757982 -0.294590
v 0.032250 0.757982 -0.294590
v -0.038625 0.759890 -0.293822
v -0.038625 0.759890 -0.293822
v -0.107291 0.761798 -0.276246
v -0.107291 0.761798 -0.276246
v -0.169819 0.763706 -0.242868
v -0.169819 0.763706 -0.242868
v -0.222633 0.765614 -0.195596
v -0.222633 0.765614 -0.195596
v -0.262711 0.767522 -0.137136
v -0.262711 0.767522 -0.137136
v -0.287761 0.769429 -0.070830
v -0.287761 0.769429 -0.070830
v -0.296350 0.771337 -0.000473
v -0.296350 0.771337 -0.000473
v -0.287986 0.773245 0.069912
v -0.287986 0.773245 0.069912
v -0.287986 0.773245 0.069912
v -0.263147 0.775153 0.136297
v -0.263147 0.775153 0.136297
v -0.223256 0.777061 0.194885
v -0.223256 0.777061 0.194885
v -0.170593 0.778969 0.242325
v -0.170593 0.778969 0.242325
v -0.108172 0.780877 0.275903
v -0.108172 0.780877 0.275903
v -0.039562 0.782784 0.293697
v -0.039562 0.782784 0.293697
v 0.031310 0.784692 0.294691
v 0.031310 0.784692 0.294691
v 0.100392 0.786600 0.278828
v 0.100392 0.786600 0.278828
v 0.163730 0.788508 0.247014
v 0.163730 0.788508 0.247014
v 0.217703 0.790416 0.201069
v 0.217703 0.790416 0.201069
v 0.259222 0.792324 0.143623
v 0.259222 0.792324 0.143623
v 0.285912 0.794232 0.077960
v 0.285912 0.794232 0.077960
v 0.296246 0.796139 0.007838
v 0.296246 0.796139 0.007838
v 0.289634 0.798047 -0.062732
v 0.289634 0.798047 -0.062732
v 0.266454 0.799955 -0.129714
v 0.266454 0.799955 -0.129714
v 0.228031 0.801863 -0.189276
v 0.228031 0.801863 -0.189276
v 0.176563 0.803771 -0.238010
v 0.176563 0.803771 -0.238010
v 0.114996 0.805679 -0.273129
v 0.114996 0.805679 -0.273129
v 0.046850 0.807587 -0.292623
v 0.046850 0.807587 -0.292623
v -0.023976 0.809495 -0.295379
v -0.023976 0.809495 -0.295379
v -0.093431 0.811402 -0.281237
v -0.093431 0.811402 -0.281237
v -0.157541 0.813310 -0.251007
v -0.157541 0.813310 -0.251007
v -0.212638 0.815218 -0.206418
v -0.212638 0.815218 -0.206418
v -0.255572 0.817126 -0.150021
v -0.255572 0.817126 -0.150021
v -0.283886 0.819034 -0.085042
v -0.283886 0.819034 -0.085042
v -0.295960 0.820942 -0.015199
v -0.295960 0.820942 -0.015199
v -0.291104 0.822850 0.055514
v -0.291104 0.822850 0.055514
v -0.291104 0.822850 0.055514
v -0.269595 0.824757 0.123052
v -0.269595 0.824757 0.123052
v -0.232664 0.826665 0.183550
v -0.232664 0.826665 0.183550
v -0.182424 0.828573 0.233548
v -0.182424 0.828573 0.233548
v -0.121748 0.830481 0.270186
v -0.121748 0.830481 0.270186
v -0.054108 0.832389 0.291369
v -0.054108 0.832389 0.291369
v 0.016628 0.834297 0.295883
v 0.016628 0.834297 0.295883
v 0.086412 0.836205 0.283472
v 0.086412 0.836205 0.283472
v 0.151253 0.838112 0.254845
v 0.151253 0.838112 0.254845
v 0.207442 0.840020 0.211639
v 0.207442 0.840020 0.211639
v 0.251764 0.841928 0.156327
v 0.251764 0.841928 0.156327
v 0.281684 0.843836 0.092072
v 0.281684 0.843836 0.092072
v 0.295491 0.845744 0.022550
v 0.295491 0.845744 0.022550
v 0.292394 0.847652 -0.048262
v 0.292394 0.847652 -0.048262
v 0.272570 0.849560 -0.116313
v 0.272570 0.849560 -0.116313
v 0.237155 0.851467 -0.177711
v 0.237155 0.851467 -0.177711
v 0.188172 0.853375 -0.228942
v 0.188172 0.853375 -0.228942
v 0.128426 0.855283 -0.267077
v 0.128426 0.855283 -0.267077
v 0.061333 0.857191 -0.289934
v 0.061333 0.857191 -0.289934
v -0.009269 0.859099 -0.296205
v -0.009269 0.859099 -0.296205
v -0.079340 0.861007 -0.285532
v -0.079340 0.861007 -0.285532
v -0.144873 0.862915 -0.258525
v -0.144873 0.862915 -0.258525
v -0.202118 0.864823 -0.216729
v -0.202118 0.864823 -0.216729
v -0.247801 0.866730 -0.162536
v -0.247801 0.866730 -0.162536
v -0.279309 0.868638 -0.099044
v -0.279309 0.868638 -0.099044
v -0.294839 0.870546 -0.029887
v -0.294839 0.870546 -0.029887
v -0.293503 0.872454 0.040980
v -0.293503 0.872454 0.040980
v -0.293503 0.872454 0.040980
v -0.275377 0.874362 0.109503
v -0.275377 0.874362 0.109503
v -0.241498 0.876270 0.171761
v -0.241498 0.876270 0.171761
v -0.193804 0.878178 0.224194
v -0.193804 0.878178 0.224194
v -0.135024 0.880085 0.263802
v -0.135024 0.880085 0.263802
v -0.068520 0.881993 0.288320
v -0.068520 0.881993 0.288320
v 0.001904 0.883901 0.296344
v 0.001904 0.883901 0.296344
v 0.072219 0.885809 0.287416
v 0.072219 0.885809 0.287416
v 0.138403 0.887717 0.262046
v 0.138403 0.887717 0.262046
v 0.196669 0.889625 0.221686
v 0.196669 0.889625 0.221686
v 0.243685 0.891533 0.168644
v 0.243685 0.891533 0.168644
v 0.276761 0.893440 0.105956
v 0.276761 0.893440 0.105956
v 0.294005 0.895348 0.037206
v 0.294005 0.895348 0.037206
v 0.294431 0.897256 -0.033673
v 0.294431 0.897256 -0.033673
v 0.278013 0.899164 -0.102625
v 0.278013 0.899164 -0.102625
v 0.245693 0.901072 -0.165706
v 0.245693 0.901072 -0.165706
v 0.199317 0.902980 -0.219308
v 0.199317 0.902980 -0.219308
v 0.141539 0.904888 -0.260365
v 0.141539 0.904888 -0.260365
v 0.075665 0.906795 -0.286528
v 0.075665 0.906795 -0.286528
v 0.005462 0.908703 -0.296300
v 0.005462 0.908703 -0.296300
v -0.065053 0.910611 -0.289122
v -0.065053 0.910611 -0.289122
v -0.131847 0.912519 -0.265405
v -0.131847 0.912519 -0.265405
v -0.191098 0.914427 -0.226505
v -0.191098 0.914427 -0.226505
v -0.239418 0.916335 -0.174649
v -0.239418 0.916335 -0.174649
v -0.274042 0.918243 -0.112801
v -0.274042 0.918243 -0.112801
v -0.292990 0.920150 -0.044501
v -0.292990 0.920150 -0.044501
v -0.295177 0.922058 0.026344
v -0.295177 0.922058 0.026344
v -0.295177 0.922058 0.026344
v -0.280478 0.923966 0.095683
v -0.280478 0.923966 0.095683
v -0.249735 0.925874 0.159548
v -0.249735 0.925874 0.159548
v -0.204706 0.927782 0.214287
v -0.204706 0.927782 0.214287
v -0.147967 0.929690 0.256767
v -0.147967 0.929690 0.256767
v -0.082763 0.931598 0.284559
v -0.082763 0.931598 0.284559
v -0.012825 0.933506 0.296072
v -0.012825 0.933506 0.296072
v 0.057847 0.935413 0.290649
v 0.057847 0.935413 0.290649
v 0.125210 0.937321 0.268600
v 0.125210 0.937321 0.268600
v 0.185410 0.939229 0.231185
v 0.185410 0.939229 0.231185
v 0.235004 0.941137 0.180545
v 0.235004 0.941137 0.180545
v 0.271154 0.943045 0.119578
v 0.271154 0.943045 0.119578
v 0.291793 0.944953 0.051770
v 0.291793 0.944953 0.051770
v 0.295740 0.946861 -0.019000
v 0.295740 0.946861 -0.019000
v 0.282770 0.948768 -0.088683
v 0.282770 0.948768 -0.088683
v 0.253623 0.950676 -0.153292
v 0.253623 0.950676 -0.153292
v 0.209969 0.952584 -0.209133
v 0.209969 0.952584 -0.209133
v 0.154303 0.954492 -0.253010
v 0.154303 0.954492 -0.253010
v 0.089810 0.956400 -0.282414
v 0.089810 0.956400 -0.282414
v 0.020179 0.958308 -0.295662
v 0.020179 0.958308 -0.295662
v -0.050605 0.960216 -0.291997
v -0.050605 0.960216 -0.291997
v -0.118495 0.962123 -0.271629
v -0.118495 0.962123 -0.271629
v -0.179607 0.964031 -0.235722
v -0.179607 0.964031 -0.235722
v -0.230444 0.965939 -0.186330
v -0.230444 0.965939 -0.186330
v -0.268098 0.967847 -0.126280
v -0.268098 0.967847 -0.126280
v -0.290416 0.969755 -0.059006
v -0.290416 0.969755 -0.059006
v -0.296121 0.971663 0.011644
v -0.296121 0.971663 0.011644
v -0.296121 0.971663 0.011644
v -0.284886 0.973571 0.081627
v -0.284886 0.973571 0.081627
v -0.257355 0.975478 0.146941
v -0.257355 0.975478 0.146941
v -0.215101 0.977386 0.203850
v -0.215101 0.977386 0.203850
v -0.160543 0.979294 0.249097
v -0.160543 0.979294 0.249097
v -0.096801 0.981202 0.280094
v -0.096801 0.981202 0.280094
v -0.027521 0.983110 0.295069
v -0.027521 0.983110 0.295069
v 0.043332 0.985018 0.293165
v 0.043332 0.985018 0.293165
v 0.111708 0.986926 0.274490
v 0.111708 0.986926 0.274490
v 0.173693 0.988833 0.240113
v 0.173693 0.988833 0.240113
v 0.225741 0.990741 0.192000
v 0.225741 0.990741 0.192000
v 0.264877 0.992649 0.132904
v 0.264877 0.992649 0.132904
v 0.288860 0.994557 0.066206
v 0.288860 0.994557 0.066206
v 0.296319 0.996465 -0.004280
v 0.296319 0.996465 -0.004280
v 0.286827 0.998373 -0.074521
v 0.286827 0.998373 -0.074521
v 0.260928 1.000281 -0.140500
v 0.260928 1.000281 -0.140500
v 0.220102 1.002189 -0.198441
v 0.220102 1.002189 -0.198441
v 0.166685 1.004096 -0.245030
v 0.166685 1.004096 -0.245030
v 0.103733 1.006004 -0.277602
v 0.103733 1.006004 -0.277602
v 0.034847 1.007912 -0.294294
v 0.034847 1.007912 -0.294294
v -0.036033 1.009820 -0.294151
v -0.036033 1.009820 -0.294151
v -0.104851 1.011728 -0.277182
v -0.104851 1.011728 -0.277182
v -0.167671 1.013636 -0.244356
v -0.167671 1.013636 -0.244356
v -0.220900 1.015544 -0.197552
v -0.220900 1.015544 -0.197552
v -0.261492 1.017451 -0.139447
v -0.261492 1.017451 -0.139447
v -0.287125 1.019359 -0.073365
v -0.287125 1.019359 -0.073365
v -0.296334 1.021267 -0.003086
v -0.296334 1.021267 -0.003086
v -0.288591 1.023175 0.067370
v -0.288591 1.023175 0.067370
v -0.288591 1.023175 0.067370
v -0.264339 1.025083 0.133971
v -0.264339 1.025083 0.133971
v -0.224966 1.026991 0.192909
v -0.224966 1.026991 0.192909
v -0.172723 1.028899 0.240811
v -0.172723 1.028899 0.240811
v -0.110600 1.030806 0.274938
v -0.110600 1.030806 0.274938
v -0.042150 1.032714 0.293337
v -0.042150 1.032714 0.293337
v 0.028711 1.034622 0.294956
v 0.028711 1.034622 0.294956
v 0.097929 1.036530 0.279702
v 0.097929 1.036530 0.279702
v 0.161546 1.038438 0.248448
v 0.161546 1.038438 0.248448
v 0.215922 1.040346 0.202981
v 0.215922 1.040346 0.202981
v 0.257945 1.042254 0.145903
v 0.257945 1.042254 0.145903
v 0.285213 1.044161 0.080478
v 0.285213 1.044161 0.080478
v 0.296166 1.046069 0.010450
v 0.296166 1.046069 0.010450
v 0.290176 1.047977 -0.060176
v 0.290176 1.047977 -0.060176
v 0.267587 1.049885 -0.127360
v 0.267587 1.049885 -0.127360
v 0.229691 1.051793 -0.187258
v 0.229691 1.051793 -0.187258
v 0.178655 1.053701 -0.236444
v 0.178655 1.053701 -0.236444
v 0.117399 1.055609 -0.272104
v 0.117399 1.055609 -0.272104
v 0.049428 1.057516 -0.292199
v 0.049428 1.057516 -0.292199
v -0.021371 1.059424 -0.295578
v -0.021371 1.059424 -0.295578
v -0.090947 1.061332 -0.282049
v -0.090947 1.061332 -0.282049
v -0.155321 1.063240 -0.252386
v -0.155321 1.063240 -0.252386
v -0.210810 1.065148 -0.208285
v -0.210810 1.065148 -0.208285
v -0.254239 1.067056 -0.152269
v -0.254239 1.067056 -0.152269
v -0.283125 1.068964 -0.087542
v -0.283125 1.068964 -0.087542
v -0.295814 1.070872 -0.017808
v -0.295814 1.070872 -0.017808
v -0.291582 1.072779 0.052945
v -0.291582 1.072779 0.052945
v -0.291582 1.072779 0.052945
v -0.270670 1.074687 0.120670
v -0.270670 1.074687 0.120670
v -0.234274 1.076595 0.181491
v -0.234274 1.076595 0.181491
v -0.184476 1.078503 0.231931
v -0.184476 1.078503 0.231931
v -0.124126 1.080411 0.269102
v -0.124126 1.080411 0.269102
v -0.056675 1.082319 0.290880
v -0.056675 1.082319 0.290880
v 0.014018 1.084227 0.296018
v 0.014018 1.084227 0.296018
v 0.083909 1.086134 0.284223
v 0.083909 1.086134 0.284223
v 0.149000 1.088042 0.256168
v 0.149000 1.088042 0.256168
v 0.205568 1.089950 0.213460
v 0.205568 1.089950 0.213460
v 0.250376 1.091858 0.158540
v 0.250376 1.091858 0.158540
v 0.280862 1.093766 0.094552
v 0.280862 1.093766 0.094552
v 0.295281 1.095674 0.025154
v 0.295281 1.095674 0.025154
v 0.292808 1.097582 -0.045682
v 0.292808 1.097582 -0.045682
v 0.273585 1.099489 -0.113905
v 0.273585 1.099489 -0.113905
v 0.238712 1.101397 -0.175613
v 0.238712 1.101397 -0.175613
v 0.190184 1.103305 -0.227274
v 0.190184 1.103305 -0.227274
v 0.130776 1.105213 -0.265934
v 0.130776 1.105213 -0.265934
v 0.063887 1.107121 -0.289382
v 0.063887 1.107121 -0.289382
v -0.006657 1.109029 -0.296275
v -0.006657 1.109029 -0.296275
v -0.076819 1.110937 -0.286220
v -0.076819 1.110937 -0.286220
v -0.142588 1.112844 -0.259792
v -0.142588 1.112844 -0.259792
v -0.200199 1.114752 -0.218503
v -0.200199 1.114752 -0.218503
v -0.246359 1.116660 -0.164714
v -0.246359 1.116660 -0.164714
v -0.278425 1.118568 -0.101503
v -0.278425 1.118568 -0.101503
v -0.294564 1.120476 -0.032485
v -0.294564 1.120476 -0.032485
v -0.293853 1.122384 0.038391
v -0.293853 1.122384 0.038391
v -0.293853 1.122384 0.038391
v -0.276332 1.124292 0.107070
v -0.276332 1.124292 0.107070
v -0.243003 1.126199 0.169625
v -0.243003 1.126199 0.169625
v -0.195774 1.128107 0.222477
v -0.195774 1.128107 0.222477
v -0.137345 1.130015 0.262602
v -0.137345 1.130015 0.262602
v -0.071060 1.131923 0.287704
v -0.071060 1.131923 0.287704
v -0.000709 1.133831 0.296349
v -0.000709 1.133831 0.296349
v 0.069682 1.135739 0.288041
v 0.069682 1.135739 0.288041
v 0.136087 1.137647 0.263256
v 0.136087 1.137647 0.263256
v 0.194707 1.139555 0.223411
v 0.194707 1.139555 0.223411
v 0.242189 1.141462 0.170786
v 0.242189 1.141462 0.170786
v 0.275816 1.143370 0.108392
v 0.275816 1.143370 0.108392
v 0.293666 1.145278 0.039797
v 0.293666 1.145278 0.039797
v 0.294716 1.147186 -0.031075
v 0.294716 1.147186 -0.031075
v 0.278908 1.149094 -0.100169
v 0.278908 1.149094 -0.100169
v 0.247144 1.151002 -0.163533
v 0.247144 1.151002 -0.163533
v 0.201243 1.152910 -0.217542
v 0.201243 1.152910 -0.217542
v 0.143829 1.154817 -0.259107
v 0.143829 1.154817 -0.259107
v 0.078188 1.156725 -0.285849
v 0.078188 1.156725 -0.285849
v 0.008074 1.158633 -0.296240
v 0.008074 1.158633 -0.296240
v -0.062501 1.160541 -0.289684
v -0.062501 1.160541 -0.289684
v -0.129502 1.162449 -0.266557
v -0.129502 1.162449 -0.266557
v -0.189094 1.164357 -0.228182
v -0.189094 1.164357 -0.228182
v -0.237869 1.166265 -0.176753
v -0.237869 1.166265 -0.176753
v -0.273037 1.168172 -0.115213
v -0.273037 1.168172 -0.115213
v -0.292586 1.170080 -0.047083
v -0.292586 1.170080 -0.047083
v -0.295398 1.171988 0.023741
v -0.295398 1.171988 0.023741
v -0.295398 1.171988 0.023741
v -0.281311 1.173896 0.093206
v -0.281311 1.173896 0.093206
v -0.251132 1.175804 0.157340
v -0.251132 1.175804 0.157340
v -0.206587 1.177712 0.212473
v -0.206587 1.177712 0.212473
v -0.150225 1.179620 0.255452
v -0.150225 1.179620 0.255452
v -0.085269 1.181527 0.283818
v -0.085269 1.181527 0.283818
v -0.015435 1.183435 0.295948
v -0.015435 1.183435 0.295948
v 0.055282 1.185343 0.291148
v 0.055282 1.185343 0.291148
v 0.122837 1.187251 0.269693
v 0.122837 1.187251 0.269693
v 0.183364 1.189159 0.232811
v 0.183364 1.189159 0.232811
v 0.233403 1.191067 0.182610
v 0.233403 1.191067 0.182610
v 0.270089 1.192975 0.121964
v 0.270089 1.192975 0.121964
v 0.291325 1.194883 0.054340
v 0.291325 1.194883 0.054340
v 0.295896 1.196790 -0.016392
v 0.295896 1.196790 -0.016392
v 0.283541 1.198698 -0.086186
v 0.283541 1.198698 -0.086186
v 0.254965 1.200606 -0.151050
v 0.254965 1.200606 -0.151050
v 0.211804 1.202514 -0.207273
v 0.211804 1.202514 -0.207273
v 0.156527 1.204422 -0.251640
v 0.156527 1.204422 -0.251640
v 0.092296 1.206330 -0.281611
v 0.092296 1.206330 -0.281611
v 0.022785 1.208238 -0.295473
v 0.022785 1.208238 -0.295473
v -0.048029 1.210145 -0.292432
v -0.048029 1.210145 -0.292432
v -0.116096 1.212053 -0.272663
v -0.116096 1.212053 -0.272663
v -0.177521 1.213961 -0.237296
v -0.177521 1.213961 -0.237296
v -0.228792 1.215869 -0.188355
v -0.228792 1.215869 -0.188355
v -0.266974 1.217777 -0.128639
v -0.266974 1.217777 -0.128639
v -0.289885 1.219685 -0.061564
v -0.289885 1.219685 -0.061564
v -0.296212 1.221593 0.009032
v -0.296212 1.221593 0.009032
v -0.296212 1.221593 0.009032
v -0.285595 1.223500 0.079112
v -0.285595 1.223500 0.079112
v -0.258641 1.225408 0.144666
v -0.258641 1.225408 0.144666
v -0.216891 1.227316 0.201945
v -0.216891 1.227316 0.201945
v -0.162733 1.229224 0.247672
v -0.162733 1.229224 0.247672
v -0.099267 1.231132 0.279230
v -0.099267 1.231132 0.279230
v -0.030122 1.233040 0.294815
v -0.030122 1.233040 0.294815
v 0.040746 1.234948 0.293536
v 0.040746 1.234948 0.293536
v 0.109283 1.236856 0.275464
v 0.109283 1.236856 0.275464
v 0.171569 1.238763 0.241635
v 0.171569 1.238763 0.241635
v 0.224040 1.240671 0.193983
v 0.224040 1.240671 0.193983
v 0.263695 1.242579 0.135235
v 0.263695 1.242579 0.135235
v 0.288265 1.244487 0.068750
v 0.288265 1.244487 0.068750
v 0.296345 1.246395 -0.001667
v 0.296345 1.246395 -0.001667
v 0.287473 1.248303 -0.071990
v 0.287473 1.248303 -0.071990
v 0.262156 1.250211 -0.138193
v 0.262156 1.250211 -0.138193
v 0.221843 1.252118 -0.196492
v 0.221843 1.252118 -0.196492
v 0.168839 1.254026 -0.243550
v 0.168839 1.254026 -0.243550
v 0.106176 1.255934 -0.276677
v 0.106176 1.255934 -0.276677
v 0.037440 1.257842 -0.293975
v 0.037440 1.257842 -0.293975
v -0.033438 1.259750 -0.294458
v -0.033438 1.259750 -0.294458
v -0.102403 1.261658 -0.278095
v -0.102403 1.261658 -0.278095
v -0.165510 1.263566 -0.245825
v -0.165510 1.263566 -0.245825
v -0.219149 1.265473 -0.199492
v -0.219149 1.265473 -0.199492
v -0.260252 1.267381 -0.141747
v -0.260252 1.267381 -0.141747
v -0.286467 1.269289 -0.075893
v -0.286467 1.269289 -0.075893
v -0.296295 1.271197 -0.005698
v -0.296295 1.271197 -0.005698
v -0.289174 1.273105 0.064822
v -0.289174 1.273105 0.064822
v -0.289174 1.273105 0.064822
v -0.265510 1.275013 0.131635
v -0.265510 1.275013 0.131635
v -0.226658 1.276921 0.190918
v -0.226658 1.276921 0.190918
v -0.174840 1.278828 0.239279
v -0.174840 1.278828 0.239279
v -0.113020 1.280736 0.273952
v -0.113020 1.280736 0.273952
v -0.044735 1.282644 0.292954
v -0.044735 1.282644 0.292954
v 0.026109 1.284552 0.295198
v 0.026109 1.284552 0.295198
v 0.095459 1.286460 0.280554
v 0.095459 1.286460 0.280554
v 0.159349 1.288368 0.249862
v 0.159349 1.288368 0.249862
v 0.214123 1.290276 0.204877
v 0.214123 1.290276 0.204877
v 0.256649 1.292183 0.148171
v 0.256649 1.292183 0.148171
v 0.284493 1.294091 0.082990
v 0.284493 1.294091 0.082990
v 0.296062 1.295999 0.013061
v 0.296062 1.295999 0.013061
v 0.290695 1.297907 -0.057615
v 0.290695 1.297907 -0.057615
v 0.268700 1.299815 -0.124995
v 0.268700 1.299815 -0.124995
v 0.231333 1.301723 -0.185225
v 0.231333 1.301723 -0.185225
v 0.180733 1.303631 -0.234859
v 0.180733 1.303631 -0.234859
v 0.119794 1.305539 -0.271059
v 0.119794 1.305539 -0.271059
v 0.052002 1.307446 -0.291752
v 0.052002 1.307446 -0.291752
v -0.018764 1.309354 -0.295755
v -0.018764 1.309354 -0.295755
v -0.088457 1.311262 -0.282840
v -0.088457 1.311262 -0.282840
v -0.153090 1.313170 -0.253746
v -0.153090 1.313170 -0.253746
v -0.208965 1.315078 -0.210135
v -0.208965 1.315078 -0.210135
v -0.252887 1.316986 -0.154504
v -0.252887 1.316986 -0.154504
v -0.282342 1.318894 -0.090035
v -0.282342 1.318894 -0.090035
v -0.295646 1.320801 -0.020415
v -0.295646 1.320801 -0.020415
v -0.292038 1.322709 0.050372
v -0.292038 1.322709 0.050372
v -0.292038 1.322709 0.050372
v -0.271723 1.324617 0.118279
v -0.271723 1.324617 0.118279
v -0.235865 1.326525 0.179419
v -0.235865 1.326525 0.179419
v -0.186514 1.328433 0.230295
v -0.186514 1.328433 0.230295
v -0.126494 1.330341 0.267997
v -0.126494 1.330341 0.267997
v -0.059238 1.332249 0.290369
v -0.059238 1.332249 0.290369
v 0.011408 1.334156 0.296130
v 0.011408 1.334156 0.296130
v 0.081400 1.336064 0.284952
v 0.081400 1.336064 0.284952
v 0.146736 1.337972 0.257472
v 0.146736 1.337972 0.257472
v 0.203678 1.339880 0.215264
v 0.203678 1.339880 0.215264
v 0.248969 1.341788 0.160742
v 0.248969 1.341788 0.160742
v 0.280017 1.343696 0.097024
v 0.280017 1.343696 0.097024
v 0.295047 1.345604 0.027757
v 0.295047 1.345604 0.027757
v 0.293199 1.347511 -0.043099
v 0.293199 1.347511 -0.043099
v 0.274579 1.349419 -0.111489
v 0.274579 1.349419 -0.111489
v 0.240251 1.351327 -0.173501
v 0.240251 1.351327 -0.173501
v 0.192180 1.353235 -0.225588
v 0.192180 1.353235 -0.225588
v 0.133116 1.355143 -0.264771
v 0.133116 1.355143 -0.264771
v 0.066436 1.357051 -0.288807
v 0.066436 1.357051 -0.288807
v -0.004044 1.358959 -0.296322
v -0.004044 1.358959 -0.296322
v -0.074293 1.360866 -0.286887
v -0.074293 1.360866 -0.286887
v -0.140291 1.362774 -0.261040
v -0.140291 1.362774 -0.261040
v -0.198265 1.364682 -0.220260
v -0.198265 1.364682 -0.220260
v -0.244897 1.366590 -0.166880
v -0.244897 1.366590 -0.166880
v -0.277519 1.368498 -0.103954
v -0.277519 1.368498 -0.103954
v -0.294266 1.370406 -0.035081
v -0.294266 1.370406 -0.035081
v -0.294180 1.372314 0.035798
v -0.294180 1.372314 0.035798
v -0.294180 1.372314 0.035798
v -0.277265 1.374221 0.104630
v -0.277265 1.374221 0.104630
v -0.244489 1.376129 0.167476
v -0.244489 1.376129 0.167476
v -0.197728 1.378037 0.220742
v -0.197728 1.378037 0.220742
v -0.139655 1.379945 0.261380
v -0.139655 1.379945 0.261380
v -0.073594 1.381853 0.287067
v -0.073594 1.381853 0.287067
v -0.003322 1.383761 0.296331
v -0.003322 1.383761 0.296331
v 0.067139 1.385669 0.288644
v 0.067139 1.385669 0.288644
v 0.133760 1.387576 0.264446
v 0.133760 1.387576 0.264446
v 0.192729 1.389484 0.225119
v 0.192729 1.389484 0.225119
v 0.240673 1.391392 0.172915
v 0.240673 1.391392 0.172915
v 0.274850 1.393300 0.110819
v 0.274850 1.393300 0.110819
v 0.293303 1.395208 0.042384
v 0.293303 1.395208 0.042384
v 0.294979 1.397116 -0.028475
v 0.294979 1.397116 -0.028475
v 0.279780 1.399024 -0.097706
v 0.279780 1.399024 -0.097706
v 0.248576 1.400932 -0.161348
v 0.248576 1.400932 -0.161348
v 0.203153 1.402839 -0.215760
v 0.203153 1.402839 -0.215760
v 0.146108 1.404747 -0.257829
v 0.146108 1.404747 -0.257829
v 0.080706 1.406655 -0.285149
v 0.080706 1.406655 -0.285149
v 0.010686 1.408563 -0.296157
v 0.010686 1.408563 -0.296157
v -0.059945 1.410471 -0.290224
v -0.059945 1.410471 -0.290224
v -0.127146 1.412379 -0.267689
v -0.127146 1.412379 -0.267689
v -0.187075 1.414287 -0.229840
v -0.187075 1.414287 -0.229840
v -0.236301 1.416194 -0.178843
v -0.236301 1.416194 -0.178843
v -0.272011 1.418102 -0.117616
v -0.272011 1.418102 -0.117616
v -0.292159 1.420010 -0.049661
v -0.292159 1.420010 -0.049661
v -0.295595 1.421918 0.021135
v -0.295595 1.421918 0.021135
v -0.295595 1.421918 0.021135
v -0.282122 1.423826 0.090722
v -0.282122 1.423826 0.090722
v -0.252510 1.425734 0.155120
v -0.252510 1.425734 0.155120
v -0.208453 1.427642 0.210644
v -0.208453 1.427642 0.210644
v -0.152471 1.429549 0.254118
v -0.152471 1.429549 0.254118
v -0.087768 1.431457 0.283055
v -0.087768 1.431457 0.283055
v -0.018044 1.433365 0.295800
v -0.018044 1.433365 0.295800
v 0.052713 1.435273 0.291624
v 0.052713 1.435273 0.291624
v 0.120454 1.437181 0.270766
v 0.120454 1.437181 0.270766
v 0.181304 1.439089 0.234419
v 0.181304 1.439089 0.234419
v 0.231783 1.440997 0.184661
v 0.231783 1.440997 0.184661
v 0.269003 1.442904 0.124341
v 0.269003 1.442904 0.124341
v 0.290835 1.444812 0.056907
v 0.290835 1.444812 0.056907
v 0.296029 1.446720 -0.013782
v 0.296029 1.446720 -0.013782
v 0.284290 1.448628 -0.083683
v 0.284290 1.448628 -0.083683
v 0.256287 1.450536 -0.148796
v 0.256287 1.450536 -0.148796
v 0.213624 1.452444 -0.205398
v 0.213624 1.452444 -0.205398
v 0.158740 1.454352 -0.250250
v 0.158740 1.454352 -0.250250
v 0.094776 1.456259 -0.280786
v 0.094776 1.456259 -0.280786
v 0.025390 1.458167 -0.295260
v 0.025390 1.458167 -0.295260
v -0.045449 1.460075 -0.292844
v -0.045449 1.460075 -0.292844
v -0.113687 1.461983 -0.273676
v -0.113687 1.461983 -0.273676
v -0.175422 1.463891 -0.238852
v -0.175422 1.463891 -0.238852
v -0.227122 1.465799 -0.190365
v -0.227122 1.465799 -0.190365
v -0.265830 1.467707 -0.130988
v -0.265830 1.467707 -0.130988
v -0.289331 1.469615 -0.064118
v -0.289331 1.469615 -0.064118
v -0.296280 1.471522 0.006420
v -0.296280 1.471522 0.006420
v -0.296280 1.471522 0.006420
v -0.286282 1.473430 0.076591
v -0.286282 1.473430 0.076591
v -0.259906 1.475338 0.142380
v -0.259906 1.475338 0.142380
v -0.218663 1.477246 0.200025
v -0.218663 1.477246 0.200025
v -0.164911 1.479154 0.246227
v -0.164911 1.479154 0.246227
v -0.101725 1.481062 0.278344
v -0.101725 1.481062 0.278344
v -0.032720 1.482970 0.294538
v -0.032720 1.482970 0.294538
v 0.038156 1.484877 0.293883
v 0.038156 1.484877 0.293883
v 0.106850 1.486785 0.276417
v 0.106850 1.486785 0.276417
v 0.169431 1.488693 0.243138
v 0.169431 1.488693 0.243138
v 0.222321 1.490601 0.195951
v 0.222321 1.490601 0.195951
v 0.262492 1.492509 0.137554
v 0.262492 1.492509 0.137554
v 0.287648 1.494417 0.071289
v 0.287648 1.494417 0.071289
v 0.296348 1.496325 0.000946
v 0.296348 1.496325 0.000946
v 0.288097 1.498232 -0.069452
v 0.288097 1.498232 -0.069452
v 0.263365 1.500140 -0.135877
v 0.263365 1.500140 -0.135877
v 0.223567 1.502048 -0.194528
v 0.223567 1.502048 -0.194528
v 0.170980 1.503956 -0.242052
v 0.170980 1.503956 -0.242052
v 0.108612 1.505864 -0.275730
v 0.108612 1.505864 -0.275730
v 0.040031 1.507772 -0.293634
v 0.040031 1.507772 -0.293634
v -0.030840 1.509680 -0.294741
v -0.030840 1.509680 -0.294741
v -0.099947 1.511588 -0.278987
v -0.099947 1.511588 -0.278987
v -0.163336 1.513495 -0.247274
v -0.163336 1.513495 -0.247274
v -0.217382 1.515403 -0.201416
v -0.217382 1.515403 -0.201416
v -0.258992 1.517311 -0.144036
v -0.258992 1.517311 -0.144036
v -0.285787 1.519219 -0.078416
v -0.285787 1.519219 -0.078416
v -0.296233 1.521127 -0.008311
v -0.296233 1.521127 -0.008311
v -0.289734 1.523035 0.062270
v -0.289734 1.523035 0.062270
v -0.289734 1.523035 0.062270
v -0.266660 1.524943 0.129289
v -0.266660 1.524943 0.129289
v -0.228332 1.526850 0.188912
v -0.228332 1.526850 0.188912
v -0.176943 1.528758 0.237728
v -0.176943 1.528758 0.237728
v -0.115431 1.530666 0.272945
v -0.115431 1.530666 0.272945
v -0.047316 1.532574 0.292548
v -0.047316 1.532574 0.292548
v 0.023505 1.534482 0.295416
v 0.023505 1.534482 0.295416
v 0.092982 1.536390 0.281385
v 0.092982 1.536390 0.281385
v 0.157140 1.538298 0.251258
v 0.157140 1.538298 0.251258
v 0.212309 1.540205 0.206757
v 0.212309 1.540205 0.206757
v 0.255332 1.542113 0.150428
v 0.255332 1.542113 0.150428
v 0.283750 1.544021 0.085495
v 0.283750 1.544021 0.085495
v 0.295935 1.545929 0.015671
v 0.295935 1.545929 0.015671
v 0.291192 1.547837 -0.055050
v 0.291192 1.547837 -0.055050
v 0.269791 1.549745 -0.122621
v 0.269791 1.549745 -0.122621
v 0.232957 1.551653 -0.183178
v 0.232957 1.551653 -0.183178
v 0.182797 1.553560 -0.233257
v 0.182797 1.553560 -0.233257
v 0.122179 1.555468 -0.269992
v 0.122179 1.555468 -0.269992
v 0.054573 1.557376 -0.291282
v 0.054573 1.557376 -0.291282
v -0.016156 1.559284 -0.295909
v -0.016156 1.559284 -0.295909
v -0.085960 1.561192 -0.283609
v -0.085960 1.561192 -0.283609
v -0.150847 1.563100 -0.255086
v -0.150847 1.563100 -0.255086
v -0.207104 1.565008 -0.211970
v -0.207104 1.565008 -0.211970
v -0.251515 1.566916 -0.156728
v -0.251515 1.566916 -0.156728
v -0.281537 1.568823 -0.092521
v -0.281537 1.568823 -0.092521
v -0.295454 1.570731 -0.023021
v -0.295454 1.570731 -0.023021
v -0.292470 1.572639 0.047796
v -0.292470 1.572639 0.047796
v -0.292470 1.572639 0.047796
v -0.272756 1.574547 0.115878
v -0.272756 1.574547 0.115878
v -0.237438 1.576455 0.177332
v -0.237438 1.576455 0.177332
v -0.188537 1.578363 0.228642
v -0.188537 1.578363 0.228642
v -0.128852 1.580271 0.266872
v -0.128852 1.580271 0.266872
v -0.061795 1.582178 0.289836
v -0.061795 1.582178 0.289836
v 0.008796 1.584086 0.296219
v 0.008796 1.584086 0.296219
v 0.078884 1.585994 0.285658
v 0.078884 1.585994 0.285658
v 0.144460 1.587902 0.258756
v 0.144460 1.587902 0.258756
v 0.201772 1.589810 0.217052
v 0.201772 1.589810 0.217052
v 0.247542 1.591718 0.162931
v 0.247542 1.591718 0.162931
v 0.279151 1.593626 0.099490
v 0.279151 1.593626 0.099490
v 0.294791 1.595533 0.030357
v 0.294791 1.595533 0.030357
v 0.293568 1.597441 -0.040512
v 0.293568 1.597441 -0.040512
v 0.275551 1.599349 -0.109063
v 0.275551 1.599349 -0.109063
v 0.241772 1.601257 -0.171376
v 0.241772 1.601257 -0.171376
v 0.194162 1.603165 -0.223885
v 0.194162 1.603165 -0.223885
v 0.135445 1.605073 -0.263587
v 0.135445 1.605073 -0.263587
v 0.068980 1.606981 -0.288210
v 0.068980 1.606981 -0.288210
v -0.001431 1.608888 -0.296347
v -0.001431 1.608888 -0.296347
v -0.071760 1.610796 -0.287531
v -0.071760 1.610796 -0.287531
v -0.137984 1.612704 -0.262266
v -0.137984 1.612704 -0.262266
v -0.196315 1.614612 -0.221999
v -0.196315 1.614612 -0.221999
v -0.243416 1.616520 -0.169033
v -0.243416 1.616520 -0.169033
v -0.276592 1.618428 -0.106397
v -0.276592 1.618428 -0.106397
v -0.293945 1.620336 -0.037675
v -0.293945 1.620336 -0.037675
v -0.294484 1.622243 0.033203
v -0.294484 1.622243 0.033203
v -0.294484 1.622243 0.033203
v -0.278177 1.624151 0.102181
v -0.278177 1.624151 0.102181
v -0.245957 1.626059 0.165314
v -0.245957 1.626059 0.165314
v -0.199666 1.627967 0.218990
v -0.199666 1.627967 0.218990
v -0.141954 1.629875 0.260139
v -0.141954 1.629875 0.260139
v -0.076122 1.631783 0.286407
v -0.076122 1.631783 0.286407
v -0.005935 1.633691 0.296291
v -0.005935 1.633691 0.296291
v 0.064592 1.635599 0.289225
v 0.064592 1.635599 0.289225
v 0.131423 1.637506 0.265615
v 0.131423 1.637506 0.265615
v 0.190737 1.639414 0.226810
v 0.190737 1.639414 0.226810
v 0.239139 1.641322 0.175031
v 0.239139 1.641322 0.175031
v 0.273862 1.643230 0.113239
v 0.273862 1.643230 0.113239
v 0.292918 1.645138 0.044969
v 0.292918 1.645138 0.044969
v 0.295218 1.647046 -0.025873
v 0.295218 1.647046 -0.025873
v 0.280631 1.648954 -0.095236
v 0.280631 1.648954 -0.095236
v 0.249989 1.650861 -0.159150
v 0.249989 1.650861 -0.159150
v 0.205048 1.652769 -0.213960
v 0.205048 1.652769 -0.213960
v 0.148376 1.654677 -0.256530
v 0.148376 1.654677 -0.256530
v 0.083217 1.656585 -0.284426
v 0.083217 1.656585 -0.284426
v 0.013297 1.658493 -0.296052
v 0.013297 1.658493 -0.296052
v -0.057383 1.660401 -0.290741
v -0.057383 1.660401 -0.290741
v -0.124781 1.662309 -0.268799
v -0.124781 1.662309 -0.268799
v -0.185041 1.664216 -0.231481
v -0.185041 1.664216 -0.231481
v -0.234715 1.666124 -0.180920
v -0.234715 1.666124 -0.180920
v -0.270963 1.668032 -0.120010
v -0.270963 1.668032 -0.120010
v -0.291710 1.669940 -0.052235
v -0.291710 1.669940 -0.052235
v -0.295770 1.671848 0.018528
v -0.295770 1.671848 0.018528
v -0.295770 1.671848 0.018528
v -0.282911 1.673756 0.088231
v -0.282911 1.673756 0.088231
v -0.253868 1.675664 0.152887
v -0.253868 1.675664 0.152887
v -0.210302 1.677571 0.208798
v -0.210302 1.677571 0.208798
v -0.154706 1.679479 0.252763
v -0.154706 1.679479 0.252763
v -0.090260 1.681387 0.282270
v -0.090260 1.681387 0.282270
v -0.020651 1.683295 0.295630
v -0.020651 1.683295 0.295630
v 0.050140 1.685203 0.292078
v 0.050140 1.685203 0.292078
v 0.118062 1.687111 0.271817
v 0.118062 1.687111 0.271817
v 0.179230 1.689019 0.236008
v 0.179230 1.689019 0.236008
v 0.230146 1.690926 0.186698
v 0.230146 1.690926 0.186698
v 0.267896 1.692834 0.126708
v 0.267896 1.692834 0.126708
v 0.290322 1.694742 0.059469
v 0.290322 1.694742 0.059469
v 0.296139 1.696650 -0.011171
v 0.296139 1.696650 -0.011171
v 0.285016 1.698558 -0.081173
v 0.285016 1.698558 -0.081173
v 0.257589 1.700466 -0.146531
v 0.257589 1.700466 -0.146531
v 0.215426 1.702374 -0.203506
v 0.215426 1.702374 -0.203506
v 0.160940 1.704281 -0.248840
v 0.160940 1.704281 -0.248840
v 0.097248 1.706189 -0.279940
v 0.097248 1.706189 -0.279940
v 0.027992 1.708097 -0.295025
v 0.027992 1.708097 -0.295025
v -0.042865 1.710005 -0.293234
v -0.042865 1.710005 -0.293234
v -0.111270 1.711913 -0.274668
v -0.111270 1.711913 -0.274668
v -0.173309 1.713821 -0.240390
v -0.173309 1.713821 -0.240390
v -0.225435 1.715729 -0.192360
v -0.225435 1.715729 -0.192360
v -0.264665 1.717636 -0.133327
v -0.264665 1.717636 -0.133327
v -0.288754 1.719544 -0.066666
v -0.288754 1.719544 -0.066666
v -0.296326 1.721452 0.003808
v -0.296326 1.721452 0.003808
v -0.296326 1.721452 0.003808
v -0.286946 1.723360 0.074064
v -0.286946 1.723360 0.074064
v -0.261151 1.725268 0.140083
v -0.261151 1.725268 0.140083
v -0.220418 1.727176 0.198089
v -0.220418 1.727176 0.198089
v -0.167075 1.729084 0.244763
v -0.167075 1.729084 0.244763
v -0.104175 1.730992 0.277436
v -0.104175 1.730992 0.277436
v -0.035316 1.732899 0.294238
v -0.035316 1.732899 0.294238
v 0.035563 1.734807 0.294208
v 0.035563 1.734807 0.294208
v 0.104409 1.736715 0.277348
v 0.104409 1.736715 0.277348
v 0.167281 1.738623 0.244623
v 0.167281 1.738623 0.244623
v 0.220584 1.740531 0.197904
v 0.220584 1.740531 0.197904
v 0.261269 1.742439 0.139864
v 0.261269 1.742439 0.139864
v 0.287008 1.744347 0.073823
v 0.287008 1.744347 0.073823
v 0.296329 1.746254 0.003558
v 0.296329 1.746254 0.003558
v 0.288698 1.748162 -0.066909
v 0.288698 1.748162 -0.066909
v 0.264552 1.750070 -0.133549
v 0.264552 1.750070 -0.133549
v 0.225273 1.751978 -0.192550
v 0.225273 1.751978 -0.192550
v 0.173107 1.753886 -0.240535
v 0.173107 1.753886 -0.240535
v 0.111039 1.755794 -0.274761
v 0.111039 1.755794 -0.274761
v 0.042618 1.757702 -0.293270
v 0.042618 1.757702 -0.293270
v -0.028240 1.759609 -0.295001
v -0.028240 1.759609 -0.295001
v -0.097483 1.761517 -0.279858
v -0.097483 1.761517 -0.279858
v -0.161150 1.763425 -0.248705
v -0.161150 1.763425 -0.248705
v -0.215597 1.765333 -0.203325
v -0.215597 1.765333 -0.203325
v -0.257712 1.767241 -0.146314
v -0.257712 1.767241 -0.146314
v -0.285084 1.769149 -0.080933
v -0.285084 1.769149 -0.080933
v -0.296149 1.771057 -0.010922
v -0.296149 1.771057 -0.010922
v -0.290272 1.772964 0.059713
v -0.290272 1.772964 0.059713
v -0.290272 1.772964 0.059713
v -0.267790 1.774872 0.126933
v -0.267790 1.774872 0.126933
v -0.229989 1.776780 0.186891
v -0.229989 1.776780 0.186891
v -0.179032 1.778688 0.236159
v -0.179032 1.778688 0.236159
v -0.117833 1.780596 0.271917
v -0.117833 1.780596 0.271917
v -0.049894 1.782504 0.292120
v -0.049894 1.782504 0.292120
v 0.020899 1.784412 0.295612
v 0.020899 1.784412 0.295612
v 0.090497 1.786319 0.282194
v 0.090497 1.786319 0.282194
v 0.154918 1.788227 0.252633
v 0.154918 1.788227 0.252633
v 0.210477 1.790135 0.208621
v 0.210477 1.790135 0.208621
v 0.253996 1.792043 0.152674
v 0.253996 1.792043 0.152674
v 0.282985 1.793951 0.087994
v 0.282985 1.793951 0.087994
v 0.295786 1.795859 0.018279
v 0.295786 1.795859 0.018279
v 0.291666 1.797767 -0.052480
v 0.291666 1.797767 -0.052480
v 0.270862 1.799675 -0.120238
v 0.270862 1.799675 -0.120238
v 0.234563 1.801582 -0.181117
v 0.234563 1.801582 -0.181117
v 0.184846 1.803490 -0.231636
v 0.184846 1.803490 -0.231636
v 0.124555 1.805398 -0.268904
v 0.124555 1.805398 -0.268904
v 0.057139 1.807306 -0.290789
v 0.057139 1.807306 -0.290789
v -0.013546 1.809214 -0.296040
v -0.013546 1.809214 -0.296040
v -0.083456 1.811122 -0.284356
v -0.083456 1.811122 -0.284356
v -0.148592 1.813030 -0.256406
v -0.148592 1.813030 -0.256406
v -0.205227 1.814937 -0.213787
v -0.205227 1.814937 -0.213787
v -0.250123 1.816845 -0.158940
v -0.250123 1.816845 -0.158940
v -0.280710 1.818753 -0.095000
v -0.280710 1.818753 -0.095000
v -0.295240 1.820661 -0.025625
v -0.295240 1.820661 -0.025625
v -0.292880 1.822569 0.045215
v -0.292880 1.822569 0.045215
v -0.292880 1.822569 0.045215
v -0.273767 1.824477 0.113469
v -0.273767 1.824477 0.113469
v -0.238992 1.826385 0.175232
v -0.238992 1.826385 0.175232
v -0.190546 1.828292 0.226970
v -0.190546 1.828292 0.226970
v -0.131200 1.830200 0.265725
v -0.131200 1.830200 0.265725
v -0.064349 1.832108 0.289279
v -0.064349 1.832108 0.289279
v 0.006184 1.834016 0.296285
v 0.006184 1.834016 0.296285
v 0.076363 1.835924 0.286343
v 0.076363 1.835924 0.286343
v 0.142173 1.837832 0.260020
v 0.142173 1.837832 0.260020
v 0.199850 1.839740 0.218822
v 0.199850 1.839740 0.218822
v 0.246095 1.841648 0.165107
v 0.246095 1.841648 0.165107
v 0.278263 1.843555 0.101947
v 0.278263 1.843555 0.101947
v 0.294512 1.845463 0.032955
v 0.294512 1.845463 0.032955
v 0.293914 1.847371 -0.037922
v 0.293914 1.847371 -0.037922
v 0.276502 1.849279 -0.106629
v 0.276502 1.849279 -0.106629
v 0.243274 1.851187 -0.169237
v 0.243274 1.851187 -0.169237
v 0.196128 1.853095 -0.222164
v 0.196128 1.853095 -0.222164
v 0.137764 1.855003 -0.262382
v 0.137764 1.855003 -0.262382
v 0.071518 1.856910 -0.287591
v 0.071518 1.856910 -0.287591
v 0.001182 1.858818 -0.296348
v 0.001182 1.858818 -0.296348
v -0.069222 1.860726 -0.288152
v -0.069222 1.860726 -0.288152
v -0.135667 1.862634 -0.263473
v -0.135667 1.862634 -0.263473
v -0.194350 1.864542 -0.223722
v -0.194350 1.864542 -0.223722
v -0.241916 1.866450 -0.171173
v -0.241916 1.866450 -0.171173
v -0.275643 1.868358 -0.108832
v -0.275643 1.868358 -0.108832
v -0.293602 1.870265 -0.040265
v -0.293602 1.870265 -0.040265
v -0.294765 1.872173 0.030605
v -0.294765 1.872173 0.030605
v -0.294765 1.872173 0.030605
v -0.279067 1.874081 0.099724
v -0.279067 1.874081 0.099724
v -0.247405 1.875989 0.163139
v -0.247405 1.875989 0.163139
v -0.201589 1.877897 0.217221
v -0.201589 1.877897 0.217221
v -0.144243 1.879805 0.258877
v -0.144243 1.879805 0.258877
v -0.078644 1.881713 0.285724
v -0.078644 1.881713 0.285724
v -0.008547 1.883621 0.296227
v -0.008547 1.883621 0.296227
v 0.062039 1.885528 0.289784
v 0.062039 1.885528 0.289784
v 0.129076 1.887436 0.266763
v 0.129076 1.887436 0.266763
v 0.188730 1.889344 0.228483
v 0.188730 1.889344 0.228483
v 0.237587 1.891252 0.177132
v 0.237587 1.891252 0.177132
v 0.272853 1.893160 0.115649
v 0.272853 1.893160 0.115649
v 0.292510 1.895068 0.047550
v 0.292510 1.895068 0.047550
v 0.295435 1.896976 -0.023269
v 0.295435 1.896976 -0.023269
v 0.281459 1.898883 -0.092758
v 0.281459 1.898883 -0.092758
v 0.251383 1.900791 -0.156939
v 0.251383 1.900791 -0.156939
v 0.206926 1.902699 -0.212144
v 0.206926 1.902699 -0.212144
v 0.150632 1.904607 -0.255212
v 0.150632 1.904607 -0.255212
v 0.085721 1.906515 -0.283681
v 0.085721 1.906515 -0.283681
v 0.015907 1.908423 -0.295923
v 0.015907 1.908423 -0.295923
v -0.054818 1.910331 -0.291236
v -0.054818 1.910331 -0.291236
v -0.122406 1.912238 -0.269889
v -0.122406 1.912238 -0.269889
v -0.182993 1.914146 -0.233103
v -0.182993 1.914146 -0.233103
v -0.233111 1.916054 -0.182983
v -0.233111 1.916054 -0.182983
v -0.269894 1.917962 -0.122395
v -0.269894 1.917962 -0.122395
v -0.291238 1.919870 -0.054805
v -0.291238 1.919870 -0.054805
v -0.295922 1.921778 0.015920
v -0.295922 1.921778 0.015920
v -0.295922 1.921778 0.015920
v -0.283678 1.923686 0.085733
v -0.283678 1.923686 0.085733
v -0.255206 1.925593 0.150643
v -0.255206 1.925593 0.150643
v -0.212135 1.927501 0.206935
v -0.212135 1.927501 0.206935
v -0.156929 1.929409 0.251390
v -0.156929 1.929409 0.251390
v -0.092745 1.931317 0.281463
v -0.092745 1.931317 0.281463
v -0.023257 1.933225 0.295436
v -0.023257 1.933225 0.295436
v 0.047562 1.935133 0.292508
v 0.047562 1.935133 0.292508
v 0.115661 1.937041 0.272848
v 0.115661 1.937041 0.272848
v 0.177143 1.938948 0.237579
v 0.177143 1.938948 0.237579
v 0.228491 1.940856 0.188720
v 0.228491 1.940856 0.188720
v 0.266769 1.942764 0.129065
v 0.266769 1.942764 0.129065
v 0.289786 1.944672 0.062027
v 0.289786 1.944672 0.062027
v 0.296226 1.946580 -0.008560
v 0.296226 1.946580 -0.008560
v 0.285721 1.948488 -0.078656
v 0.285721 1.948488 -0.078656
v 0.258871 1.950396 -0.144254
v 0.258871 1.950396 -0.144254
v 0.217212 1.952303 -0.201599
v 0.217212 1.952303 -0.201599
v 0.163128 1.954211 -0.247412
v 0.163128 1.954211 -0.247412
v 0.099712 1.956119 -0.279071
v 0.099712 1.956119 -0.279071
v 0.030592 1.958027 -0.294767
v 0.030592 1.958027 -0.294767
v -0.040278 1.959935 -0.293600
v -0.040278 1.959935 -0.293600
v -0.108843 1.961843 -0.275638
v -0.108843 1.961843 -0.275638
v -0.171183 1.963751 -0.241908
v -0.171183 1.963751 -0.241908
v -0.223730 1.965659 -0.194340
v -0.223730 1.965659 -0.194340
v -0.263479 1.967566 -0.135655
v -0.263479 1.967566 -0.135655
v -0.288155 1.969474 -0.069210
v -0.288155 1.969474 -0.069210
v -0.296348 1.971382 0.001195
v -0.296348 1.971382 0.001195
v -0.296348 1.971382 0.001195
v -0.287588 1.973290 0.071531
v -0.287588 1.973290 0.071531
v -0.262376 1.975198 0.137775
v -0.262376 1.975198 0.137775
v -0.222156 1.977106 0.196138
v -0.222156 1.977106 0.196138
v -0.169227 1.979014 0.243281
v -0.169227 1.979014 0.243281
v -0.106618 1.980921 0.276507
v -0.106618 1.980921 0.276507
v -0.037909 1.982829 0.293915
v -0.037909 1.982829 0.293915
v 0.032968 1.984737 0.294511
v 0.032968 1.984737 0.294511
v 0.101959 1.986645 0.278258
v 0.101959 1.986645 0.278258
v 0.165118 1.988553 0.246088
v 0.165118 1.988553 0.246088
v 0.218831 1.990461 0.199841
v 0.218831 1.990461 0.199841
v 0.260026 1.992369 0.142162
v 0.260026 1.992369 0.142162
v 0.286346 1.994276 0.076350
v 0.286346 1.994276 0.076350
v 0.296286 1.996184 0.006171
v 0.296286 1.996184 0.006171
v 0.289277 1.998092 -0.064361
v 0.289277 1.998092 -0.064361
v 0.235016 2.000000 -0.180530
v 0.235016 2.000000 -0.180530
v 0.195280 2.000000 -0.222910
v 0.195280 2.000000 -0.222910
v 0.148041 2.000000 -0.256724
v 0.148041 2.000000 -0.256724
v -0.250000 0.000000 0.000000
v -0.250000 0.000000 0.000000
v -0.250000 0.000000 0.000000
v -0.241481 0.000000 0.064705
v -0.241481 0.000000 0.064705
v -0.216506 0.000000 0.125000
v -0.216506 0.000000 0.125000
v -0.176777 0.000000 0.176777
v -0.176777 0.000000 0.176777
v -0.125000 0.000000 0.216506
v -0.125000 0.000000 0.216506
v -0.064705 0.000000 0.241481
v -0.064705 0.000000 0.241481
v 0.000000 0.000000 0.250000
v 0.000000 0.000000 0.250000
v 0.064705 0.000000 0.241481
v 0.064705 0.000000 0.241481
v 0.125000 0.000000 0.216506
v 0.125000 0.000000 0.216506
v 0.176777 0.000000 0.176777
v 0.176777 0.000000 0.176777
v 0.216506 0.000000 0.125000
v 0.216506 0.000000 0.125000
v 0.241481 0.000000 0.064705
v 0.241481 0.000000 0.064705
v 0.250000 0.000000 0.000000
v 0.250000 0.000000 0.000000
v 0.241481 0.000000 -0.064705
v 0.241481 0.000000 -0.064705
v 0.216506 0.000000 -0.125000
v 0.216506 0.000000 -0.125000
v 0.176777 0.000000 -0.176777
v 0.176777 0.000000 -0.176777
v 0.125000 0.000000 -0.216506
v 0.125000 0.000000 -0.216506
v 0.064705 0.000000 -0.241481
v 0.064705 0.000000 -0.241481
v 0.000000 0.000000 -0.250000
v 0.000000 0.000000 -0.250000
v -0.064705 0.000000 -0.241481
v -0.064705 0.000000 -0.241481
v -0.125000 0.000000 -0.216506
v -0.125000 0.000000 -0.216506
v -0.176777 0.000000 -0.176777
v -0.176777 0.000000 -0.176777
v -0.216506 0.000000 -0.125000
v -0.216506 0.000000 -0.125000
v -0.241481 0.000000 -0.064705
v -0.241481 0.000000 -0.064705
v 0.246406 0.046350 -0.164643
v 0.246406 0.046350 -0.164643
v 0.273792 0.046350 -0.113408
v 0.273792 0.046350 -0.113408
v 0.290656 0.046350 -0.057815
v 0.290656 0.046350 -0.057815
v 0.779384 1.989604 -0.024171
v 0.779384 1.989604 -0.024171
v 0.779384 1.989604 -0.024171
v 0.732128 1.999768 0.010390
v 0.732128 1.999768 0.010390
v 0.732128 1.999768 0.010390
v 0.369064 1.999768 0.639237
v 0.369064 1.999768 0.639237
v 0.369064 1.999768 0.639237
v 0.368752 1.989372 0.688144
v 0.368752 1.989372 0.688144
v 0.368752 1.989372 0.688144
v 0.397300 1.978744 0.688144
v 0.397300 1.978744 0.688144
v 0.397300 1.978744 0.688144
v 0.794601 1.978744 0.000000
v 0.794601 1.978744 0.000000
v 0.794601 1.978744 0.000000
v 0.780326 1.989372 -0.024724
v 0.780326 1.989372 -0.024724
v 0.780326 1.989372 -0.024724
v 0.794601 1.600000 0.000000
v 0.794601 1.600000 0.000000
v 0.794601 1.600000 0.000000
v 0.397300 1.600000 -0.688144
v 0.397300 1.600000 -0.688144
v 0.397300 1.600000 -0.688144
v 0.397300 1.978744 -0.688144
v 0.397300 1.978744 -0.688144
v 0.397300 1.978744 -0.688144
v 0.411575 1.989372 -0.663421
v 0.411575 1.989372 -0.663421
v 0.411575 1.989372 -0.663421
v 0.397300 1.600000 0.688144
v 0.397300 1.600000 0.688144
v 0.397300 1.600000 0.688144
v -0.397300 1.989372 0.688144
v -0.397300 1.989372 0.688144
v -0.397300 1.989372 0.688144
v -0.397300 1.989372 0.688144
v -0.397300 1.600000 0.688144
v -0.397300 1.600000 0.688144
v -0.397300 1.600000 0.688144
v 0.368433 2.000000 0.638144
v 0.368433 2.000000 0.638144
v 0.368433 2.000000 0.638144
v -0.368433 2.000000 0.638144
v -0.368433 2.000000 0.638144
v -0.368433 2.000000 0.638144
v 0.410625 1.989604 -0.662880
v 0.410625 1.989604 -0.662880
v 0.410625 1.989604 -0.662880
v 0.357066 1.999768 -0.639237
v 0.357066 1.999768 -0.639237
v 0.357066 1.999768 -0.639237
v 0.356161 2.000000 -0.638144
v 0.356161 2.000000 -0.638144
v 0.356161 2.000000 -0.638144
v 0.730730 2.000000 0.010628
v 0.730730 2.000000 0.010628
v 0.730730 2.000000 0.010628
v -0.368433 2.000000 -0.638144
v -0.368433 2.000000 -0.638144
v -0.368433 2.000000 -0.638144
v -0.736866 2.000000 -0.000000
v -0.736866 2.000000 -0.000000
v -0.736866 2.000000 -0.000000
v 0.300000 2.000000 -0.000000
v 0.300000 2.000000 -0.000000
v 0.300000 2.000000 -0.000000
v 0.291913 2.000000 0.069185
v 0.291913 2.000000 0.069185
v 0.268090 2.000000 0.134640
v 0.268090 2.000000 0.134640
v 0.229813 2.000000 0.192836
v 0.229813 2.000000 0.192836
v 0.179148 2.000000 0.240637
v 0.179148 2.000000 0.240637
v 0.118824 2.000000 0.275465
v 0.118824 2.000000 0.275465
v 0.052094 2.000000 0.295442
v 0.052094 2.000000 0.295442
v -0.017443 2.000000 0.299492
v -0.017443 2.000000 0.299492
v -0.086041 2.000000 0.287397
v -0.086041 2.000000 0.287397
v -0.150000 2.000000 0.259808
v -0.150000 2.000000 0.259808
v -0.205872 2.000000 0.218212
v -0.205872 2.000000 0.218212
v -0.250646 2.000000 0.164853
v -0.250646 2.000000 0.164853
v -0.281908 2.000000 0.102606
v -0.281908 2.000000 0.102606
v -0.297972 2.000000 0.034828
v -0.297972 2.000000 0.034828
v -0.297972 2.000000 -0.034828
v -0.297972 2.000000 -0.034828
v -0.281908 2.000000 -0.102606
v -0.281908 2.000000 -0.102606
v -0.250646 2.000000 -0.164853
v -0.250646 2.000000 -0.164853
v -0.205872 2.000000 -0.218212
v -0.205872 2.000000 -0.218212
v -0.150000 2.000000 -0.259808
v -0.150000 2.000000 -0.259808
v -0.086041 2.000000 -0.287397
v -0.086041 2.000000 -0.287397
v -0.017443 2.000000 -0.299492
v -0.017443 2.000000 -0.299492
v 0.052094 2.000000 -0.295442
v 0.052094 2.000000 -0.295442
v 0.118824 2.000000 -0.275465
v 0.118824 2.000000 -0.275465
v 0.179148 2.000000 -0.240637
v 0.179148 2.000000 -0.240637
v 0.229813 2.000000 -0.192836
v 0.229813 2.000000 -0.192836
v 0.268090 2.000000 -0.134640
v 0.268090 2.000000 -0.134640
v 0.291913 2.000000 -0.069185
v 0.291913 2.000000 -0.069185
v -0.369064 1.999768 -0.639237
v -0.369064 1.999768 -0.639237
v -0.369064 1.999768 -0.639237
v -0.369064 1.999768 -0.639237
v -0.397300 1.978744 -0.688144
v -0.397300 1.978744 -0.688144
v -0.397300 1.978744 -0.688144
v -0.397300 1.978744 -0.688144
v -0.794601 1.978744 -0.000000
v -0.794601 1.978744 -0.000000
v -0.794601 1.978744 -0.000000
v -0.780326 1.989372 0.024724
v -0.780326 1.989372 0.024724
v -0.780326 1.989372 0.024724
v -0.738127 1.999768 -0.000000
v -0.738127 1.999768 -0.000000
v -0.738127 1.999768 -0.000000
v -0.794601 1.600000 -0.000000
v -0.794601 1.600000 -0.000000
v -0.794601 1.600000 -0.000000
v -0.397300 1.600000 -0.688144
v -0.397300 1.600000 -0.688144
v -0.397300 1.600000 -0.688144
v 0.300000 1.600000 -0.000000
v 0.300000 1.600000 -0.000000
v 0.300000 1.600000 -0.000000
v 0.291913 1.600000 0.069185
v 0.291913 1.600000 0.069185
v 0.268090 1.600000 0.134640
v 0.268090 1.600000 0.134640
v 0.229813 1.600000 0.192836
v 0.229813 1.600000 0.192836
v 0.179148 1.600000 0.240637
v 0.179148 1.600000 0.240637
v 0.118824 1.600000 0.275465
v 0.118824 1.600000 0.275465
v 0.052094 1.600000 0.295442
v 0.052094 1.600000 0.295442
v -0.017443 1.600000 0.299492
v -0.017443 1.600000 0.299492
v -0.086041 1.600000 0.287397
v -0.086041 1.600000 0.287397
v -0.150000 1.600000 0.259808
v -0.150000 1.600000 0.259808
v -0.205872 1.600000 0.218212
v -0.205872 1.600000 0.218212
v -0.250646 1.600000 0.164853
v -0.250646 1.600000 0.164853
v -0.281908 1.600000 0.102606
v -0.281908 1.600000 0.102606
v -0.297972 1.600000 0.034828
v -0.297972 1.600000 0.034828
v -0.297972 1.600000 -0.034828
v -0.297972 1.600000 -0.034828
v -0.281908 1.600000 -0.102606
v -0.281908 1.600000 -0.102606
v -0.250646 1.600000 -0.164853
v -0.250646 1.600000 -0.164853
v -0.205872 1.600000 -0.218212
v -0.205872 1.600000 -0.218212
v -0.150000 1.600000 -0.259808
v -0.150000 1.600000 -0.259808
v -0.086041 1.600000 -0.287397
v -0.086041 1.600000 -0.287397
v -0.017443 1.600000 -0.299492
v -0.017443 1.600000 -0.299492
v 0.052094 1.600000 -0.295442
v 0.052094 1.600000 -0.295442
v 0.118824 1.600000 -0.275465
v 0.118824 1.600000 -0.275465
v 0.179148 1.600000 -0.240637
v 0.179148 1.600000 -0.240637
v 0.229813 1.600000 -0.192836
v 0.229813 1.600000 -0.192836
v 0.268090 1.600000 -0.134640
v 0.268090 1.600000 -0.134640
v 0.291913 1.600000 -0.069185
v 0.291913 1.600000 -0.069185
f 1 5 4244
f 4244 5 8
f 4244 8 4242
f 4242 8 9
f 4242 9 11
f 4242 11 4240
f 4240 11 14
f 4240 14 16
f 4240 16 4238
f 4238 16 18
f 4238 18 20
f 4238 20 4236
f 4236 20 22
f 4236 22 23
f 4236 23 4234
f 4234 23 26
f 4234 26 28
f 4234 28 4231
f 4231 28 30
f 4231 30 4229
f 4229 30 31
f 4229 31 33
f 4229 33 4228
f 4228 33 37
f 4228 37 39
f 4228 39 4226
f 4226 39 40
f 4226 40 4224
f 4224 40 43
f 4224 43 4221
f 4221 43 44
f 4221 44 4219
f 4219 44 46
f 4219 46 4218
f 4218 46 48
f 4218 48 4216
f 4216 48 51
f 4216 51 4213
f 4213 51 53
f 4213 53 4211
f 4211 53 55
f 4211 55 4209
f 4209 55 56
f 4209 56 4207
f 4207 56 58
f 4207 58 4205
f 4205 58 61
f 4205 61 4204
f 4204 61 62
f 4204 62 4201
f 4201 62 65
f 4201 65 4199
f 4199 65 66
f 4199 66 4198
f 4198 66 69
f 4198 69 4195
f 4195 69 71
f 4195 71 4193
f 4193 71 74
f 4193 74 4191
f 4191 74 76
f 4191 76 4188
f 4188 76 78
f 4188 78 4187
f 4187 78 80
f 4187 80 4184
f 4184 80 81
f 4184 81 4182
f 4182 81 83
f 4182 83 4180
f 4180 83 85
f 4180 85 4179
f 4179 85 88
f 4179 88 4176
f 4176 88 90
f 4176 90 4174
f 4174 90 92
f 4174 92 4172
f 4172 92 94
f 4172 94 4170
f 4170 94 95
f 4170 95 4168
f 4168 95 97
f 4168 97 4166
f 4166 97 100
f 4166 100 4164
f 4164 100 101
f 4164 101 4163
f 4163 101 104
f 4163 104 4161
f 4161 104 106
f 4161 106 4158
f 4158 106 107
f 4158 107 4156
f 4156 107 109
f 4156 109 4154
f 4154 109 111
f 4154 111 4152
f 4152 111 114
f 4152 114 4151
f 4151 114 116
f 4151 116 4148
f 4148 116 118
f 4148 118 4146
f 4146 118 120
f 4146 120 4144
f 4144 120 121
f 4144 121 4142
f 4142 121 123
f 4142 123 4141
f 4141 123 126
f 4141 126 4139
f 4139 126 129
f 4139 129 4137
f 4137 129 131
f 4137 131 4134
f 4134 131 132
f 4134 132 4132
f 4132 132 134
f 4132 134 4129
f 4129 134 136
f 4129 136 4128
f 4128 136 139
f 4128 139 4125
f 4125 139 141
f 4125 141 4124
f 4124 141 143
f 4124 143 4121
f 4121 143 145
f 4121 145 4120
f 4120 145 146
f 4120 146 4117
f 4117 146 149
f 4117 149 4115
f 4115 149 150
f 4115 150 4113
f 4113 150 153
f 4113 153 4112
f 4112 153 154
f 4112 154 4109
f 4109 154 156
f 4109 156 4107
f 4107 156 158
f 4107 158 4106
f 4106 158 161
f 4106 161 4103
f 4103 161 163
f 4103 163 4101
f 4101 163 164
f 4101 164 4099
f 4099 164 166
f 4099 166 4098
f 4098 166 169
f 4098 169 4095
f 4095 169 170
f 4095 170 4094
f 4094 170 173
f 4094 173 4092
f 4092 173 175
f 4092 175 4089
f 4089 175 176
f 4089 176 4087
f 4087 176 180
f 4087 180 4086
f 4086 180 182
f 4086 182 4084
f 4084 182 184
f 4084 184 4080
f 4080 184 186
f 4080 186 4079
f 4079 186 188
f 4079 188 4077
f 4077 188 190
f 4077 190 4075
f 4075 190 191
f 4075 191 4072
f 4072 191 194
f 4072 194 4071
f 4071 194 196
f 4071 196 4069
f 4069 196 198
f 4069 198 4066
f 4066 198 199
f 4066 199 4064
f 4064 199 202
f 4064 202 4063
f 4063 202 203
f 4063 203 4061
f 4061 203 205
f 4061 205 4058
f 4058 205 208
f 4058 208 4057
f 4057 208 210
f 4057 210 4055
f 4055 210 211
f 4055 211 4053
f 4053 211 214
f 4053 214 4051
f 4051 214 215
f 4051 215 4048
f 4048 215 218
f 4048 218 4046
f 4046 218 220
f 4046 220 4045
f 4045 220 221
f 4045 221 4042
f 4042 221 223
f 4042 223 4040
f 4040 223 225
f 4040 225 4039
f 4039 225 228
f 4039 228 4037
f 4037 228 230
f 4037 230 4035
f 4035 230 232
f 4035 232 4032
f 4032 232 235
f 4032 235 4030
f 4030 235 237
f 4030 237 4028
f 4028 237 239
f 4028 239 4025
f 4025 239 240
f 4025 240 4023
f 4023 240 242
f 4023 242 4022
f 4022 242 244
f 4022 244 4019
f 4019 244 246
f 4019 246 4017
f 4017 246 249
f 4017 249 4015
f 4015 249 251
f 4015 251 4013
f 4013 251 253
f 4013 253 4011
f 4011 253 255
f 4011 255 4009
f 4009 255 257
f 4009 257 4008
f 4008 257 259
f 4008 259 4005
f 4005 259 261
f 4005 261 4003
f 4003 261 263
f 4003 263 4002
f 4002 263 264
f 4002 264 3999
f 3999 264 267
f 3999 267 3998
f 3998 267 268
f 3998 268 3996
f 3996 268 271
f 3996 271 3993
f 3993 271 273
f 3993 273 3992
f 3992 273 274
f 3992 274 3989
f 3989 274 276
f 3989 276 3987
f 3987 276 279
f 3987 279 3985
f 3985 279 280
f 3985 280 3983
f 3983 280 283
f 3983 283 3982
f 3982 283 284
f 3982 284 3980
f 3980 284 288
f 3980 288 3976
f 3976 288 290
f 3976 290 3975
f 3975 290 291
f 3975 291 3972
f 3972 291 293
f 3972 293 3970
f 3970 293 296
f 3970 296 3968
f 3968 296 297
f 3968 297 3966
f 3966 297 300
f 3966 300 3965
f 3965 300 301
f 3965 301 3962
f 3962 301 304
f 3962 304 3961
f 3961 304 306
f 3961 306 3958
f 3958 306 307
f 3958 307 3956
f 3956 307 310
f 3956 310 3954
f 3954 310 311
f 3954 311 3953
f 3953 311 314
f 3953 314 3951
f 3951 314 316
f 3951 316 3949
f 3949 316 317
f 3949 317 3947
f 3947 317 320
f 3947 320 3945
f 3945 320 322
f 3945 322 3942
f 3942 322 324
f 3942 324 3940
f 3940 324 326
f 3940 326 3938
f 3938 326 328
f 3938 328 3936
f 3936 328 329
f 3936 329 3935
f 3935 329 331
f 3935 331 3932
f 3932 331 334
f 3932 334 3931
f 3931 334 335
f 3931 335 3928
f 3928 335 337
f 3928 337 3927
f 3927 337 340
f 3927 340 3924
f 3924 340 343
f 3924 343 3921
f 3921 343 345
f 3921 345 3920
f 3920 345 346
f 3920 346 3917
f 3917 346 348
f 3917 348 3915
f 3915 348 350
f 3915 350 3914
f 3914 350 352
f 3914 352 3911
f 3911 352 354
f 3911 354 3909
f 3909 354 356
f 3909 356 3907
f 3907 356 358
f 3907 358 3905
f 3905 358 361
f 3905 361 3904
f 3904 361 363
f 3904 363 3901
f 3901 363 365
f 3901 365 3899
f 3899 365 366
f 3899 366 3897
f 3897 366 368
f 3897 368 3895
f 3895 368 370
f 3895 370 3893
f 3893 370 372
f 3893 372 3892
f 3892 372 374
f 3892 374 3889
f 3889 374 377
f 3889 377 3888
f 3888 377 378
f 3888 378 3885
f 3885 378 380
f 3885 380 3884
f 3884 380 383
f 3884 383 3881
f 3881 383 385
f 3881 385 3879
f 3879 385 387
f 3879 387 3877
f 3877 387 389
f 3877 389 3875
f 3875 389 391
f 3875 391 3873
f 3873 391 392
f 3873 392 3872
f 3872 392 395
f 3872 395 3869
f 3869 395 398
f 3869 398 3866
f 3866 398 400
f 3866 400 3864
f 3864 400 402
f 3864 402 3863
f 3863 402 404
f 3863 404 3861
f 3861 404 405
f 3861 405 3859
f 3859 405 408
f 3859 408 3857
f 3857 408 410
f 3857 410 3854
f 3854 410 412
f 3854 412 3853
f 3853 412 414
f 3853 414 3850
f 3850 414 415
f 3850 415 3849
f 3849 415 418
f 3849 418 3846
f 3846 418 420
f 3846 420 3844
f 3844 420 422
f 3844 422 3842
f 3842 422 424
f 3842 424 3840
f 3840 424 425
f 3840 425 3838
f 3838 425 428
f 3838 428 3836
f 3836 428 430
f 3836 430 3835
f 3835 430 432
f 3835 432 3833
f 3833 432 434
f 3833 434 3831
f 3831 434 436
f 3831 436 3829
f 3829 436 438
f 3829 438 3826
f 3826 438 439
f 3826 439 3824
f 3824 439 442
f 3824 442 3823
f 3823 442 444
f 3823 444 3821
f 3821 444 446
f 3821 446 3819
f 3819 446 449
f 3819 449 3815
f 3815 449 450
f 3815 450 3813
f 3813 450 452
f 3813 452 3811
f 3811 452 455
f 3811 455 3810
f 3810 455 457
f 3810 457 3808
f 3808 457 459
f 3808 459 3805
f 3805 459 460
f 3805 460 3803
f 3803 460 462
f 3803 462 3801
f 3801 462 464
f 3801 464 3799
f 3799 464 467
f 3799 467 3797
f 3797 467 468
f 3797 468 3795
f 3795 468 471
f 3795 471 3793
f 3793 471 472
f 3793 472 3791
f 3791 472 474
f 3791 474 3789
f 3789 474 476
f 3789 476 3787
f 3787 476 478
f 3787 478 3786
f 3786 478 480
f 3786 480 3783
f 3783 480 483
f 3783 483 3782
f 3782 483 485
f 3782 485 3780
f 3780 485 486
f 3780 486 3778
f 3778 486 489
f 3778 489 3775
f 3775 489 491
f 3775 491 3773
f 3773 491 493
f 3773 493 3771
f 3771 493 495
f 3771 495 3770
f 3770 495 497
f 3770 497 3768
f 3768 497 498
f 3768 498 3765
f 3765 498 501
f 3765 501 3763
f 3763 501 504
f 3763 504 3761
f 3761 504 506
f 3761 506 3759
f 3759 506 507
f 3759 507 3757
f 3757 507 509
f 3757 509 3755
f 3755 509 511
f 3755 511 3753
f 3753 511 514
f 3753 514 3751
f 3751 514 515
f 3751 515 3748
f 3748 515 517
f 3748 517 3746
f 3746 517 519
f 3746 519 3744
f 3744 519 521
f 3744 521 3743
f 3743 521 524
f 3743 524 3740
f 3740 524 526
f 3740 526 3738
f 3738 526 528
f 3738 528 3736
f 3736 528 529
f 3736 529 3735
f 3735 529 531
f 3735 531 3732
f 3732 531 533
f 3732 533 3731
f 3731 533 535
f 3731 535 3728
f 3728 535 537
f 3728 537 3727
f 3727 537 539
f 3727 539 3725
f 3725 539 541
f 3725 541 3723
f 3723 541 543
f 3723 543 3721
f 3721 543 545
f 3721 545 3718
f 3718 545 547
f 3718 547 3716
f 3716 547 550
f 3716 550 3714
f 3714 550 552
f 3714 552 3712
f 3712 552 555
f 3712 555 3710
f 3710 555 557
f 3710 557 3708
f 3708 557 558
f 3708 558 3705
f 3705 558 561
f 3705 561 3703
f 3703 561 562
f 3703 562 3701
f 3701 562 565
f 3701 565 3699
f 3699 565 566
f 3699 566 3697
f 3697 566 568
f 3697 568 3695
f 3695 568 570
f 3695 570 3694
f 3694 570 572
f 3694 572 3691
f 3691 572 574
f 3691 574 3689
f 3689 574 577
f 3689 577 3688
f 3688 577 579
f 3688 579 3686
f 3686 579 580
f 3686 580 3683
f 3683 580 583
f 3683 583 3682
f 3682 583 585
f 3682 585 3679
f 3679 585 586
f 3679 586 3677
f 3677 586 589
f 3677 589 3675
f 3675 589 590
f 3675 590 3674
f 3674 590 592
f 3674 592 3672
f 3672 592 594
f 3672 594 3669
f 3669 594 597
f 3669 597 3667
f 3667 597 598
f 3667 598 3666
f 3666 598 601
f 3666 601 3663
f 3663 601 602
f 3663 602 3662
f 3662 602 604
f 3662 604 3659
f 3659 604 608
f 3659 608 3658
f 3658 608 609
f 3658 609 3654
f 3654 609 611
f 3654 611 3653
f 3653 611 613
f 3653 613 3651
f 3651 613 615
f 3651 615 3649
f 3649 615 617
f 3649 617 3646
f 3646 617 620
f 3646 620 3644
f 3644 620 621
f 3644 621 3643
f 3643 621 623
f 3643 623 3641
f 3641 623 626
f 3641 626 3639
f 3639 626 627
f 3639 627 3636
f 3636 627 630
f 3636 630 3634
f 3634 630 631
f 3634 631 3633
f 3633 631 633
f 3633 633 3630
f 3630 633 636
f 3630 636 3629
f 3629 636 637
f 3629 637 3626
f 3626 637 640
f 3626 640 3625
f 3625 640 642
f 3625 642 3622
f 3622 642 644
f 3622 644 3620
f 3620 644 645
f 3620 645 3619
f 3619 645 647
f 3619 647 3616
f 3616 647 650
f 3616 650 3614
f 3614 650 651
f 3614 651 3612
f 3612 651 653
f 3612 653 3611
f 3611 653 655
f 3611 655 3609
f 3609 655 657
f 3609 657 3607
f 3607 657 661
f 3607 661 3604
f 3604 661 663
f 3604 663 3601
f 3601 663 664
f 3601 664 3599
f 3599 664 666
f 3599 666 3597
f 3597 666 669
f 3597 669 3595
f 3595 669 671
f 3595 671 3593
f 3593 671 673
f 3593 673 3591
f 3591 673 675
f 3591 675 3589
f 3589 675 677
f 3589 677 3588
f 3588 677 679
f 3588 679 3586
f 3586 679 681
f 3586 681 3583
f 3583 681 683
f 3583 683 3581
f 3581 683 684
f 3581 684 3580
f 3580 684 687
f 3580 687 3577
f 3577 687 688
f 3577 688 3575
f 3575 688 690
f 3575 690 3573
f 3573 690 693
f 3573 693 3571
f 3571 693 694
f 3571 694 3570
f 3570 694 696
f 3570 696 3567
f 3567 696 698
f 3567 698 3565
f 3565 698 700
f 3565 700 3563
f 3563 700 703
f 3563 703 3561
f 3561 703 705
f 3561 705 3559
f 3559 705 707
f 3559 707 3557
f 3557 707 709
f 3557 709 3555
f 3555 709 710
f 3555 710 3554
f 3554 710 713
f 3554 713 3552
f 3552 713 716
f 3552 716 3548
f 3548 716 717
f 3548 717 3547
f 3547 717 719
f 3547 719 3544
f 3544 719 721
f 3544 721 3543
f 3543 721 724
f 3543 724 3540
f 3540 724 726
f 3540 726 3538
f 3538 726 727
f 3538 727 3536
f 3536 727 729
f 3536 729 3534
f 3534 729 731
f 3534 731 3533
f 3533 731 733
f 3533 733 3530
f 3530 733 735
f 3530 735 3528
f 3528 735 738
f 3528 738 3526
f 3526 738 739
f 3526 739 3524
f 3524 739 741
f 3524 741 3522
f 3522 741 744
f 3522 744 3520
f 3520 744 745
f 3520 745 3518
f 3518 745 748
f 3518 748 3517
f 3517 748 750
f 3517 750 3515
f 3515 750 751
f 3515 751 3512
f 3512 751 754
f 3512 754 3511
f 3511 754 755
f 3511 755 3509
f 3509 755 757
f 3509 757 3507
f 3507 757 759
f 3507 759 3504
f 3504 759 761
f 3504 761 3503
f 3503 761 764
f 3503 764 3501
f 3501 764 765
f 3501 765 3498
f 3498 765 768
f 3498 768 3496
f 3496 768 771
f 3496 771 3494
f 3494 771 772
f 3494 772 3492
f 3492 772 775
f 3492 775 3490
f 3490 775 777
f 3490 777 3487
f 3487 777 778
f 3487 778 3486
f 3486 778 780
f 3486 780 3484
f 3484 780 782
f 3484 782 3482
f 3482 782 784
f 3482 784 3480
f 3480 784 787
f 3480 787 3478
f 3478 787 789
f 3478 789 3476
f 3476 789 791
f 3476 791 3474
f 3474 791 793
f 3474 793 3472
f 3472 793 795
f 3472 795 3470
f 3470 795 796
f 3470 796 3467
f 3467 796 799
f 3467 799 3465
f 3465 799 801
f 3465 801 3463
f 3463 801 803
f 3463 803 3462
f 3462 803 805
f 3462 805 3459
f 3459 805 806
f 3459 806 3457
f 3457 806 808
f 3457 808 3456
f 3456 808 810
f 3456 810 3454
f 3454 810 813
f 3454 813 3452
f 3452 813 815
f 3452 815 3449
f 3449 815 816
f 3449 816 3448
f 3448 816 819
f 3448 819 3445
f 3445 819 820
f 3445 820 3443
f 3443 820 823
f 3443 823 3441
f 3441 823 826
f 3441 826 3438
f 3438 826 828
f 3438 828 3437
f 3437 828 829
f 3437 829 3435
f 3435 829 831
f 3435 831 3433
f 3433 831 833
f 3433 833 3431
f 3431 833 836
f 3431 836 3428
f 3428 836 837
f 3428 837 3426
f 3426 837 840
f 3426 840 3425
f 3425 840 841
f 3425 841 3422
f 3422 841 843
f 3422 843 3420
f 3420 843 846
f 3420 846 3418
f 3418 846 848
f 3418 848 3416
f 3416 848 850
f 3416 850 3414
f 3414 850 851
f 3414 851 3412
f 3412 851 853
f 3412 853 3410
f 3410 853 855
f 3410 855 3408
f 3408 855 857
f 3408 857 3407
f 3407 857 860
f 3407 860 3404
f 3404 860 862
f 3404 862 3402
f 3402 862 863
f 3402 863 3401
f 3401 863 865
f 3401 865 3398
f 3398 865 868
f 3398 868 3397
f 3397 868 869
f 3397 869 3394
f 3394 869 871
f 3394 871 3393
f 3393 871 873
f 3393 873 3390
f 3390 873 876
f 3390 876 3387
f 3387 876 878
f 3387 878 3386
f 3386 878 880
f 3386 880 3383
f 3383 880 882
f 3383 882 3382
f 3382 882 885
f 3382 885 3380
f 3380 885 887
f 3380 887 3378
f 3378 887 889
f 3378 889 3375
f 3375 889 890
f 3375 890 3374
f 3374 890 892
f 3374 892 3372
f 3372 892 894
f 3372 894 3370
f 3370 894 897
f 3370 897 3367
f 3367 897 899
f 3367 899 3365
f 3365 899 900
f 3365 900 3363
f 3363 900 903
f 3363 903 3361
f 3361 903 905
f 3361 905 3360
f 3360 905 907
f 3360 907 3357
f 3357 907 909
f 3357 909 3355
f 3355 909 911
f 3355 911 3353
f 3353 911 912
f 3353 912 3352
f 3352 912 915
f 3352 915 3350
f 3350 915 917
f 3350 917 3347
f 3347 917 918
f 3347 918 3345
f 3345 918 920
f 3345 920 3343
f 3343 920 922
f 3343 922 3341
f 3341 922 924
f 3341 924 3340
f 3340 924 927
f 3340 927 3338
f 3338 927 930
f 3338 930 3336
f 3336 930 932
f 3336 932 3333
f 3333 932 934
f 3333 934 3331
f 3331 934 935
f 3331 935 3329
f 3329 935 937
f 3329 937 3326
f 3326 937 939
f 3326 939 3324
f 3324 939 941
f 3324 941 3323
f 3323 941 944
f 3323 944 3321
f 3321 944 945
f 3321 945 3319
f 3319 945 948
f 3319 948 3316
f 3316 948 949
f 3316 949 3314
f 3314 949 951
f 3314 951 3313
f 3313 951 953
f 3313 953 3310
f 3310 953 955
f 3310 955 3308
f 3308 955 957
f 3308 957 3307
f 3307 957 960
f 3307 960 3304
f 3304 960 962
f 3304 962 3303
f 3303 962 964
f 3303 964 3301
f 3301 964 966
f 3301 966 3299
f 3299 966 967
f 3299 967 3296
f 3296 967 970
f 3296 970 3295
f 3295 970 972
f 3295 972 3293
f 3293 972 973
f 3293 973 3291
f 3291 973 976
f 3291 976 3289
f 3289 976 978
f 3289 978 3287
f 3287 978 980
f 3287 980 3284
f 3284 980 982
f 3284 982 3281
f 3281 982 985
f 3281 985 3279
f 3279 985 987
f 3279 987 3277
f 3277 987 988
f 3277 988 3275
f 3275 988 991
f 3275 991 3274
f 3274 991 993
f 3274 993 3272
f 3272 993 994
f 3272 994 3270
f 3270 994 996
f 3270 996 3268
f 3268 996 998
f 3268 998 3266
f 3266 998 1000
f 3266 1000 3263
f 3263 1000 1003
f 3263 1003 3262
f 3262 1003 1005
f 3262 1005 3259
f 3259 1005 1006
f 3259 1006 3258
f 3258 1006 1008
f 3258 1008 3255
f 3255 1008 1011
f 3255 1011 3254
f 3254 1011 1012
f 3254 1012 3252
f 3252 1012 1015
f 3252 1015 3250
f 3250 1015 1016
f 3250 1016 3248
f 3248 1016 1019
f 3248 1019 3246
f 3246 1019 1021
f 3246 1021 3243
f 3243 1021 1023
f 3243 1023 3241
f 3241 1023 1024
f 3241 1024 3239
f 3239 1024 1027
f 3239 1027 3237
f 3237 1027 1029
f 3237 1029 3235
f 3235 1029 1030
f 3235 1030 3233
f 3233 1030 1033
f 3233 1033 3231
f 3231 1033 1035
f 3231 1035 3229
f 3229 1035 1037
f 3229 1037 3226
f 3226 1037 1040
f 3226 1040 3224
f 3224 1040 1042
f 3224 1042 3223
f 3223 1042 1044
f 3223 1044 3220
f 3220 1044 1046
f 3220 1046 3218
f 3218 1046 1048
f 3218 1048 3217
f 3217 1048 1050
f 3217 1050 3214
f 3214 1050 1051
f 3214 1051 3212
f 3212 1051 1054
f 3212 1054 3210
f 3210 1054 1056
f 3210 1056 3209
f 3209 1056 1058
f 3209 1058 3206
f 3206 1058 1060
f 3206 1060 3204
f 3204 1060 1062
f 3204 1062 3203
f 3203 1062 1063
f 3203 1063 3200
f 3200 1063 1066
f 3200 1066 3199
f 3199 1066 1067
f 3199 1067 3197
f 3197 1067 1070
f 3197 1070 3195
f 3195 1070 1072
f 3195 1072 3192
f 3192 1072 1074
f 3192 1074 3191
f 3191 1074 1075
f 3191 1075 3189
f 3189 1075 1077
f 3189 1077 3187
f 3187 1077 1080
f 3187 1080 3185
f 3185 1080 1082
f 3185 1082 3183
f 3183 1082 1084
f 3183 1084 3181
f 3181 1084 1086
f 3181 1086 3179
f 3179 1086 1088
f 3179 1088 3176
f 3176 1088 1091
f 3176 1091 3173
f 3173 1091 1093
f 3173 1093 3171
f 3171 1093 1095
f 3171 1095 3170
f 3170 1095 1097
f 3170 1097 3167
f 3167 1097 1098
f 3167 1098 3165
f 3165 1098 1101
f 3165 1101 3163
f 3163 1101 1103
f 3163 1103 3161
f 3161 1103 1105
f 3161 1105 3159
f 3159 1105 1107
f 3159 1107 3157
f 3157 1107 1108
f 3157 1108 3155
f 3155 1108 1111
f 3155 1111 3154
f 3154 1111 1113
f 3154 1113 3151
f 3151 1113 1114
f 3151 1114 3149
f 3149 1114 1117
f 3149 1117 3147
f 3147 1117 1119
f 3147 1119 3145
f 3145 1119 1121
f 3145 1121 3144
f 3144 1121 1123
f 3144 1123 3141
f 3141 1123 1124
f 3141 1124 3140
f 3140 1124 1126
f 3140 1126 3138
f 3138 1126 1129
f 3138 1129 3136
f 3136 1129 1131
f 3136 1131 3134
f 3134 1131 1133
f 3134 1133 3132
f 3132 1133 1134
f 3132 1134 3130
f 3130 1134 1137
f 3130 1137 3128
f 3128 1137 1139
f 3128 1139 3126
f 3126 1139 1142
f 3126 1142 3124
f 3124 1142 1144
f 3124 1144 3120
f 3120 1144 1146
f 3120 1146 3119
f 3119 1146 1148
f 3119 1148 3117
f 3117 1148 1150
f 3117 1150 3115
f 3115 1150 1152
f 3115 1152 3112
f 3112 1152 1154
f 3112 1154 3111
f 3111 1154 1156
f 3111 1156 3108
f 3108 1156 1157
f 3108 1157 3107
f 3107 1157 1159
f 3107 1159 3104
f 3104 1159 1162
f 3104 1162 3102
f 3102 1162 1164
f 3102 1164 3100
f 3100 1164 1165
f 3100 1165 3098
f 3098 1165 1168
f 3098 1168 3096
f 3096 1168 1169
f 3096 1169 3094
f 3094 1169 1172
f 3094 1172 3092
f 3092 1172 1174
f 3092 1174 3090
f 3090 1174 1175
f 3090 1175 3089
f 3089 1175 1177
f 3089 1177 3086
f 3086 1177 1180
f 3086 1180 3084
f 3084 1180 1181
f 3084 1181 3082
f 3082 1181 1184
f 3082 1184 3081
f 3081 1184 1186
f 3081 1186 3079
f 3079 1186 1188
f 3079 1188 3076
f 3076 1188 1189
f 3076 1189 3075
f 3075 1189 1192
f 3075 1192 3073
f 3073 1192 1193
f 3073 1193 3071
f 3071 1193 1197
f 3071 1197 3069
f 3069 1197 1199
f 3069 1199 3066
f 3066 1199 1201
f 3066 1201 3064
f 3064 1201 1202
f 3064 1202 3062
f 3062 1202 1204
f 3062 1204 3059
f 3059 1204 1207
f 3059 1207 3057
f 3057 1207 1209
f 3057 1209 3055
f 3055 1209 1211
f 3055 1211 3053
f 3053 1211 1213
f 3053 1213 3052
f 3052 1213 1215
f 3052 1215 3050
f 3050 1215 1216
f 3050 1216 3048
f 3048 1216 1218
f 3048 1218 3045
f 3045 1218 1220
f 3045 1220 3043
f 3043 1220 1223
f 3043 1223 3042
f 3042 1223 1225
f 3042 1225 3039
f 3039 1225 1227
f 3039 1227 3038
f 3038 1227 1229
f 3038 1229 3036
f 3036 1229 1231
f 3036 1231 3034
f 3034 1231 1232
f 3034 1232 3032
f 3032 1232 1235
f 3032 1235 3030
f 3030 1235 1237
f 3030 1237 3028
f 3028 1237 1238
f 3028 1238 3025
f 3025 1238 1240
f 3025 1240 3023
f 3023 1240 1242
f 3023 1242 3021
f 3021 1242 1244
f 3021 1244 3020
f 3020 1244 1246
f 3020 1246 3016
f 3016 1246 1250
f 3016 1250 3014
f 3014 1250 1252
f 3014 1252 3012
f 3012 1252 1254
f 3012 1254 3010
f 3010 1254 1255
f 3010 1255 3009
f 3009 1255 1258
f 3009 1258 3006
f 3006 1258 1259
f 3006 1259 3005
f 3005 1259 1261
f 3005 1261 3002
f 3002 1261 1263
f 3002 1263 3001
f 3001 1263 1266
f 3001 1266 2998
f 2998 1266 1267
f 2998 1267 2996
f 2996 1267 1270
f 2996 1270 2995
f 2995 1270 1271
f 2995 1271 2993
f 2993 1271 1273
f 2993 1273 2991
f 2991 1273 1276
f 2991 1276 2988
f 2988 1276 1278
f 2988 1278 2987
f 2987 1278 1279
f 2987 1279 2985
f 2985 1279 1281
f 2985 1281 2983
f 2983 1281 1283
f 2983 1283 2981
f 2981 1283 1285
f 2981 1285 2978
f 2978 1285 1287
f 2978 1287 2977
f 2977 1287 1289
f 2977 1289 2974
f 2974 1289 1292
f 2974 1292 2972
f 2972 1292 1294
f 2972 1294 2970
f 2970 1294 1295
f 2970 1295 2968
f 2968 1295 1297
f 2968 1297 2967
f 2967 1297 1300
f 2967 1300 2964
f 2964 1300 1301
f 2964 1301 2961
f 2961 1301 1305
f 2961 1305 2959
f 2959 1305 1307
f 2959 1307 2958
f 2958 1307 1309
f 2958 1309 2955
f 2955 1309 1310
f 2955 1310 2954
f 2954 1310 1312
f 2954 1312 2951
f 2951 1312 1315
f 2951 1315 2949
f 2949 1315 1317
f 2949 1317 2947
f 2947 1317 1318
f 2947 1318 2946
f 2946 1318 1321
f 2946 1321 2943
f 2943 1321 1322
f 2943 1322 2941
f 2941 1322 1324
f 2941 1324 2940
f 2940 1324 1327
f 2940 1327 2937
f 2937 1327 1328
f 2937 1328 2935
f 2935 1328 1330
f 2935 1330 2933
f 2933 1330 1333
f 2933 1333 2931
f 2931 1333 1335
f 2931 1335 2929
f 2929 1335 1336
f 2929 1336 2928
f 2928 1336 1338
f 2928 1338 2926
f 2926 1338 1341
f 2926 1341 2924
f 2924 1341 1343
f 2924 1343 2921
f 2921 1343 1344
f 2921 1344 2920
f 2920 1344 1346
f 2920 1346 2918
f 2918 1346 1349
f 2918 1349 2916
f 2916 1349 1350
f 2916 1350 2913
f 2913 1350 1352
f 2913 1352 2911
f 2911 1352 1356
f 2911 1356 2908
f 2908 1356 1358
f 2908 1358 2906
f 2906 1358 1360
f 2906 1360 2904
f 2904 1360 1362
f 2904 1362 2902
f 2902 1362 1363
f 2902 1363 2901
f 2901 1363 1366
f 2901 1366 2899
f 2899 1366 1368
f 2899 1368 2897
f 2897 1368 1370
f 2897 1370 2894
f 2894 1370 1372
f 2894 1372 2892
f 2892 1372 1374
f 2892 1374 2890
f 2890 1374 1376
f 2890 1376 2888
f 2888 1376 1378
f 2888 1378 2886
f 2886 1378 1380
f 2886 1380 2885
f 2885 1380 1382
f 2885 1382 2882
f 2882 1382 1384
f 2882 1384 2880
f 2880 1384 1385
f 2880 1385 2879
f 2879 1385 1387
f 2879 1387 2877
f 2877 1387 1389
f 2877 1389 2874
f 2874 1389 1391
f 2874 1391 2872
f 2872 1391 1394
f 2872 1394 2870
f 2870 1394 1395
f 2870 1395 2868
f 2868 1395 1398
f 2868 1398 2867
f 2867 1398 1400
f 2867 1400 2864
f 2864 1400 1402
f 2864 1402 2863
f 2863 1402 1404
f 2863 1404 2861
f 2861 1404 1405
f 2861 1405 2859
f 2859 1405 1408
f 2859 1408 2856
f 2856 1408 1410
f 2856 1410 2854
f 2854 1410 1412
f 2854 1412 2851
f 2851 1412 1415
f 2851 1415 2849
f 2849 1415 1417
f 2849 1417 2847
f 2847 1417 1418
f 2847 1418 2846
f 2846 1418 1421
f 2846 1421 2843
f 2843 1421 1422
f 2843 1422 2841
f 2841 1422 1425
f 2841 1425 2840
f 2840 1425 1427
f 2840 1427 2837
f 2837 1427 1429
f 2837 1429 2835
f 2835 1429 1430
f 2835 1430 2833
f 2833 1430 1433
f 2833 1433 2831
f 2831 1433 1435
f 2831 1435 2829
f 2829 1435 1437
f 2829 1437 2827
f 2827 1437 1439
f 2827 1439 2826
f 2826 1439 1441
f 2826 1441 2823
f 2823 1441 1443
f 2823 1443 2822
f 2822 1443 1444
f 2822 1444 2820
f 2820 1444 1446
f 2820 1446 2817
f 2817 1446 1448
f 2817 1448 2816
f 2816 1448 1450
f 2816 1450 2813
f 2813 1450 1453
f 2813 1453 2811
f 2811 1453 1454
f 2811 1454 2809
f 2809 1454 1456
f 2809 1456 2808
f 2808 1456 1458
f 2808 1458 2805
f 2805 1458 1460
f 2805 1460 2804
f 2804 1460 1464
f 2804 1464 2801
f 2801 1464 1466
f 2801 1466 2798
f 2798 1466 1468
f 2798 1468 2796
f 2796 1468 1470
f 2796 1470 2795
f 2795 1470 1471
f 2795 1471 2793
f 2793 1471 1474
f 2793 1474 2791
f 2791 1474 1476
f 2791 1476 2788
f 2788 1476 1478
f 2788 1478 2786
f 2786 1478 1479
f 2786 1479 2784
f 2784 1479 1481
f 2784 1481 2783
f 2783 1481 1483
f 2783 1483 2781
f 2781 1483 1485
f 2781 1485 2778
f 2778 1485 1487
f 2778 1487 2776
f 2776 1487 1490
f 2776 1490 2775
f 2775 1490 1491
f 2775 1491 2773
f 2773 1491 1493
f 2773 1493 2771
f 2771 1493 1496
f 2771 1496 2769
f 2769 1496 1498
f 2769 1498 2766
f 2766 1498 1499
f 2766 1499 2764
f 2764 1499 1502
f 2764 1502 2762
f 2762 1502 1504
f 2762 1504 2761
f 2761 1504 1506
f 2761 1506 2759
f 2759 1506 1508
f 2759 1508 2756
f 2756 1508 1509
f 2756 1509 2754
f 2754 1509 1512
f 2754 1512 2752
f 2752 1512 1514
f 2752 1514 2751
f 2751 1514 1516
f 2751 1516 2748
f 2748 1516 1518
f 2748 1518 2746
f 2746 1518 1521
f 2746 1521 2744
f 2744 1521 1522
f 2744 1522 2741
f 2741 1522 1524
f 2741 1524 2740
f 2740 1524 1526
f 2740 1526 2737
f 2737 1526 1528
f 2737 1528 2735
f 2735 1528 1531
f 2735 1531 2733
f 2733 1531 1533
f 2733 1533 2731
f 2731 1533 1534
f 2731 1534 2730
f 2730 1534 1536
f 2730 1536 2728
f 2728 1536 1539
f 2728 1539 2725
f 2725 1539 1540
f 2725 1540 2723
f 2723 1540 1542
f 2723 1542 2722
f 2722 1542 1544
f 2722 1544 2720
f 2720 1544 1546
f 2720 1546 2717
f 2717 1546 1548
f 2717 1548 2715
f 2715 1548 1551
f 2715 1551 2713
f 2713 1551 1552
f 2713 1552 2712
f 2712 1552 1554
f 2712 1554 2709
f 2709 1554 1556
f 2709 1556 2708
f 2708 1556 1559
f 2708 1559 2706
f 2706 1559 1560
f 2706 1560 2704
f 2704 1560 1563
f 2704 1563 2702
f 2702 1563 1565
f 2702 1565 2700
f 2700 1565 1567
f 2700 1567 2697
f 2697 1567 1569
f 2697 1569 2694
f 2694 1569 1571
f 2694 1571 2693
f 2693 1571 1574
f 2693 1574 2690
f 2690 1574 1576
f 2690 1576 2689
f 2689 1576 1577
f 2689 1577 2686
f 2686 1577 1579
f 2686 1579 2684
f 2684 1579 1581
f 2684 1581 2682
f 2682 1581 1584
f 2682 1584 2680
f 2680 1584 1585
f 2680 1585 2678
f 2678 1585 1588
f 2678 1588 2676
f 2676 1588 1589
f 2676 1589 2674
f 2674 1589 1592
f 2674 1592 2673
f 2673 1592 1593
f 2673 1593 2670
f 2670 1593 1596
f 2670 1596 2669
f 2669 1596 1597
f 2669 1597 2667
f 2667 1597 1600
f 2667 1600 2664
f 2664 1600 1601
f 2664 1601 2662
f 2662 1601 1604
f 2662 1604 2660
f 2660 1604 1605
f 2660 1605 2658
f 2658 1605 1607
f 2658 1607 2656
f 2656 1607 1609
f 2656 1609 2654
f 2654 1609 1611
f 2654 1611 2653
f 2653 1611 1613
f 2653 1613 2650
f 2650 1613 1615
f 2650 1615 2649
f 2649 1615 1618
f 2649 1618 2647
f 2647 1618 1620
f 2647 1620 2644
f 2644 1620 1622
f 2644 1622 2642
f 2642 1622 1625
f 2642 1625 2639
f 2639 1625 1627
f 2639 1627 2637
f 2637 1627 1629
f 2637 1629 2635
f 2635 1629 1630
f 2635 1630 2633
f 2633 1630 1632
f 2633 1632 2631
f 2631 1632 1634
f 2631 1634 2630
f 2630 1634 1636
f 2630 1636 2627
f 2627 1636 1639
f 2627 1639 2625
f 2625 1639 1641
f 2625 1641 2623
f 2623 1641 1643
f 2623 1643 2621
f 2621 1643 1644
f 2621 1644 2620
f 2620 1644 1647
f 2620 1647 2617
f 2617 1647 1648
f 2617 1648 2615
f 2615 1648 1650
f 2615 1650 2614
f 2614 1650 1652
f 2614 1652 2611
f 2611 1652 1654
f 2611 1654 2610
f 2610 1654 1656
f 2610 1656 2608
f 2608 1656 1658
f 2608 1658 2606
f 2606 1658 1661
f 2606 1661 2603
f 2603 1661 1663
f 2603 1663 2602
f 2602 1663 1665
f 2602 1665 2600
f 2600 1665 1666
f 2600 1666 2597
f 2597 1666 1668
f 2597 1668 2596
f 2596 1668 1671
f 2596 1671 2594
f 2594 1671 1673
f 2594 1673 2592
f 2592 1673 1674
f 2592 1674 2589
f 2589 1674 1677
f 2589 1677 2586
f 2586 1677 1679
f 2586 1679 2585
f 2585 1679 1682
f 2585 1682 2583
f 2583 1682 1683
f 2583 1683 2581
f 2581 1683 1686
f 2581 1686 2578
f 2578 1686 1688
f 2578 1688 2577
f 2577 1688 1689
f 2577 1689 2575
f 2575 1689 1691
f 2575 1691 2573
f 2573 1691 1693
f 2573 1693 2571
f 2571 1693 1695
f 2571 1695 2568
f 2568 1695 1697
f 2568 1697 2567
f 2567 1697 1699
f 2567 1699 2565
f 2565 1699 1702
f 2565 1702 2562
f 2562 1702 1703
f 2562 1703 2561
f 2561 1703 1706
f 2561 1706 2558
f 2558 1706 1708
f 2558 1708 2557
f 2557 1708 1709
f 2557 1709 2555
f 2555 1709 1712
f 2555 1712 2552
f 2552 1712 1713
f 2552 1713 2550
f 2550 1713 1715
f 2550 1715 2548
f 2548 1715 1717
f 2548 1717 2547
f 2547 1717 1719
f 2547 1719 2545
f 2545 1719 1722
f 2545 1722 2543
f 2543 1722 1723
f 2543 1723 2540
f 2540 1723 1725
f 2540 1725 2539
f 2539 1725 1727
f 2539 1727 2537
f 2537 1727 1731
f 2537 1731 2535
f 2535 1731 1732
f 2535 1732 2532
f 2532 1732 1735
f 2532 1735 2529
f 2529 1735 1737
f 2529 1737 2528
f 2528 1737 1738
f 2528 1738 2526
f 2526 1738 1741
f 2526 1741 2523
f 2523 1741 1743
f 2523 1743 2522
f 2522 1743 1744
f 2522 1744 2520
f 2520 1744 1746
f 2520 1746 2517
f 2517 1746 1748
f 2517 1748 2515
f 2515 1748 1750
f 2515 1750 2514
f 2514 1750 1752
f 2514 1752 2511
f 2511 1752 1755
f 2511 1755 2510
f 2510 1755 1757
f 2510 1757 2507
f 2507 1757 1758
f 2507 1758 2506
f 2506 1758 1760
f 2506 1760 2503
f 2503 1760 1762
f 2503 1762 2502
f 2502 1762 1765
f 2502 1765 2500
f 2500 1765 1766
f 2500 1766 2498
f 2498 1766 1768
f 2498 1768 2496
f 2496 1768 1770
f 2496 1770 2493
f 2493 1770 1773
f 2493 1773 2492
f 2492 1773 1775
f 2492 1775 2489
f 2489 1775 1777
f 2489 1777 2487
f 2487 1777 1778
f 2487 1778 2486
f 2486 1778 1781
f 2486 1781 2484
f 2484 1781 1784
f 2484 1784 2481
f 2481 1784 1785
f 2481 1785 2479
f 2479 1785 1788
f 2479 1788 2476
f 2476 1788 1790
f 2476 1790 2474
f 2474 1790 1791
f 2474 1791 2472
f 2472 1791 1793
f 2472 1793 2471
f 2471 1793 1795
f 2471 1795 2469
f 2469 1795 1797
f 2469 1797 2467
f 2467 1797 1800
f 2467 1800 2464
f 2464 1800 1802
f 2464 1802 2463
f 2463 1802 1804
f 2463 1804 2460
f 2460 1804 1805
f 2460 1805 2459
f 2459 1805 1807
f 2459 1807 2457
f 2457 1807 1809
f 2457 1809 2454
f 2454 1809 1811
f 2454 1811 2452
f 2452 1811 1814
f 2452 1814 2450
f 2450 1814 1815
f 2450 1815 2449
f 2449 1815 1817
f 2449 1817 2447
f 2447 1817 1820
f 2447 1820 2445
f 2445 1820 1822
f 2445 1822 2443
f 2443 1822 1823
f 2443 1823 2440
f 2440 1823 1826
f 2440 1826 2439
f 2439 1826 1827
f 2439 1827 2436
f 2436 1827 1829
f 2436 1829 2435
f 2435 1829 1832
f 2435 1832 2433
f 2433 1832 1833
f 2433 1833 2431
f 2431 1833 1837
f 2431 1837 2428
f 2428 1837 1838
f 2428 1838 2426
f 2426 1838 1841
f 2426 1841 2423
f 2423 1841 1843
f 2423 1843 2421
f 2421 1843 1845
f 2421 1845 2420
f 2420 1845 1846
f 2420 1846 2418
f 2418 1846 1849
f 2418 1849 2416
f 2416 1849 1850
f 2416 1850 2414
f 2414 1850 1852
f 2414 1852 2412
f 2412 1852 1855
f 2412 1855 2410
f 2410 1855 1856
f 2410 1856 2407
f 2407 1856 1859
f 2407 1859 2405
f 2405 1859 1860
f 2405 1860 2404
f 2404 1860 1862
f 2404 1862 2401
f 2401 1862 1864
f 2401 1864 2399
f 2399 1864 1867
f 2399 1867 2397
f 2397 1867 1869
f 2397 1869 2395
f 2395 1869 1871
f 2395 1871 2394
f 2394 1871 1873
f 2394 1873 2391
f 2391 1873 1875
f 2391 1875 2390
f 2390 1875 1876
f 2390 1876 2387
f 2387 1876 1879
f 2387 1879 2386
f 2386 1879 1881
f 2386 1881 2384
f 2384 1881 1883
f 2384 1883 2381
f 2381 1883 1885
f 2381 1885 2380
f 2380 1885 1887
f 2380 1887 2377
f 2377 1887 1890
f 2377 1890 2376
f 2376 1890 1892
f 2376 1892 2373
f 2373 1892 1894
f 2373 1894 2370
f 2370 1894 1895
f 2370 1895 2368
f 2368 1895 1897
f 2368 1897 2366
f 2366 1897 1900
f 2366 1900 2364
f 2364 1900 1902
f 2364 1902 2362
f 2362 1902 1904
f 2362 1904 2360
f 2360 1904 1905
f 2360 1905 2359
f 2359 1905 1908
f 2359 1908 2357
f 2357 1908 1910
f 2357 1910 2354
f 2354 1910 1912
f 2354 1912 2353
f 2353 1912 1913
f 2353 1913 2350
f 2350 1913 1915
f 2350 1915 2349
f 2349 1915 1917
f 2349 1917 2347
f 2347 1917 1920
f 2347 1920 2344
f 2344 1920 1922
f 2344 1922 2343
f 2343 1922 1923
f 2343 1923 2340
f 2340 1923 1925
f 2340 1925 2338
f 2338 1925 1927
f 2338 1927 2336
f 2336 1927 1929
f 2336 1929 2334
f 2334 1929 1931
f 2334 1931 2332
f 2332 1931 1933
f 2332 1933 2331
f 2331 1933 1936
f 2331 1936 2329
f 2329 1936 1937
f 2329 1937 2326
f 2326 1937 1939
f 2326 1939 2325
f 2325 1939 1942
f 2325 1942 2323
f 2323 1942 1944
f 2323 1944 2319
f 2319 1944 1946
f 2319 1946 2317
f 2317 1946 1948
f 2317 1948 2316
f 2316 1948 1950
f 2316 1950 2314
f 2314 1950 1952
f 2314 1952 2312
f 2312 1952 1954
f 2312 1954 2310
f 2310 1954 1957
f 2310 1957 2307
f 2307 1957 1958
f 2307 1958 2305
f 2305 1958 1960
f 2305 1960 2304
f 2304 1960 1962
f 2304 1962 2302
f 2302 1962 1965
f 2302 1965 2300
f 2300 1965 1966
f 2300 1966 2298
f 2298 1966 1969
f 2298 1969 2296
f 2296 1969 1970
f 2296 1970 2294
f 2294 1970 1972
f 2294 1972 2291
f 2291 1972 1974
f 2291 1974 2289
f 2289 1974 1977
f 2289 1977 2288
f 2288 1977 1978
f 2288 1978 2285
f 2285 1978 1981
f 2285 1981 2283
f 2283 1981 1983
f 2283 1983 2282
f 2282 1983 1985
f 2282 1985 2280
f 2280 1985 1986
f 2280 1986 2277
f 2277 1986 1989
f 2277 1989 2276
f 2276 1989 1990
f 2276 1990 2274
f 2274 1990 1992
f 2274 1992 2272
f 2272 1992 1996
f 2272 1996 2270
f 2270 1996 1997
f 2270 1997 2268
f 2268 1997 2000
f 2268 2000 2264
f 2264 2000 2002
f 2264 2002 2263
f 2263 2002 2003
f 2263 2003 2260
f 2260 2003 2005
f 2260 2005 2258
f 2258 2005 2007
f 2258 2007 2256
f 2256 2007 2010
f 2256 2010 2255
f 2255 2010 2011
f 2255 2011 2253
f 2253 2011 2013
f 2253 2013 2251
f 2251 2013 2016
f 2251 2016 2249
f 2249 2016 2018
f 2249 2018 2246
f 2246 2018 2020
f 2246 2020 2245
f 2245 2020 2022
f 2245 2022 2242
f 2242 2022 2023
f 2242 2023 2241
f 2241 2023 2026
f 2241 2026 2238
f 2238 2026 2027
f 2238 2027 2237
f 2237 2027 2029
f 2237 2029 2235
f 2235 2029 2031
f 2235 2031 2232
f 2232 2031 2033
f 2232 2033 2231
f 2231 2033 2035
f 2231 2035 2228
f 2228 2035 2037
f 2228 2037 2226
f 2226 2037 2040
f 2226 2040 2224
f 2224 2040 2042
f 2224 2042 2223
f 2223 2042 2044
f 2223 2044 2220
f 2220 2044 2045
f 2220 2045 2218
f 2218 2045 2049
f 2218 2049 2217
f 2217 2049 2051
f 2217 2051 2214
f 2214 2051 2053
f 2214 2053 2212
f 2212 2053 2054
f 2212 2054 2210
f 2210 2054 2057
f 2210 2057 2208
f 2208 2057 2058
f 2208 2058 2206
f 2206 2058 2061
f 2206 2061 2203
f 2203 2061 2063
f 2203 2063 2201
f 2201 2063 2065
f 2201 2065 2200
f 2200 2065 2067
f 2200 2067 2198
f 2198 2067 2069
f 2198 2069 2196
f 2196 2069 2070
f 2196 2070 2194
f 2194 2070 2073
f 2194 2073 2192
f 2192 2073 2075
f 2192 2075 2189
f 2189 2075 2076
f 2189 2076 2188
f 2188 2076 2079
f 2188 2079 2185
f 2185 2079 2081
f 2185 2081 2183
f 2183 2081 2082
f 2183 2082 2182
f 2182 2082 2084
f 2182 2084 2180
f 2180 2084 2086
f 2180 2086 2178
f 2178 2086 2089
f 2178 2089 2175
f 2175 2089 2090
f 2175 2090 2174
f 2174 2090 2092
f 2174 2092 2172
f 2172 2092 2095
f 2172 2095 2170
f 2170 2095 2096
f 2170 2096 2167
f 2167 2096 2098
f 2167 2098 2165
f 2165 2098 2100
f 2165 2100 2162
f 2162 2100 2102
f 2162 2102 2161
f 2161 2102 2105
f 2161 2105 2159
f 2159 2105 2107
f 2159 2107 2156
f 2156 2107 2154
f 2154 2107 2110
f 2154 2110 2151
f 2151 2110 2150
f 2150 2110 2112
f 2150 2112 2148
f 2148 2112 2146
f 2146 2112 2113
f 2146 2113 2144
f 2144 2113 2141
f 2141 2113 2115
f 2141 2115 2139
f 2139 2115 2118
f 2139 2118 2137
f 2137 2118 2136
f 2136 2118 2119
f 2136 2119 2134
f 2134 2119 2132
f 2132 2119 2122
f 2132 2122 2130
f 2130 2122 2127
f 2127 2122 2125
f 2123 4246 2128
f 2128 4246 2129
f 2129 4246 4247
f 2129 4247 2131
f 2131 4247 4250
f 2131 4250 2133
f 2133 4250 2135
f 2135 4250 4252
f 2135 4252 2138
f 2138 4252 2140
f 2140 4252 4254
f 2140 4254 2142
f 2142 4254 4255
f 2142 4255 2143
f 2143 4255 2145
f 2145 4255 4258
f 2145 4258 2147
f 2147 4258 2149
f 2149 4258 4259
f 2149 4259 2152
f 2152 4259 2153
f 2153 4259 4261
f 2153 4261 2155
f 2155 4261 2157
f 2157 4261 4263
f 2157 4263 4340
f 4340 4263 4267
f 4340 4267 4338
f 4338 4267 4268
f 4338 4268 4335
f 4335 4268 4270
f 4335 4270 4334
f 4334 4270 4272
f 4334 4272 4331
f 4331 4272 4275
f 4331 4275 4329
f 4329 4275 4277
f 4329 4277 4327
f 4327 4277 4325
f 4325 4277 4279
f 4325 4279 4322
f 4322 4279 4320
f 4320 4279 4280
f 4320 4280 4318
f 4318 4280 4317
f 4317 4280 4282
f 4317 4282 4315
f 4315 4282 4312
f 4312 4282 4285
f 4312 4285 4310
f 4310 4285 4309
f 4309 4285 4287
f 4309 4287 4306
f 4306 4287 4289
f 4306 4289 4305
f 4305 4289 4302
f 4302 4289 4291
f 4302 4291 4300
f 4300 4291 4293
f 4300 4293 4298
f 4298 4293 4295
f 4342 4346 6438
f 6438 4346 4347
f 6438 4347 6436
f 6436 4347 4349
f 6436 4349 6434
f 6434 4349 4351
f 6434 4351 6433
f 6433 4351 4353
f 6433 4353 6431
f 6431 4353 4
f 6431 4 6427
f 6429 3 4243
f 6429 4243 6425
f 6425 4243 4241
f 6425 4241 6424
f 6424 4241 4239
f 6424 4239 6422
f 6422 4239 4237
f 6422 4237 6420
f 6420 4237 4235
f 6420 4235 6418
f 6418 4235 4233
f 6418 4233 6415
f 6415 4233 4232
f 6415 4232 6413
f 6413 4232 4230
f 6413 4230 6412
f 6412 4230 4227
f 6412 4227 6409
f 6409 4227 4225
f 6409 4225 6408
f 6408 4225 4223
f 6408 4223 6405
f 6405 4223 4222
f 6405 4222 6404
f 6404 4222 4220
f 6404 4220 6402
f 6402 4220 4217
f 6402 4217 6400
f 6400 4217 4215
f 6400 4215 6397
f 6397 4215 4214
f 6397 4214 6395
f 6395 4214 4212
f 6395 4212 6393
f 6393 4212 4210
f 6393 4210 6391
f 6391 4210 4208
f 6391 4208 6390
f 6390 4208 4206
f 6390 4206 6388
f 6388 4206 4203
f 6388 4203 6386
f 6386 4203 4202
f 6386 4202 6384
f 6384 4202 4200
f 6384 4200 6381
f 6381 4200 4197
f 6381 4197 6380
f 6380 4197 4196
f 6380 4196 6377
f 6377 4196 4194
f 6377 4194 6376
f 6376 4194 4192
f 6376 4192 6374
f 6374 4192 4190
f 6373 4189 6370
f 6370 4189 4186
f 6370 4186 6368
f 6368 4186 4185
f 6368 4185 6366
f 6366 4185 4183
f 6366 4183 6364
f 6364 4183 4181
f 6364 4181 6362
f 6362 4181 4178
f 6362 4178 6360
f 6360 4178 4177
f 6360 4177 6358
f 6358 4177 4175
f 6358 4175 6356
f 6356 4175 4173
f 6356 4173 6355
f 6355 4173 4171
f 6355 4171 6352
f 6352 4171 4169
f 6352 4169 6350
f 6350 4169 4167
f 6350 4167 6348
f 6348 4167 4165
f 6348 4165 6347
f 6347 4165 4162
f 6347 4162 6345
f 6345 4162 4160
f 6345 4160 6342
f 6342 4160 4159
f 6342 4159 6340
f 6340 4159 4157
f 6340 4157 6338
f 6338 4157 4155
f 6338 4155 6336
f 6336 4155 4153
f 6336 4153 6334
f 6334 4153 4150
f 6334 4150 6333
f 6333 4150 4149
f 6333 4149 6330
f 6330 4149 4147
f 6330 4147 6328
f 6328 4147 4145
f 6328 4145 6327
f 6327 4145 4143
f 6327 4143 6324
f 6324 4143 4140
f 6324 4140 6322
f 6322 4140 4138
f 6322 4138 6320
f 6320 4138 4136
f 6319 4135 6318
f 6318 4135 4133
f 6318 4133 6315
f 6315 4133 4131
f 6315 4131 6313
f 6313 4131 4130
f 6313 4130 6311
f 6311 4130 4127
f 6311 4127 6310
f 6310 4127 4126
f 6310 4126 6307
f 6307 4126 4123
f 6307 4123 6305
f 6305 4123 4122
f 6305 4122 6303
f 6303 4122 4119
f 6303 4119 6302
f 6302 4119 4118
f 6302 4118 6300
f 6300 4118 4116
f 6300 4116 6298
f 6298 4116 4114
f 6298 4114 6295
f 6295 4114 4111
f 6295 4111 6294
f 6294 4111 4110
f 6294 4110 6292
f 6292 4110 4108
f 6292 4108 6289
f 6289 4108 4105
f 6289 4105 6288
f 6288 4105 4104
f 6288 4104 6286
f 6286 4104 4102
f 6286 4102 6284
f 6284 4102 4100
f 6284 4100 6282
f 6282 4100 4097
f 6282 4097 6279
f 6279 4097 4096
f 6279 4096 6277
f 6277 4096 4093
f 6277 4093 6276
f 6276 4093 4091
f 6276 4091 6274
f 6274 4091 4090
f 6274 4090 6272
f 6272 4090 4088
f 6272 4088 6270
f 6270 4088 4085
f 6270 4085 6267
f 6267 4085 4083
f 6268 4082 6264
f 6264 4082 4081
f 6264 4081 6262
f 6262 4081 4078
f 6262 4078 6260
f 6260 4078 4076
f 6260 4076 6258
f 6258 4076 4074
f 6258 4074 6257
f 6257 4074 4073
f 6257 4073 6254
f 6254 4073 4070
f 6254 4070 6253
f 6253 4070 4068
f 6253 4068 6251
f 6251 4068 4067
f 6251 4067 6248
f 6248 4067 4065
f 6248 4065 6247
f 6247 4065 4062
f 6247 4062 6244
f 6244 4062 4060
f 6244 4060 6242
f 6242 4060 4059
f 6242 4059 6240
f 6240 4059 4056
f 6240 4056 6239
f 6239 4056 4054
f 6239 4054 6236
f 6236 4054 4052
f 6236 4052 6234
f 6234 4052 4050
f 6234 4050 6232
f 6232 4050 4049
f 6232 4049 6230
f 6230 4049 4047
f 6230 4047 6228
f 6228 4047 4044
f 6228 4044 6227
f 6227 4044 4043
f 6227 4043 6225
f 6225 4043 4041
f 6225 4041 6223
f 6223 4041 4038
f 6223 4038 6220
f 6220 4038 4036
f 6220 4036 6219
f 6219 4036 4034
f 6219 4034 6217
f 6217 4034 4031
f 6217 4031 6213
f 6215 4033 4029
f 6215 4029 6211
f 6211 4029 4027
f 6211 4027 6209
f 6209 4027 4026
f 6209 4026 6207
f 6207 4026 4024
f 6207 4024 6206
f 6206 4024 4021
f 6206 4021 6203
f 6203 4021 4020
f 6203 4020 6202
f 6202 4020 4018
f 6202 4018 6199
f 6199 4018 4016
f 6199 4016 6197
f 6197 4016 4014
f 6197 4014 6195
f 6195 4014 4012
f 6195 4012 6193
f 6193 4012 4010
f 6193 4010 6191
f 6191 4010 4007
f 6191 4007 6189
f 6189 4007 4006
f 6189 4006 6188
f 6188 4006 4004
f 6188 4004 6185
f 6185 4004 4001
f 6185 4001 6183
f 6183 4001 4000
f 6183 4000 6181
f 6181 4000 3997
f 6181 3997 6179
f 6179 3997 3995
f 6179 3995 6177
f 6177 3995 3994
f 6177 3994 6176
f 6176 3994 3991
f 6176 3991 6174
f 6174 3991 3990
f 6174 3990 6172
f 6172 3990 3988
f 6172 3988 6169
f 6169 3988 3986
f 6169 3986 6168
f 6168 3986 3984
f 6168 3984 6166
f 6166 3984 3981
f 6166 3981 6163
f 6163 3981 3979
f 6163 3979 6161
f 6160 3978 3977
f 6160 3977 6158
f 6158 3977 3974
f 6158 3974 6157
f 6157 3974 3973
f 6157 3973 6155
f 6155 3973 3971
f 6155 3971 6153
f 6153 3971 3969
f 6153 3969 6150
f 6150 3969 3967
f 6150 3967 6148
f 6148 3967 3964
f 6148 3964 6146
f 6146 3964 3963
f 6146 3963 6145
f 6145 3963 3960
f 6145 3960 6142
f 6142 3960 3959
f 6142 3959 6140
f 6140 3959 3957
f 6140 3957 6139
f 6139 3957 3955
f 6139 3955 6136
f 6136 3955 3952
f 6136 3952 6134
f 6134 3952 3950
f 6134 3950 6132
f 6132 3950 3948
f 6132 3948 6130
f 6130 3948 3946
f 6130 3946 6128
f 6128 3946 3944
f 6128 3944 6127
f 6127 3944 3943
f 6127 3943 6125
f 6125 3943 3941
f 6125 3941 6123
f 6123 3941 3939
f 6123 3939 6120
f 6120 3939 3937
f 6120 3937 6118
f 6118 3937 3934
f 6118 3934 6116
f 6116 3934 3933
f 6116 3933 6114
f 6114 3933 3930
f 6114 3930 6113
f 6113 3930 3929
f 6113 3929 6110
f 6110 3929 3926
f 6110 3926 6108
f 6108 3926 3925
f 6108 3925 6105
f 6105 3925 3923
f 6106 3922 6103
f 6103 3922 3919
f 6103 3919 6101
f 6101 3919 3918
f 6101 3918 6100
f 6100 3918 3916
f 6100 3916 6097
f 6097 3916 3913
f 6097 3913 6095
f 6095 3913 3912
f 6095 3912 6093
f 6093 3912 3910
f 6093 3910 6092
f 6092 3910 3908
f 6092 3908 6089
f 6089 3908 3906
f 6089 3906 6088
f 6088 3906 3903
f 6088 3903 6085
f 6085 3903 3902
f 6085 3902 6083
f 6083 3902 3900
f 6083 3900 6082
f 6082 3900 3898
f 6082 3898 6080
f 6080 3898 3896
f 6080 3896 6078
f 6078 3896 3894
f 6078 3894 6076
f 6076 3894 3891
f 6076 3891 6073
f 6073 3891 3890
f 6073 3890 6071
f 6071 3890 3887
f 6071 3887 6070
f 6070 3887 3886
f 6070 3886 6068
f 6068 3886 3883
f 6068 3883 6066
f 6066 3883 3882
f 6066 3882 6064
f 6064 3882 3880
f 6064 3880 6062
f 6062 3880 3878
f 6062 3878 6060
f 6060 3878 3876
f 6060 3876 6057
f 6057 3876 3874
f 6057 3874 6056
f 6056 3874 3871
f 6056 3871 6054
f 6054 3871 3868
f 6053 3870 6051
f 6051 3870 3867
f 6051 3867 6048
f 6048 3867 3865
f 6048 3865 6047
f 6047 3865 3862
f 6047 3862 6044
f 6044 3862 3860
f 6044 3860 6042
f 6042 3860 3858
f 6042 3858 6041
f 6041 3858 3856
f 6041 3856 6038
f 6038 3856 3855
f 6038 3855 6036
f 6036 3855 3852
f 6036 3852 6034
f 6034 3852 3851
f 6034 3851 6032
f 6032 3851 3848
f 6032 3848 6031
f 6031 3848 3847
f 6031 3847 6029
f 6029 3847 3845
f 6029 3845 6027
f 6027 3845 3843
f 6027 3843 6025
f 6025 3843 3841
f 6025 3841 6023
f 6023 3841 3839
f 6023 3839 6021
f 6021 3839 3837
f 6021 3837 6018
f 6018 3837 3834
f 6018 3834 6017
f 6017 3834 3832
f 6017 3832 6014
f 6014 3832 3830
f 6014 3830 6013
f 6013 3830 3828
f 6013 3828 6010
f 6010 3828 3827
f 6010 3827 6009
f 6009 3827 3825
f 6009 3825 6006
f 6006 3825 3822
f 6006 3822 6004
f 6004 3822 3820
f 6004 3820 6002
f 6002 3820 3818
f 6002 3818 5999
f 5999 3818 3817
f 6000 3816 5997
f 5997 3816 3814
f 5997 3814 5996
f 5996 3814 3812
f 5996 3812 5993
f 5993 3812 3809
f 5993 3809 5992
f 5992 3809 3807
f 5992 3807 5990
f 5990 3807 3806
f 5990 3806 5988
f 5988 3806 3804
f 5988 3804 5986
f 5986 3804 3802
f 5986 3802 5984
f 5984 3802 3800
f 5984 3800 5981
f 5981 3800 3798
f 5981 3798 5980
f 5980 3798 3796
f 5980 3796 5978
f 5978 3796 3794
f 5978 3794 5976
f 5976 3794 3792
f 5976 3792 5974
f 5974 3792 3790
f 5974 3790 5972
f 5972 3790 3788
f 5972 3788 5969
f 5969 3788 3785
f 5969 3785 5967
f 5967 3785 3784
f 5967 3784 5966
f 5966 3784 3781
f 5966 3781 5964
f 5964 3781 3779
f 5964 3779 5962
f 5962 3779 3777
f 5962 3777 5959
f 5959 3777 3776
f 5959 3776 5957
f 5957 3776 3774
f 5957 3774 5955
f 5955 3774 3772
f 5955 3772 5954
f 5954 3772 3769
f 5954 3769 5952
f 5952 3769 3767
f 5952 3767 5950
f 5950 3767 3766
f 5950 3766 5946
f 5948 3764 3762
f 5948 3762 5944
f 5944 3762 3760
f 5944 3760 5942
f 5942 3760 3758
f 5942 3758 5940
f 5940 3758 3756
f 5940 3756 5938
f 5938 3756 3754
f 5938 3754 5937
f 5937 3754 3752
f 5937 3752 5935
f 5935 3752 3750
f 5935 3750 5933
f 5933 3750 3749
f 5933 3749 5931
f 5931 3749 3747
f 5931 3747 5928
f 5928 3747 3745
f 5928 3745 5926
f 5926 3745 3742
f 5926 3742 5925
f 5925 3742 3741
f 5925 3741 5923
f 5923 3741 3739
f 5923 3739 5921
f 5921 3739 3737
f 5921 3737 5918
f 5918 3737 3734
f 5918 3734 5917
f 5917 3734 3733
f 5917 3733 5914
f 5914 3733 3730
f 5914 3730 5913
f 5913 3730 3729
f 5913 3729 5910
f 5910 3729 3726
f 5910 3726 5908
f 5908 3726 3724
f 5908 3724 5906
f 5906 3724 3722
f 5906 3722 5904
f 5904 3722 3720
f 5904 3720 5902
f 5902 3720 3719
f 5902 3719 5900
f 5900 3719 3717
f 5900 3717 5899
f 5899 3717 3715
f 5899 3715 5896
f 5896 3715 3713
f 5896 3713 5893
f 5894 3711 3709
f 5894 3709 5891
f 5891 3709 3707
f 5891 3707 5889
f 5889 3707 3706
f 5889 3706 5888
f 5888 3706 3704
f 5888 3704 5886
f 5886 3704 3702
f 5886 3702 5883
f 5883 3702 3700
f 5883 3700 5881
f 5881 3700 3698
f 5881 3698 5879
f 5879 3698 3696
f 5879 3696 5877
f 5877 3696 3693
f 5877 3693 5875
f 5875 3693 3692
f 5875 3692 5873
f 5873 3692 3690
f 5873 3690 5872
f 5872 3690 3687
f 5872 3687 5869
f 5869 3687 3685
f 5869 3685 5867
f 5867 3685 3684
f 5867 3684 5865
f 5865 3684 3681
f 5865 3681 5864
f 5864 3681 3680
f 5864 3680 5862
f 5862 3680 3678
f 5862 3678 5859
f 5859 3678 3676
f 5859 3676 5858
f 5858 3676 3673
f 5858 3673 5856
f 5856 3673 3671
f 5856 3671 5853
f 5853 3671 3670
f 5853 3670 5852
f 5852 3670 3668
f 5852 3668 5849
f 5849 3668 3665
f 5849 3665 5848
f 5848 3665 3664
f 5848 3664 5845
f 5845 3664 3661
f 5845 3661 5844
f 5844 3661 3660
f 5844 3660 5842
f 5842 3660 3657
f 5842 3657 5840
f 5840 3657 3656
f 5838 3655 5836
f 5836 3655 3652
f 5836 3652 5834
f 5834 3652 3650
f 5834 3650 5832
f 5832 3650 3648
f 5832 3648 5830
f 5830 3648 3647
f 5830 3647 5828
f 5828 3647 3645
f 5828 3645 5827
f 5827 3645 3642
f 5827 3642 5824
f 5824 3642 3640
f 5824 3640 5823
f 5823 3640 3638
f 5823 3638 5820
f 5820 3638 3637
f 5820 3637 5818
f 5818 3637 3635
f 5818 3635 5817
f 5817 3635 3632
f 5817 3632 5814
f 5814 3632 3631
f 5814 3631 5812
f 5812 3631 3628
f 5812 3628 5810
f 5810 3628 3627
f 5810 3627 5809
f 5809 3627 3624
f 5809 3624 5807
f 5807 3624 3623
f 5807 3623 5804
f 5804 3623 3621
f 5804 3621 5803
f 5803 3621 3618
f 5803 3618 5800
f 5800 3618 3617
f 5800 3617 5798
f 5798 3617 3615
f 5798 3615 5796
f 5796 3615 3613
f 5796 3613 5794
f 5794 3613 3610
f 5794 3610 5792
f 5792 3610 3608
f 5792 3608 5791
f 5791 3608 3606
f 5791 3606 5788
f 5788 3606 3605
f 5788 3605 5785
f 5785 3605 3603
f 5786 3602 5784
f 5784 3602 3600
f 5784 3600 5782
f 5782 3600 3598
f 5782 3598 5779
f 5779 3598 3596
f 5779 3596 5777
f 5777 3596 3594
f 5777 3594 5775
f 5775 3594 3592
f 5775 3592 5773
f 5773 3592 3590
f 5773 3590 5771
f 5771 3590 3587
f 5771 3587 5770
f 5770 3587 3585
f 5770 3585 5767
f 5767 3585 3584
f 5767 3584 5765
f 5765 3584 3582
f 5765 3582 5763
f 5763 3582 3579
f 5763 3579 5761
f 5761 3579 3578
f 5761 3578 5759
f 5759 3578 3576
f 5759 3576 5758
f 5758 3576 3574
f 5758 3574 5756
f 5756 3574 3572
f 5756 3572 5754
f 5754 3572 3569
f 5754 3569 5752
f 5752 3569 3568
f 5752 3568 5750
f 5750 3568 3566
f 5750 3566 5747
f 5747 3566 3564
f 5747 3564 5746
f 5746 3564 3562
f 5746 3562 5744
f 5744 3562 3560
f 5744 3560 5741
f 5741 3560 3558
f 5741 3558 5739
f 5739 3558 3556
f 5739 3556 5738
f 5738 3556 3553
f 5738 3553 5736
f 5736 3553 3551
f 5736 3551 5734
f 5734 3551 3550
f 5732 3549 5731
f 5731 3549 3546
f 5731 3546 5729
f 5729 3546 3545
f 5729 3545 5726
f 5726 3545 3542
f 5726 3542 5724
f 5724 3542 3541
f 5724 3541 5722
f 5722 3541 3539
f 5722 3539 5721
f 5721 3539 3537
f 5721 3537 5719
f 5719 3537 3535
f 5719 3535 5716
f 5716 3535 3532
f 5716 3532 5715
f 5715 3532 3531
f 5715 3531 5712
f 5712 3531 3529
f 5712 3529 5711
f 5711 3529 3527
f 5711 3527 5708
f 5708 3527 3525
f 5708 3525 5707
f 5707 3525 3523
f 5707 3523 5705
f 5705 3523 3521
f 5705 3521 5703
f 5703 3521 3519
f 5703 3519 5700
f 5700 3519 3516
f 5700 3516 5698
f 5698 3516 3514
f 5698 3514 5697
f 5697 3514 3513
f 5697 3513 5695
f 5695 3513 3510
f 5695 3510 5693
f 5693 3510 3508
f 5693 3508 5690
f 5690 3508 3506
f 5690 3506 5689
f 5689 3506 3505
f 5689 3505 5686
f 5686 3505 3502
f 5686 3502 5685
f 5685 3502 3500
f 5685 3500 5682
f 5682 3500 3499
f 5682 3499 5681
f 5680 3497 3495
f 5680 3495 5677
f 5677 3495 3493
f 5677 3493 5675
f 5675 3493 3491
f 5675 3491 5673
f 5673 3491 3489
f 5673 3489 5672
f 5672 3489 3488
f 5672 3488 5669
f 5669 3488 3485
f 5669 3485 5668
f 5668 3485 3483
f 5668 3483 5666
f 5666 3483 3481
f 5666 3481 5664
f 5664 3481 3479
f 5664 3479 5662
f 5662 3479 3477
f 5662 3477 5659
f 5659 3477 3475
f 5659 3475 5658
f 5658 3475 3473
f 5658 3473 5655
f 5655 3473 3471
f 5655 3471 5653
f 5653 3471 3469
f 5653 3469 5652
f 5652 3469 3468
f 5652 3468 5650
f 5650 3468 3466
f 5650 3466 5647
f 5647 3466 3464
f 5647 3464 5646
f 5646 3464 3461
f 5646 3461 5643
f 5643 3461 3460
f 5643 3460 5641
f 5641 3460 3458
f 5641 3458 5639
f 5639 3458 3455
f 5639 3455 5637
f 5637 3455 3453
f 5637 3453 5636
f 5636 3453 3451
f 5636 3451 5634
f 5634 3451 3450
f 5634 3450 5631
f 5631 3450 3447
f 5631 3447 5629
f 5629 3447 3444
f 5629 3444 5627
f 5626 3446 3442
f 5626 3442 5625
f 5625 3442 3440
f 5625 3440 5622
f 5622 3440 3439
f 5622 3439 5620
f 5620 3439 3436
f 5620 3436 5618
f 5618 3436 3434
f 5618 3434 5616
f 5616 3434 3432
f 5616 3432 5615
f 5615 3432 3430
f 5615 3430 5613
f 5613 3430 3429
f 5613 3429 5611
f 5611 3429 3427
f 5611 3427 5609
f 5609 3427 3424
f 5609 3424 5606
f 5606 3424 3423
f 5606 3423 5605
f 5605 3423 3421
f 5605 3421 5602
f 5602 3421 3419
f 5602 3419 5600
f 5600 3419 3417
f 5600 3417 5598
f 5598 3417 3415
f 5598 3415 5596
f 5596 3415 3413
f 5596 3413 5595
f 5595 3413 3411
f 5595 3411 5592
f 5592 3411 3409
f 5592 3409 5591
f 5591 3409 3406
f 5591 3406 5588
f 5588 3406 3405
f 5588 3405 5587
f 5587 3405 3403
f 5587 3403 5585
f 5585 3403 3400
f 5585 3400 5583
f 5583 3400 3399
f 5583 3399 5581
f 5581 3399 3396
f 5581 3396 5579
f 5579 3396 3395
f 5579 3395 5576
f 5576 3395 3392
f 5576 3392 5575
f 5575 3392 3391
f 5575 3391 5573
f 5573 3391 3388
f 5572 3389 5569
f 5569 3389 3385
f 5569 3385 5568
f 5568 3385 3384
f 5568 3384 5565
f 5565 3384 3381
f 5565 3381 5563
f 5563 3381 3379
f 5563 3379 5562
f 5562 3379 3377
f 5562 3377 5559
f 5559 3377 3376
f 5559 3376 5558
f 5558 3376 3373
f 5558 3373 5555
f 5555 3373 3371
f 5555 3371 5554
f 5554 3371 3369
f 5554 3369 5552
f 5552 3369 3368
f 5552 3368 5549
f 5549 3368 3366
f 5549 3366 5548
f 5548 3366 3364
f 5548 3364 5546
f 5546 3364 3362
f 5546 3362 5544
f 5544 3362 3359
f 5544 3359 5542
f 5542 3359 3358
f 5542 3358 5540
f 5540 3358 3356
f 5540 3356 5538
f 5538 3356 3354
f 5538 3354 5535
f 5535 3354 3351
f 5535 3351 5533
f 5533 3351 3349
f 5533 3349 5532
f 5532 3349 3348
f 5532 3348 5529
f 5529 3348 3346
f 5529 3346 5527
f 5527 3346 3344
f 5527 3344 5525
f 5525 3344 3342
f 5525 3342 5523
f 5523 3342 3339
f 5523 3339 5521
f 5521 3339 3337
f 5521 3337 5518
f 5518 3337 3334
f 5519 3335 5516
f 5516 3335 3332
f 5516 3332 5514
f 5514 3332 3330
f 5514 3330 5512
f 5512 3330 3328
f 5512 3328 5510
f 5510 3328 3327
f 5510 3327 5509
f 5509 3327 3325
f 5509 3325 5506
f 5506 3325 3322
f 5506 3322 5505
f 5505 3322 3320
f 5505 3320 5503
f 5503 3320 3318
f 5503 3318 5501
f 5501 3318 3317
f 5501 3317 5498
f 5498 3317 3315
f 5498 3315 5496
f 5496 3315 3312
f 5496 3312 5494
f 5494 3312 3311
f 5494 3311 5493
f 5493 3311 3309
f 5493 3309 5491
f 5491 3309 3306
f 5491 3306 5489
f 5489 3306 3305
f 5489 3305 5487
f 5487 3305 3302
f 5487 3302 5484
f 5484 3302 3300
f 5484 3300 5482
f 5482 3300 3298
f 5482 3298 5480
f 5480 3298 3297
f 5480 3297 5478
f 5478 3297 3294
f 5478 3294 5476
f 5476 3294 3292
f 5476 3292 5474
f 5474 3292 3290
f 5474 3290 5472
f 5472 3290 3288
f 5472 3288 5470
f 5470 3288 3286
f 5470 3286 5468
f 5468 3286 3285
f 5468 3285 5466
f 5465 3283 3282
f 5465 3282 5464
f 5464 3282 3280
f 5464 3280 5462
f 5462 3280 3278
f 5462 3278 5459
f 5459 3278 3276
f 5459 3276 5457
f 5457 3276 3273
f 5457 3273 5456
f 5456 3273 3271
f 5456 3271 5454
f 5454 3271 3269
f 5454 3269 5451
f 5451 3269 3267
f 5451 3267 5449
f 5449 3267 3265
f 5449 3265 5447
f 5447 3265 3264
f 5447 3264 5446
f 5446 3264 3261
f 5446 3261 5443
f 5443 3261 3260
f 5443 3260 5441
f 5441 3260 3257
f 5441 3257 5439
f 5439 3257 3256
f 5439 3256 5437
f 5437 3256 3253
f 5437 3253 5435
f 5435 3253 3251
f 5435 3251 5433
f 5433 3251 3249
f 5433 3249 5431
f 5431 3249 3247
f 5431 3247 5430
f 5430 3247 3245
f 5430 3245 5427
f 5427 3245 3244
f 5427 3244 5426
f 5426 3244 3242
f 5426 3242 5424
f 5424 3242 3240
f 5424 3240 5421
f 5421 3240 3238
f 5421 3238 5419
f 5419 3238 3236
f 5419 3236 5417
f 5417 3236 3234
f 5417 3234 5416
f 5416 3234 3230
f 5416 3230 5413
f 5414 3232 3228
f 5414 3228 5410
f 5410 3228 3227
f 5410 3227 5409
f 5409 3227 3225
f 5409 3225 5407
f 5407 3225 3222
f 5407 3222 5404
f 5404 3222 3221
f 5404 3221 5402
f 5402 3221 3219
f 5402 3219 5400
f 5400 3219 3216
f 5400 3216 5398
f 5398 3216 3215
f 5398 3215 5397
f 5397 3215 3213
f 5397 3213 5394
f 5394 3213 3211
f 5394 3211 5393
f 5393 3211 3208
f 5393 3208 5391
f 5391 3208 3207
f 5391 3207 5389
f 5389 3207 3205
f 5389 3205 5387
f 5387 3205 3202
f 5387 3202 5385
f 5385 3202 3201
f 5385 3201 5383
f 5383 3201 3198
f 5383 3198 5381
f 5381 3198 3196
f 5381 3196 5379
f 5379 3196 3194
f 5379 3194 5377
f 5377 3194 3193
f 5377 3193 5374
f 5374 3193 3190
f 5374 3190 5373
f 5373 3190 3188
f 5373 3188 5370
f 5370 3188 3186
f 5370 3186 5369
f 5369 3186 3184
f 5369 3184 5366
f 5366 3184 3182
f 5366 3182 5364
f 5364 3182 3180
f 5364 3180 5362
f 5362 3180 3177
f 5362 3177 5360
f 5359 3178 3175
f 5359 3175 5358
f 5358 3175 3174
f 5358 3174 5355
f 5355 3174 3172
f 5355 3172 5353
f 5353 3172 3169
f 5353 3169 5352
f 5352 3169 3168
f 5352 3168 5350
f 5350 3168 3166
f 5350 3166 5348
f 5348 3166 3164
f 5348 3164 5345
f 5345 3164 3162
f 5345 3162 5343
f 5343 3162 3160
f 5343 3160 5341
f 5341 3160 3158
f 5341 3158 5339
f 5339 3158 3156
f 5339 3156 5337
f 5337 3156 3153
f 5337 3153 5336
f 5336 3153 3152
f 5336 3152 5334
f 5334 3152 3150
f 5334 3150 5331
f 5331 3150 3148
f 5331 3148 5330
f 5330 3148 3146
f 5330 3146 5328
f 5328 3146 3143
f 5328 3143 5326
f 5326 3143 3142
f 5326 3142 5323
f 5323 3142 3139
f 5323 3139 5322
f 5322 3139 3137
f 5322 3137 5320
f 5320 3137 3135
f 5320 3135 5317
f 5317 3135 3133
f 5317 3133 5315
f 5315 3133 3131
f 5315 3131 5313
f 5313 3131 3129
f 5313 3129 5311
f 5311 3129 3127
f 5311 3127 5309
f 5309 3127 3125
f 5309 3125 5307
f 5307 3125 3123
f 5307 3123 5305
f 5305 3123 3122
f 5304 3121 5302
f 5302 3121 3118
f 5302 3118 5301
f 5301 3118 3116
f 5301 3116 5299
f 5299 3116 3114
f 5299 3114 5297
f 5297 3114 3113
f 5297 3113 5294
f 5294 3113 3110
f 5294 3110 5293
f 5293 3110 3109
f 5293 3109 5291
f 5291 3109 3106
f 5291 3106 5289
f 5289 3106 3105
f 5289 3105 5286
f 5286 3105 3103
f 5286 3103 5284
f 5284 3103 3101
f 5284 3101 5283
f 5283 3101 3099
f 5283 3099 5280
f 5280 3099 3097
f 5280 3097 5278
f 5278 3097 3095
f 5278 3095 5276
f 5276 3095 3093
f 5276 3093 5275
f 5275 3093 3091
f 5275 3091 5273
f 5273 3091 3088
f 5273 3088 5271
f 5271 3088 3087
f 5271 3087 5268
f 5268 3087 3085
f 5268 3085 5267
f 5267 3085 3083
f 5267 3083 5264
f 5264 3083 3080
f 5264 3080 5263
f 5263 3080 3078
f 5263 3078 5260
f 5260 3078 3077
f 5260 3077 5258
f 5258 3077 3074
f 5258 3074 5257
f 5257 3074 3072
f 5257 3072 5255
f 5255 3072 3070
f 5255 3070 5252
f 5252 3070 3068
f 5251 3067 5249
f 5249 3067 3065
f 5249 3065 5248
f 5248 3065 3063
f 5248 3063 5245
f 5245 3063 3061
f 5245 3061 5244
f 5244 3061 3060
f 5244 3060 5241
f 5241 3060 3058
f 5241 3058 5239
f 5239 3058 3056
f 5239 3056 5237
f 5237 3056 3054
f 5237 3054 5236
f 5236 3054 3051
f 5236 3051 5233
f 5233 3051 3049
f 5233 3049 5231
f 5231 3049 3047
f 5231 3047 5230
f 5230 3047 3046
f 5230 3046 5227
f 5227 3046 3044
f 5227 3044 5225
f 5225 3044 3041
f 5225 3041 5223
f 5223 3041 3040
f 5223 3040 5222
f 5222 3040 3037
f 5222 3037 5219
f 5219 3037 3035
f 5219 3035 5217
f 5217 3035 3033
f 5217 3033 5216
f 5216 3033 3031
f 5216 3031 5213
f 5213 3031 3029
f 5213 3029 5211
f 5211 3029 3027
f 5211 3027 5209
f 5209 3027 3026
f 5209 3026 5208
f 5208 3026 3024
f 5208 3024 5205
f 5205 3024 3022
f 5205 3022 5204
f 5204 3022 3019
f 5204 3019 5201
f 5201 3019 3018
f 5201 3018 5199
f 5198 3017 3015
f 5198 3015 5196
f 5196 3015 3013
f 5196 3013 5194
f 5194 3013 3011
f 5194 3011 5193
f 5193 3011 3008
f 5193 3008 5191
f 5191 3008 3007
f 5191 3007 5189
f 5189 3007 3004
f 5189 3004 5187
f 5187 3004 3003
f 5187 3003 5185
f 5185 3003 3000
f 5185 3000 5183
f 5183 3000 2999
f 5183 2999 5181
f 5181 2999 2997
f 5181 2997 5179
f 5179 2997 2994
f 5179 2994 5176
f 5176 2994 2992
f 5176 2992 5174
f 5174 2992 2990
f 5174 2990 5172
f 5172 2990 2989
f 5172 2989 5170
f 5170 2989 2986
f 5170 2986 5168
f 5168 2986 2984
f 5168 2984 5167
f 5167 2984 2982
f 5167 2982 5164
f 5164 2982 2980
f 5164 2980 5163
f 5163 2980 2979
f 5163 2979 5160
f 5160 2979 2976
f 5160 2976 5159
f 5159 2976 2975
f 5159 2975 5156
f 5156 2975 2973
f 5156 2973 5154
f 5154 2973 2971
f 5154 2971 5153
f 5153 2971 2969
f 5153 2969 5150
f 5150 2969 2966
f 5150 2966 5149
f 5149 2966 2963
f 5149 2963 5145
f 5147 2965 2962
f 5147 2962 5143
f 5143 2962 2960
f 5143 2960 5142
f 5142 2960 2957
f 5142 2957 5140
f 5140 2957 2956
f 5140 2956 5137
f 5137 2956 2953
f 5137 2953 5135
f 5135 2953 2952
f 5135 2952 5134
f 5134 2952 2950
f 5134 2950 5132
f 5132 2950 2948
f 5132 2948 5129
f 5129 2948 2945
f 5129 2945 5127
f 5127 2945 2944
f 5127 2944 5125
f 5125 2944 2942
f 5125 2942 5123
f 5123 2942 2939
f 5123 2939 5122
f 5122 2939 2938
f 5122 2938 5119
f 5119 2938 2936
f 5119 2936 5117
f 5117 2936 2934
f 5117 2934 5115
f 5115 2934 2932
f 5115 2932 5113
f 5113 2932 2930
f 5113 2930 5112
f 5112 2930 2927
f 5112 2927 5109
f 5109 2927 2925
f 5109 2925 5108
f 5108 2925 2923
f 5108 2923 5106
f 5106 2923 2922
f 5106 2922 5104
f 5104 2922 2919
f 5104 2919 5101
f 5101 2919 2917
f 5101 2917 5099
f 5099 2917 2915
f 5099 2915 5097
f 5097 2915 2914
f 5097 2914 5096
f 5096 2914 2910
f 5096 2910 5093
f 5092 2912 2909
f 5092 2909 5090
f 5090 2909 2907
f 5090 2907 5088
f 5088 2907 2905
f 5088 2905 5086
f 5086 2905 2903
f 5086 2903 5084
f 5084 2903 2900
f 5084 2900 5083
f 5083 2900 2898
f 5083 2898 5080
f 5080 2898 2896
f 5080 2896 5078
f 5078 2896 2895
f 5078 2895 5076
f 5076 2895 2893
f 5076 2893 5074
f 5074 2893 2891
f 5074 2891 5072
f 5072 2891 2889
f 5072 2889 5070
f 5070 2889 2887
f 5070 2887 5068
f 5068 2887 2884
f 5068 2884 5067
f 5067 2884 2883
f 5067 2883 5064
f 5064 2883 2881
f 5064 2881 5062
f 5062 2881 2878
f 5062 2878 5061
f 5061 2878 2876
f 5061 2876 5059
f 5059 2876 2875
f 5059 2875 5056
f 5056 2875 2873
f 5056 2873 5054
f 5054 2873 2871
f 5054 2871 5052
f 5052 2871 2869
f 5052 2869 5050
f 5050 2869 2866
f 5050 2866 5049
f 5049 2866 2865
f 5049 2865 5046
f 5046 2865 2862
f 5046 2862 5045
f 5045 2862 2860
f 5045 2860 5043
f 5043 2860 2858
f 5043 2858 5041
f 5041 2858 2857
f 5041 2857 5039
f 5039 2857 2855
f 5037 2853 5035
f 5035 2853 2852
f 5035 2852 5033
f 5033 2852 2850
f 5033 2850 5031
f 5031 2850 2848
f 5031 2848 5029
f 5029 2848 2845
f 5029 2845 5027
f 5027 2845 2844
f 5027 2844 5025
f 5025 2844 2842
f 5025 2842 5023
f 5023 2842 2839
f 5023 2839 5021
f 5021 2839 2838
f 5021 2838 5019
f 5019 2838 2836
f 5019 2836 5017
f 5017 2836 2834
f 5017 2834 5015
f 5015 2834 2832
f 5015 2832 5013
f 5013 2832 2830
f 5013 2830 5011
f 5011 2830 2828
f 5011 2828 5010
f 5010 2828 2825
f 5010 2825 5007
f 5007 2825 2824
f 5007 2824 5005
f 5005 2824 2821
f 5005 2821 5003
f 5003 2821 2819
f 5003 2819 5001
f 5001 2819 2818
f 5001 2818 4999
f 4999 2818 2815
f 4999 2815 4998
f 4998 2815 2814
f 4998 2814 4995
f 4995 2814 2812
f 4995 2812 4994
f 4994 2812 2810
f 4994 2810 4991
f 4991 2810 2807
f 4991 2807 4989
f 4989 2807 2806
f 4989 2806 4987
f 4987 2806 2803
f 4987 2803 4984
f 4984 2803 2802
f 4986 2800 4982
f 4982 2800 2799
f 4982 2799 4980
f 4980 2799 2797
f 4980 2797 4978
f 4978 2797 2794
f 4978 2794 4976
f 4976 2794 2792
f 4976 2792 4974
f 4974 2792 2790
f 4974 2790 4972
f 4972 2790 2789
f 4972 2789 4970
f 4970 2789 2787
f 4970 2787 4968
f 4968 2787 2785
f 4968 2785 4967
f 4967 2785 2782
f 4967 2782 4964
f 4964 2782 2780
f 4964 2780 4962
f 4962 2780 2779
f 4962 2779 4960
f 4960 2779 2777
f 4960 2777 4958
f 4958 2777 2774
f 4958 2774 4956
f 4956 2774 2772
f 4956 2772 4955
f 4955 2772 2770
f 4955 2770 4953
f 4953 2770 2768
f 4953 2768 4951
f 4951 2768 2767
f 4951 2767 4949
f 4949 2767 2765
f 4949 2765 4947
f 4947 2765 2763
f 4947 2763 4944
f 4944 2763 2760
f 4944 2760 4943
f 4943 2760 2758
f 4943 2758 4940
f 4940 2758 2757
f 4940 2757 4938
f 4938 2757 2755
f 4938 2755 4936
f 4936 2755 2753
f 4936 2753 4935
f 4935 2753 2750
f 4935 2750 4933
f 4931 2749 2747
f 4931 2747 4929
f 4929 2747 2745
f 4929 2745 4927
f 4927 2745 2743
f 4927 2743 4925
f 4925 2743 2742
f 4925 2742 4923
f 4923 2742 2739
f 4923 2739 4921
f 4921 2739 2738
f 4921 2738 4920
f 4920 2738 2736
f 4920 2736 4917
f 4917 2736 2734
f 4917 2734 4915
f 4915 2734 2732
f 4915 2732 4913
f 4913 2732 2729
f 4913 2729 4911
f 4911 2729 2727
f 4911 2727 4909
f 4909 2727 2726
f 4909 2726 4907
f 4907 2726 2724
f 4907 2724 4905
f 4905 2724 2721
f 4905 2721 4903
f 4903 2721 2719
f 4903 2719 4901
f 4901 2719 2718
f 4901 2718 4900
f 4900 2718 2716
f 4900 2716 4897
f 4897 2716 2714
f 4897 2714 4896
f 4896 2714 2711
f 4896 2711 4893
f 4893 2711 2710
f 4893 2710 4891
f 4891 2710 2707
f 4891 2707 4889
f 4889 2707 2705
f 4889 2705 4887
f 4887 2705 2703
f 4887 2703 4886
f 4886 2703 2701
f 4886 2701 4883
f 4883 2701 2699
f 4883 2699 4881
f 4881 2699 2696
f 4881 2696 4879
f 4878 2698 2695
f 4878 2695 4876
f 4876 2695 2692
f 4876 2692 4874
f 4874 2692 2691
f 4874 2691 4872
f 4872 2691 2688
f 4872 2688 4870
f 4870 2688 2687
f 4870 2687 4869
f 4869 2687 2685
f 4869 2685 4866
f 4866 2685 2683
f 4866 2683 4865
f 4865 2683 2681
f 4865 2681 4862
f 4862 2681 2679
f 4862 2679 4860
f 4860 2679 2677
f 4860 2677 4858
f 4858 2677 2675
f 4858 2675 4856
f 4856 2675 2672
f 4856 2672 4854
f 4854 2672 2671
f 4854 2671 4852
f 4852 2671 2668
f 4852 2668 4850
f 4850 2668 2666
f 4850 2666 4848
f 4848 2666 2665
f 4848 2665 4846
f 4846 2665 2663
f 4846 2663 4844
f 4844 2663 2661
f 4844 2661 4842
f 4842 2661 2659
f 4842 2659 4840
f 4840 2659 2657
f 4840 2657 4839
f 4839 2657 2655
f 4839 2655 4836
f 4836 2655 2652
f 4836 2652 4834
f 4834 2652 2651
f 4834 2651 4832
f 4832 2651 2648
f 4832 2648 4831
f 4831 2648 2646
f 4831 2646 4828
f 4828 2646 2645
f 4828 2645 4827
f 4827 2645 2643
f 4827 2643 4825
f 4825 2643 2641
f 4823 2640 4822
f 4822 2640 2638
f 4822 2638 4820
f 4820 2638 2636
f 4820 2636 4817
f 4817 2636 2634
f 4817 2634 4815
f 4815 2634 2632
f 4815 2632 4813
f 4813 2632 2629
f 4813 2629 4811
f 4811 2629 2628
f 4811 2628 4809
f 4809 2628 2626
f 4809 2626 4808
f 4808 2626 2624
f 4808 2624 4806
f 4806 2624 2622
f 4806 2622 4804
f 4804 2622 2619
f 4804 2619 4801
f 4801 2619 2618
f 4801 2618 4800
f 4800 2618 2616
f 4800 2616 4797
f 4797 2616 2613
f 4797 2613 4796
f 4796 2613 2612
f 4796 2612 4793
f 4793 2612 2609
f 4793 2609 4791
f 4791 2609 2607
f 4791 2607 4789
f 4789 2607 2605
f 4789 2605 4787
f 4787 2605 2604
f 4787 2604 4785
f 4785 2604 2601
f 4785 2601 4784
f 4784 2601 2599
f 4784 2599 4781
f 4781 2599 2598
f 4781 2598 4779
f 4779 2598 2595
f 4779 2595 4778
f 4778 2595 2593
f 4778 2593 4775
f 4775 2593 2591
f 4775 2591 4773
f 4773 2591 2590
f 4773 2590 4772
f 4772 2590 2588
f 4770 2587 4768
f 4768 2587 2584
f 4768 2584 4766
f 4766 2584 2582
f 4766 2582 4764
f 4764 2582 2580
f 4764 2580 4762
f 4762 2580 2579
f 4762 2579 4760
f 4760 2579 2576
f 4760 2576 4759
f 4759 2576 2574
f 4759 2574 4757
f 4757 2574 2572
f 4757 2572 4754
f 4754 2572 2570
f 4754 2570 4752
f 4752 2570 2569
f 4752 2569 4750
f 4750 2569 2566
f 4750 2566 4749
f 4749 2566 2564
f 4749 2564 4746
f 4746 2564 2563
f 4746 2563 4744
f 4744 2563 2560
f 4744 2560 4742
f 4742 2560 2559
f 4742 2559 4740
f 4740 2559 2556
f 4740 2556 4738
f 4738 2556 2554
f 4738 2554 4736
f 4736 2554 2553
f 4736 2553 4734
f 4734 2553 2551
f 4734 2551 4733
f 4733 2551 2549
f 4733 2549 4730
f 4730 2549 2546
f 4730 2546 4728
f 4728 2546 2544
f 4728 2544 4726
f 4726 2544 2542
f 4726 2542 4724
f 4724 2542 2541
f 4724 2541 4723
f 4723 2541 2538
f 4723 2538 4720
f 4720 2538 2536
f 4720 2536 4717
f 4717 2536 2534
f 4718 2533 4715
f 4715 2533 2531
f 4715 2531 4713
f 4713 2531 2530
f 4713 2530 4711
f 4711 2530 2527
f 4711 2527 4709
f 4709 2527 2525
f 4709 2525 4708
f 4708 2525 2524
f 4708 2524 4705
f 4705 2524 2521
f 4705 2521 4704
f 4704 2521 2519
f 4704 2519 4701
f 4701 2519 2518
f 4701 2518 4699
f 4699 2518 2516
f 4699 2516 4697
f 4697 2516 2513
f 4697 2513 4695
f 4695 2513 2512
f 4695 2512 4693
f 4693 2512 2509
f 4693 2509 4691
f 4691 2509 2508
f 4691 2508 4689
f 4689 2508 2505
f 4689 2505 4687
f 4687 2505 2504
f 4687 2504 4685
f 4685 2504 2501
f 4685 2501 4683
f 4683 2501 2499
f 4683 2499 4681
f 4681 2499 2497
f 4681 2497 4680
f 4680 2497 2495
f 4680 2495 4678
f 4678 2495 2494
f 4678 2494 4676
f 4676 2494 2491
f 4676 2491 4673
f 4673 2491 2490
f 4673 2490 4672
f 4672 2490 2488
f 4672 2488 4669
f 4669 2488 2485
f 4669 2485 4667
f 4667 2485 2482
f 4667 2482 4666
f 4665 2483 2480
f 4665 2480 4662
f 4662 2480 2478
f 4662 2478 4661
f 4661 2478 2477
f 4661 2477 4659
f 4659 2477 2475
f 4659 2475 4656
f 4656 2475 2473
f 4656 2473 4654
f 4654 2473 2470
f 4654 2470 4653
f 4653 2470 2468
f 4653 2468 4650
f 4650 2468 2466
f 4650 2466 4649
f 4649 2466 2465
f 4649 2465 4647
f 4647 2465 2462
f 4647 2462 4645
f 4645 2462 2461
f 4645 2461 4642
f 4642 2461 2458
f 4642 2458 4641
f 4641 2458 2456
f 4641 2456 4639
f 4639 2456 2455
f 4639 2455 4637
f 4637 2455 2453
f 4637 2453 4634
f 4634 2453 2451
f 4634 2451 4632
f 4632 2451 2448
f 4632 2448 4630
f 4630 2448 2446
f 4630 2446 4628
f 4628 2446 2444
f 4628 2444 4626
f 4626 2444 2442
f 4626 2442 4624
f 4624 2442 2441
f 4624 2441 4622
f 4622 2441 2438
f 4622 2438 4620
f 4620 2438 2437
f 4620 2437 4619
f 4619 2437 2434
f 4619 2434 4616
f 4616 2434 2432
f 4616 2432 4615
f 4615 2432 2429
f 4615 2429 4612
f 4611 2430 2427
f 4611 2427 4609
f 4609 2427 2425
f 4609 2425 4608
f 4608 2425 2424
f 4608 2424 4606
f 4606 2424 2422
f 4606 2422 4603
f 4603 2422 2419
f 4603 2419 4601
f 4601 2419 2417
f 4601 2417 4599
f 4599 2417 2415
f 4599 2415 4598
f 4598 2415 2413
f 4598 2413 4595
f 4595 2413 2411
f 4595 2411 4593
f 4593 2411 2409
f 4593 2409 4591
f 4591 2409 2408
f 4591 2408 4589
f 4589 2408 2406
f 4589 2406 4587
f 4587 2406 2403
f 4587 2403 4586
f 4586 2403 2402
f 4586 2402 4583
f 4583 2402 2400
f 4583 2400 4581
f 4581 2400 2398
f 4581 2398 4579
f 4579 2398 2396
f 4579 2396 4577
f 4577 2396 2393
f 4577 2393 4576
f 4576 2393 2392
f 4576 2392 4574
f 4574 2392 2389
f 4574 2389 4571
f 4571 2389 2388
f 4571 2388 4569
f 4569 2388 2385
f 4569 2385 4567
f 4567 2385 2383
f 4567 2383 4565
f 4565 2383 2382
f 4565 2382 4563
f 4563 2382 2379
f 4563 2379 4561
f 4561 2379 2378
f 4561 2378 4559
f 4559 2378 2375
f 4559 2375 4558
f 4558 2375 2374
f 4557 2372 4555
f 4555 2372 2371
f 4555 2371 4553
f 4553 2371 2369
f 4553 2369 4551
f 4551 2369 2367
f 4551 2367 4549
f 4549 2367 2365
f 4549 2365 4547
f 4547 2365 2363
f 4547 2363 4544
f 4544 2363 2361
f 4544 2361 4542
f 4542 2361 2358
f 4542 2358 4541
f 4541 2358 2356
f 4541 2356 4539
f 4539 2356 2355
f 4539 2355 4537
f 4537 2355 2352
f 4537 2352 4535
f 4535 2352 2351
f 4535 2351 4533
f 4533 2351 2348
f 4533 2348 4531
f 4531 2348 2346
f 4531 2346 4529
f 4529 2346 2345
f 4529 2345 4526
f 4526 2345 2342
f 4526 2342 4524
f 4524 2342 2341
f 4524 2341 4522
f 4522 2341 2339
f 4522 2339 4521
f 4521 2339 2337
f 4521 2337 4519
f 4519 2337 2335
f 4519 2335 4517
f 4517 2335 2333
f 4517 2333 4515
f 4515 2333 2330
f 4515 2330 4512
f 4512 2330 2328
f 4512 2328 4510
f 4510 2328 2327
f 4510 2327 4509
f 4509 2327 2324
f 4509 2324 4506
f 4506 2324 2322
f 4506 2322 4503
f 4503 2322 2320
f 4504 2321 4501
f 4501 2321 2318
f 4501 2318 4499
f 4499 2318 2315
f 4499 2315 4497
f 4497 2315 2313
f 4497 2313 4495
f 4495 2313 2311
f 4495 2311 4493
f 4493 2311 2309
f 4493 2309 4491
f 4491 2309 2308
f 4491 2308 4489
f 4489 2308 2306
f 4489 2306 4487
f 4487 2306 2303
f 4487 2303 4485
f 4485 2303 2301
f 4485 2301 4483
f 4483 2301 2299
f 4483 2299 4482
f 4482 2299 2297
f 4482 2297 4480
f 4480 2297 2295
f 4480 2295 4478
f 4478 2295 2293
f 4478 2293 4475
f 4475 2293 2292
f 4475 2292 4473
f 4473 2292 2290
f 4473 2290 4472
f 4472 2290 2287
f 4472 2287 4470
f 4470 2287 2286
f 4470 2286 4467
f 4467 2286 2284
f 4467 2284 4465
f 4465 2284 2281
f 4465 2281 4464
f 4464 2281 2279
f 4464 2279 4461
f 4461 2279 2278
f 4461 2278 4459
f 4459 2278 2275
f 4459 2275 4457
f 4457 2275 2273
f 4457 2273 4456
f 4456 2273 2271
f 4456 2271 4454
f 4454 2271 2269
f 4454 2269 4452
f 4452 2269 2267
f 4450 2266 4449
f 4449 2266 2265
f 4449 2265 4446
f 4446 2265 2262
f 4446 2262 4445
f 4445 2262 2261
f 4445 2261 4442
f 4442 2261 2259
f 4442 2259 4441
f 4441 2259 2257
f 4441 2257 4439
f 4439 2257 2254
f 4439 2254 4437
f 4437 2254 2252
f 4437 2252 4435
f 4435 2252 2250
f 4435 2250 4433
f 4433 2250 2248
f 4433 2248 4430
f 4430 2248 2247
f 4430 2247 4428
f 4428 2247 2244
f 4428 2244 4426
f 4426 2244 2243
f 4426 2243 4424
f 4424 2243 2240
f 4424 2240 4423
f 4423 2240 2239
f 4423 2239 4421
f 4421 2239 2236
f 4421 2236 4419
f 4419 2236 2234
f 4419 2234 4417
f 4417 2234 2233
f 4417 2233 4415
f 4415 2233 2230
f 4415 2230 4413
f 4413 2230 2229
f 4413 2229 4410
f 4410 2229 2227
f 4410 2227 4409
f 4409 2227 2225
f 4409 2225 4406
f 4406 2225 2222
f 4406 2222 4404
f 4404 2222 2221
f 4404 2221 4402
f 4402 2221 2219
f 4402 2219 4400
f 4400 2219 2215
f 4400 2215 4397
f 4398 2216 2213
f 4398 2213 4396
f 4396 2213 2211
f 4396 2211 4393
f 4393 2211 2209
f 4393 2209 4392
f 4392 2209 2207
f 4392 2207 4390
f 4390 2207 2205
f 4390 2205 4388
f 4388 2205 2204
f 4388 2204 4386
f 4386 2204 2202
f 4386 2202 4384
f 4384 2202 2199
f 4384 2199 4382
f 4382 2199 2197
f 4382 2197 4380
f 4380 2197 2195
f 4380 2195 4377
f 4377 2195 2193
f 4377 2193 4375
f 4375 2193 2191
f 4375 2191 4373
f 4373 2191 2190
f 4373 2190 4371
f 4371 2190 2187
f 4371 2187 4370
f 4370 2187 2186
f 4370 2186 4367
f 4367 2186 2184
f 4367 2184 4365
f 4365 2184 2181
f 4365 2181 4363
f 4363 2181 2179
f 4363 2179 4361
f 4361 2179 2177
f 4361 2177 4360
f 4360 2177 2176
f 4360 2176 4357
f 4357 2176 2173
f 4357 2173 4356
f 4356 2173 2171
f 4356 2171 4328
f 4328 2171 2169
f 4328 2169 4332
f 4332 2169 2168
f 4332 2168 4333
f 4333 2168 2166
f 4333 2166 4336
f 4336 2166 2164
f 4336 2164 4337
f 4339 2163 2160
f 4339 2160 4341
f 4341 2160 2158
f 6440 6444 8557
f 8557 6444 6446
f 8557 6446 6448
f 8557 6448 8554
f 8554 6448 6449
f 8554 6449 6451
f 8554 6451 8552
f 8552 6451 6453
f 8552 6453 8551
f 8551 6453 6456
f 8551 6456 6458
f 8551 6458 8549
f 8549 6458 6460
f 8549 6460 6461
f 8549 6461 8547
f 8547 6461 6464
f 8547 6464 6465
f 8547 6465 8545
f 8545 6465 6467
f 8545 6467 6469
f 8545 6469 8542
f 8542 6469 6471
f 8542 6471 8540
f 8540 6471 4343
f 8540 4343 6439
f 8540 6439 8539
f 8539 6439 6437
f 8539 6437 8537
f 8537 6437 6435
f 8537 6435 8534
f 8534 6435 6432
f 8534 6432 8533
f 8533 6432 6430
f 8533 6430 8530
f 8530 6430 6428
f 8530 6428 8527
f 8527 6428 6426
f 8527 6426 8525
f 8525 6426 6423
f 8525 6423 8523
f 8523 6423 6421
f 8523 6421 8521
f 8521 6421 6419
f 8521 6419 8519
f 8519 6419 6417
f 8519 6417 8517
f 8517 6417 6416
f 8517 6416 8515
f 8515 6416 6414
f 8515 6414 8514
f 8514 6414 6411
f 8514 6411 8512
f 8512 6411 6410
f 8512 6410 8509
f 8509 6410 6407
f 8509 6407 8508
f 8508 6407 6406
f 8508 6406 8505
f 8505 6406 6403
f 8505 6403 8504
f 8504 6403 6401
f 8504 6401 8501
f 8501 6401 6399
f 8501 6399 8499
f 8499 6399 6398
f 8499 6398 8497
f 8497 6398 6396
f 8497 6396 8495
f 8495 6396 6394
f 8495 6394 8494
f 8494 6394 6392
f 8494 6392 8491
f 8491 6392 6389
f 8491 6389 8489
f 8489 6389 6387
f 8489 6387 8487
f 8487 6387 6385
f 8487 6385 8485
f 8485 6385 6383
f 8485 6383 8484
f 8484 6383 6382
f 8484 6382 8481
f 8481 6382 6379
f 8481 6379 8480
f 8480 6379 6378
f 8480 6378 8477
f 8477 6378 6375
f 8477 6375 8475
f 8475 6375 6372
f 8475 6372 8473
f 8473 6372 6371
f 8473 6371 8471
f 8471 6371 6369
f 8471 6369 8469
f 8469 6369 6367
f 8469 6367 8466
f 8466 6367 6365
f 8466 6365 8465
f 8465 6365 6363
f 8465 6363 8463
f 8463 6363 6361
f 8463 6361 8461
f 8461 6361 6359
f 8461 6359 8459
f 8459 6359 6357
f 8459 6357 8457
f 8457 6357 6354
f 8457 6354 8455
f 8455 6354 6353
f 8455 6353 8452
f 8452 6353 6351
f 8452 6351 8450
f 8450 6351 6349
f 8450 6349 8448
f 8448 6349 6346
f 8448 6346 8446
f 8446 6346 6344
f 8446 6344 8444
f 8444 6344 6343
f 8444 6343 8442
f 8442 6343 6341
f 8442 6341 8440
f 8440 6341 6339
f 8440 6339 8439
f 8439 6339 6337
f 8439 6337 8437
f 8437 6337 6335
f 8437 6335 8434
f 8434 6335 6332
f 8434 6332 8432
f 8432 6332 6331
f 8432 6331 8430
f 8430 6331 6329
f 8430 6329 8428
f 8428 6329 6326
f 8428 6326 8426
f 8426 6326 6325
f 8426 6325 8425
f 8425 6325 6323
f 8425 6323 8421
f 8421 6323 6321
f 8421 6321 8419
f 8419 6321 6317
f 8419 6317 8417
f 8417 6317 6316
f 8417 6316 8415
f 8415 6316 6314
f 8415 6314 8413
f 8413 6314 6312
f 8413 6312 8412
f 8412 6312 6309
f 8412 6309 8409
f 8409 6309 6308
f 8409 6308 8407
f 8407 6308 6306
f 8407 6306 8405
f 8405 6306 6304
f 8405 6304 8403
f 8403 6304 6301
f 8403 6301 8401
f 8401 6301 6299
f 8401 6299 8400
f 8400 6299 6297
f 8400 6297 8398
f 8398 6297 6296
f 8398 6296 8396
f 8396 6296 6293
f 8396 6293 8394
f 8394 6293 6291
f 8394 6291 8392
f 8392 6291 6290
f 8392 6290 8390
f 8390 6290 6287
f 8390 6287 8387
f 8387 6287 6285
f 8387 6285 8385
f 8385 6285 6283
f 8385 6283 8384
f 8384 6283 6281
f 8384 6281 8382
f 8382 6281 6280
f 8382 6280 8380
f 8380 6280 6278
f 8380 6278 8378
f 8378 6278 6275
f 8378 6275 8376
f 8376 6275 6273
f 8376 6273 8374
f 8374 6273 6271
f 8374 6271 8371
f 8371 6271 6269
f 8371 6269 8370
f 8370 6269 6266
f 8370 6266 8367
f 8367 6266 6265
f 8367 6265 8364
f 8364 6265 6263
f 8364 6263 8363
f 8363 6263 6261
f 8363 6261 8360
f 8360 6261 6259
f 8360 6259 8359
f 8359 6259 6256
f 8359 6256 8357
f 8357 6256 6255
f 8357 6255 8355
f 8355 6255 6252
f 8355 6252 8352
f 8352 6252 6250
f 8352 6250 8350
f 8350 6250 6249
f 8350 6249 8349
f 8349 6249 6246
f 8349 6246 8347
f 8347 6246 6245
f 8347 6245 8344
f 8344 6245 6243
f 8344 6243 8343
f 8343 6243 6241
f 8343 6241 8341
f 8341 6241 6238
f 8341 6238 8339
f 8339 6238 6237
f 8339 6237 8337
f 8337 6237 6235
f 8337 6235 8335
f 8335 6235 6233
f 8335 6233 8332
f 8332 6233 6231
f 8332 6231 8331
f 8331 6231 6229
f 8331 6229 8328
f 8328 6229 6226
f 8328 6226 8326
f 8326 6226 6224
f 8326 6224 8325
f 8325 6224 6222
f 8325 6222 8323
f 8323 6222 6221
f 8323 6221 8320
f 8320 6221 6218
f 8320 6218 8318
f 8318 6218 6216
f 8318 6216 8316
f 8316 6216 6214
f 8316 6214 8314
f 8314 6214 6212
f 8314 6212 8312
f 8312 6212 6210
f 8312 6210 8310
f 8310 6210 6208
f 8310 6208 8307
f 8307 6208 6205
f 8307 6205 8305
f 8305 6205 6204
f 8305 6204 8303
f 8303 6204 6201
f 8303 6201 8302
f 8302 6201 6200
f 8302 6200 8300
f 8300 6200 6198
f 8300 6198 8298
f 8298 6198 6196
f 8298 6196 8296
f 8296 6196 6194
f 8296 6194 8294
f 8294 6194 6192
f 8294 6192 8292
f 8292 6192 6190
f 8292 6190 8289
f 8289 6190 6187
f 8289 6187 8288
f 8288 6187 6186
f 8288 6186 8285
f 8285 6186 6184
f 8285 6184 8284
f 8284 6184 6182
f 8284 6182 8282
f 8282 6182 6180
f 8282 6180 8280
f 8280 6180 6178
f 8280 6178 8278
f 8278 6178 6175
f 8278 6175 8275
f 8275 6175 6173
f 8275 6173 8273
f 8273 6173 6171
f 8273 6171 8272
f 8272 6171 6170
f 8272 6170 8270
f 8270 6170 6167
f 8270 6167 8268
f 8268 6167 6165
f 8268 6165 8265
f 8265 6165 6164
f 8265 6164 8263
f 8263 6164 6162
f 8263 6162 8260
f 8260 6162 6159
f 8260 6159 8259
f 8259 6159 6156
f 8259 6156 8257
f 8257 6156 6154
f 8257 6154 8254
f 8254 6154 6152
f 8254 6152 8253
f 8253 6152 6151
f 8253 6151 8251
f 8251 6151 6149
f 8251 6149 8249
f 8249 6149 6147
f 8249 6147 8247
f 8247 6147 6144
f 8247 6144 8245
f 8245 6144 6143
f 8245 6143 8242
f 8242 6143 6141
f 8242 6141 8240
f 8240 6141 6138
f 8240 6138 8238
f 8238 6138 6137
f 8238 6137 8236
f 8236 6137 6135
f 8236 6135 8235
f 8235 6135 6133
f 8235 6133 8233
f 8233 6133 6131
f 8233 6131 8231
f 8231 6131 6129
f 8231 6129 8229
f 8229 6129 6126
f 8229 6126 8226
f 8226 6126 6124
f 8226 6124 8224
f 8224 6124 6122
f 8224 6122 8222
f 8222 6122 6121
f 8222 6121 8220
f 8220 6121 6119
f 8220 6119 8219
f 8219 6119 6117
f 8219 6117 8216
f 8216 6117 6115
f 8216 6115 8215
f 8215 6115 6112
f 8215 6112 8213
f 8213 6112 6111
f 8213 6111 8210
f 8210 6111 6109
f 8210 6109 8208
f 8208 6109 6107
f 8208 6107 8206
f 8206 6107 6104
f 8206 6104 8204
f 8204 6104 6102
f 8204 6102 8202
f 8202 6102 6099
f 8202 6099 8200
f 8200 6099 6098
f 8200 6098 8197
f 8197 6098 6096
f 8197 6096 8195
f 8195 6096 6094
f 8195 6094 8194
f 8194 6094 6091
f 8194 6091 8192
f 8192 6091 6090
f 8192 6090 8190
f 8190 6090 6087
f 8190 6087 8188
f 8188 6087 6086
f 8188 6086 8185
f 8185 6086 6084
f 8185 6084 8183
f 8183 6084 6081
f 8183 6081 8182
f 8182 6081 6079
f 8182 6079 8180
f 8180 6079 6077
f 8180 6077 8178
f 8178 6077 6075
f 8178 6075 8176
f 8176 6075 6074
f 8176 6074 8174
f 8174 6074 6072
f 8174 6072 8172
f 8172 6072 6069
f 8172 6069 8169
f 8169 6069 6067
f 8169 6067 8167
f 8167 6067 6065
f 8167 6065 8165
f 8165 6065 6063
f 8165 6063 8163
f 8163 6063 6061
f 8163 6061 8161
f 8161 6061 6059
f 8161 6059 8159
f 8159 6059 6058
f 8159 6058 8157
f 8157 6058 6055
f 8157 6055 8156
f 8156 6055 6052
f 8156 6052 8153
f 8153 6052 6050
f 8153 6050 8150
f 8150 6050 6049
f 8150 6049 8148
f 8148 6049 6046
f 8148 6046 8146
f 8146 6046 6045
f 8146 6045 8144
f 8144 6045 6043
f 8144 6043 8142
f 8142 6043 6040
f 8142 6040 8140
f 8140 6040 6039
f 8140 6039 8139
f 8139 6039 6037
f 8139 6037 8136
f 8136 6037 6035
f 8136 6035 8134
f 8134 6035 6033
f 8134 6033 8132
f 8132 6033 6030
f 8132 6030 8131
f 8131 6030 6028
f 8131 6028 8129
f 8129 6028 6026
f 8129 6026 8127
f 8127 6026 6024
f 8127 6024 8124
f 8124 6024 6022
f 8124 6022 8122
f 8122 6022 6020
f 8122 6020 8121
f 8121 6020 6019
f 8121 6019 8119
f 8119 6019 6016
f 8119 6016 8116
f 8116 6016 6015
f 8116 6015 8115
f 8115 6015 6012
f 8115 6012 8112
f 8112 6012 6011
f 8112 6011 8111
f 8111 6011 6008
f 8111 6008 8109
f 8109 6008 6007
f 8109 6007 8107
f 8107 6007 6005
f 8107 6005 8105
f 8105 6005 6003
f 8105 6003 8103
f 8103 6003 6001
f 8103 6001 8100
f 8100 6001 5998
f 8100 5998 8097
f 8097 5998 5995
f 8097 5995 8096
f 8096 5995 5994
f 8096 5994 8093
f 8093 5994 5991
f 8093 5991 8091
f 8091 5991 5989
f 8091 5989 8090
f 8090 5989 5987
f 8090 5987 8087
f 8087 5987 5985
f 8087 5985 8086
f 8086 5985 5983
f 8086 5983 8084
f 8084 5983 5982
f 8084 5982 8081
f 8081 5982 5979
f 8081 5979 8079
f 8079 5979 5977
f 8079 5977 8078
f 8078 5977 5975
f 8078 5975 8075
f 8075 5975 5973
f 8075 5973 8074
f 8074 5973 5971
f 8074 5971 8072
f 8072 5971 5970
f 8072 5970 8070
f 8070 5970 5968
f 8070 5968 8068
f 8068 5968 5965
f 8068 5965 8066
f 8066 5965 5963
f 8066 5963 8063
f 8063 5963 5961
f 8063 5961 8062
f 8062 5961 5960
f 8062 5960 8059
f 8059 5960 5958
f 8059 5958 8058
f 8058 5958 5956
f 8058 5956 8055
f 8055 5956 5953
f 8055 5953 8054
f 8054 5953 5951
f 8054 5951 8052
f 8052 5951 5949
f 8052 5949 8048
f 8048 5949 5947
f 8048 5947 8047
f 8047 5947 5945
f 8047 5945 8044
f 8044 5945 5943
f 8044 5943 8042
f 8042 5943 5941
f 8042 5941 8041
f 8041 5941 5939
f 8041 5939 8039
f 8039 5939 5936
f 8039 5936 8037
f 8037 5936 5934
f 8037 5934 8035
f 8035 5934 5932
f 8035 5932 8033
f 8033 5932 5930
f 8033 5930 8030
f 8030 5930 5929
f 8030 5929 8029
f 8029 5929 5927
f 8029 5927 8026
f 8026 5927 5924
f 8026 5924 8024
f 8024 5924 5922
f 8024 5922 8022
f 8022 5922 5920
f 8022 5920 8021
f 8021 5920 5919
f 8021 5919 8019
f 8019 5919 5916
f 8019 5916 8016
f 8016 5916 5915
f 8016 5915 8015
f 8015 5915 5912
f 8015 5912 8012
f 8012 5912 5911
f 8012 5911 8010
f 8010 5911 5909
f 8010 5909 8009
f 8009 5909 5907
f 8009 5907 8007
f 8007 5907 5905
f 8007 5905 8005
f 8005 5905 5903
f 8005 5903 8003
f 8003 5903 5901
f 8003 5901 8001
f 8001 5901 5898
f 8001 5898 7999
f 7999 5898 5897
f 7999 5897 7996
f 7996 5897 5895
f 7996 5895 7993
f 7993 5895 5892
f 7993 5892 7992
f 7992 5892 5890
f 7992 5890 7989
f 7989 5890 5887
f 7989 5887 7987
f 7987 5887 5885
f 7987 5885 7985
f 7985 5885 5884
f 7985 5884 7984
f 7984 5884 5882
f 7984 5882 7982
f 7982 5882 5880
f 7982 5880 7980
f 7980 5880 5878
f 7980 5878 7978
f 7978 5878 5876
f 7978 5876 7975
f 7975 5876 5874
f 7975 5874 7973
f 7973 5874 5871
f 7973 5871 7972
f 7972 5871 5870
f 7972 5870 7970
f 7970 5870 5868
f 7970 5868 7968
f 7968 5868 5866
f 7968 5866 7966
f 7966 5866 5863
f 7966 5863 7964
f 7964 5863 5861
f 7964 5861 7961
f 7961 5861 5860
f 7961 5860 7960
f 7960 5860 5857
f 7960 5857 7957
f 7957 5857 5855
f 7957 5855 7955
f 7955 5855 5854
f 7955 5854 7954
f 7954 5854 5851
f 7954 5851 7951
f 7951 5851 5850
f 7951 5850 7949
f 7949 5850 5847
f 7949 5847 7948
f 7948 5847 5846
f 7948 5846 7946
f 7946 5846 5843
f 7946 5843 7943
f 7943 5843 5841
f 7943 5841 7940
f 7940 5841 5839
f 7940 5839 7938
f 7938 5839 5837
f 7938 5837 7936
f 7936 5837 5835
f 7936 5835 7935
f 7935 5835 5833
f 7935 5833 7933
f 7933 5833 5831
f 7933 5831 7931
f 7931 5831 5829
f 7931 5829 7928
f 7928 5829 5826
f 7928 5826 7926
f 7926 5826 5825
f 7926 5825 7924
f 7924 5825 5822
f 7924 5822 7923
f 7923 5822 5821
f 7923 5821 7921
f 7921 5821 5819
f 7921 5819 7918
f 7918 5819 5816
f 7918 5816 7916
f 7916 5816 5815
f 7916 5815 7915
f 7915 5815 5813
f 7915 5813 7913
f 7913 5813 5811
f 7913 5811 7911
f 7911 5811 5808
f 7911 5808 7908
f 7908 5808 5806
f 7908 5806 7906
f 7906 5806 5805
f 7906 5805 7904
f 7904 5805 5802
f 7904 5802 7902
f 7902 5802 5801
f 7902 5801 7901
f 7901 5801 5799
f 7901 5799 7899
f 7899 5799 5797
f 7899 5797 7897
f 7897 5797 5795
f 7897 5795 7894
f 7894 5795 5793
f 7894 5793 7892
f 7892 5793 5790
f 7892 5790 7890
f 7890 5790 5789
f 7890 5789 7889
f 7889 5789 5787
f 7889 5787 7885
f 7885 5787 5783
f 7885 5783 7883
f 7883 5783 5781
f 7883 5781 7881
f 7881 5781 5780
f 7881 5780 7880
f 7880 5780 5778
f 7880 5778 7878
f 7878 5778 5776
f 7878 5776 7876
f 7876 5776 5774
f 7876 5774 7874
f 7874 5774 5772
f 7874 5772 7872
f 7872 5772 5769
f 7872 5769 7869
f 7869 5769 5768
f 7869 5768 7868
f 7868 5768 5766
f 7868 5766 7866
f 7866 5766 5764
f 7866 5764 7864
f 7864 5764 5762
f 7864 5762 7861
f 7861 5762 5760
f 7861 5760 7859
f 7859 5760 5757
f 7859 5757 7857
f 7857 5757 5755
f 7857 5755 7855
f 7855 5755 5753
f 7855 5753 7853
f 7853 5753 5751
f 7853 5751 7852
f 7852 5751 5749
f 7852 5749 7850
f 7850 5749 5748
f 7850 5748 7848
f 7848 5748 5745
f 7848 5745 7845
f 7845 5745 5743
f 7845 5743 7844
f 7844 5743 5742
f 7844 5742 7841
f 7841 5742 5740
f 7841 5740 7840
f 7840 5740 5737
f 7840 5737 7838
f 7838 5737 5735
f 7838 5735 7836
f 7836 5735 5733
f 7836 5733 7833
f 7833 5733 5730
f 7833 5730 7831
f 7831 5730 5728
f 7831 5728 7829
f 7829 5728 5727
f 7829 5727 7826
f 7826 5727 5725
f 7826 5725 7824
f 7824 5725 5723
f 7824 5723 7823
f 7823 5723 5720
f 7823 5720 7820
f 7820 5720 5718
f 7820 5718 7819
f 7819 5718 5717
f 7819 5717 7816
f 7816 5717 5714
f 7816 5714 7814
f 7814 5714 5713
f 7814 5713 7812
f 7812 5713 5710
f 7812 5710 7810
f 7810 5710 5709
f 7810 5709 7808
f 7808 5709 5706
f 7808 5706 7806
f 7806 5706 5704
f 7806 5704 7805
f 7805 5704 5702
f 7805 5702 7803
f 7803 5702 5701
f 7803 5701 7801
f 7801 5701 5699
f 7801 5699 7799
f 7799 5699 5696
f 7799 5696 7796
f 7796 5696 5694
f 7796 5694 7795
f 7795 5694 5692
f 7795 5692 7793
f 7793 5692 5691
f 7793 5691 7791
f 7791 5691 5688
f 7791 5688 7789
f 7789 5688 5687
f 7789 5687 7787
f 7787 5687 5684
f 7787 5684 7785
f 7785 5684 5683
f 7785 5683 7781
f 7781 5683 5679
f 7781 5679 7779
f 7779 5679 5678
f 7779 5678 7777
f 7777 5678 5676
f 7777 5676 7775
f 7775 5676 5674
f 7775 5674 7773
f 7773 5674 5671
f 7773 5671 7772
f 7772 5671 5670
f 7772 5670 7770
f 7770 5670 5667
f 7770 5667 7767
f 7767 5667 5665
f 7767 5665 7766
f 7766 5665 5663
f 7766 5663 7764
f 7764 5663 5661
f 7764 5661 7762
f 7762 5661 5660
f 7762 5660 7760
f 7760 5660 5657
f 7760 5657 7758
f 7758 5657 5656
f 7758 5656 7755
f 7755 5656 5654
f 7755 5654 7753
f 7753 5654 5651
f 7753 5651 7752
f 7752 5651 5649
f 7752 5649 7750
f 7750 5649 5648
f 7750 5648 7748
f 7748 5648 5645
f 7748 5645 7746
f 7746 5645 5644
f 7746 5644 7743
f 7743 5644 5642
f 7743 5642 7741
f 7741 5642 5640
f 7741 5640 7739
f 7739 5640 5638
f 7739 5638 7738
f 7738 5638 5635
f 7738 5635 7736
f 7736 5635 5633
f 7736 5633 7734
f 7734 5633 5632
f 7734 5632 7732
f 7732 5632 5630
f 7732 5630 7729
f 7729 5630 5628
f 7729 5628 7726
f 7726 5628 5624
f 7726 5624 7724
f 7724 5624 5623
f 7724 5623 7722
f 7722 5623 5621
f 7722 5621 7720
f 7720 5621 5619
f 7720 5619 7718
f 7718 5619 5617
f 7718 5617 7716
f 7716 5617 5614
f 7716 5614 7714
f 7714 5614 5612
f 7714 5612 7712
f 7712 5612 5610
f 7712 5610 7711
f 7711 5610 5608
f 7711 5608 7709
f 7709 5608 5607
f 7709 5607 7707
f 7707 5607 5604
f 7707 5604 7704
f 7704 5604 5603
f 7704 5603 7703
f 7703 5603 5601
f 7703 5601 7701
f 7701 5601 5599
f 7701 5599 7699
f 7699 5599 5597
f 7699 5597 7696
f 7696 5597 5594
f 7696 5594 7694
f 7694 5594 5593
f 7694 5593 7693
f 7693 5593 5590
f 7693 5590 7691
f 7691 5590 5589
f 7691 5589 7689
f 7689 5589 5586
f 7689 5586 7686
f 7686 5586 5584
f 7686 5584 7685
f 7685 5584 5582
f 7685 5582 7683
f 7683 5582 5580
f 7683 5580 7681
f 7681 5580 5578
f 7681 5578 7678
f 7678 5578 5577
f 7678 5577 7677
f 7677 5577 5574
f 7677 5574 7673
f 7673 5574 5571
f 7673 5571 7671
f 7671 5571 5570
f 7671 5570 7670
f 7670 5570 5567
f 7670 5567 7668
f 7668 5567 5566
f 7668 5566 7666
f 7666 5566 5564
f 7666 5564 7664
f 7664 5564 5561
f 7664 5561 7662
f 7662 5561 5560
f 7662 5560 7659
f 7659 5560 5557
f 7659 5557 7657
f 7657 5557 5556
f 7657 5556 7655
f 7655 5556 5553
f 7655 5553 7654
f 7654 5553 5551
f 7654 5551 7651
f 7651 5551 5550
f 7651 5550 7650
f 7650 5550 5547
f 7650 5547 7647
f 7647 5547 5545
f 7647 5545 7645
f 7645 5545 5543
f 7645 5543 7643
f 7643 5543 5541
f 7643 5541 7642
f 7642 5541 5539
f 7642 5539 7640
f 7640 5539 5537
f 7640 5537 7638
f 7638 5537 5536
f 7638 5536 7636
f 7636 5536 5534
f 7636 5534 7634
f 7634 5534 5531
f 7634 5531 7632
f 7632 5531 5530
f 7632 5530 7630
f 7630 5530 5528
f 7630 5528 7627
f 7627 5528 5526
f 7627 5526 7625
f 7625 5526 5524
f 7625 5524 7623
f 7623 5524 5522
f 7623 5522 7620
f 7620 5522 5520
f 7620 5520 7619
f 7619 5520 5517
f 7619 5517 7617
f 7617 5517 5515
f 7617 5515 7615
f 7615 5515 5513
f 7615 5513 7612
f 7612 5513 5511
f 7612 5511 7610
f 7610 5511 5508
f 7610 5508 7608
f 7608 5508 5507
f 7608 5507 7606
f 7606 5507 5504
f 7606 5504 7605
f 7605 5504 5502
f 7605 5502 7602
f 7602 5502 5500
f 7602 5500 7600
f 7600 5500 5499
f 7600 5499 7599
f 7599 5499 5497
f 7599 5497 7596
f 7596 5497 5495
f 7596 5495 7594
f 7594 5495 5492
f 7594 5492 7593
f 7593 5492 5490
f 7593 5490 7590
f 7590 5490 5488
f 7590 5488 7589
f 7589 5488 5486
f 7589 5486 7586
f 7586 5486 5485
f 7586 5485 7584
f 7584 5485 5483
f 7584 5483 7583
f 7583 5483 5481
f 7583 5481 7581
f 7581 5481 5479
f 7581 5479 7578
f 7578 5479 5477
f 7578 5477 7577
f 7577 5477 5475
f 7577 5475 7574
f 7574 5475 5473
f 7574 5473 7572
f 7572 5473 5471
f 7572 5471 7571
f 7571 5471 5469
f 7571 5469 7569
f 7569 5469 5467
f 7569 5467 7566
f 7566 5467 5463
f 7566 5463 7564
f 7564 5463 5461
f 7564 5461 7562
f 7562 5461 5460
f 7562 5460 7559
f 7559 5460 5458
f 7559 5458 7557
f 7557 5458 5455
f 7557 5455 7555
f 7555 5455 5453
f 7555 5453 7554
f 7554 5453 5452
f 7554 5452 7552
f 7552 5452 5450
f 7552 5450 7550
f 7550 5450 5448
f 7550 5448 7547
f 7547 5448 5445
f 7547 5445 7546
f 7546 5445 5444
f 7546 5444 7543
f 7543 5444 5442
f 7543 5442 7541
f 7541 5442 5440
f 7541 5440 7539
f 7539 5440 5438
f 7539 5438 7537
f 7537 5438 5436
f 7537 5436 7536
f 7536 5436 5434
f 7536 5434 7533
f 7533 5434 5432
f 7533 5432 7532
f 7532 5432 5429
f 7532 5429 7529
f 7529 5429 5428
f 7529 5428 7527
f 7527 5428 5425
f 7527 5425 7526
f 7526 5425 5423
f 7526 5423 7523
f 7523 5423 5422
f 7523 5422 7522
f 7522 5422 5420
f 7522 5420 7519
f 7519 5420 5418
f 7519 5418 7518
f 7518 5418 5415
f 7518 5415 7514
f 7514 5415 5412
f 7514 5412 7513
f 7513 5412 5411
f 7513 5411 7510
f 7510 5411 5408
f 7510 5408 7508
f 7508 5408 5406
f 7508 5406 7507
f 7507 5406 5405
f 7507 5405 7505
f 7505 5405 5403
f 7505 5403 7502
f 7502 5403 5401
f 7502 5401 7500
f 7500 5401 5399
f 7500 5399 7499
f 7499 5399 5396
f 7499 5396 7496
f 7496 5396 5395
f 7496 5395 7494
f 7494 5395 5392
f 7494 5392 7493
f 7493 5392 5390
f 7493 5390 7491
f 7491 5390 5388
f 7491 5388 7488
f 7488 5388 5386
f 7488 5386 7486
f 7486 5386 5384
f 7486 5384 7484
f 7484 5384 5382
f 7484 5382 7482
f 7482 5382 5380
f 7482 5380 7481
f 7481 5380 5378
f 7481 5378 7479
f 7479 5378 5376
f 7479 5376 7477
f 7477 5376 5375
f 7477 5375 7474
f 7474 5375 5372
f 7474 5372 7473
f 7473 5372 5371
f 7473 5371 7471
f 7471 5371 5368
f 7471 5368 7469
f 7469 5368 5367
f 7469 5367 7466
f 7466 5367 5365
f 7466 5365 7464
f 7464 5365 5363
f 7464 5363 7463
f 7463 5363 5361
f 7463 5361 7461
f 7461 5361 5357
f 7461 5357 7458
f 7458 5357 5356
f 7458 5356 7456
f 7456 5356 5354
f 7456 5354 7454
f 7454 5354 5351
f 7454 5351 7451
f 7451 5351 5349
f 7451 5349 7450
f 7450 5349 5347
f 7450 5347 7448
f 7448 5347 5346
f 7448 5346 7445
f 7445 5346 5344
f 7445 5344 7444
f 7444 5344 5342
f 7444 5342 7441
f 7441 5342 5340
f 7441 5340 7440
f 7440 5340 5338
f 7440 5338 7437
f 7437 5338 5335
f 7437 5335 7435
f 7435 5335 5333
f 7435 5333 7434
f 7434 5333 5332
f 7434 5332 7431
f 7431 5332 5329
f 7431 5329 7430
f 7430 5329 5327
f 7430 5327 7427
f 7427 5327 5325
f 7427 5325 7425
f 7425 5325 5324
f 7425 5324 7423
f 7423 5324 5321
f 7423 5321 7421
f 7421 5321 5319
f 7421 5319 7419
f 7419 5319 5318
f 7419 5318 7417
f 7417 5318 5316
f 7417 5316 7415
f 7415 5316 5314
f 7415 5314 7414
f 7414 5314 5312
f 7414 5312 7412
f 7412 5312 5310
f 7412 5310 7410
f 7410 5310 5308
f 7410 5308 7406
f 7406 5308 5306
f 7406 5306 7405
f 7405 5306 5303
f 7405 5303 7403
f 7403 5303 5300
f 7403 5300 7401
f 7401 5300 5298
f 7401 5298 7398
f 7398 5298 5296
f 7398 5296 7396
f 7396 5296 5295
f 7396 5295 7394
f 7394 5295 5292
f 7394 5292 7392
f 7392 5292 5290
f 7392 5290 7390
f 7390 5290 5288
f 7390 5288 7388
f 7388 5288 5287
f 7388 5287 7386
f 7386 5287 5285
f 7386 5285 7385
f 7385 5285 5282
f 7385 5282 7382
f 7382 5282 5281
f 7382 5281 7381
f 7381 5281 5279
f 7381 5279 7378
f 7378 5279 5277
f 7378 5277 7377
f 7377 5277 5274
f 7377 5274 7374
f 7374 5274 5272
f 7374 5272 7372
f 7372 5272 5270
f 7372 5270 7371
f 7371 5270 5269
f 7371 5269 7368
f 7368 5269 5266
f 7368 5266 7366
f 7366 5266 5265
f 7366 5265 7364
f 7364 5265 5262
f 7364 5262 7362
f 7362 5262 5261
f 7362 5261 7360
f 7360 5261 5259
f 7360 5259 7358
f 7358 5259 5256
f 7358 5256 7356
f 7356 5256 5254
f 7356 5254 7355
f 7355 5254 5253
f 7355 5253 7352
f 7352 5253 5250
f 7352 5250 7350
f 7350 5250 5247
f 7350 5247 7347
f 7347 5247 5246
f 7347 5246 7345
f 7345 5246 5243
f 7345 5243 7343
f 7343 5243 5242
f 7343 5242 7341
f 7341 5242 5240
f 7341 5240 7339
f 7339 5240 5238
f 7339 5238 7338
f 7338 5238 5235
f 7338 5235 7336
f 7336 5235 5234
f 7336 5234 7333
f 7333 5234 5232
f 7333 5232 7332
f 7332 5232 5229
f 7332 5229 7330
f 7330 5229 5228
f 7330 5228 7327
f 7327 5228 5226
f 7327 5226 7326
f 7326 5226 5224
f 7326 5224 7323
f 7323 5224 5221
f 7323 5221 7321
f 7321 5221 5220
f 7321 5220 7320
f 7320 5220 5218
f 7320 5218 7317
f 7317 5218 5215
f 7317 5215 7316
f 7316 5215 5214
f 7316 5214 7314
f 7314 5214 5212
f 7314 5212 7311
f 7311 5212 5210
f 7311 5210 7309
f 7309 5210 5207
f 7309 5207 7307
f 7307 5207 5206
f 7307 5206 7305
f 7305 5206 5203
f 7305 5203 7303
f 7303 5203 5202
f 7303 5202 7300
f 7300 5202 5200
f 7300 5200 7298
f 7298 5200 5197
f 7298 5197 7296
f 7296 5197 5195
f 7296 5195 7295
f 7295 5195 5192
f 7295 5192 7292
f 7292 5192 5190
f 7292 5190 7290
f 7290 5190 5188
f 7290 5188 7289
f 7289 5188 5186
f 7289 5186 7286
f 7286 5186 5184
f 7286 5184 7284
f 7284 5184 5182
f 7284 5182 7283
f 7283 5182 5180
f 7283 5180 7281
f 7281 5180 5178
f 7281 5178 7279
f 7279 5178 5177
f 7279 5177 7276
f 7276 5177 5175
f 7276 5175 7274
f 7274 5175 5173
f 7274 5173 7272
f 7272 5173 5171
f 7272 5171 7270
f 7270 5171 5169
f 7270 5169 7269
f 7269 5169 5166
f 7269 5166 7267
f 7267 5166 5165
f 7267 5165 7264
f 7264 5165 5162
f 7264 5162 7262
f 7262 5162 5161
f 7262 5161 7261
f 7261 5161 5158
f 7261 5158 7258
f 7258 5158 5157
f 7258 5157 7257
f 7257 5157 5155
f 7257 5155 7254
f 7254 5155 5152
f 7254 5152 7252
f 7252 5152 5151
f 7252 5151 7251
f 7251 5151 5148
f 7251 5148 7247
f 7247 5148 5146
f 7247 5146 7245
f 7245 5146 5144
f 7245 5144 7243
f 7243 5144 5141
f 7243 5141 7241
f 7241 5141 5139
f 7241 5139 7239
f 7239 5139 5138
f 7239 5138 7238
f 7238 5138 5136
f 7238 5136 7236
f 7236 5136 5133
f 7236 5133 7234
f 7234 5133 5131
f 7234 5131 7232
f 7232 5131 5130
f 7232 5130 7230
f 7230 5130 5128
f 7230 5128 7227
f 7227 5128 5126
f 7227 5126 7225
f 7225 5126 5124
f 7225 5124 7223
f 7223 5124 5121
f 7223 5121 7221
f 7221 5121 5120
f 7221 5120 7219
f 7219 5120 5118
f 7219 5118 7218
f 7218 5118 5116
f 7218 5116 7216
f 7216 5116 5114
f 7216 5114 7214
f 7214 5114 5111
f 7214 5111 7212
f 7212 5111 5110
f 7212 5110 7210
f 7210 5110 5107
f 7210 5107 7208
f 7208 5107 5105
f 7208 5105 7206
f 7206 5105 5103
f 7206 5103 7204
f 7204 5103 5102
f 7204 5102 7201
f 7201 5102 5100
f 7201 5100 7199
f 7199 5100 5098
f 7199 5098 7197
f 7197 5098 5095
f 7197 5095 7195
f 7195 5095 5094
f 7195 5094 7194
f 7194 5094 5091
f 7194 5091 7190
f 7190 5091 5089
f 7190 5089 7188
f 7188 5089 5087
f 7188 5087 7186
f 7186 5087 5085
f 7186 5085 7184
f 7184 5085 5082
f 7184 5082 7183
f 7183 5082 5081
f 7183 5081 7181
f 7181 5081 5079
f 7181 5079 7178
f 7178 5079 5077
f 7178 5077 7177
f 7177 5077 5075
f 7177 5075 7174
f 7174 5075 5073
f 7174 5073 7172
f 7172 5073 5071
f 7172 5071 7171
f 7171 5071 5069
f 7171 5069 7168
f 7168 5069 5066
f 7168 5066 7167
f 7167 5066 5065
f 7167 5065 7164
f 7164 5065 5063
f 7164 5063 7163
f 7163 5063 5060
f 7163 5060 7160
f 7160 5060 5058
f 7160 5058 7159
f 7159 5058 5057
f 7159 5057 7156
f 7156 5057 5055
f 7156 5055 7154
f 7154 5055 5053
f 7154 5053 7153
f 7153 5053 5051
f 7153 5051 7151
f 7151 5051 5048
f 7151 5048 7149
f 7149 5048 5047
f 7149 5047 7147
f 7147 5047 5044
f 7147 5044 7144
f 7144 5044 5042
f 7144 5042 7142
f 7142 5042 5040
f 7142 5040 7139
f 7139 5040 5038
f 7139 5038 7137
f 7137 5038 5036
f 7137 5036 7135
f 7135 5036 5034
f 7135 5034 7134
f 7134 5034 5032
f 7134 5032 7131
f 7131 5032 5030
f 7131 5030 7129
f 7129 5030 5028
f 7129 5028 7127
f 7127 5028 5026
f 7127 5026 7126
f 7126 5026 5024
f 7126 5024 7124
f 7124 5024 5022
f 7124 5022 7121
f 7121 5022 5020
f 7121 5020 7119
f 7119 5020 5018
f 7119 5018 7118
f 7118 5018 5016
f 7118 5016 7116
f 7116 5016 5014
f 7116 5014 7113
f 7113 5014 5012
f 7113 5012 7111
f 7111 5012 5009
f 7111 5009 7109
f 7109 5009 5008
f 7109 5008 7107
f 7107 5008 5006
f 7107 5006 7106
f 7106 5006 5004
f 7106 5004 7103
f 7103 5004 5002
f 7103 5002 7101
f 7101 5002 5000
f 7101 5000 7100
f 7100 5000 4997
f 7100 4997 7097
f 7097 4997 4996
f 7097 4996 7095
f 7095 4996 4993
f 7095 4993 7093
f 7093 4993 4992
f 7093 4992 7091
f 7091 4992 4990
f 7091 4990 7090
f 7090 4990 4988
f 7090 4988 7087
f 7087 4988 4985
f 7087 4985 7084
f 7084 4985 4983
f 7084 4983 7082
f 7082 4983 4981
f 7082 4981 7080
f 7080 4981 4979
f 7080 4979 7078
f 7078 4979 4977
f 7078 4977 7076
f 7076 4977 4975
f 7076 4975 7075
f 7075 4975 4973
f 7075 4973 7073
f 7073 4973 4971
f 7073 4971 7070
f 7070 4971 4969
f 7070 4969 7068
f 7068 4969 4966
f 7068 4966 7066
f 7066 4966 4965
f 7066 4965 7064
f 7064 4965 4963
f 7064 4963 7062
f 7062 4963 4961
f 7062 4961 7060
f 7060 4961 4959
f 7060 4959 7058
f 7058 4959 4957
f 7058 4957 7056
f 7056 4957 4954
f 7056 4954 7054
f 7054 4954 4952
f 7054 4952 7053
f 7053 4952 4950
f 7053 4950 7051
f 7051 4950 4948
f 7051 4948 7049
f 7049 4948 4946
f 7049 4946 7046
f 7046 4946 4945
f 7046 4945 7044
f 7044 4945 4942
f 7044 4942 7043
f 7043 4942 4941
f 7043 4941 7041
f 7041 4941 4939
f 7041 4939 7038
f 7038 4939 4937
f 7038 4937 7036
f 7036 4937 4934
f 7036 4934 7033
f 7033 4934 4932
f 7033 4932 7031
f 7031 4932 4930
f 7031 4930 7029
f 7029 4930 4928
f 7029 4928 7027
f 7027 4928 4926
f 7027 4926 7026
f 7026 4926 4924
f 7026 4924 7023
f 7023 4924 4922
f 7023 4922 7021
f 7021 4922 4919
f 7021 4919 7019
f 7019 4919 4918
f 7019 4918 7017
f 7017 4918 4916
f 7017 4916 7016
f 7016 4916 4914
f 7016 4914 7014
f 7014 4914 4912
f 7014 4912 7011
f 7011 4912 4910
f 7011 4910 7010
f 7010 4910 4908
f 7010 4908 7007
f 7007 4908 4906
f 7007 4906 7005
f 7005 4906 4904
f 7005 4904 7003
f 7003 4904 4902
f 7003 4902 7001
f 7001 4902 4899
f 7001 4899 7000
f 7000 4899 4898
f 7000 4898 6998
f 6998 4898 4895
f 6998 4895 6996
f 6996 4895 4894
f 6996 4894 6994
f 6994 4894 4892
f 6994 4892 6991
f 6991 4892 4890
f 6991 4890 6989
f 6989 4890 4888
f 6989 4888 6987
f 6987 4888 4885
f 6987 4885 6986
f 6986 4885 4884
f 6986 4884 6984
f 6984 4884 4882
f 6984 4882 6981
f 6981 4882 4880
f 6981 4880 6980
f 6980 4880 4877
f 6980 4877 6977
f 6977 4877 4875
f 6977 4875 6974
f 6974 4875 4873
f 6974 4873 6972
f 6972 4873 4871
f 6972 4871 6971
f 6971 4871 4868
f 6971 4868 6969
f 6969 4868 4867
f 6969 4867 6967
f 6967 4867 4864
f 6967 4864 6964
f 6964 4864 4863
f 6964 4863 6962
f 6962 4863 4861
f 6962 4861 6961
f 6961 4861 4859
f 6961 4859 6958
f 6958 4859 4857
f 6958 4857 6956
f 6956 4857 4855
f 6956 4855 6954
f 6954 4855 4853
f 6954 4853 6952
f 6952 4853 4851
f 6952 4851 6950
f 6950 4851 4849
f 6950 4849 6949
f 6949 4849 4847
f 6949 4847 6946
f 6946 4847 4845
f 6946 4845 6944
f 6944 4845 4843
f 6944 4843 6942
f 6942 4843 4841
f 6942 4841 6940
f 6940 4841 4838
f 6940 4838 6939
f 6939 4838 4837
f 6939 4837 6937
f 6937 4837 4835
f 6937 4835 6934
f 6934 4835 4833
f 6934 4833 6933
f 6933 4833 4830
f 6933 4830 6930
f 6930 4830 4829
f 6930 4829 6929
f 6929 4829 4826
f 6929 4826 6925
f 6925 4826 4824
f 6925 4824 6924
f 6924 4824 4821
f 6924 4821 6922
f 6922 4821 4819
f 6922 4819 6919
f 6919 4819 4818
f 6919 4818 6917
f 6917 4818 4816
f 6917 4816 6915
f 6915 4816 4814
f 6915 4814 6913
f 6913 4814 4812
f 6913 4812 6911
f 6911 4812 4810
f 6911 4810 6909
f 6909 4810 4807
f 6909 4807 6907
f 6907 4807 4805
f 6907 4805 6905
f 6905 4805 4803
f 6905 4803 6903
f 6903 4803 4802
f 6903 4802 6901
f 6901 4802 4799
f 6901 4799 6899
f 6899 4799 4798
f 6899 4798 6898
f 6898 4798 4795
f 6898 4795 6896
f 6896 4795 4794
f 6896 4794 6894
f 6894 4794 4792
f 6894 4792 6891
f 6891 4792 4790
f 6891 4790 6889
f 6889 4790 4788
f 6889 4788 6888
f 6888 4788 4786
f 6888 4786 6885
f 6885 4786 4783
f 6885 4783 6883
f 6883 4783 4782
f 6883 4782 6882
f 6882 4782 4780
f 6882 4780 6880
f 6880 4780 4777
f 6880 4777 6878
f 6878 4777 4776
f 6878 4776 6876
f 6876 4776 4774
f 6876 4774 6872
f 6872 4774 4771
f 6872 4771 6871
f 6871 4771 4769
f 6871 4769 6869
f 6869 4769 4767
f 6869 4767 6867
f 6867 4767 4765
f 6867 4765 6864
f 6864 4765 4763
f 6864 4763 6862
f 6862 4763 4761
f 6862 4761 6861
f 6861 4761 4758
f 6861 4758 6859
f 6859 4758 4756
f 6859 4756 6857
f 6857 4756 4755
f 6857 4755 6855
f 6855 4755 4753
f 6855 4753 6852
f 6852 4753 4751
f 6852 4751 6851
f 6851 4751 4748
f 6851 4748 6849
f 6849 4748 4747
f 6849 4747 6846
f 6846 4747 4745
f 6846 4745 6844
f 6844 4745 4743
f 6844 4743 6843
f 6843 4743 4741
f 6843 4741 6841
f 6841 4741 4739
f 6841 4739 6839
f 6839 4739 4737
f 6839 4737 6836
f 6836 4737 4735
f 6836 4735 6835
f 6835 4735 4732
f 6835 4732 6833
f 6833 4732 4731
f 6833 4731 6831
f 6831 4731 4729
f 6831 4729 6829
f 6829 4729 4727
f 6829 4727 6827
f 6827 4727 4725
f 6827 4725 6825
f 6825 4725 4722
f 6825 4722 6822
f 6822 4722 4721
f 6822 4721 6820
f 6820 4721 4719
f 6820 4719 6818
f 6818 4719 4716
f 6818 4716 6815
f 6815 4716 4714
f 6815 4714 6814
f 6814 4714 4712
f 6814 4712 6812
f 6812 4712 4710
f 6812 4710 6809
f 6809 4710 4707
f 6809 4707 6808
f 6808 4707 4706
f 6808 4706 6805
f 6805 4706 4703
f 6805 4703 6804
f 6804 4703 4702
f 6804 4702 6802
f 6802 4702 4700
f 6802 4700 6799
f 6799 4700 4698
f 6799 4698 6797
f 6797 4698 4696
f 6797 4696 6795
f 6795 4696 4694
f 6795 4694 6793
f 6793 4694 4692
f 6793 4692 6792
f 6792 4692 4690
f 6792 4690 6789
f 6789 4690 4688
f 6789 4688 6788
f 6788 4688 4686
f 6788 4686 6786
f 6786 4686 4684
f 6786 4684 6784
f 6784 4684 4682
f 6784 4682 6782
f 6782 4682 4679
f 6782 4679 6779
f 6779 4679 4677
f 6779 4677 6778
f 6778 4677 4675
f 6778 4675 6775
f 6775 4675 4674
f 6775 4674 6774
f 6774 4674 4671
f 6774 4671 6772
f 6772 4671 4670
f 6772 4670 6770
f 6770 4670 4668
f 6770 4668 6768
f 6768 4668 4664
f 6768 4664 6765
f 6765 4664 4663
f 6765 4663 6763
f 6763 4663 4660
f 6763 4660 6760
f 6760 4660 4658
f 6760 4658 6758
f 6758 4658 4657
f 6758 4657 6756
f 6756 4657 4655
f 6756 4655 6755
f 6755 4655 4652
f 6755 4652 6753
f 6753 4652 4651
f 6753 4651 6750
f 6750 4651 4648
f 6750 4648 6749
f 6749 4648 4646
f 6749 4646 6746
f 6746 4646 4644
f 6746 4644 6745
f 6745 4644 4643
f 6745 4643 6743
f 6743 4643 4640
f 6743 4640 6741
f 6741 4640 4638
f 6741 4638 6738
f 6738 4638 4636
f 6738 4636 6736
f 6736 4636 4635
f 6736 4635 6735
f 6735 4635 4633
f 6735 4633 6732
f 6732 4633 4631
f 6732 4631 6730
f 6730 4631 4629
f 6730 4629 6728
f 6728 4629 4627
f 6728 4627 6727
f 6727 4627 4625
f 6727 4625 6725
f 6725 4625 4623
f 6725 4623 6723
f 6723 4623 4621
f 6723 4621 6721
f 6721 4621 4618
f 6721 4618 6719
f 6719 4618 4617
f 6719 4617 6717
f 6717 4617 4614
f 6717 4614 6715
f 6715 4614 4613
f 6715 4613 6711
f 6711 4613 4610
f 6711 4610 6710
f 6710 4610 4607
f 6710 4607 6707
f 6707 4607 4605
f 6707 4605 6706
f 6706 4605 4604
f 6706 4604 6704
f 6704 4604 4602
f 6704 4602 6701
f 6701 4602 4600
f 6701 4600 6699
f 6699 4600 4597
f 6699 4597 6698
f 6698 4597 4596
f 6698 4596 6695
f 6695 4596 4594
f 6695 4594 6694
f 6694 4594 4592
f 6694 4592 6691
f 6691 4592 4590
f 6691 4590 6690
f 6690 4590 4588
f 6690 4588 6688
f 6688 4588 4585
f 6688 4585 6686
f 6686 4585 4584
f 6686 4584 6683
f 6683 4584 4582
f 6683 4582 6681
f 6681 4582 4580
f 6681 4580 6679
f 6679 4580 4578
f 6679 4578 6678
f 6678 4578 4575
f 6678 4575 6676
f 6676 4575 4573
f 6676 4573 6673
f 6673 4573 4572
f 6673 4572 6671
f 6671 4572 4570
f 6671 4570 6669
f 6669 4570 4568
f 6669 4568 6668
f 6668 4568 4566
f 6668 4566 6665
f 6665 4566 4564
f 6665 4564 6664
f 6664 4564 4562
f 6664 4562 6662
f 6662 4562 4560
f 6662 4560 6659
f 6659 4560 4556
f 6659 4556 6657
f 6657 4556 4554
f 6657 4554 6654
f 6654 4554 4552
f 6654 4552 6653
f 6653 4552 4550
f 6653 4550 6651
f 6651 4550 4548
f 6651 4548 6649
f 6649 4548 4546
f 6649 4546 6647
f 6647 4546 4545
f 6647 4545 6644
f 6644 4545 4543
f 6644 4543 6642
f 6642 4543 4540
f 6642 4540 6641
f 6641 4540 4538
f 6641 4538 6638
f 6638 4538 4536
f 6638 4536 6637
f 6637 4536 4534
f 6637 4534 6635
f 6635 4534 4532
f 6635 4532 6633
f 6633 4532 4530
f 6633 4530 6630
f 6630 4530 4528
f 6630 4528 6629
f 6629 4528 4527
f 6629 4527 6627
f 6627 4527 4525
f 6627 4525 6625
f 6625 4525 4523
f 6625 4523 6622
f 6622 4523 4520
f 6622 4520 6621
f 6621 4520 4518
f 6621 4518 6618
f 6618 4518 4516
f 6618 4516 6616
f 6616 4516 4514
f 6616 4514 6614
f 6614 4514 4513
f 6614 4513 6613
f 6613 4513 4511
f 6613 4511 6611
f 6611 4511 4508
f 6611 4508 6609
f 6609 4508 4507
f 6609 4507 6605
f 6605 4507 4505
f 6605 4505 6603
f 6603 4505 4502
f 6603 4502 6601
f 6601 4502 4500
f 6601 4500 6599
f 6599 4500 4498
f 6599 4498 6597
f 6597 4498 4496
f 6597 4496 6595
f 6595 4496 4494
f 6595 4494 6593
f 6593 4494 4492
f 6593 4492 6591
f 6591 4492 4490
f 6591 4490 6589
f 6589 4490 4488
f 6589 4488 6587
f 6587 4488 4486
f 6587 4486 6585
f 6585 4486 4484
f 6585 4484 6583
f 6583 4484 4481
f 6583 4481 6582
f 6582 4481 4479
f 6582 4479 6580
f 6580 4479 4477
f 6580 4477 6577
f 6577 4477 4476
f 6577 4476 6575
f 6575 4476 4474
f 6575 4474 6573
f 6573 4474 4471
f 6573 4471 6572
f 6572 4471 4469
f 6572 4469 6569
f 6569 4469 4468
f 6569 4468 6568
f 6568 4468 4466
f 6568 4466 6566
f 6566 4466 4463
f 6566 4463 6563
f 6563 4463 4462
f 6563 4462 6562
f 6562 4462 4460
f 6562 4460 6559
f 6559 4460 4458
f 6559 4458 6557
f 6557 4458 4455
f 6557 4455 6555
f 6555 4455 4453
f 6555 4453 6553
f 6553 4453 4451
f 6553 4451 6551
f 6551 4451 4448
f 6551 4448 6548
f 6548 4448 4447
f 6548 4447 6546
f 6546 4447 4444
f 6546 4444 6545
f 6545 4444 4443
f 6545 4443 6543
f 6543 4443 4440
f 6543 4440 6540
f 6540 4440 4438
f 6540 4438 6539
f 6539 4438 4436
f 6539 4436 6537
f 6537 4436 4434
f 6537 4434 6534
f 6534 4434 4432
f 6534 4432 6533
f 6533 4432 4431
f 6533 4431 6530
f 6530 4431 4429
f 6530 4429 6528
f 6528 4429 4427
f 6528 4427 6527
f 6527 4427 4425
f 6527 4425 6524
f 6524 4425 4422
f 6524 4422 6523
f 6523 4422 4420
f 6523 4420 6521
f 6521 4420 4418
f 6521 4418 6519
f 6519 4418 4416
f 6519 4416 6516
f 6516 4416 4414
f 6516 4414 6515
f 6515 4414 4412
f 6515 4412 6512
f 6512 4412 4411
f 6512 4411 6511
f 6511 4411 4408
f 6511 4408 6508
f 6508 4408 4407
f 6508 4407 6507
f 6507 4407 4405
f 6507 4405 6505
f 6505 4405 4403
f 6505 4403 6503
f 6503 4403 4401
f 6503 4401 6500
f 6500 4401 4399
f 6500 4399 6498
f 6498 4399 4395
f 6498 4395 6495
f 6495 4395 4394
f 6495 4394 6494
f 6494 4394 4391
f 6494 4391 6491
f 6491 4391 4389
f 6491 4389 6490
f 6490 4389 4387
f 6490 4387 6488
f 6488 4387 4385
f 6488 4385 6486
f 6486 4385 4383
f 6486 4383 6483
f 6483 4383 4381
f 6483 4381 6482
f 6482 4381 4379
f 6482 4379 6480
f 6480 4379 4378
f 6480 4378 6477
f 6477 4378 4376
f 6477 4376 6475
f 6475 4376 4374
f 6475 4374 6473
f 6473 4374 4372
f 6473 4372 4296
f 4296 4372 4369
f 4296 4369 4299
f 4299 4369 4301
f 4301 4369 4368
f 4301 4368 4303
f 4303 4368 4304
f 4304 4368 4366
f 4304 4366 4307
f 4307 4366 4308
f 4308 4366 4364
f 4308 4364 4311
f 4311 4364 4313
f 4313 4364 4362
f 4313 4362 4314
f 4314 4362 4316
f 4316 4362 4359
f 4316 4359 4319
f 4319 4359 4321
f 4321 4359 4358
f 4321 4358 4323
f 4323 4358 4355
f 4323 4355 4324
f 4324 4355 4326
f 4326 4355 4330
f 8563 35 8560
f 8560 35 34
f 8560 34 8558
f 8558 34 32
f 8558 32 29
f 29 27 8558
f 8558 27 25
f 8558 25 24
f 24 21 8558
f 8558 21 19
f 8558 19 17
f 17 15 8558
f 8558 15 13
f 8558 13 6441
f 6441 13 6443
f 6443 13 6445
f 6445 13 6447
f 6447 13 6450
f 6450 13 12
f 6450 12 10
f 10 7 6450
f 6450 7 6
f 6450 6 2
f 4354 4352 2
f 2 4352 4350
f 2 4350 4348
f 4348 4345 2
f 2 4345 4344
f 2 4344 6472
f 6472 6470 2
f 2 6470 6468
f 2 6468 6466
f 6466 6463 2
f 2 6463 6462
f 2 6462 6459
f 6459 6457 2
f 2 6457 6455
f 2 6455 6454
f 6454 6452 2
f 2 6452 6450
f 8567 4265 8565
f 8566 4266 4264
f 8566 4264 8612
f 8612 4264 4262
f 8612 4262 8609
f 8609 4262 4260
f 8609 4260 8608
f 8608 4260 4257
f 8608 4257 8605
f 8605 4257 4256
f 8605 4256 8604
f 8604 4256 4253
f 8604 4253 8602
f 8602 4253 4251
f 8602 4251 8600
f 8600 4251 4249
f 8600 4249 8597
f 8597 4249 4248
f 8597 4248 4245
f 4265 8567 4269
f 4269 8567 8570
f 4269 8570 4271
f 4271 8570 4273
f 4273 8570 8571
f 4273 8571 4274
f 4274 8571 8574
f 4274 8574 4276
f 4276 8574 8575
f 4276 8575 4278
f 4278 8575 8577
f 4278 8577 4281
f 4281 8577 8580
f 4281 8580 4283
f 4283 8580 8581
f 4283 8581 4284
f 4284 8581 8583
f 4284 8583 4286
f 4286 8583 8585
f 4286 8585 4288
f 4288 8585 8587
f 4288 8587 4290
f 4290 8587 4292
f 4292 8587 8589
f 4292 8589 4294
f 4294 8589 8618
f 8618 8589 8591
f 8618 8591 8616
f 8616 8591 8594
f 8616 8594 8614
f 8614 8594 8596
f 8614 8596 2124
f 2124 8596 4245
f 4245 8596 8597
f 2121 6479 2126
f 2126 6479 6478
f 2126 6478 8613
f 8613 6478 6476
f 8613 6476 8615
f 8615 6476 6474
f 8615 6474 8617
f 8617 6474 4297
f 6479 2121 6481
f 6481 2121 2120
f 6481 2120 6484
f 6484 2120 2117
f 6484 2117 6485
f 6485 2117 2116
f 6485 2116 6487
f 6487 2116 2114
f 6487 2114 6489
f 6489 2114 2111
f 6489 2111 6492
f 6492 2111 2109
f 6492 2109 6493
f 6493 2109 2108
f 6493 2108 6496
f 6496 2108 2106
f 6496 2106 6497
f 6497 2106 2103
f 6497 2103 6499
f 6501 2104 2101
f 6501 2101 6502
f 6502 2101 2099
f 6502 2099 6504
f 6504 2099 2097
f 6504 2097 6506
f 6506 2097 2094
f 6506 2094 6509
f 6509 2094 2093
f 6509 2093 6510
f 6510 2093 2091
f 6510 2091 6513
f 6513 2091 2088
f 6513 2088 6514
f 6514 2088 2087
f 6514 2087 6517
f 6517 2087 2085
f 6517 2085 6518
f 6518 2085 2083
f 6518 2083 6520
f 6520 2083 2080
f 6520 2080 6522
f 6522 2080 2078
f 6522 2078 6525
f 6525 2078 2077
f 6525 2077 6526
f 6526 2077 2074
f 6526 2074 6529
f 6529 2074 2072
f 6529 2072 6531
f 6531 2072 2071
f 6531 2071 6532
f 6532 2071 2068
f 6532 2068 6535
f 6535 2068 2066
f 6535 2066 6536
f 6536 2066 2064
f 6536 2064 6538
f 6538 2064 2062
f 6538 2062 6541
f 6541 2062 2060
f 6541 2060 6542
f 6542 2060 2059
f 6542 2059 6544
f 6544 2059 2056
f 6544 2056 6547
f 6547 2056 2055
f 6547 2055 6549
f 6549 2055 2052
f 6549 2052 6550
f 6550 2052 2050
f 6550 2050 6552
f 6552 2050 2048
f 6554 2047 6556
f 6556 2047 2046
f 6556 2046 6558
f 6558 2046 2043
f 6558 2043 6560
f 6560 2043 2041
f 6560 2041 6561
f 6561 2041 2039
f 6561 2039 6564
f 6564 2039 2038
f 6564 2038 6565
f 6565 2038 2036
f 6565 2036 6567
f 6567 2036 2034
f 6567 2034 6570
f 6570 2034 2032
f 6570 2032 6571
f 6571 2032 2030
f 6571 2030 6574
f 6574 2030 2028
f 6574 2028 6576
f 6576 2028 2025
f 6576 2025 6578
f 6578 2025 2024
f 6578 2024 6579
f 6579 2024 2021
f 6579 2021 6581
f 6581 2021 2019
f 6581 2019 6584
f 6584 2019 2017
f 6584 2017 6586
f 6586 2017 2015
f 6586 2015 6588
f 6588 2015 2014
f 6588 2014 6590
f 6590 2014 2012
f 6590 2012 6592
f 6592 2012 2009
f 6592 2009 6594
f 6594 2009 2008
f 6594 2008 6596
f 6596 2008 2006
f 6596 2006 6598
f 6598 2006 2004
f 6598 2004 6600
f 6600 2004 2001
f 6600 2001 6602
f 6602 2001 1999
f 6602 1999 6604
f 6604 1999 1998
f 6604 1998 6606
f 6606 1998 1994
f 6607 1995 6608
f 6608 1995 1993
f 6608 1993 6610
f 6610 1993 1991
f 6610 1991 6612
f 6612 1991 1988
f 6612 1988 6615
f 6615 1988 1987
f 6615 1987 6617
f 6617 1987 1984
f 6617 1984 6619
f 6619 1984 1982
f 6619 1982 6620
f 6620 1982 1980
f 6620 1980 6623
f 6623 1980 1979
f 6623 1979 6624
f 6624 1979 1976
f 6624 1976 6626
f 6626 1976 1975
f 6626 1975 6628
f 6628 1975 1973
f 6628 1973 6631
f 6631 1973 1971
f 6631 1971 6632
f 6632 1971 1968
f 6632 1968 6634
f 6634 1968 1967
f 6634 1967 6636
f 6636 1967 1964
f 6636 1964 6639
f 6639 1964 1963
f 6639 1963 6640
f 6640 1963 1961
f 6640 1961 6643
f 6643 1961 1959
f 6643 1959 6645
f 6645 1959 1956
f 6645 1956 6646
f 6646 1956 1955
f 6646 1955 6648
f 6648 1955 1953
f 6648 1953 6650
f 6650 1953 1951
f 6650 1951 6652
f 6652 1951 1949
f 6652 1949 6655
f 6655 1949 1947
f 6655 1947 6656
f 6656 1947 1945
f 6656 1945 6658
f 6658 1945 1941
f 6660 1943 6661
f 6661 1943 1940
f 6661 1940 6663
f 6663 1940 1938
f 6663 1938 6666
f 6666 1938 1935
f 6666 1935 6667
f 6667 1935 1934
f 6667 1934 6670
f 6670 1934 1932
f 6670 1932 6672
f 6672 1932 1930
f 6672 1930 6674
f 6674 1930 1928
f 6674 1928 6675
f 6675 1928 1926
f 6675 1926 6677
f 6677 1926 1924
f 6677 1924 6680
f 6680 1924 1921
f 6680 1921 6682
f 6682 1921 1919
f 6682 1919 6684
f 6684 1919 1918
f 6684 1918 6685
f 6685 1918 1916
f 6685 1916 6687
f 6687 1916 1914
f 6687 1914 6689
f 6689 1914 1911
f 6689 1911 6692
f 6692 1911 1909
f 6692 1909 6693
f 6693 1909 1907
f 6693 1907 6696
f 6696 1907 1906
f 6696 1906 6697
f 6697 1906 1903
f 6697 1903 6700
f 6700 1903 1901
f 6700 1901 6702
f 6702 1901 1899
f 6702 1899 6703
f 6703 1899 1898
f 6703 1898 6705
f 6705 1898 1896
f 6705 1896 6708
f 6708 1896 1893
f 6708 1893 6709
f 6709 1893 1891
f 6709 1891 6712
f 6712 1891 1888
f 6713 1889 6714
f 6714 1889 1886
f 6714 1886 6716
f 6716 1886 1884
f 6716 1884 6718
f 6718 1884 1882
f 6718 1882 6720
f 6720 1882 1880
f 6720 1880 6722
f 6722 1880 1878
f 6722 1878 6724
f 6724 1878 1877
f 6724 1877 6726
f 6726 1877 1874
f 6726 1874 6729
f 6729 1874 1872
f 6729 1872 6731
f 6731 1872 1870
f 6731 1870 6733
f 6733 1870 1868
f 6733 1868 6734
f 6734 1868 1866
f 6734 1866 6737
f 6737 1866 1865
f 6737 1865 6739
f 6739 1865 1863
f 6739 1863 6740
f 6740 1863 1861
f 6740 1861 6742
f 6742 1861 1858
f 6742 1858 6744
f 6744 1858 1857
f 6744 1857 6747
f 6747 1857 1854
f 6747 1854 6748
f 6748 1854 1853
f 6748 1853 6751
f 6751 1853 1851
f 6751 1851 6752
f 6752 1851 1848
f 6752 1848 6754
f 6754 1848 1847
f 6754 1847 6757
f 6757 1847 1844
f 6757 1844 6759
f 6759 1844 1842
f 6759 1842 6761
f 6761 1842 1840
f 6761 1840 6762
f 6762 1840 1839
f 6762 1839 6764
f 6764 1839 1836
f 6764 1836 6766
f 6767 1835 1834
f 6767 1834 6769
f 6769 1834 1831
f 6769 1831 6771
f 6771 1831 1830
f 6771 1830 6773
f 6773 1830 1828
f 6773 1828 6776
f 6776 1828 1825
f 6776 1825 6777
f 6777 1825 1824
f 6777 1824 6780
f 6780 1824 1821
f 6780 1821 6781
f 6781 1821 1819
f 6781 1819 6783
f 6783 1819 1818
f 6783 1818 6785
f 6785 1818 1816
f 6785 1816 6787
f 6787 1816 1813
f 6787 1813 6790
f 6790 1813 1812
f 6790 1812 6791
f 6791 1812 1810
f 6791 1810 6794
f 6794 1810 1808
f 6794 1808 6796
f 6796 1808 1806
f 6796 1806 6798
f 6798 1806 1803
f 6798 1803 6800
f 6800 1803 1801
f 6800 1801 6801
f 6801 1801 1799
f 6801 1799 6803
f 6803 1799 1798
f 6803 1798 6806
f 6806 1798 1796
f 6806 1796 6807
f 6807 1796 1794
f 6807 1794 6810
f 6810 1794 1792
f 6810 1792 6811
f 6811 1792 1789
f 6811 1789 6813
f 6813 1789 1787
f 6813 1787 6816
f 6816 1787 1786
f 6816 1786 6817
f 6817 1786 1783
f 6817 1783 6819
f 6819 1783 1782
f 6821 1780 6823
f 6823 1780 1779
f 6823 1779 6824
f 6824 1779 1776
f 6824 1776 6826
f 6826 1776 1774
f 6826 1774 6828
f 6828 1774 1772
f 6828 1772 6830
f 6830 1772 1771
f 6830 1771 6832
f 6832 1771 1769
f 6832 1769 6834
f 6834 1769 1767
f 6834 1767 6837
f 6837 1767 1764
f 6837 1764 6838
f 6838 1764 1763
f 6838 1763 6840
f 6840 1763 1761
f 6840 1761 6842
f 6842 1761 1759
f 6842 1759 6845
f 6845 1759 1756
f 6845 1756 6847
f 6847 1756 1754
f 6847 1754 6848
f 6848 1754 1753
f 6848 1753 6850
f 6850 1753 1751
f 6850 1751 6853
f 6853 1751 1749
f 6853 1749 6854
f 6854 1749 1747
f 6854 1747 6856
f 6856 1747 1745
f 6856 1745 6858
f 6858 1745 1742
f 6858 1742 6860
f 6860 1742 1740
f 6860 1740 6863
f 6863 1740 1739
f 6863 1739 6865
f 6865 1739 1736
f 6865 1736 6866
f 6866 1736 1734
f 6866 1734 6868
f 6868 1734 1733
f 6868 1733 6870
f 6870 1733 1730
f 6870 1730 6874
f 6874 1730 1728
f 6873 1729 6875
f 6875 1729 1726
f 6875 1726 6877
f 6877 1726 1724
f 6877 1724 6879
f 6879 1724 1721
f 6879 1721 6881
f 6881 1721 1720
f 6881 1720 6884
f 6884 1720 1718
f 6884 1718 6886
f 6886 1718 1716
f 6886 1716 6887
f 6887 1716 1714
f 6887 1714 6890
f 6890 1714 1711
f 6890 1711 6892
f 6892 1711 1710
f 6892 1710 6893
f 6893 1710 1707
f 6893 1707 6895
f 6895 1707 1705
f 6895 1705 6897
f 6897 1705 1704
f 6897 1704 6900
f 6900 1704 1701
f 6900 1701 6902
f 6902 1701 1700
f 6902 1700 6904
f 6904 1700 1698
f 6904 1698 6906
f 6906 1698 1696
f 6906 1696 6908
f 6908 1696 1694
f 6908 1694 6910
f 6910 1694 1692
f 6910 1692 6912
f 6912 1692 1690
f 6912 1690 6914
f 6914 1690 1687
f 6914 1687 6916
f 6916 1687 1685
f 6916 1685 6918
f 6918 1685 1684
f 6918 1684 6920
f 6920 1684 1681
f 6920 1681 6921
f 6921 1681 1680
f 6921 1680 6923
f 6923 1680 1678
f 6923 1678 6926
f 6926 1678 1676
f 6927 1675 6928
f 6928 1675 1672
f 6928 1672 6931
f 6931 1672 1670
f 6931 1670 6932
f 6932 1670 1669
f 6932 1669 6935
f 6935 1669 1667
f 6935 1667 6936
f 6936 1667 1664
f 6936 1664 6938
f 6938 1664 1662
f 6938 1662 6941
f 6941 1662 1660
f 6941 1660 6943
f 6943 1660 1659
f 6943 1659 6945
f 6945 1659 1657
f 6945 1657 6947
f 6947 1657 1655
f 6947 1655 6948
f 6948 1655 1653
f 6948 1653 6951
f 6951 1653 1651
f 6951 1651 6953
f 6953 1651 1649
f 6953 1649 6955
f 6955 1649 1646
f 6955 1646 6957
f 6957 1646 1645
f 6957 1645 6959
f 6959 1645 1642
f 6959 1642 6960
f 6960 1642 1640
f 6960 1640 6963
f 6963 1640 1638
f 6963 1638 6965
f 6965 1638 1637
f 6965 1637 6966
f 6966 1637 1635
f 6966 1635 6968
f 6968 1635 1633
f 6968 1633 6970
f 6970 1633 1631
f 6970 1631 6973
f 6973 1631 1628
f 6973 1628 6975
f 6975 1628 1626
f 6975 1626 6976
f 6976 1626 1624
f 6976 1624 6978
f 6978 1624 1621
f 6979 1623 6982
f 6982 1623 1619
f 6982 1619 6983
f 6983 1619 1617
f 6983 1617 6985
f 6985 1617 1616
f 6985 1616 6988
f 6988 1616 1614
f 6988 1614 6990
f 6990 1614 1612
f 6990 1612 6992
f 6992 1612 1610
f 6992 1610 6993
f 6993 1610 1608
f 6993 1608 6995
f 6995 1608 1606
f 6995 1606 6997
f 6997 1606 1603
f 6997 1603 6999
f 6999 1603 1602
f 6999 1602 7002
f 7002 1602 1599
f 7002 1599 7004
f 7004 1599 1598
f 7004 1598 7006
f 7006 1598 1595
f 7006 1595 7008
f 7008 1595 1594
f 7008 1594 7009
f 7009 1594 1591
f 7009 1591 7012
f 7012 1591 1590
f 7012 1590 7013
f 7013 1590 1587
f 7013 1587 7015
f 7015 1587 1586
f 7015 1586 7018
f 7018 1586 1583
f 7018 1583 7020
f 7020 1583 1582
f 7020 1582 7022
f 7022 1582 1580
f 7022 1580 7024
f 7024 1580 1578
f 7024 1578 7025
f 7025 1578 1575
f 7025 1575 7028
f 7028 1575 1573
f 7028 1573 7030
f 7030 1573 1572
f 7030 1572 7032
f 7032 1572 1570
f 7032 1570 7034
f 7035 1568 1566
f 7035 1566 7037
f 7037 1566 1564
f 7037 1564 7039
f 7039 1564 1562
f 7039 1562 7040
f 7040 1562 1561
f 7040 1561 7042
f 7042 1561 1558
f 7042 1558 7045
f 7045 1558 1557
f 7045 1557 7047
f 7047 1557 1555
f 7047 1555 7048
f 7048 1555 1553
f 7048 1553 7050
f 7050 1553 1550
f 7050 1550 7052
f 7052 1550 1549
f 7052 1549 7055
f 7055 1549 1547
f 7055 1547 7057
f 7057 1547 1545
f 7057 1545 7059
f 7059 1545 1543
f 7059 1543 7061
f 7061 1543 1541
f 7061 1541 7063
f 7063 1541 1538
f 7063 1538 7065
f 7065 1538 1537
f 7065 1537 7067
f 7067 1537 1535
f 7067 1535 7069
f 7069 1535 1532
f 7069 1532 7071
f 7071 1532 1530
f 7071 1530 7072
f 7072 1530 1529
f 7072 1529 7074
f 7074 1529 1527
f 7074 1527 7077
f 7077 1527 1525
f 7077 1525 7079
f 7079 1525 1523
f 7079 1523 7081
f 7081 1523 1520
f 7081 1520 7083
f 7083 1520 1519
f 7083 1519 7085
f 7085 1519 1517
f 7085 1517 7088
f 7088 1517 1515
f 7086 1513 7089
f 7089 1513 1511
f 7089 1511 7092
f 7092 1511 1510
f 7092 1510 7094
f 7094 1510 1507
f 7094 1507 7096
f 7096 1507 1505
f 7096 1505 7098
f 7098 1505 1503
f 7098 1503 7099
f 7099 1503 1501
f 7099 1501 7102
f 7102 1501 1500
f 7102 1500 7104
f 7104 1500 1497
f 7104 1497 7105
f 7105 1497 1495
f 7105 1495 7108
f 7108 1495 1494
f 7108 1494 7110
f 7110 1494 1492
f 7110 1492 7112
f 7112 1492 1489
f 7112 1489 7114
f 7114 1489 1488
f 7114 1488 7115
f 7115 1488 1486
f 7115 1486 7117
f 7117 1486 1484
f 7117 1484 7120
f 7120 1484 1482
f 7120 1482 7122
f 7122 1482 1480
f 7122 1480 7123
f 7123 1480 1477
f 7123 1477 7125
f 7125 1477 1475
f 7125 1475 7128
f 7128 1475 1473
f 7128 1473 7130
f 7130 1473 1472
f 7130 1472 7132
f 7132 1472 1469
f 7132 1469 7133
f 7133 1469 1467
f 7133 1467 7136
f 7136 1467 1465
f 7136 1465 7138
f 7138 1465 1463
f 7138 1463 7140
f 7140 1463 1462
f 7141 1461 7143
f 7143 1461 1459
f 7143 1459 7145
f 7145 1459 1457
f 7145 1457 7146
f 7146 1457 1455
f 7146 1455 7148
f 7148 1455 1452
f 7148 1452 7150
f 7150 1452 1451
f 7150 1451 7152
f 7152 1451 1449
f 7152 1449 7155
f 7155 1449 1447
f 7155 1447 7157
f 7157 1447 1445
f 7157 1445 7158
f 7158 1445 1442
f 7158 1442 7161
f 7161 1442 1440
f 7161 1440 7162
f 7162 1440 1438
f 7162 1438 7165
f 7165 1438 1436
f 7165 1436 7166
f 7166 1436 1434
f 7166 1434 7169
f 7169 1434 1432
f 7169 1432 7170
f 7170 1432 1431
f 7170 1431 7173
f 7173 1431 1428
f 7173 1428 7175
f 7175 1428 1426
f 7175 1426 7176
f 7176 1426 1424
f 7176 1424 7179
f 7179 1424 1423
f 7179 1423 7180
f 7180 1423 1420
f 7180 1420 7182
f 7182 1420 1419
f 7182 1419 7185
f 7185 1419 1416
f 7185 1416 7187
f 7187 1416 1414
f 7187 1414 7189
f 7189 1414 1413
f 7189 1413 7191
f 7191 1413 1411
f 7191 1411 7193
f 7193 1411 1409
f 7192 1407 7196
f 7196 1407 1406
f 7196 1406 7198
f 7198 1406 1403
f 7198 1403 7200
f 7200 1403 1401
f 7200 1401 7202
f 7202 1401 1399
f 7202 1399 7203
f 7203 1399 1397
f 7203 1397 7205
f 7205 1397 1396
f 7205 1396 7207
f 7207 1396 1393
f 7207 1393 7209
f 7209 1393 1392
f 7209 1392 7211
f 7211 1392 1390
f 7211 1390 7213
f 7213 1390 1388
f 7213 1388 7215
f 7215 1388 1386
f 7215 1386 7217
f 7217 1386 1383
f 7217 1383 7220
f 7220 1383 1381
f 7220 1381 7222
f 7222 1381 1379
f 7222 1379 7224
f 7224 1379 1377
f 7224 1377 7226
f 7226 1377 1375
f 7226 1375 7228
f 7228 1375 1373
f 7228 1373 7229
f 7229 1373 1371
f 7229 1371 7231
f 7231 1371 1369
f 7231 1369 7233
f 7233 1369 1367
f 7233 1367 7235
f 7235 1367 1365
f 7235 1365 7237
f 7237 1365 1364
f 7237 1364 7240
f 7240 1364 1361
f 7240 1361 7242
f 7242 1361 1359
f 7242 1359 7244
f 7244 1359 1357
f 7244 1357 7246
f 7246 1357 1355
f 7246 1355 7249
f 7248 1354 1353
f 7248 1353 7250
f 7250 1353 1351
f 7250 1351 7253
f 7253 1351 1348
f 7253 1348 7255
f 7255 1348 1347
f 7255 1347 7256
f 7256 1347 1345
f 7256 1345 7259
f 7259 1345 1342
f 7259 1342 7260
f 7260 1342 1340
f 7260 1340 7263
f 7263 1340 1339
f 7263 1339 7265
f 7265 1339 1337
f 7265 1337 7266
f 7266 1337 1334
f 7266 1334 7268
f 7268 1334 1332
f 7268 1332 7271
f 7271 1332 1331
f 7271 1331 7273
f 7273 1331 1329
f 7273 1329 7275
f 7275 1329 1326
f 7275 1326 7277
f 7277 1326 1325
f 7277 1325 7278
f 7278 1325 1323
f 7278 1323 7280
f 7280 1323 1320
f 7280 1320 7282
f 7282 1320 1319
f 7282 1319 7285
f 7285 1319 1316
f 7285 1316 7287
f 7287 1316 1314
f 7287 1314 7288
f 7288 1314 1313
f 7288 1313 7291
f 7291 1313 1311
f 7291 1311 7293
f 7293 1311 1308
f 7293 1308 7294
f 7294 1308 1306
f 7294 1306 7297
f 7297 1306 1304
f 7297 1304 7299
f 7299 1304 1303
f 7299 1303 7302
f 7301 1302 1299
f 7301 1299 7304
f 7304 1299 1298
f 7304 1298 7306
f 7306 1298 1296
f 7306 1296 7308
f 7308 1296 1293
f 7308 1293 7310
f 7310 1293 1291
f 7310 1291 7312
f 7312 1291 1290
f 7312 1290 7313
f 7313 1290 1288
f 7313 1288 7315
f 7315 1288 1286
f 7315 1286 7318
f 7318 1286 1284
f 7318 1284 7319
f 7319 1284 1282
f 7319 1282 7322
f 7322 1282 1280
f 7322 1280 7324
f 7324 1280 1277
f 7324 1277 7325
f 7325 1277 1275
f 7325 1275 7328
f 7328 1275 1274
f 7328 1274 7329
f 7329 1274 1272
f 7329 1272 7331
f 7331 1272 1269
f 7331 1269 7334
f 7334 1269 1268
f 7334 1268 7335
f 7335 1268 1265
f 7335 1265 7337
f 7337 1265 1264
f 7337 1264 7340
f 7340 1264 1262
f 7340 1262 7342
f 7342 1262 1260
f 7342 1260 7344
f 7344 1260 1257
f 7344 1257 7346
f 7346 1257 1256
f 7346 1256 7348
f 7348 1256 1253
f 7348 1253 7349
f 7349 1253 1251
f 7349 1251 7351
f 7351 1251 1249
f 7351 1249 7353
f 7353 1249 1248
f 7354 1247 7357
f 7357 1247 1245
f 7357 1245 7359
f 7359 1245 1243
f 7359 1243 7361
f 7361 1243 1241
f 7361 1241 7363
f 7363 1241 1239
f 7363 1239 7365
f 7365 1239 1236
f 7365 1236 7367
f 7367 1236 1234
f 7367 1234 7369
f 7369 1234 1233
f 7369 1233 7370
f 7370 1233 1230
f 7370 1230 7373
f 7373 1230 1228
f 7373 1228 7375
f 7375 1228 1226
f 7375 1226 7376
f 7376 1226 1224
f 7376 1224 7379
f 7379 1224 1222
f 7379 1222 7380
f 7380 1222 1221
f 7380 1221 7383
f 7383 1221 1219
f 7383 1219 7384
f 7384 1219 1217
f 7384 1217 7387
f 7387 1217 1214
f 7387 1214 7389
f 7389 1214 1212
f 7389 1212 7391
f 7391 1212 1210
f 7391 1210 7393
f 7393 1210 1208
f 7393 1208 7395
f 7395 1208 1206
f 7395 1206 7397
f 7397 1206 1205
f 7397 1205 7399
f 7399 1205 1203
f 7399 1203 7400
f 7400 1203 1200
f 7400 1200 7402
f 7402 1200 1198
f 7402 1198 7404
f 7404 1198 1196
f 7404 1196 7408
f 7408 1196 1195
f 7407 1194 7409
f 7409 1194 1191
f 7409 1191 7411
f 7411 1191 1190
f 7411 1190 7413
f 7413 1190 1187
f 7413 1187 7416
f 7416 1187 1185
f 7416 1185 7418
f 7418 1185 1183
f 7418 1183 7420
f 7420 1183 1182
f 7420 1182 7422
f 7422 1182 1179
f 7422 1179 7424
f 7424 1179 1178
f 7424 1178 7426
f 7426 1178 1176
f 7426 1176 7428
f 7428 1176 1173
f 7428 1173 7429
f 7429 1173 1171
f 7429 1171 7432
f 7432 1171 1170
f 7432 1170 7433
f 7433 1170 1167
f 7433 1167 7436
f 7436 1167 1166
f 7436 1166 7438
f 7438 1166 1163
f 7438 1163 7439
f 7439 1163 1161
f 7439 1161 7442
f 7442 1161 1160
f 7442 1160 7443
f 7443 1160 1158
f 7443 1158 7446
f 7446 1158 1155
f 7446 1155 7447
f 7447 1155 1153
f 7447 1153 7449
f 7449 1153 1151
f 7449 1151 7452
f 7452 1151 1149
f 7452 1149 7453
f 7453 1149 1147
f 7453 1147 7455
f 7455 1147 1145
f 7455 1145 7457
f 7457 1145 1143
f 7457 1143 7460
f 7460 1143 1141
f 7459 1140 7462
f 7462 1140 1138
f 7462 1138 7465
f 7465 1138 1136
f 7465 1136 7467
f 7467 1136 1135
f 7467 1135 7468
f 7468 1135 1132
f 7468 1132 7470
f 7470 1132 1130
f 7470 1130 7472
f 7472 1130 1128
f 7472 1128 7475
f 7475 1128 1127
f 7475 1127 7476
f 7476 1127 1125
f 7476 1125 7478
f 7478 1125 1122
f 7478 1122 7480
f 7480 1122 1120
f 7480 1120 7483
f 7483 1120 1118
f 7483 1118 7485
f 7485 1118 1116
f 7485 1116 7487
f 7487 1116 1115
f 7487 1115 7489
f 7489 1115 1112
f 7489 1112 7490
f 7490 1112 1110
f 7490 1110 7492
f 7492 1110 1109
f 7492 1109 7495
f 7495 1109 1106
f 7495 1106 7497
f 7497 1106 1104
f 7497 1104 7498
f 7498 1104 1102
f 7498 1102 7501
f 7501 1102 1100
f 7501 1100 7503
f 7503 1100 1099
f 7503 1099 7504
f 7504 1099 1096
f 7504 1096 7506
f 7506 1096 1094
f 7506 1094 7509
f 7509 1094 1092
f 7509 1092 7511
f 7511 1092 1090
f 7511 1090 7512
f 7512 1090 1089
f 7512 1089 7515
f 7516 1087 1085
f 7516 1085 7517
f 7517 1085 1083
f 7517 1083 7520
f 7520 1083 1081
f 7520 1081 7521
f 7521 1081 1079
f 7521 1079 7524
f 7524 1079 1078
f 7524 1078 7525
f 7525 1078 1076
f 7525 1076 7528
f 7528 1076 1073
f 7528 1073 7530
f 7530 1073 1071
f 7530 1071 7531
f 7531 1071 1069
f 7531 1069 7534
f 7534 1069 1068
f 7534 1068 7535
f 7535 1068 1065
f 7535 1065 7538
f 7538 1065 1064
f 7538 1064 7540
f 7540 1064 1061
f 7540 1061 7542
f 7542 1061 1059
f 7542 1059 7544
f 7544 1059 1057
f 7544 1057 7545
f 7545 1057 1055
f 7545 1055 7548
f 7548 1055 1053
f 7548 1053 7549
f 7549 1053 1052
f 7549 1052 7551
f 7551 1052 1049
f 7551 1049 7553
f 7553 1049 1047
f 7553 1047 7556
f 7556 1047 1045
f 7556 1045 7558
f 7558 1045 1043
f 7558 1043 7560
f 7560 1043 1041
f 7560 1041 7561
f 7561 1041 1039
f 7561 1039 7563
f 7563 1039 1038
f 7563 1038 7565
f 7565 1038 1036
f 7565 1036 7567
f 7568 1034 1032
f 7568 1032 7570
f 7570 1032 1031
f 7570 1031 7573
f 7573 1031 1028
f 7573 1028 7575
f 7575 1028 1026
f 7575 1026 7576
f 7576 1026 1025
f 7576 1025 7579
f 7579 1025 1022
f 7579 1022 7580
f 7580 1022 1020
f 7580 1020 7582
f 7582 1020 1018
f 7582 1018 7585
f 7585 1018 1017
f 7585 1017 7587
f 7587 1017 1014
f 7587 1014 7588
f 7588 1014 1013
f 7588 1013 7591
f 7591 1013 1010
f 7591 1010 7592
f 7592 1010 1009
f 7592 1009 7595
f 7595 1009 1007
f 7595 1007 7597
f 7597 1007 1004
f 7597 1004 7598
f 7598 1004 1002
f 7598 1002 7601
f 7601 1002 1001
f 7601 1001 7603
f 7603 1001 999
f 7603 999 7604
f 7604 999 997
f 7604 997 7607
f 7607 997 995
f 7607 995 7609
f 7609 995 992
f 7609 992 7611
f 7611 992 990
f 7611 990 7613
f 7613 990 989
f 7613 989 7614
f 7614 989 986
f 7614 986 7616
f 7616 986 984
f 7616 984 7618
f 7618 984 983
f 7618 983 7622
f 7622 983 981
f 7621 979 7624
f 7624 979 977
f 7624 977 7626
f 7626 977 975
f 7626 975 7628
f 7628 975 974
f 7628 974 7629
f 7629 974 971
f 7629 971 7631
f 7631 971 969
f 7631 969 7633
f 7633 969 968
f 7633 968 7635
f 7635 968 965
f 7635 965 7637
f 7637 965 963
f 7637 963 7639
f 7639 963 961
f 7639 961 7641
f 7641 961 959
f 7641 959 7644
f 7644 959 958
f 7644 958 7646
f 7646 958 956
f 7646 956 7648
f 7648 956 954
f 7648 954 7649
f 7649 954 952
f 7649 952 7652
f 7652 952 950
f 7652 950 7653
f 7653 950 947
f 7653 947 7656
f 7656 947 946
f 7656 946 7658
f 7658 946 943
f 7658 943 7660
f 7660 943 942
f 7660 942 7661
f 7661 942 940
f 7661 940 7663
f 7663 940 938
f 7663 938 7665
f 7665 938 936
f 7665 936 7667
f 7667 936 933
f 7667 933 7669
f 7669 933 931
f 7669 931 7672
f 7672 931 929
f 7672 929 7675
f 7675 929 928
f 7674 926 7676
f 7676 926 925
f 7676 925 7679
f 7679 925 923
f 7679 923 7680
f 7680 923 921
f 7680 921 7682
f 7682 921 919
f 7682 919 7684
f 7684 919 916
f 7684 916 7687
f 7687 916 914
f 7687 914 7688
f 7688 914 913
f 7688 913 7690
f 7690 913 910
f 7690 910 7692
f 7692 910 908
f 7692 908 7695
f 7695 908 906
f 7695 906 7697
f 7697 906 904
f 7697 904 7698
f 7698 904 902
f 7698 902 7700
f 7700 902 901
f 7700 901 7702
f 7702 901 898
f 7702 898 7705
f 7705 898 896
f 7705 896 7706
f 7706 896 895
f 7706 895 7708
f 7708 895 893
f 7708 893 7710
f 7710 893 891
f 7710 891 7713
f 7713 891 888
f 7713 888 7715
f 7715 888 886
f 7715 886 7717
f 7717 886 884
f 7717 884 7719
f 7719 884 883
f 7719 883 7721
f 7721 883 881
f 7721 881 7723
f 7723 881 879
f 7723 879 7725
f 7725 879 877
f 7725 877 7728
f 7728 877 874
f 7727 875 7730
f 7730 875 872
f 7730 872 7731
f 7731 872 870
f 7731 870 7733
f 7733 870 867
f 7733 867 7735
f 7735 867 866
f 7735 866 7737
f 7737 866 864
f 7737 864 7740
f 7740 864 861
f 7740 861 7742
f 7742 861 859
f 7742 859 7744
f 7744 859 858
f 7744 858 7745
f 7745 858 856
f 7745 856 7747
f 7747 856 854
f 7747 854 7749
f 7749 854 852
f 7749 852 7751
f 7751 852 849
f 7751 849 7754
f 7754 849 847
f 7754 847 7756
f 7756 847 845
f 7756 845 7757
f 7757 845 844
f 7757 844 7759
f 7759 844 842
f 7759 842 7761
f 7761 842 839
f 7761 839 7763
f 7763 839 838
f 7763 838 7765
f 7765 838 835
f 7765 835 7768
f 7768 835 834
f 7768 834 7769
f 7769 834 832
f 7769 832 7771
f 7771 832 830
f 7771 830 7774
f 7774 830 827
f 7774 827 7776
f 7776 827 825
f 7776 825 7778
f 7778 825 824
f 7778 824 7780
f 7780 824 821
f 7780 821 7783
f 7782 822 818
f 7782 818 7784
f 7784 818 817
f 7784 817 7786
f 7786 817 814
f 7786 814 7788
f 7788 814 812
f 7788 812 7790
f 7790 812 811
f 7790 811 7792
f 7792 811 809
f 7792 809 7794
f 7794 809 807
f 7794 807 7797
f 7797 807 804
f 7797 804 7798
f 7798 804 802
f 7798 802 7800
f 7800 802 800
f 7800 800 7802
f 7802 800 798
f 7802 798 7804
f 7804 798 797
f 7804 797 7807
f 7807 797 794
f 7807 794 7809
f 7809 794 792
f 7809 792 7811
f 7811 792 790
f 7811 790 7813
f 7813 790 788
f 7813 788 7815
f 7815 788 786
f 7815 786 7817
f 7817 786 785
f 7817 785 7818
f 7818 785 783
f 7818 783 7821
f 7821 783 781
f 7821 781 7822
f 7822 781 779
f 7822 779 7825
f 7825 779 776
f 7825 776 7827
f 7827 776 774
f 7827 774 7828
f 7828 774 773
f 7828 773 7830
f 7830 773 770
f 7830 770 7832
f 7832 770 769
f 7832 769 7834
f 7834 769 767
f 7835 766 7837
f 7837 766 763
f 7837 763 7839
f 7839 763 762
f 7839 762 7842
f 7842 762 760
f 7842 760 7843
f 7843 760 758
f 7843 758 7846
f 7846 758 756
f 7846 756 7847
f 7847 756 753
f 7847 753 7849
f 7849 753 752
f 7849 752 7851
f 7851 752 749
f 7851 749 7854
f 7854 749 747
f 7854 747 7856
f 7856 747 746
f 7856 746 7858
f 7858 746 743
f 7858 743 7860
f 7860 743 742
f 7860 742 7862
f 7862 742 740
f 7862 740 7863
f 7863 740 737
f 7863 737 7865
f 7865 737 736
f 7865 736 7867
f 7867 736 734
f 7867 734 7870
f 7870 734 732
f 7870 732 7871
f 7871 732 730
f 7871 730 7873
f 7873 730 728
f 7873 728 7875
f 7875 728 725
f 7875 725 7877
f 7877 725 723
f 7877 723 7879
f 7879 723 722
f 7879 722 7882
f 7882 722 720
f 7882 720 7884
f 7884 720 718
f 7884 718 7886
f 7886 718 715
f 7886 715 7887
f 7887 715 712
f 7888 714 7891
f 7891 714 711
f 7891 711 7893
f 7893 711 708
f 7893 708 7895
f 7895 708 706
f 7895 706 7896
f 7896 706 704
f 7896 704 7898
f 7898 704 702
f 7898 702 7900
f 7900 702 701
f 7900 701 7903
f 7903 701 699
f 7903 699 7905
f 7905 699 697
f 7905 697 7907
f 7907 697 695
f 7907 695 7909
f 7909 695 692
f 7909 692 7910
f 7910 692 691
f 7910 691 7912
f 7912 691 689
f 7912 689 7914
f 7914 689 686
f 7914 686 7917
f 7917 686 685
f 7917 685 7919
f 7919 685 682
f 7919 682 7920
f 7920 682 680
f 7920 680 7922
f 7922 680 678
f 7922 678 7925
f 7925 678 676
f 7925 676 7927
f 7927 676 674
f 7927 674 7929
f 7929 674 672
f 7929 672 7930
f 7930 672 670
f 7930 670 7932
f 7932 670 668
f 7932 668 7934
f 7934 668 667
f 7934 667 7937
f 7937 667 665
f 7937 665 7939
f 7939 665 662
f 7939 662 7941
f 7941 662 659
f 7942 660 7944
f 7944 660 658
f 7944 658 7945
f 7945 658 656
f 7945 656 7947
f 7947 656 654
f 7947 654 7950
f 7950 654 652
f 7950 652 7952
f 7952 652 649
f 7952 649 7953
f 7953 649 648
f 7953 648 7956
f 7956 648 646
f 7956 646 7958
f 7958 646 643
f 7958 643 7959
f 7959 643 641
f 7959 641 7962
f 7962 641 639
f 7962 639 7963
f 7963 639 638
f 7963 638 7965
f 7965 638 635
f 7965 635 7967
f 7967 635 634
f 7967 634 7969
f 7969 634 632
f 7969 632 7971
f 7971 632 629
f 7971 629 7974
f 7974 629 628
f 7974 628 7976
f 7976 628 625
f 7976 625 7977
f 7977 625 624
f 7977 624 7979
f 7979 624 622
f 7979 622 7981
f 7981 622 619
f 7981 619 7983
f 7983 619 618
f 7983 618 7986
f 7986 618 616
f 7986 616 7988
f 7988 616 614
f 7988 614 7990
f 7990 614 612
f 7990 612 7991
f 7991 612 610
f 7991 610 7995
f 7995 610 606
f 7994 607 7997
f 7997 607 605
f 7997 605 7998
f 7998 605 603
f 7998 603 8000
f 8000 603 600
f 8000 600 8002
f 8002 600 599
f 8002 599 8004
f 8004 599 596
f 8004 596 8006
f 8006 596 595
f 8006 595 8008
f 8008 595 593
f 8008 593 8011
f 8011 593 591
f 8011 591 8013
f 8013 591 588
f 8013 588 8014
f 8014 588 587
f 8014 587 8017
f 8017 587 584
f 8017 584 8018
f 8018 584 582
f 8018 582 8020
f 8020 582 581
f 8020 581 8023
f 8023 581 578
f 8023 578 8025
f 8025 578 576
f 8025 576 8027
f 8027 576 575
f 8027 575 8028
f 8028 575 573
f 8028 573 8031
f 8031 573 571
f 8031 571 8032
f 8032 571 569
f 8032 569 8034
f 8034 569 567
f 8034 567 8036
f 8036 567 564
f 8036 564 8038
f 8038 564 563
f 8038 563 8040
f 8040 563 560
f 8040 560 8043
f 8043 560 559
f 8043 559 8045
f 8045 559 556
f 8045 556 8046
f 8046 556 553
f 8046 553 8050
f 8049 554 551
f 8049 551 8051
f 8051 551 549
f 8051 549 8053
f 8053 549 548
f 8053 548 8056
f 8056 548 546
f 8056 546 8057
f 8057 546 544
f 8057 544 8060
f 8060 544 542
f 8060 542 8061
f 8061 542 540
f 8061 540 8064
f 8064 540 538
f 8064 538 8065
f 8065 538 536
f 8065 536 8067
f 8067 536 534
f 8067 534 8069
f 8069 534 532
f 8069 532 8071
f 8071 532 530
f 8071 530 8073
f 8073 530 527
f 8073 527 8076
f 8076 527 525
f 8076 525 8077
f 8077 525 523
f 8077 523 8080
f 8080 523 522
f 8080 522 8082
f 8082 522 520
f 8082 520 8083
f 8083 520 518
f 8083 518 8085
f 8085 518 516
f 8085 516 8088
f 8088 516 513
f 8088 513 8089
f 8089 513 512
f 8089 512 8092
f 8092 512 510
f 8092 510 8094
f 8094 510 508
f 8094 508 8095
f 8095 508 505
f 8095 505 8098
f 8098 505 503
f 8098 503 8099
f 8099 503 502
f 8099 502 8102
f 8102 502 500
f 8101 499 8104
f 8104 499 496
f 8104 496 8106
f 8106 496 494
f 8106 494 8108
f 8108 494 492
f 8108 492 8110
f 8110 492 490
f 8110 490 8113
f 8113 490 488
f 8113 488 8114
f 8114 488 487
f 8114 487 8117
f 8117 487 484
f 8117 484 8118
f 8118 484 482
f 8118 482 8120
f 8120 482 481
f 8120 481 8123
f 8123 481 479
f 8123 479 8125
f 8125 479 477
f 8125 477 8126
f 8126 477 475
f 8126 475 8128
f 8128 475 473
f 8128 473 8130
f 8130 473 470
f 8130 470 8133
f 8133 470 469
f 8133 469 8135
f 8135 469 466
f 8135 466 8137
f 8137 466 465
f 8137 465 8138
f 8138 465 463
f 8138 463 8141
f 8141 463 461
f 8141 461 8143
f 8143 461 458
f 8143 458 8145
f 8145 458 456
f 8145 456 8147
f 8147 456 454
f 8147 454 8149
f 8149 454 453
f 8149 453 8151
f 8151 453 451
f 8151 451 8152
f 8152 451 448
f 8152 448 8154
f 8154 448 447
f 8155 445 8158
f 8158 445 443
f 8158 443 8160
f 8160 443 441
f 8160 441 8162
f 8162 441 440
f 8162 440 8164
f 8164 440 437
f 8164 437 8166
f 8166 437 435
f 8166 435 8168
f 8168 435 433
f 8168 433 8170
f 8170 433 431
f 8170 431 8171
f 8171 431 429
f 8171 429 8173
f 8173 429 427
f 8173 427 8175
f 8175 427 426
f 8175 426 8177
f 8177 426 423
f 8177 423 8179
f 8179 423 421
f 8179 421 8181
f 8181 421 419
f 8181 419 8184
f 8184 419 417
f 8184 417 8186
f 8186 417 416
f 8186 416 8187
f 8187 416 413
f 8187 413 8189
f 8189 413 411
f 8189 411 8191
f 8191 411 409
f 8191 409 8193
f 8193 409 407
f 8193 407 8196
f 8196 407 406
f 8196 406 8198
f 8198 406 403
f 8198 403 8199
f 8199 403 401
f 8199 401 8201
f 8201 401 399
f 8201 399 8203
f 8203 399 397
f 8203 397 8205
f 8205 397 396
f 8205 396 8207
f 8207 396 393
f 8209 394 8211
f 8211 394 390
f 8211 390 8212
f 8212 390 388
f 8212 388 8214
f 8214 388 386
f 8214 386 8217
f 8217 386 384
f 8217 384 8218
f 8218 384 382
f 8218 382 8221
f 8221 382 381
f 8221 381 8223
f 8223 381 379
f 8223 379 8225
f 8225 379 376
f 8225 376 8227
f 8227 376 375
f 8227 375 8228
f 8228 375 373
f 8228 373 8230
f 8230 373 371
f 8230 371 8232
f 8232 371 369
f 8232 369 8234
f 8234 369 367
f 8234 367 8237
f 8237 367 364
f 8237 364 8239
f 8239 364 362
f 8239 362 8241
f 8241 362 360
f 8241 360 8243
f 8243 360 359
f 8243 359 8244
f 8244 359 357
f 8244 357 8246
f 8246 357 355
f 8246 355 8248
f 8248 355 353
f 8248 353 8250
f 8250 353 351
f 8250 351 8252
f 8252 351 349
f 8252 349 8255
f 8255 349 347
f 8255 347 8256
f 8256 347 344
f 8256 344 8258
f 8258 344 342
f 8258 342 8261
f 8261 342 341
f 8262 339 8264
f 8264 339 338
f 8264 338 8266
f 8266 338 336
f 8266 336 8267
f 8267 336 333
f 8267 333 8269
f 8269 333 332
f 8269 332 8271
f 8271 332 330
f 8271 330 8274
f 8274 330 327
f 8274 327 8276
f 8276 327 325
f 8276 325 8277
f 8277 325 323
f 8277 323 8279
f 8279 323 321
f 8279 321 8281
f 8281 321 319
f 8281 319 8283
f 8283 319 318
f 8283 318 8286
f 8286 318 315
f 8286 315 8287
f 8287 315 313
f 8287 313 8290
f 8290 313 312
f 8290 312 8291
f 8291 312 309
f 8291 309 8293
f 8293 309 308
f 8293 308 8295
f 8295 308 305
f 8295 305 8297
f 8297 305 303
f 8297 303 8299
f 8299 303 302
f 8299 302 8301
f 8301 302 299
f 8301 299 8304
f 8304 299 298
f 8304 298 8306
f 8306 298 295
f 8306 295 8308
f 8308 295 294
f 8308 294 8309
f 8309 294 292
f 8309 292 8311
f 8311 292 289
f 8311 289 8313
f 8313 289 287
f 8313 287 8317
f 8315 286 285
f 8315 285 8319
f 8319 285 282
f 8319 282 8321
f 8321 282 281
f 8321 281 8322
f 8322 281 278
f 8322 278 8324
f 8324 278 277
f 8324 277 8327
f 8327 277 275
f 8327 275 8329
f 8329 275 272
f 8329 272 8330
f 8330 272 270
f 8330 270 8333
f 8333 270 269
f 8333 269 8334
f 8334 269 266
f 8334 266 8336
f 8336 266 265
f 8336 265 8338
f 8338 265 262
f 8338 262 8340
f 8340 262 260
f 8340 260 8342
f 8342 260 258
f 8342 258 8345
f 8345 258 256
f 8345 256 8346
f 8346 256 254
f 8346 254 8348
f 8348 254 252
f 8348 252 8351
f 8351 252 250
f 8351 250 8353
f 8353 250 248
f 8353 248 8354
f 8354 248 247
f 8354 247 8356
f 8356 247 245
f 8356 245 8358
f 8358 245 243
f 8358 243 8361
f 8361 243 241
f 8361 241 8362
f 8362 241 238
f 8362 238 8365
f 8365 238 236
f 8365 236 8366
f 8366 236 234
f 8366 234 8368
f 8368 234 233
f 8369 231 8372
f 8372 231 229
f 8372 229 8373
f 8373 229 227
f 8373 227 8375
f 8375 227 226
f 8375 226 8377
f 8377 226 224
f 8377 224 8379
f 8379 224 222
f 8379 222 8381
f 8381 222 219
f 8381 219 8383
f 8383 219 217
f 8383 217 8386
f 8386 217 216
f 8386 216 8388
f 8388 216 213
f 8388 213 8389
f 8389 213 212
f 8389 212 8391
f 8391 212 209
f 8391 209 8393
f 8393 209 207
f 8393 207 8395
f 8395 207 206
f 8395 206 8397
f 8397 206 204
f 8397 204 8399
f 8399 204 201
f 8399 201 8402
f 8402 201 200
f 8402 200 8404
f 8404 200 197
f 8404 197 8406
f 8406 197 195
f 8406 195 8408
f 8408 195 193
f 8408 193 8410
f 8410 193 192
f 8410 192 8411
f 8411 192 189
f 8411 189 8414
f 8414 189 187
f 8414 187 8416
f 8416 187 185
f 8416 185 8418
f 8418 185 183
f 8418 183 8420
f 8420 183 181
f 8420 181 8423
f 8423 181 179
f 8422 178 8424
f 8424 178 177
f 8424 177 8427
f 8427 177 174
f 8427 174 8429
f 8429 174 172
f 8429 172 8431
f 8431 172 171
f 8431 171 8433
f 8433 171 168
f 8433 168 8435
f 8435 168 167
f 8435 167 8436
f 8436 167 165
f 8436 165 8438
f 8438 165 162
f 8438 162 8441
f 8441 162 160
f 8441 160 8443
f 8443 160 159
f 8443 159 8445
f 8445 159 157
f 8445 157 8447
f 8447 157 155
f 8447 155 8449
f 8449 155 152
f 8449 152 8451
f 8451 152 151
f 8451 151 8453
f 8453 151 148
f 8453 148 8454
f 8454 148 147
f 8454 147 8456
f 8456 147 144
f 8456 144 8458
f 8458 144 142
f 8458 142 8460
f 8460 142 140
f 8460 140 8462
f 8462 140 138
f 8462 138 8464
f 8464 138 137
f 8464 137 8467
f 8467 137 135
f 8467 135 8468
f 8468 135 133
f 8468 133 8470
f 8470 133 130
f 8470 130 8472
f 8472 130 128
f 8472 128 8474
f 8474 128 127
f 8476 125 8478
f 8478 125 124
f 8478 124 8479
f 8479 124 122
f 8479 122 8482
f 8482 122 119
f 8482 119 8483
f 8483 119 117
f 8483 117 8486
f 8486 117 115
f 8486 115 8488
f 8488 115 113
f 8488 113 8490
f 8490 113 112
f 8490 112 8492
f 8492 112 110
f 8492 110 8493
f 8493 110 108
f 8493 108 8496
f 8496 108 105
f 8496 105 8498
f 8498 105 103
f 8498 103 8500
f 8500 103 102
f 8500 102 8502
f 8502 102 99
f 8502 99 8503
f 8503 99 98
f 8503 98 8506
f 8506 98 96
f 8506 96 8507
f 8507 96 93
f 8507 93 8510
f 8510 93 91
f 8510 91 8511
f 8511 91 89
f 8511 89 8513
f 8513 89 87
f 8513 87 8516
f 8516 87 86
f 8516 86 8518
f 8518 86 84
f 8518 84 8520
f 8520 84 82
f 8520 82 8522
f 8522 82 79
f 8522 79 8524
f 8524 79 77
f 8524 77 8526
f 8526 77 75
f 8526 75 8528
f 8528 75 73
f 8529 72 8531
f 8531 72 70
f 8531 70 8532
f 8532 70 68
f 8532 68 8535
f 8535 68 67
f 8535 67 8536
f 8536 67 64
f 8536 64 8538
f 8538 64 63
f 8538 63 8541
f 8541 63 60
f 8541 60 8543
f 8543 60 59
f 8543 59 8544
f 8544 59 57
f 8544 57 8546
f 8546 57 54
f 8546 54 8548
f 8548 54 52
f 8548 52 8550
f 8550 52 50
f 8550 50 8553
f 8553 50 49
f 8553 49 8555
f 8555 49 47
f 8555 47 8556
f 8556 47 45
f 8556 45 6442
f 6442 45 42
f 6442 42 8559
f 8559 42 41
f 8559 41 8561
f 8561 41 38
f 8561 38 8562
f 8562 38 36
f 8611 8592 8564
f 8564 8592 8590
f 8564 8590 8568
f 8568 8590 8588
f 8568 8588 8569
f 8569 8588 8586
f 8569 8586 8572
f 8572 8586 8584
f 8572 8584 8573
f 8573 8584 8582
f 8573 8582 8576
f 8576 8582 8579
f 8576 8579 8578
f 8592 8611 8593
f 8593 8611 8610
f 8593 8610 8595
f 8595 8610 8607
f 8595 8607 8598
f 8598 8607 8606
f 8598 8606 8599
f 8599 8606 8603
f 8599 8603 8601
f 8637 8619 8635
f 8635 8619 8623
f 8635 8623 8632
f 8632 8623 8626
f 8632 8626 8630
f 8634 8642 8639
f 8639 8642 8651
f 8651 8642 8645
f 8651 8645 8646
f 8636 8631 8641
f 8641 8631 8654
f 8633 8629 8653
f 8653 8629 8660
f 8660 8629 8655
f 8628 8627 8658
f 8658 8627 8666
f 8666 8627 8663
f 8624 8621 8678
f 8678 8621 8669
f 8678 8669 8675
f 8675 8669 8672
f 8674 8738 8677
f 8677 8738 8739
f 8677 8739 8688
f 8682 8727 8674
f 8674 8727 8729
f 8674 8729 8731
f 8684 8719 8682
f 8682 8719 8722
f 8682 8722 8723
f 8667 8709 8684
f 8684 8709 8712
f 8684 8712 8714
f 8662 8701 8667
f 8667 8701 8704
f 8667 8704 8705
f 8677 8693 8662
f 8662 8693 8696
f 8662 8696 8697
f 8688 8690 8677
f 8677 8690 8692
f 8677 8692 8693
f 8697 8700 8662
f 8662 8700 8701
f 8705 8707 8667
f 8667 8707 8709
f 8714 8715 8684
f 8684 8715 8717
f 8684 8717 8719
f 8723 8725 8682
f 8682 8725 8727
f 8731 8734 8674
f 8674 8734 8736
f 8674 8736 8738
f 8673 8741 8676
f 8676 8741 8680
f 8671 8670 8744
f 8744 8670 8745
f 8745 8670 8649
f 8745 8649 8648
f 8638 8650 8620
f 8620 8650 8668
f 8743 8747 8755
f 8755 8747 8751
f 8755 8751 8753
f 8756 8754 8685
f 8685 8754 8656
f 8685 8656 8665
f 8750 8759 8752
f 8752 8759 8661
f 8752 8661 8657
f 8749 8748 8760
f 8760 8748 8763
f 8757 8683 8742
f 8742 8683 8681
f 8622 8679 8625
f 8625 8679 8664
f 8768 8689 8764
f 8764 8689 8687
f 8765 8686 8817
f 8817 8686 8740
f 8817 8740 8816
f 8816 8740 8737
f 8816 8737 8814
f 8814 8737 8735
f 8814 8735 8812
f 8812 8735 8733
f 8812 8733 8809
f 8809 8733 8732
f 8809 8732 8808
f 8808 8732 8730
f 8808 8730 8805
f 8805 8730 8728
f 8805 8728 8803
f 8803 8728 8726
f 8803 8726 8801
f 8801 8726 8724
f 8801 8724 8799
f 8799 8724 8721
f 8799 8721 8797
f 8797 8721 8720
f 8797 8720 8796
f 8796 8720 8718
f 8796 8718 8793
f 8793 8718 8716
f 8793 8716 8792
f 8792 8716 8713
f 8792 8713 8789
f 8789 8713 8711
f 8789 8711 8788
f 8788 8711 8710
f 8788 8710 8785
f 8785 8710 8708
f 8785 8708 8783
f 8783 8708 8706
f 8783 8706 8782
f 8782 8706 8703
f 8782 8703 8779
f 8779 8703 8702
f 8779 8702 8777
f 8777 8702 8699
f 8777 8699 8776
f 8776 8699 8698
f 8776 8698 8774
f 8774 8698 8695
f 8774 8695 8771
f 8771 8695 8694
f 8771 8694 8769
f 8769 8694 8691
f 8769 8691 8768
f 8768 8691 8689
f 8746 8647 8762
f 8762 8647 8643
f 8767 8766 8640
f 8640 8766 8818
f 8640 8818 8815
f 8815 8813 8640
f 8640 8813 8644
f 8644 8813 8811
f 8644 8811 8810
f 8810 8807 8644
f 8644 8807 8806
f 8644 8806 8761
f 8761 8806 8804
f 8761 8804 8802
f 8802 8800 8761
f 8761 8800 8798
f 8761 8798 8758
f 8758 8798 8795
f 8758 8795 8794
f 8794 8791 8758
f 8758 8791 8790
f 8758 8790 8787
f 8758 8787 8659
f 8659 8787 8786
f 8659 8786 8784
f 8784 8781 8659
f 8659 8781 8780
f 8659 8780 8652
f 8652 8780 8778
f 8652 8778 8775
f 8775 8773 8652
f 8652 8773 8772
f 8652 8772 8640
f 8640 8772 8770
f 8640 8770 8767
