v 0.182818 0.188684 -0.006491
v 0.182818 0.188684 -0.006491
v 0.164624 0.219127 -0.007344
v 0.164624 0.219127 -0.007344
v 0.153355 0.252749 -0.008375
v 0.153355 0.252749 -0.008375
v 0.149531 0.287999 -0.009536
v 0.149531 0.287999 -0.009536
v 0.139098 0.292499 0.045817
v 0.139098 0.292499 0.045817
v 0.108283 0.297247 0.092962
v 0.108283 0.297247 0.092962
v 0.061764 0.301528 0.124720
v 0.061764 0.301528 0.124720
v 0.006633 0.304729 0.136280
v 0.006633 0.304729 0.136280
v -0.048750 0.306409 0.125846
v -0.048750 0.306409 0.125846
v -0.095890 0.306340 0.095004
v -0.095890 0.306340 0.095004
v -0.127715 0.304538 0.048498
v -0.127715 0.304538 0.048498
v -0.139146 0.301231 -0.006639
v -0.139146 0.301231 -0.006639
v -0.139146 0.301231 -0.006639
v -0.128825 0.296897 -0.062000
v -0.128825 0.296897 -0.062000
v -0.097904 0.292143 -0.109014
v -0.097904 0.292143 -0.109014
v -0.051478 0.287691 -0.140881
v -0.051478 0.287691 -0.140881
v 0.003620 0.284268 -0.152347
v 0.003620 0.284268 -0.152347
v 0.059003 0.282424 -0.141963
v 0.059003 0.282424 -0.141963
v 0.106090 0.282500 -0.111152
v 0.106090 0.282500 -0.111152
v 0.137707 0.284490 -0.064538
v 0.137707 0.284490 -0.064538
v 0.168092 0.186643 -0.074990
v 0.168092 0.186643 -0.074990
v 0.128716 0.185484 -0.133044
v 0.128716 0.185484 -0.133044
v 0.070075 0.185439 -0.171415
v 0.070075 0.185439 -0.171415
v 0.001099 0.186510 -0.184347
v 0.001099 0.186510 -0.184347
v -0.067519 0.188499 -0.170067
v -0.067519 0.188499 -0.170067
v -0.125338 0.191088 -0.130381
v -0.125338 0.191088 -0.130381
v -0.163847 0.193852 -0.071828
v -0.163847 0.193852 -0.071828
v -0.176702 0.196373 -0.002881
v -0.176702 0.196373 -0.002881
v -0.162465 0.198297 0.065786
v -0.162465 0.198297 0.065786
v -0.122830 0.199346 0.123705
v -0.122830 0.199346 0.123705
v -0.064122 0.199388 0.162116
v -0.064122 0.199388 0.162116
v 0.004852 0.198412 0.175110
v 0.004852 0.198412 0.175110
v 0.073513 0.196552 0.160713
v 0.073513 0.196552 0.160713
v 0.131448 0.194063 0.121162
v 0.131448 0.194063 0.121162
v 0.169824 0.191301 0.062447
v 0.169824 0.191301 0.062447
v 0.057510 0.210364 0.156146
v -0.051198 0.200875 -0.167021
v 0.147672 0.249334 0.038344
v 0.150730 0.238303 0.039750
v 0.166060 0.203758 0.045956
v 0.126490 0.252374 0.080269
v 0.129058 0.241156 0.082634
v 0.142184 0.206110 0.093655
v 0.093470 0.255312 0.113542
v 0.095277 0.243912 0.116667
v 0.104783 0.208384 0.131622
v 0.051866 0.257871 0.134952
v 0.052719 0.246312 0.138562
v 0.005028 0.211874 0.164902
v 0.005579 0.248141 0.146301
v 0.005780 0.259821 0.142521
v -0.040370 0.260993 0.135535
v -0.041623 0.249239 0.139153
v -0.047596 0.212781 0.157018
v -0.082146 0.261292 0.114806
v -0.084352 0.249519 0.117951
v -0.095246 0.213012 0.133400
v -0.115460 0.260682 0.082151
v -0.118428 0.248948 0.084551
v -0.133203 0.212539 0.096131
v -0.137280 0.259230 0.040893
v -0.140748 0.247586 0.042353
v -0.157986 0.211414 0.049059
v -0.138666 0.254326 -0.051513
v -0.142174 0.242986 -0.052167
v -0.159240 0.207617 -0.056129
v -0.166811 0.209719 -0.003405
v -0.148813 0.245534 -0.004745
v -0.145161 0.257042 -0.005152
v -0.118059 0.251322 -0.093604
v -0.121100 0.240168 -0.095226
v -0.135645 0.205292 -0.103876
v -0.085310 0.248317 -0.127310
v -0.087602 0.237348 -0.129709
v -0.098334 0.202968 -0.141999
v -0.043817 0.245611 -0.149508
v -0.045157 0.234807 -0.152423
v 0.001453 0.199246 -0.175875
v 0.002368 0.232828 -0.160535
v 0.002639 0.243504 -0.157435
v 0.049409 0.242206 -0.150641
v 0.050215 0.231609 -0.153587
v 0.054395 0.198243 -0.168104
v 0.091791 0.241864 -0.129795
v 0.093574 0.231289 -0.132261
v 0.102360 0.197980 -0.144485
v 0.125242 0.242558 -0.096511
v 0.127795 0.231941 -0.098210
v 0.140262 0.198517 -0.106839
v 0.146987 0.244158 -0.054602
v 0.150038 0.233443 -0.055334
v 0.164973 0.199754 -0.059426
v 0.002401 0.366132 -0.152475
v 0.002401 0.366132 -0.152475
v 0.057974 0.368887 -0.142436
v 0.057974 0.368887 -0.142436
v 0.105342 0.376991 -0.111990
v 0.105342 0.376991 -0.111990
v 0.137411 0.388437 -0.065862
v 0.137411 0.388437 -0.065862
v 0.149409 0.400507 -0.011063
v 0.149409 0.400507 -0.011063
v 0.139560 0.410804 0.044303
v 0.139560 0.410804 0.044303
v 0.109336 0.417792 0.091828
v 0.109336 0.417792 0.091828
v 0.063033 0.421201 0.124159
v 0.063033 0.421201 0.124159
v 0.007870 0.422192 0.136165
v 0.007870 0.422192 0.136165
v -0.047741 0.421431 0.126214
v -0.047741 0.421431 0.126214
v -0.095231 0.418314 0.095698
v -0.095231 0.418314 0.095698
v -0.127340 0.411752 0.049348
v -0.127340 0.411752 0.049348
v -0.139224 0.401719 -0.005635
v -0.139224 0.401719 -0.005635
v -0.139224 0.401719 -0.005635
v -0.129239 0.389687 -0.060871
v -0.129239 0.389687 -0.060871
v -0.098967 0.378040 -0.108180
v -0.098967 0.378040 -0.108180
v -0.052757 0.369474 -0.140383
v -0.052757 0.369474 -0.140383
v -0.000000 0.050915 -0.228969
v -0.000000 0.050915 -0.228969
v -0.000000 0.050915 -0.228969
v -0.000000 0.050915 -0.228969
v -0.000000 0.050915 -0.228969
v -0.000000 0.050915 -0.228969
v -0.000000 0.050915 -0.228969
v -0.000000 0.050947 0.229031
v -0.000000 0.050947 0.229031
v -0.000000 0.050947 0.229031
v -0.000000 0.050947 0.229031
v -0.000000 0.050947 0.229031
v -0.000000 0.050947 0.229031
v -0.000000 0.050947 0.229031
v -0.198320 0.050923 -0.114469
v -0.198320 0.050923 -0.114469
v -0.198320 0.050939 0.114531
v -0.198320 0.050939 0.114531
v -0.114500 0.050917 -0.198288
v -0.229000 0.050931 0.000031
v -0.114500 0.050945 0.198351
v 0.099160 0.108195 0.198347
v 0.171750 0.150099 0.114525
v 0.198320 0.165431 0.000024
v 0.171750 0.150083 -0.114475
v 0.099160 0.108167 -0.198292
v 0.096702 0.112229 -0.198293
v 0.162946 0.163969 -0.114476
v 0.057250 0.150105 0.198344
v -0.000000 0.165445 0.198343
v -0.057250 0.150105 0.198344
v -0.099160 0.108167 -0.198292
v -0.171750 0.150083 -0.114475
v -0.198320 0.165431 0.000024
v -0.171750 0.150099 0.114525
v -0.099160 0.108195 0.198347
v -0.057250 0.150077 -0.198295
v -0.000000 0.165417 -0.198296
v 0.057250 0.150077 -0.198295
v -0.099160 -0.006333 -0.198284
v -0.171750 -0.048237 -0.114462
v -0.198320 -0.063569 0.000039
v -0.171750 -0.048221 0.114538
v -0.099160 -0.006305 0.198355
v 0.099160 -0.006333 -0.198284
v 0.171750 -0.048237 -0.114462
v 0.198320 -0.063569 0.000039
v 0.171750 -0.048221 0.114538
v 0.099160 -0.006305 0.198355
v 0.057250 -0.048215 0.198358
v 0.099160 -0.120811 0.114543
v 0.114500 -0.147389 0.000045
v 0.099160 -0.120827 -0.114457
v 0.057250 -0.048243 -0.198282
v -0.000000 -0.063555 0.198359
v -0.000000 -0.147381 0.114545
v -0.000000 -0.178069 0.000047
v -0.000000 -0.147397 -0.114455
v -0.000000 -0.063583 -0.198280
v 0.114500 0.050945 0.198351
v 0.198320 0.050939 0.114531
v 0.229000 0.050931 0.000031
v 0.198320 0.050923 -0.114469
v 0.114500 0.050917 -0.198288
v -0.057250 -0.048215 0.198358
v -0.099160 -0.120811 0.114543
v -0.114500 -0.147389 0.000045
v -0.099160 -0.120827 -0.114457
v -0.057250 -0.048243 -0.198282
v -0.000000 0.491600 -0.299065
v -0.000000 0.491600 -0.299065
v 0.001016 0.488302 -0.244806
v 0.001016 0.488302 -0.244806
v 0.001846 0.462613 -0.196896
v 0.001846 0.462613 -0.196896
v 0.002338 0.419240 -0.164117
v 0.002338 0.419240 -0.164117
v 0.106045 0.494480 -0.279359
v 0.106045 0.494480 -0.279359
v 0.196022 0.502935 -0.219656
v 0.196022 0.502935 -0.219656
v 0.256235 0.514836 -0.129335
v 0.256235 0.514836 -0.129335
v 0.277426 0.527317 -0.022204
v 0.277426 0.527317 -0.022204
v 0.256425 0.537885 0.085704
v 0.256425 0.537885 0.085704
v 0.196244 0.544930 0.177698
v 0.196244 0.544930 0.177698
v 0.105960 0.548271 0.239070
v 0.105960 0.548271 0.239070
v 0.000016 0.549152 0.259053
v 0.000016 0.549152 0.259053
v -0.102813 0.548182 0.235923
v -0.102813 0.548182 0.235923
v -0.189597 0.544742 0.173968
v -0.189597 0.544742 0.173968
v -0.247277 0.537786 0.083285
v -0.247277 0.537786 0.083285
v -0.267294 0.527434 -0.022207
v -0.267294 0.527434 -0.022207
v -0.246933 0.515209 -0.126960
v -0.246933 0.515209 -0.126960
v -0.189444 0.503496 -0.216046
v -0.189444 0.503496 -0.216046
v -0.102892 0.494932 -0.276429
v -0.102892 0.494932 -0.276429
v -0.222748 0.531888 0.059087
v 0.000601 0.544249 0.228026
v -0.043135 0.469755 0.137920
v 0.231513 0.514168 -0.101640
v -0.043631 0.421632 -0.156493
v -0.045700 0.436999 -0.164710
v -0.056666 0.475441 -0.201957
v -0.072644 0.494049 -0.250750
v -0.085385 0.426526 -0.135013
v -0.089306 0.441688 -0.142332
v -0.109502 0.479918 -0.174404
v -0.138516 0.499125 -0.215439
v -0.119077 0.433725 -0.101536
v -0.124602 0.448613 -0.107366
v -0.152031 0.486559 -0.131541
v -0.190695 0.506575 -0.161179
v -0.141256 0.442191 -0.058793
v -0.147942 0.456797 -0.062601
v -0.179923 0.494453 -0.076921
v -0.224101 0.515315 -0.092931
v -0.235259 0.524116 -0.017102
v -0.189897 0.502515 -0.015561
v -0.156477 0.465101 -0.012125
v -0.149271 0.450733 -0.010710
v -0.141849 0.458289 0.037990
v -0.148808 0.472492 0.039093
v -0.180402 0.509748 0.046562
v -0.119483 0.464101 0.082147
v -0.125422 0.478226 0.085589
v -0.152095 0.515420 0.102952
v -0.187616 0.537857 0.128043
v -0.084358 0.467868 0.117017
v -0.088619 0.481992 0.122330
v -0.107742 0.519210 0.147599
v -0.133203 0.541712 0.182715
v -0.045425 0.483912 0.144357
v -0.055735 0.521182 0.174445
v -0.069488 0.543633 0.215724
v 0.053397 0.469708 0.138011
v 0.055687 0.483869 0.144452
v 0.066004 0.521143 0.174568
v 0.079775 0.543583 0.215895
v 0.001424 0.521841 0.184411
v 0.002047 0.484543 0.152515
v 0.002188 0.470364 0.145663
v 0.099364 0.467468 0.113373
v 0.103857 0.481591 0.118487
v 0.124002 0.518804 0.142926
v 0.150807 0.541304 0.177000
v 0.133186 0.463455 0.077262
v 0.139290 0.477585 0.080442
v 0.166719 0.514783 0.096703
v 0.203255 0.537194 0.120402
v 0.153649 0.457348 0.032278
v 0.160671 0.471569 0.033083
v 0.192635 0.508844 0.039274
v 0.235545 0.530922 0.050164
v 0.245326 0.522994 -0.026364
v 0.199878 0.501479 -0.023085
v 0.166464 0.464036 -0.018325
v 0.159286 0.449640 -0.016613
v 0.149575 0.441077 -0.064281
v 0.156155 0.455717 -0.068355
v 0.187758 0.493408 -0.083927
v 0.125798 0.432722 -0.106016
v 0.131153 0.447647 -0.112046
v 0.157837 0.485631 -0.137275
v 0.195523 0.505539 -0.168429
v 0.091003 0.425751 -0.138270
v 0.094714 0.440944 -0.145728
v 0.113905 0.479206 -0.178578
v 0.141527 0.498324 -0.220768
v 0.048534 0.421235 -0.158137
v 0.050379 0.436618 -0.166421
v 0.060150 0.475076 -0.204065
v 0.074383 0.493637 -0.253456
v -0.855241 0.190454 -1.825269
v -0.855241 0.190454 -1.825269
v -0.855241 0.190454 -1.825269
v -0.808505 0.169684 -1.892070
v -0.808505 0.169684 -1.892070
v -0.742749 0.150045 -1.953922
v -0.742749 0.150045 -1.953922
v -0.604767 0.123377 -2.036474
v -0.604767 0.123377 -2.036474
v -0.426769 0.107095 -2.086631
v -0.426769 0.107095 -2.086631
v -0.220472 0.101067 -2.105198
v -0.220472 0.101067 -2.105198
v 0.000000 0.100206 -2.107850
v 0.000000 0.100206 -2.107850
v 0.220472 0.101067 -2.105198
v 0.220472 0.101067 -2.105198
v 0.426769 0.107095 -2.086631
v 0.426769 0.107095 -2.086631
v 0.604766 0.123377 -2.036473
v 0.604766 0.123377 -2.036473
v 0.742737 0.150068 -1.953806
v 0.742737 0.150068 -1.953806
v 0.808489 0.169715 -1.891913
v 0.808489 0.169715 -1.891913
v 0.855241 0.190454 -1.825269
v 0.855241 0.190454 -1.825269
v 0.855241 0.190454 -1.825269
v 0.860344 0.227274 -1.665375
v 0.860344 0.227274 -1.665375
v 0.859148 0.275075 -1.454959
v 0.859148 0.275075 -1.454959
v 0.854016 0.321334 -1.243483
v 0.854016 0.321334 -1.243483
v 0.845378 0.370452 -1.003420
v 0.845378 0.370452 -1.003420
v 0.819015 0.464789 -0.466889
v 0.819015 0.464789 -0.466889
v 0.793500 0.529945 0.096785
v 0.793500 0.529945 0.096785
v 0.787109 0.542099 0.370275
v 0.787109 0.542099 0.370275
v 0.788009 0.535875 0.628525
v 0.788009 0.535875 0.628525
v 0.795781 0.511939 0.867331
v 0.795781 0.511939 0.867331
v 0.808046 0.474041 1.084701
v 0.808046 0.474041 1.084701
v 0.822379 0.426001 1.278696
v 0.822379 0.426001 1.278696
v 0.836354 0.371639 1.447376
v 0.836354 0.371639 1.447376
v 0.847649 0.314744 1.588968
v 0.847649 0.314744 1.588968
v 0.855039 0.258770 1.703455
v 0.855039 0.258770 1.703455
v 0.857966 0.206971 1.791878
v 0.857966 0.206971 1.791878
v 0.856616 0.163115 1.854993
v 0.856616 0.163115 1.854993
v 0.851345 0.126223 1.900211
v 0.851345 0.126223 1.900211
v 0.851345 0.126223 1.900211
v 0.809687 0.115360 1.880680
v 0.809687 0.115360 1.880680
v 0.752803 0.106080 1.848819
v 0.752803 0.106080 1.848819
v 0.679388 0.099451 1.804607
v 0.679388 0.099451 1.804607
v 0.489934 0.096020 1.691610
v 0.489934 0.096020 1.691610
v 0.256222 0.101568 1.580351
v 0.256222 0.101568 1.580351
v 0.129518 0.104541 1.543655
v 0.129518 0.104541 1.543655
v -0.000000 0.105833 1.529731
v -0.000000 0.105833 1.529731
v -0.129518 0.104541 1.543655
v -0.129518 0.104541 1.543655
v -0.256222 0.101568 1.580351
v -0.256222 0.101568 1.580351
v -0.489934 0.096020 1.691610
v -0.489934 0.096020 1.691610
v -0.679388 0.099451 1.804607
v -0.679388 0.099451 1.804607
v -0.752803 0.106080 1.848819
v -0.752803 0.106080 1.848819
v -0.809682 0.115373 1.880660
v -0.809682 0.115373 1.880660
v -0.833379 0.120822 1.892580
v -0.833379 0.120822 1.892580
v -0.851345 0.126223 1.900211
v -0.851345 0.126223 1.900211
v -0.851345 0.126223 1.900211
v -0.856631 0.163114 1.855008
v -0.856631 0.163114 1.855008
v -0.857966 0.206971 1.791878
v -0.857966 0.206971 1.791878
v -0.855039 0.258770 1.703455
v -0.855039 0.258770 1.703455
v -0.847649 0.314744 1.588968
v -0.847649 0.314744 1.588968
v -0.836354 0.371639 1.447376
v -0.836354 0.371639 1.447376
v -0.822379 0.426001 1.278696
v -0.822379 0.426001 1.278696
v -0.808046 0.474041 1.084701
v -0.808046 0.474041 1.084701
v -0.795781 0.511939 0.867331
v -0.795781 0.511939 0.867331
v -0.788009 0.535875 0.628525
v -0.788009 0.535875 0.628525
v -0.787109 0.542099 0.370275
v -0.787109 0.542099 0.370275
v -0.793500 0.529945 0.096785
v -0.793500 0.529945 0.096785
v -0.819015 0.464789 -0.466889
v -0.819015 0.464789 -0.466889
v -0.845377 0.370452 -1.003420
v -0.845377 0.370452 -1.003420
v -0.854008 0.321333 -1.243483
v -0.854008 0.321333 -1.243483
v -0.859109 0.275068 -1.454962
v -0.859109 0.275068 -1.454962
v -0.860292 0.227264 -1.665378
v -0.860292 0.227264 -1.665378
v -0.764406 0.524419 0.018888
v 0.781915 0.477584 -0.375773
v 0.833392 0.219210 -1.683680
v 0.802294 0.210797 -1.704391
v 0.729566 0.194049 -1.749153
v 0.672363 0.183363 -1.779471
v 0.535656 0.165563 -1.830680
v 0.372514 0.155701 -1.859200
v 0.190880 0.152068 -1.869723
v 0.000000 0.151549 -1.871234
v -0.190880 0.152068 -1.869723
v -0.372514 0.155701 -1.859200
v -0.535656 0.165563 -1.830680
v -0.672369 0.183365 -1.779473
v -0.729595 0.194057 -1.749154
v -0.802302 0.210804 -1.704358
v -0.833362 0.219208 -1.683656
v 0.831478 0.243388 -1.577642
v 0.798663 0.236117 -1.593282
v 0.723314 0.221220 -1.629871
v 0.665303 0.211605 -1.656065
v 0.528524 0.195665 -1.700496
v 0.366895 0.186848 -1.725313
v 0.187811 0.183600 -1.734510
v 0.000000 0.183136 -1.735850
v -0.187811 0.183600 -1.734510
v -0.366895 0.186848 -1.725313
v -0.528524 0.195665 -1.700496
v -0.665308 0.211611 -1.656047
v -0.723335 0.221238 -1.629809
v -0.798656 0.236135 -1.593166
v -0.831438 0.243392 -1.577572
v 0.824319 0.303248 -1.311047
v 0.789454 0.298086 -1.319338
v 0.710105 0.287410 -1.341214
v 0.650067 0.280559 -1.357666
v 0.512689 0.269174 -1.387376
v 0.354164 0.262863 -1.404561
v 0.180793 0.260537 -1.411167
v 0.000000 0.260205 -1.412247
v -0.180793 0.260537 -1.411167
v -0.354164 0.262863 -1.404561
v -0.512689 0.269174 -1.387376
v -0.650068 0.280560 -1.357661
v -0.710109 0.287414 -1.341197
v -0.789451 0.298088 -1.319315
v -0.824308 0.303247 -1.311037
v -0.828676 0.269780 -1.461358
v -0.794736 0.263548 -1.473051
v -0.717303 0.250665 -1.501984
v -0.658309 0.242340 -1.523405
v -0.521269 0.228478 -1.560782
v -0.361084 0.220796 -1.581945
v -0.184614 0.217965 -1.589869
v 0.000000 0.217561 -1.591064
v 0.184614 0.217965 -1.589869
v 0.361084 0.220796 -1.581945
v 0.521269 0.228478 -1.560782
v 0.658306 0.242336 -1.523419
v 0.717292 0.250654 -1.502032
v 0.794746 0.263537 -1.473137
v 0.828706 0.269779 -1.461406
v 0.818549 0.338633 -1.145663
v 0.783058 0.334409 -1.151861
v 0.702367 0.325782 -1.168667
v 0.641599 0.320305 -1.181387
v 0.504029 0.311319 -1.204618
v 0.347204 0.306357 -1.218388
v 0.176958 0.304529 -1.223968
v 0.000000 0.304268 -1.225015
v -0.176958 0.304529 -1.223968
v -0.347204 0.306357 -1.218388
v -0.504029 0.311319 -1.204618
v -0.641599 0.320305 -1.181386
v -0.702367 0.325783 -1.168664
v -0.783057 0.334410 -1.151858
v -0.818547 0.338632 -1.145662
v 0.802513 0.410621 -0.780249
v 0.766531 0.408015 -0.784846
v 0.684768 0.402992 -0.796034
v 0.623531 0.399946 -0.804106
v 0.486675 0.395123 -0.818852
v 0.333652 0.392493 -0.828547
v 0.169587 0.391524 -0.833417
v 0.000000 0.391386 -0.834754
v -0.169587 0.391524 -0.833417
v -0.333652 0.392493 -0.828547
v -0.486675 0.395123 -0.818852
v -0.623531 0.399946 -0.804106
v -0.684768 0.402992 -0.796034
v -0.766531 0.408015 -0.784846
v -0.802513 0.410621 -0.780249
v 0.782369 0.476265 -0.384849
v 0.746665 0.475105 -0.389671
v 0.665546 0.472976 -0.400081
v 0.604958 0.471739 -0.407175
v 0.470442 0.469839 -0.420367
v 0.321636 0.468815 -0.430537
v 0.163220 0.468438 -0.436938
v -0.000000 0.468384 -0.439163
v -0.163220 0.468438 -0.436938
v -0.321636 0.468815 -0.430537
v -0.470442 0.469839 -0.420367
v -0.604958 0.471739 -0.407175
v -0.665546 0.472976 -0.400081
v -0.746665 0.475105 -0.389671
v -0.782369 0.476265 -0.384849
v 0.755378 0.543731 0.408955
v 0.720614 0.544884 0.399349
v 0.641639 0.546741 0.378938
v 0.582729 0.547680 0.364976
v 0.452344 0.548962 0.337964
v 0.308847 0.549620 0.314783
v 0.156609 0.549863 0.298574
v -0.000000 0.549897 0.292473
v -0.156609 0.549863 0.298574
v -0.308847 0.549620 0.314783
v -0.452344 0.548962 0.337964
v -0.582729 0.547680 0.364976
v -0.641639 0.546741 0.378938
v -0.720614 0.544884 0.399349
v -0.755378 0.543731 0.408955
v -0.729273 0.524525 0.012349
v -0.649456 0.524656 -0.001369
v -0.589907 0.524698 -0.010637
v -0.458043 0.524723 -0.028305
v -0.312804 0.524729 -0.043142
v 0.312804 0.524729 -0.043142
v 0.458043 0.524723 -0.028305
v 0.589907 0.524698 -0.010637
v 0.649456 0.524656 -0.001369
v 0.729273 0.524525 0.012349
v 0.764406 0.524419 0.018888
v 0.760619 0.525231 0.765122
v 0.725634 0.527172 0.751316
v 0.646154 0.530287 0.721669
v 0.586862 0.531857 0.701208
v 0.455606 0.533993 0.661303
v 0.311102 0.535097 0.626760
v 0.157760 0.535511 0.602449
v -0.000000 0.535575 0.593259
v -0.157760 0.535511 0.602449
v -0.311102 0.535097 0.626760
v -0.455606 0.533993 0.661303
v -0.586862 0.531857 0.701208
v -0.646154 0.530287 0.721669
v -0.725634 0.527172 0.751316
v -0.760619 0.525231 0.765122
v 0.776719 0.474619 1.078142
v 0.741170 0.477043 1.059681
v 0.660404 0.480824 1.019953
v 0.600108 0.482672 0.992433
v 0.466383 0.485137 0.938379
v 0.318714 0.486469 0.890952
v 0.161694 0.487041 0.857198
v -0.000000 0.487162 0.844342
v -0.161694 0.487041 0.857198
v -0.318714 0.486469 0.890952
v -0.466383 0.485137 0.938379
v -0.600108 0.482672 0.992433
v -0.660404 0.480824 1.019953
v -0.741170 0.477043 1.059681
v -0.776719 0.474619 1.078142
v 0.796929 0.403191 1.342952
v 0.760967 0.405739 1.320232
v 0.679256 0.409400 1.271605
v 0.618119 0.411011 1.237916
v 0.481812 0.413004 1.171117
v 0.329993 0.414269 1.111104
v 0.167632 0.415031 1.067540
v -0.000000 0.415286 1.050728
v -0.167632 0.415031 1.067540
v -0.329993 0.414269 1.111104
v -0.481812 0.413004 1.171117
v -0.618119 0.411011 1.237916
v -0.679256 0.409400 1.271605
v -0.760967 0.405739 1.320232
v -0.796929 0.403191 1.342952
v 0.811302 0.339828 1.513920
v 0.775447 0.342187 1.488690
v 0.693958 0.345073 1.435219
v 0.632787 0.346031 1.398248
v 0.495338 0.346917 1.324146
v 0.340326 0.347873 1.255635
v 0.173193 0.348838 1.204738
v -0.000000 0.349278 1.184805
v -0.173193 0.348838 1.204738
v -0.340326 0.347873 1.255635
v -0.495338 0.346917 1.324146
v -0.632787 0.346031 1.398248
v -0.693958 0.345073 1.435219
v -0.775447 0.342187 1.488690
v -0.811302 0.339828 1.513920
v 0.821772 0.275766 1.651132
v 0.786720 0.277598 1.624690
v 0.706858 0.278921 1.569355
v 0.646457 0.278769 1.530999
v 0.508984 0.277964 1.452632
v 0.351179 0.278487 1.377326
v 0.179146 0.279781 1.319762
v -0.000000 0.280508 1.296823
v -0.179146 0.279781 1.319762
v -0.351179 0.278487 1.377326
v -0.508984 0.277964 1.452632
v -0.646457 0.278769 1.530999
v -0.706858 0.278921 1.569355
v -0.786720 0.277598 1.624690
v -0.821772 0.275766 1.651132
v 0.827847 0.215625 1.756519
v 0.794705 0.216397 1.730898
v 0.718307 0.215034 1.677705
v 0.659402 0.213354 1.639875
v 0.522486 0.210730 1.559449
v 0.362063 0.211058 1.478571
v 0.185153 0.212975 1.414980
v -0.000000 0.214136 1.389218
v -0.185153 0.212975 1.414980
v -0.362063 0.211058 1.478571
v -0.522486 0.210730 1.559449
v -0.659402 0.213354 1.639875
v -0.718307 0.215034 1.677705
v -0.794705 0.216397 1.730898
v -0.827847 0.215625 1.756519
v 0.830066 0.164019 1.832844
v 0.800347 0.162716 1.811223
v 0.729260 0.157232 1.764856
v 0.672182 0.153778 1.729026
v 0.535656 0.149757 1.647601
v 0.372514 0.150520 1.561805
v 0.190880 0.153537 1.492763
v -0.000000 0.155319 1.464426
v -0.190880 0.153537 1.492763
v -0.372514 0.150520 1.561805
v -0.535656 0.149757 1.647601
v -0.672182 0.153778 1.729026
v -0.729260 0.157232 1.764856
v -0.800343 0.162712 1.811225
v -0.830072 0.164009 1.832863
v 0.831175 0.140679 1.864838
v 0.804120 0.137462 1.847418
v 0.735804 0.129436 1.805702
v 0.679411 0.125113 1.771004
v 0.542632 0.120763 1.688893
v 0.377866 0.122167 1.600485
v 0.193767 0.126050 1.528689
v -0.000000 0.128266 1.499075
v -0.193767 0.126050 1.528689
v -0.377866 0.122167 1.600485
v -0.542632 0.120763 1.688893
v -0.679411 0.125113 1.771004
v -0.735804 0.129436 1.805702
v -0.804107 0.137466 1.847402
v -0.831173 0.140677 1.864839
v 0.745782 0.477795 -0.371561
v 0.663893 0.478545 -0.363990
v 0.602880 0.479309 -0.359159
v 0.467843 0.481497 -0.348751
v 0.319162 0.484497 -0.335871
v 0.161622 0.487972 -0.319635
v -0.790706 1.129649 0.160029
v -0.790706 1.129649 0.160029
v -0.790706 1.129649 0.160029
v -0.746529 1.166958 0.079125
v -0.746529 1.166958 0.079125
v -0.728679 1.177519 -0.016674
v -0.728679 1.177519 -0.016674
v -0.753525 1.156498 -0.109389
v -0.753525 1.156498 -0.109389
v -0.803099 1.112321 -0.183437
v -0.803099 1.112321 -0.183437
v -0.803099 1.112321 -0.183437
v -0.886145 1.007849 -0.263437
v -0.886145 1.007849 -0.263437
v -0.920439 0.941021 -0.284289
v -0.920439 0.941021 -0.284289
v -0.945735 0.867926 -0.288231
v -0.945735 0.867926 -0.288231
v -0.960877 0.793752 -0.272856
v -0.960877 0.793752 -0.272856
v -0.967010 0.724880 -0.237877
v -0.967010 0.724880 -0.237877
v -0.966963 0.667511 -0.185644
v -0.966963 0.667511 -0.185644
v -0.963966 0.626118 -0.120058
v -0.963966 0.626118 -0.120058
v -0.963966 0.626118 -0.120058
v -0.957472 0.600147 0.009232
v -0.957472 0.600147 0.009232
v -0.952054 0.634370 0.136692
v -0.952054 0.634370 0.136692
v -0.952054 0.634370 0.136692
v -0.949291 0.680260 0.199872
v -0.949291 0.680260 0.199872
v -0.945049 0.741280 0.248394
v -0.945049 0.741280 0.248394
v -0.936485 0.812668 0.278740
v -0.936485 0.812668 0.278740
v -0.921128 0.888296 0.288999
v -0.921128 0.888296 0.288999
v -0.921128 0.888296 0.288999
v -0.897673 0.962113 0.279606
v -0.897673 0.962113 0.279606
v -0.866558 1.028937 0.252863
v -0.866558 1.028937 0.252863
v -0.829789 1.085311 0.212089
v -0.829789 1.085311 0.212089
v 0.952054 0.634370 0.136692
v 0.952054 0.634370 0.136692
v 0.952054 0.634370 0.136692
v 0.957470 0.600149 0.009292
v 0.957470 0.600149 0.009292
v 0.963966 0.626118 -0.120058
v 0.963966 0.626118 -0.120058
v 0.963966 0.626118 -0.120058
v 0.966955 0.667516 -0.185650
v 0.966955 0.667516 -0.185650
v 0.967013 0.724831 -0.237842
v 0.967013 0.724831 -0.237842
v 0.960892 0.793637 -0.272816
v 0.960892 0.793637 -0.272816
v 0.945770 0.867798 -0.288221
v 0.945770 0.867798 -0.288221
v 0.920516 0.940852 -0.284316
v 0.920516 0.940852 -0.284316
v 0.886255 1.007697 -0.263503
v 0.886255 1.007697 -0.263503
v 0.803099 1.112321 -0.183437
v 0.803099 1.112321 -0.183437
v 0.803099 1.112321 -0.183437
v 0.753493 1.156525 -0.109324
v 0.753493 1.156525 -0.109324
v 0.728680 1.177516 -0.016714
v 0.728680 1.177516 -0.016714
v 0.746559 1.166936 0.079200
v 0.746559 1.166936 0.079200
v 0.790706 1.129649 0.160029
v 0.790706 1.129649 0.160029
v 0.790706 1.129649 0.160029
v 0.829690 1.085437 0.211978
v 0.829690 1.085437 0.211978
v 0.866456 1.029101 0.252773
v 0.866456 1.029101 0.252773
v 0.897595 0.962310 0.279556
v 0.897595 0.962310 0.279556
v 0.921097 0.888416 0.289000
v 0.921097 0.888416 0.289000
v 0.921097 0.888416 0.289000
v 0.936474 0.812756 0.278762
v 0.936474 0.812756 0.278762
v 0.945045 0.741315 0.248415
v 0.945045 0.741315 0.248415
v 0.949300 0.680244 0.199855
v 0.949300 0.680244 0.199855
v -1.008435 0.558325 -0.886924
v -1.008435 0.558325 -0.886924
v -1.023828 0.509756 -1.250998
v -1.023828 0.509756 -1.250998
v -1.026005 0.458380 -1.586670
v -1.026005 0.458380 -1.586670
v -1.026005 0.458380 -1.586670
v -1.026005 0.458380 -1.586670
v -1.017418 0.333009 -1.634497
v -1.017418 0.333009 -1.634497
v -0.996840 0.283607 -1.673698
v -0.996840 0.283607 -1.673698
v -0.941066 0.232958 -1.737214
v -0.941066 0.232958 -1.737214
v -0.897517 0.207690 -1.788352
v -0.897517 0.207690 -1.788352
v -0.880870 0.194983 -1.828733
v -0.880870 0.194983 -1.828733
v -0.885829 0.187355 -1.873644
v -0.885829 0.187355 -1.873644
v -0.912699 0.186867 -1.931232
v -0.912699 0.186867 -1.931232
v -0.946426 0.199340 -1.997425
v -0.946426 0.199340 -1.997425
v -0.962056 0.220095 -2.049592
v -0.962056 0.220095 -2.049592
v -0.962056 0.220095 -2.049592
v -0.940420 0.194069 -2.006685
v -0.940420 0.194069 -2.006685
v -0.909886 0.183891 -1.943672
v -0.909886 0.183891 -1.943672
v -0.883396 0.184112 -1.887223
v -0.883396 0.184112 -1.887223
v -0.877833 0.107962 1.947481
v -0.877833 0.107962 1.947481
v -0.963679 0.066290 2.127201
v -0.963679 0.066290 2.127201
v -0.994585 0.072170 2.225144
v -0.994585 0.072170 2.225144
v -1.024954 0.101364 2.355470
v -1.024954 0.101364 2.355470
v -1.037689 0.120017 2.417763
v -1.037689 0.120017 2.417763
v -1.056345 0.146222 2.506182
v -1.056345 0.146222 2.506182
v -1.056345 0.146222 2.506182
v -1.056345 0.146222 2.506182
v -1.056345 0.146222 2.506182
v -1.072353 0.165286 2.405102
v -1.072353 0.165286 2.405102
v -1.077536 0.190849 2.311174
v -1.077536 0.190849 2.311174
v -1.069233 0.257634 2.116242
v -1.069233 0.257634 2.116242
v -1.048428 0.334221 1.900737
v -1.048428 0.334221 1.900737
v -1.021100 0.412648 1.664188
v -1.021100 0.412648 1.664188
v -0.992583 0.486591 1.405003
v -0.992583 0.486591 1.405003
v -0.967351 0.550682 1.122689
v -0.967351 0.550682 1.122689
v -0.949691 0.599761 0.816992
v -0.949691 0.599761 0.816992
v -0.943886 0.628669 0.487660
v -0.943886 0.628669 0.487660
v -1.026024 0.471010 -1.347941
v -0.943774 0.607734 0.522710
v -0.824051 0.524132 0.030801
v -0.814199 0.540383 0.480411
v -0.838432 0.538760 0.488237
v -0.852781 0.537777 0.493002
v -0.877450 0.536311 0.501469
v -0.897204 0.535903 0.508557
v -0.914231 0.537290 0.514937
v -0.926506 0.541275 0.519687
v -0.934806 0.548524 0.522871
v -0.939909 0.559703 0.524551
v -0.943084 0.581875 0.524558
v -0.943505 0.591354 0.524015
v -0.954979 0.596134 0.061599
v -0.954553 0.586028 0.062136
v -0.951335 0.561394 0.062244
v -0.946163 0.547914 0.060909
v -0.937751 0.538098 0.058425
v -0.925310 0.531388 0.054850
v -0.908059 0.527213 0.050203
v -0.888054 0.525166 0.045177
v -0.863084 0.524265 0.039311
v -0.848564 0.524117 0.036063
v -0.981236 0.585356 -0.420755
v -0.980954 0.566872 -0.419536
v -0.980511 0.555722 -0.419024
v -0.977176 0.527508 -0.418708
v -0.971814 0.511055 -0.419415
v -0.963094 0.498180 -0.420672
v -0.950202 0.488459 -0.422278
v -0.932364 0.481374 -0.424311
v -0.911742 0.476835 -0.426645
v -0.886083 0.473540 -0.429629
v -0.871197 0.472235 -0.431411
v -0.846113 0.470567 -0.434498
v -1.009052 0.534481 -0.897743
v -1.008754 0.514167 -0.896607
v -1.008289 0.501710 -0.896076
v -1.004777 0.469344 -0.895037
v -0.999132 0.449774 -0.894206
v -0.989951 0.434006 -0.892718
v -0.976389 0.421793 -0.890138
v -0.957727 0.412568 -0.886966
v -0.936326 0.406299 -0.884414
v -0.909914 0.401323 -0.882808
v -0.894684 0.399163 -0.882568
v -0.869147 0.396154 -0.883147
v -1.025710 0.448615 -1.346847
v -1.025219 0.434727 -1.346205
v -1.021514 0.398122 -1.343669
v -1.015560 0.375719 -1.340017
v -1.005876 0.357718 -1.333684
v -0.991601 0.344098 -1.323859
v -0.972266 0.334155 -1.311762
v -0.950622 0.327576 -1.300880
v -0.924173 0.322337 -1.291497
v -0.908951 0.319974 -1.287841
v -0.883605 0.316512 -1.284083
v -0.886626 0.278789 -1.457609
v -0.911336 0.281835 -1.465543
v -0.926184 0.283934 -1.471866
v -0.951604 0.288530 -1.487156
v -0.972364 0.294586 -1.504016
v -0.991553 0.304402 -1.521834
v -1.006014 0.318416 -1.536018
v -1.015853 0.337328 -1.545256
v -1.021902 0.361028 -1.550617
v -1.025665 0.399710 -1.554087
v -1.026164 0.414325 -1.554808
v -1.026483 0.437798 -1.555894
v -0.986959 0.275007 -1.661440
v -0.968081 0.265471 -1.638754
v -0.948212 0.260062 -1.616609
v -0.924107 0.256351 -1.595701
v -0.909963 0.254739 -1.586516
v -0.886496 0.252504 -1.574270
v -0.940380 0.232799 -1.736282
v -0.917941 0.229934 -1.710372
v -0.905015 0.229001 -1.697945
v -0.883783 0.228032 -1.680497
v -0.818719 0.524414 0.752465
v -0.843083 0.521950 0.762477
v -0.857511 0.520375 0.768523
v -0.882321 0.517673 0.779166
v -0.902191 0.516000 0.787964
v -0.919326 0.515987 0.795785
v -0.931685 0.518658 0.801550
v -0.940051 0.524746 0.805409
v -0.945204 0.534982 0.807507
v -0.948429 0.556347 0.807823
v -0.948863 0.565696 0.807351
v -0.949151 0.582029 0.806147
v -0.830162 0.490035 1.001208
v -0.854845 0.486899 1.013759
v -0.869471 0.484844 1.021331
v -0.894647 0.481135 1.034654
v -0.914846 0.478432 1.045683
v -0.932308 0.477297 1.055550
v -0.944955 0.478952 1.062945
v -0.953574 0.484198 1.068093
v -0.958953 0.493836 1.071215
v -0.962447 0.514897 1.072600
v -0.962966 0.524294 1.072437
v -0.963377 0.540861 1.071671
v -0.845352 0.441997 1.224011
v -0.870426 0.438314 1.239332
v -0.885313 0.435852 1.248632
v -0.911003 0.431264 1.265150
v -0.931708 0.427643 1.279055
v -0.949727 0.425503 1.291817
v -0.962916 0.426266 1.301800
v -0.972061 0.430815 1.309269
v -0.977953 0.440027 1.314474
v -0.982117 0.461072 1.318314
v -0.982856 0.470633 1.318896
v -0.983597 0.487623 1.319189
v -0.861112 0.385050 1.418246
v -0.886539 0.380903 1.436442
v -0.901687 0.378068 1.447634
v -0.927960 0.372627 1.467873
v -0.949315 0.368074 1.485417
v -0.968130 0.364887 1.502175
v -0.982166 0.364710 1.516045
v -0.992195 0.368532 1.527281
v -0.998999 0.377318 1.536087
v -1.004413 0.398422 1.544387
v -1.005575 0.408193 1.546352
v -1.006953 0.425707 1.548608
v -0.874293 0.323935 1.581331
v -0.899914 0.319361 1.602381
v -0.915266 0.316148 1.615583
v -0.942104 0.309780 1.640075
v -0.964213 0.304159 1.662132
v -0.984066 0.299728 1.684214
v -0.999300 0.298398 1.703599
v -1.010648 0.301291 1.720445
v -1.018872 0.309485 1.734817
v -1.026295 0.330507 1.750220
v -1.028149 0.340473 1.754414
v -1.030576 0.358520 1.759835
v -0.882619 0.263071 1.712182
v -0.908002 0.258024 1.735818
v -0.923327 0.254357 1.751020
v -0.950418 0.246869 1.780065
v -0.973164 0.240004 1.807274
v -0.994112 0.234160 1.835738
v -1.010743 0.231532 1.862002
v -1.023725 0.233352 1.886138
v -1.033825 0.240773 1.908213
v -1.044142 0.261377 1.934453
v -1.047048 0.271424 1.942247
v -1.051117 0.289878 1.952827
v -0.884869 0.206490 1.811519
v -0.909114 0.200788 1.837088
v -0.923882 0.196490 1.854042
v -0.950367 0.187554 1.887433
v -0.973187 0.179323 1.919783
v -0.994873 0.172149 1.954803
v -1.012719 0.168421 1.988339
v -1.027282 0.169350 2.020610
v -1.039472 0.175996 2.052356
v -1.053628 0.195665 2.094806
v -1.058075 0.205548 2.108469
v -1.064655 0.224095 2.127597
v -0.880448 0.158267 1.880424
v -0.901756 0.151360 1.906845
v -0.914768 0.146106 1.924845
v -0.939263 0.135343 1.961814
v -0.961264 0.125771 1.998637
v -0.982956 0.117644 2.039479
v -1.001438 0.113380 2.079669
v -1.017112 0.113967 2.119905
v -1.031163 0.120150 2.162426
v -1.049580 0.138511 2.225903
v -1.056079 0.147747 2.247854
v -1.066413 0.166150 2.280939
v -0.874123 0.135801 1.906253
v -0.892326 0.127704 1.932453
v -0.903909 0.121776 1.950788
v -0.926745 0.109929 1.989338
v -0.947875 0.099742 2.028186
v -0.969142 0.091386 2.071683
v -0.987581 0.087212 2.115008
v -1.003481 0.088016 2.159196
v -1.018133 0.094317 2.207366
v -1.038113 0.112323 2.282712
v -1.045254 0.121280 2.310101
v -1.057449 0.139830 2.355268
v -0.821105 1.081320 -0.552580
v -0.821105 1.081320 -0.552580
v -0.838869 1.041060 -0.904875
v -0.838869 1.041060 -0.904875
v -0.851907 0.995271 -1.225843
v -0.851907 0.995271 -1.225843
v -0.859148 0.948776 -1.501275
v -0.859148 0.948776 -1.501275
v -0.860344 0.908933 -1.709073
v -0.860344 0.908933 -1.709073
v -0.855241 0.874380 -1.866223
v -0.855241 0.874380 -1.866223
v -0.855241 0.874380 -1.866223
v -0.882666 0.829635 -1.923631
v -0.882666 0.829635 -1.923631
v -0.882666 0.829635 -1.923631
v -0.940242 0.801476 -1.772090
v -0.940242 0.801476 -1.772090
v -0.976140 0.753762 -1.696680
v -0.976140 0.753762 -1.696680
v -1.007838 0.674697 -1.629303
v -1.007838 0.674697 -1.629303
v -1.023549 0.570857 -1.589017
v -1.023549 0.570857 -1.589017
v -0.901160 0.850151 -1.789723
v -0.896304 0.842190 -1.838040
v -0.910890 0.883582 -1.588928
v -1.026024 0.521316 -1.351647
v -0.883562 1.006760 -0.706463
v -0.924684 0.944624 -0.701092
v -0.971825 0.825179 -0.691210
v -0.991547 0.708798 -0.677936
v -0.995418 0.632787 -0.668329
v -0.995707 0.607213 -0.665355
v -0.899349 0.967329 -1.034855
v -0.941200 0.906510 -1.034683
v -0.989910 0.788145 -1.036079
v -1.010469 0.671146 -1.028814
v -1.014505 0.593436 -1.020470
v -1.014806 0.566913 -1.017652
v -0.908966 0.924781 -1.332143
v -0.950621 0.865292 -1.340656
v -1.000138 0.747490 -1.359086
v -1.021514 0.628995 -1.360703
v -1.025710 0.548987 -1.354243
v -0.951600 0.838197 -1.525413
v -0.949851 0.825300 -1.611424
v -1.026483 0.490068 -1.559422
v -1.026164 0.518583 -1.561850
v -1.021902 0.600399 -1.566857
v -1.000186 0.720398 -1.558408
v -0.911386 0.896860 -1.508277
v -0.997640 0.707313 -1.652409
v -0.905014 0.858747 -1.738093
v -0.946082 0.813036 -1.693639
v -0.908741 0.870882 -1.665370
v 1.008435 0.558325 -0.886924
v 1.008435 0.558325 -0.886924
v 1.023828 0.509756 -1.250998
v 1.023828 0.509756 -1.250998
v 1.026005 0.458380 -1.586670
v 1.026005 0.458380 -1.586670
v 1.026005 0.458380 -1.586670
v 1.023688 0.568792 -1.588613
v 1.023688 0.568792 -1.588613
v 1.023688 0.568792 -1.588613
v 1.008750 0.670985 -1.627076
v 1.008750 0.670985 -1.627076
v 0.977273 0.751769 -1.694360
v 0.977273 0.751769 -1.694360
v 0.940390 0.801473 -1.772074
v 0.940390 0.801473 -1.772074
v 0.885391 0.830049 -1.913975
v 0.885391 0.830049 -1.913975
v 0.882706 0.829643 -1.923484
v 0.882706 0.829643 -1.923484
v 0.882706 0.829643 -1.923484
v 0.855241 0.874380 -1.866223
v 0.855241 0.874380 -1.866223
v 0.855241 0.874380 -1.866223
v 0.860292 0.908974 -1.709079
v 0.860292 0.908974 -1.709079
v 0.859109 0.948806 -1.501279
v 0.859109 0.948806 -1.501279
v 0.851903 0.995274 -1.225843
v 0.851903 0.995274 -1.225843
v 0.838869 1.041060 -0.904875
v 0.838869 1.041060 -0.904875
v 0.821105 1.081320 -0.552580
v 0.821105 1.081320 -0.552580
v 0.883562 1.006760 -0.706463
v 0.924684 0.944623 -0.701092
v 1.021902 0.600399 -1.566857
v 0.971825 0.825179 -0.691210
v 1.026164 0.518583 -1.561850
v 0.858211 1.036211 -0.709535
v 0.873767 0.995921 -1.036328
v 0.883605 0.952480 -1.330284
v 0.886626 0.924064 -1.502330
v 0.886827 0.910547 -1.580330
v 0.885881 0.897556 -1.653663
v 0.883783 0.885069 -1.722576
v 0.923989 0.830687 -1.754830
v 0.928926 0.842469 -1.678860
v 0.931986 0.854934 -1.599362
v 0.933090 0.868042 -1.516054
v 0.931283 0.895595 -1.335790
v 0.921766 0.937441 -1.034421
v 0.905649 0.976149 -0.703688
v 0.941200 0.906509 -1.034683
v 0.950622 0.865286 -1.340670
v 0.951605 0.838178 -1.525459
v 0.949866 0.825272 -1.611485
v 0.946119 0.813003 -1.693685
v 0.989910 0.788145 -1.036079
v 1.000138 0.747490 -1.359086
v 1.000186 0.720398 -1.558408
v 0.997640 0.707313 -1.652409
v 0.991547 0.708798 -0.677936
v 1.010469 0.671146 -1.028814
v 1.021514 0.628995 -1.360703
v 1.014026 0.659865 -1.565902
v 1.013762 0.687573 -1.362248
v 1.003014 0.728748 -1.033603
v 0.984396 0.765866 -0.684912
v 0.995418 0.632787 -0.668329
v 1.014505 0.593436 -1.020470
v 1.025710 0.548987 -1.354243
v 0.995707 0.607213 -0.665355
v 1.014806 0.566913 -1.017652
v 1.026024 0.521316 -1.351647
v 1.026483 0.490068 -1.559422
v 0.899349 0.967329 -1.034855
v 0.908951 0.924781 -1.332161
v 0.911336 0.896855 -1.508366
v 0.910835 0.883572 -1.589049
v 0.908709 0.870867 -1.665470
v 0.905015 0.858732 -1.738140
v -1.714500 0.508000 -1.582826
v -1.714500 0.508000 -1.582826
v -1.714500 0.508000 -1.582826
v -1.714500 0.647786 -1.614731
v -1.714500 0.647786 -1.614731
v -1.714500 0.759886 -1.704128
v -1.714500 0.759886 -1.704128
v -1.714500 0.822097 -1.833310
v -1.714500 0.822097 -1.833310
v -1.714500 0.822097 -1.976691
v -1.714500 0.822097 -1.976691
v -1.714500 0.759886 -2.105872
v -1.714500 0.647786 -2.195269
v -1.714500 0.647786 -2.195269
v -1.714500 0.508000 -2.227174
v -1.714500 0.508000 -2.227174
v -1.714500 0.508000 -2.227174
v -1.714500 0.368214 -2.195269
v -1.714500 0.368214 -2.195269
v -1.714500 0.256114 -2.105872
v -1.714500 0.193903 -1.976691
v -1.714500 0.193903 -1.976691
v -1.714500 0.193903 -1.833310
v -1.714500 0.193903 -1.833310
v -1.714500 0.256114 -1.704128
v -1.714500 0.256114 -1.704128
v -1.714500 0.368214 -1.614731
v -1.714500 0.368214 -1.614731
v -1.778000 0.508000 -1.646326
v -1.778000 0.508000 -1.646326
v -1.778000 0.387788 -1.675956
v -1.778000 0.387788 -1.675956
v -1.778000 0.295115 -1.758056
v -1.778000 0.295115 -1.758056
v -1.778000 0.251212 -1.873820
v -1.778000 0.251212 -1.873820
v -1.778000 0.266135 -1.996727
v -1.778000 0.266135 -1.996727
v -1.778000 0.336467 -2.098620
v -1.778000 0.336467 -2.098620
v -1.778000 0.446095 -2.156157
v -1.778000 0.446095 -2.156157
v -1.778000 0.446095 -2.156157
v -1.778000 0.569905 -2.156157
v -1.778000 0.569905 -2.156157
v -1.778000 0.679533 -2.098620
v -1.778000 0.679533 -2.098620
v -1.778000 0.749865 -1.996727
v -1.778000 0.749865 -1.996727
v -1.778000 0.764788 -1.873820
v -1.778000 0.764788 -1.873820
v -1.778000 0.720885 -1.758056
v -1.778000 0.720885 -1.758056
v -1.778000 0.628212 -1.675956
v -1.778000 0.628212 -1.675956
v -1.746250 0.508000 -2.218667
v -1.746250 0.508000 -2.218667
v -1.769493 0.508000 -2.195424
v -1.769493 0.508000 -2.195424
v -1.746250 0.644095 -1.622396
v -1.769493 0.634010 -1.643337
v -1.769493 0.508000 -1.614576
v -1.746250 0.508000 -1.591333
v -1.746250 0.753235 -1.709432
v -1.769493 0.735063 -1.723924
v -1.746250 0.813802 -1.835203
v -1.769493 0.791143 -1.840375
v -1.746250 0.813802 -1.974797
v -1.769493 0.791143 -1.969625
v -1.746250 0.753235 -2.100568
v -1.769493 0.735063 -2.086076
v -1.746250 0.644095 -2.187604
v -1.769493 0.634010 -2.166663
v -1.746250 0.371905 -2.187604
v -1.769493 0.381990 -2.166663
v -1.746250 0.262765 -2.100568
v -1.769493 0.280937 -2.086076
v -1.746250 0.202198 -1.974797
v -1.769493 0.224857 -1.969625
v -1.746250 0.202198 -1.835203
v -1.769493 0.224857 -1.840375
v -1.746250 0.262765 -1.709432
v -1.769493 0.280937 -1.723924
v -1.746250 0.371905 -1.622396
v -1.769493 0.381990 -1.643337
v -0.876211 0.827110 -1.949326
v -0.876211 0.827110 -1.949326
v -0.865767 0.806503 -2.026219
v -0.865767 0.806503 -2.026219
v -0.871510 0.762905 -2.102037
v -0.871510 0.762905 -2.102037
v -0.888758 0.701480 -2.162605
v -0.888758 0.701480 -2.162605
v -0.909854 0.624482 -2.205380
v -0.909854 0.624482 -2.205380
v -0.924891 0.537964 -2.225780
v -0.924891 0.537964 -2.225780
v -0.934345 0.448504 -2.221633
v -0.934345 0.448504 -2.221633
v -0.944178 0.364234 -2.193331
v -0.944178 0.364234 -2.193331
v -0.956356 0.300123 -2.151144
v -0.956356 0.300123 -2.151144
v -0.964147 0.254835 -2.104258
v -0.964147 0.254835 -2.104258
v 1.714500 0.508000 -1.582826
v 1.714500 0.508000 -1.582826
v 1.714500 0.368214 -1.614731
v 1.714500 0.368214 -1.614731
v 1.714500 0.256114 -1.704128
v 1.714500 0.256114 -1.704128
v 1.714500 0.193903 -1.833310
v 1.714500 0.193903 -1.976691
v 1.714500 0.256114 -2.105872
v 1.714500 0.368214 -2.195269
v 1.714500 0.368214 -2.195269
v 1.714500 0.508000 -2.227174
v 1.714500 0.647786 -2.195269
v 1.714500 0.647786 -2.195269
v 1.714500 0.759886 -2.105872
v 1.714500 0.822097 -1.976691
v 1.714500 0.822097 -1.833310
v 1.714500 0.759886 -1.704128
v 1.714500 0.759886 -1.704128
v 1.714500 0.647786 -1.614731
v 1.714500 0.647786 -1.614731
v 1.778000 0.508000 -1.646326
v 1.778000 0.508000 -1.646326
v 1.778000 0.508000 -1.646326
v 1.778000 0.628212 -1.675956
v 1.778000 0.628212 -1.675956
v 1.778000 0.720885 -1.758056
v 1.778000 0.720885 -1.758056
v 1.778000 0.764788 -1.873820
v 1.778000 0.764788 -1.873820
v 1.778000 0.749865 -1.996727
v 1.778000 0.749865 -1.996727
v 1.778000 0.679533 -2.098620
v 1.778000 0.679533 -2.098620
v 1.778000 0.569905 -2.156157
v 1.778000 0.569905 -2.156157
v 1.778000 0.446095 -2.156157
v 1.778000 0.446095 -2.156157
v 1.778000 0.336467 -2.098620
v 1.778000 0.336467 -2.098620
v 1.778000 0.266135 -1.996727
v 1.778000 0.266135 -1.996727
v 1.778000 0.251212 -1.873820
v 1.778000 0.251212 -1.873820
v 1.778000 0.295115 -1.758056
v 1.778000 0.295115 -1.758056
v 1.778000 0.387788 -1.675956
v 1.778000 0.387788 -1.675956
v 1.746250 0.508000 -1.591333
v 1.746250 0.508000 -1.591333
v 1.769493 0.508000 -1.614576
v 1.769493 0.508000 -1.614576
v 1.746250 0.371905 -1.622396
v 1.769493 0.381990 -1.643337
v 1.746250 0.262765 -1.709432
v 1.769493 0.280937 -1.723924
v 1.746250 0.202198 -1.835203
v 1.769493 0.224857 -1.840375
v 1.746250 0.202198 -1.974797
v 1.769493 0.224857 -1.969625
v 1.746250 0.262765 -2.100568
v 1.769493 0.280937 -2.086076
v 1.746250 0.371905 -2.187604
v 1.769493 0.381990 -2.166663
v 1.746250 0.508000 -2.218667
v 1.769493 0.508000 -2.195424
v 1.746250 0.644095 -2.187604
v 1.769493 0.634010 -2.166663
v 1.746250 0.753235 -2.100568
v 1.769493 0.735063 -2.086076
v 1.746250 0.813802 -1.974797
v 1.769493 0.791143 -1.969625
v 1.746250 0.813802 -1.835203
v 1.769493 0.791143 -1.840375
v 1.746250 0.753235 -1.709432
v 1.769493 0.735063 -1.723924
v 1.746250 0.644095 -1.622396
v 1.769493 0.634010 -1.643337
v 1.024599 0.389704 -1.605332
v 1.024599 0.389704 -1.605332
v 1.016886 0.330780 -1.635950
v 1.016886 0.330780 -1.635950
v 0.995611 0.281768 -1.675561
v 0.995611 0.281768 -1.675561
v 0.940941 0.232941 -1.737146
v 0.940941 0.232941 -1.737146
v 0.897499 0.207654 -1.788363
v 0.897499 0.207654 -1.788363
v 0.880809 0.194891 -1.829113
v 0.880809 0.194891 -1.829113
v 0.885819 0.187360 -1.873627
v 0.885819 0.187360 -1.873627
v 0.912630 0.186873 -1.931261
v 0.912630 0.186873 -1.931261
v 0.943284 0.197287 -1.990170
v 0.943284 0.197287 -1.990170
v 0.962056 0.220095 -2.049592
v 0.962056 0.220095 -2.049592
v 0.962056 0.220095 -2.049592
v 0.961762 0.272112 -2.124438
v 0.961762 0.272112 -2.124438
v 0.947524 0.344141 -2.182392
v 0.947524 0.344141 -2.182392
v 0.936467 0.426505 -2.216704
v 0.936467 0.426505 -2.216704
v 0.928579 0.506651 -2.227174
v 0.928579 0.506651 -2.227174
v 0.917319 0.587921 -2.217104
v 0.917319 0.587921 -2.217104
v 0.900137 0.662496 -2.187739
v 0.900137 0.662496 -2.187739
v 0.882991 0.720775 -2.146920
v 0.882991 0.720775 -2.146920
v 0.871534 0.762953 -2.101985
v 0.871534 0.762953 -2.101985
v 0.865664 0.805588 -2.028447
v 0.865664 0.805588 -2.028447
v 0.876235 0.827130 -1.949185
v 0.876235 0.827130 -1.949185
v -0.786905 1.132396 0.540771
v -0.786905 1.132396 0.540771
v -0.797261 1.115603 0.896925
v -0.797261 1.115603 0.896925
v -0.819256 1.083610 1.229564
v -0.819256 1.083610 1.229564
v -0.849648 1.041472 1.541329
v -0.849648 1.041472 1.541329
v -0.922663 0.946991 2.112784
v -0.922663 0.946991 2.112784
v -0.990377 0.872617 2.632398
v -0.990377 0.872617 2.632398
v -0.990377 0.872617 2.632398
v -1.024411 0.849918 3.015647
v -1.024411 0.849918 3.015647
v -1.034094 0.856433 3.362083
v -1.034094 0.856433 3.362083
v -1.028316 0.867941 3.515993
v -1.028316 0.867941 3.515993
v -1.015543 0.883150 3.654095
v -1.015543 0.883150 3.654095
v -0.997085 0.900202 3.774184
v -0.997085 0.900202 3.774184
v -0.975471 0.916805 3.872124
v -0.975471 0.916805 3.872124
v -0.963899 0.924765 3.914739
v -0.963899 0.924765 3.914739
v -0.953153 0.931464 3.948763
v -0.953153 0.931464 3.948763
v -0.953153 0.931464 3.948763
v -0.899703 0.984845 3.993493
v -0.899703 0.984845 3.993493
v -0.829829 1.046600 4.042237
v -0.829829 1.046600 4.042237
v -0.742951 1.113301 4.091644
v -0.742951 1.113301 4.091644
v -0.528709 1.241254 4.176838
v -0.528709 1.241254 4.176838
v -0.274448 1.337741 4.232038
v -0.274448 1.337741 4.232038
v -0.138486 1.365754 4.246534
v -0.138486 1.365754 4.246534
v -0.000000 1.375833 4.251499
v -0.000000 1.375833 4.251499
v 0.138486 1.365754 4.246534
v 0.138486 1.365754 4.246534
v 0.274448 1.337741 4.232038
v 0.274448 1.337741 4.232038
v 0.528709 1.241254 4.176838
v 0.528709 1.241254 4.176838
v 0.742951 1.113301 4.091644
v 0.742951 1.113301 4.091644
v 0.829829 1.046600 4.042237
v 0.829829 1.046600 4.042237
v 0.899703 0.984851 3.993470
v 0.899703 0.984851 3.993470
v 0.929713 0.955798 3.969539
v 0.929713 0.955798 3.969539
v 0.953153 0.931464 3.948763
v 0.953153 0.931464 3.948763
v 0.953153 0.931464 3.948763
v 0.963922 0.924735 3.914732
v 0.963922 0.924735 3.914732
v 0.975488 0.916783 3.872119
v 0.975488 0.916783 3.872119
v 0.997085 0.900201 3.774184
v 0.997085 0.900201 3.774184
v 1.015543 0.883150 3.654095
v 1.015543 0.883150 3.654095
v 1.028316 0.867941 3.515993
v 1.028316 0.867941 3.515993
v 1.034094 0.856433 3.362083
v 1.034094 0.856433 3.362083
v 1.024411 0.849918 3.015647
v 1.024411 0.849918 3.015647
v 0.990377 0.872617 2.632398
v 0.990377 0.872617 2.632398
v 0.990377 0.872617 2.632398
v 0.922663 0.946991 2.112784
v 0.922663 0.946991 2.112784
v 0.849648 1.041472 1.541329
v 0.849648 1.041472 1.541329
v 0.819256 1.083610 1.229564
v 0.819256 1.083610 1.229564
v 0.797261 1.115603 0.896925
v 0.797261 1.115603 0.896925
v 0.786905 1.132396 0.540771
v 0.786905 1.132396 0.540771
v 0.808505 0.885803 -1.933321
v 0.808505 0.885803 -1.933321
v 0.742749 0.899480 -1.995404
v 0.742749 0.899480 -1.995404
v 0.604767 0.923248 -2.078211
v 0.604767 0.923248 -2.078211
v 0.426769 0.945988 -2.128512
v 0.426769 0.945988 -2.128512
v 0.220472 0.962982 -2.147132
v 0.220472 0.962982 -2.147132
v 0.000000 0.969662 -2.149792
v 0.000000 0.969662 -2.149792
v -0.220472 0.962982 -2.147132
v -0.220472 0.962982 -2.147132
v -0.426769 0.945988 -2.128512
v -0.426769 0.945988 -2.128512
v -0.604766 0.923249 -2.078210
v -0.604766 0.923249 -2.078210
v -0.742737 0.899523 -1.995291
v -0.742737 0.899523 -1.995291
v -0.808489 0.885860 -1.933169
v -0.808489 0.885860 -1.933169
v -0.672363 0.978958 -1.826185
v -0.819515 1.062813 4.000916
v 0.456974 1.018436 -1.895118
v 0.819515 1.062813 4.000916
v 0.733625 1.169935 -0.134635
v -0.796929 1.090691 -0.716997
v -0.816634 1.033058 -1.145778
v -0.823581 1.001868 -1.337348
v -0.828706 0.970724 -1.509045
v -0.833392 0.924688 -1.728300
v -0.733625 1.169935 -0.134635
v -0.760967 1.115481 -0.721346
v -0.781012 1.056085 -1.152390
v -0.788611 1.023537 -1.346273
v -0.794746 0.990505 -1.521827
v -0.802294 0.939169 -1.749743
v -0.863873 1.025367 3.975302
v -0.868061 1.026942 3.923025
v -0.885682 1.014669 3.733660
v -0.898184 0.993794 3.494723
v -0.896940 0.978075 3.214719
v -0.881285 0.975969 2.903793
v -0.852699 0.994539 2.572525
v -0.814065 1.035640 2.226733
v -0.771389 1.089508 1.861612
v -0.731101 1.144810 1.470913
v -0.696230 1.195228 0.985071
v -0.686113 1.210299 0.723650
v -0.682474 1.215794 0.448341
v -0.685966 1.210204 0.159374
v -0.695053 1.194457 -0.137453
v -0.721682 1.138632 -0.725911
v -0.742113 1.077387 -1.160257
v -0.750376 1.043422 -1.356880
v -0.757465 1.008470 -1.536200
v -0.767580 0.952444 -1.772348
v -0.724128 1.185152 0.161886
v -0.720455 1.190184 0.450692
v -0.724297 1.184024 0.725836
v -0.734977 1.168166 0.987045
v -0.771789 1.115839 1.472263
v -0.814319 1.058527 1.862110
v -0.859369 1.002362 2.226008
v -0.900154 0.958710 2.570117
v -0.930298 0.937424 2.899169
v -0.946485 0.937186 3.207328
v -0.946769 0.951671 3.484020
v -0.931353 0.973266 3.718868
v -0.908564 0.989559 3.901946
v -0.902600 0.989855 3.951275
v -0.759049 1.158378 0.164769
v -0.755211 1.162771 0.453404
v -0.759238 1.155844 0.728358
v -0.770433 1.139088 0.989330
v -0.809021 1.084627 1.473870
v -0.853602 1.025146 1.862837
v -0.900826 0.966612 2.225509
v -0.943578 0.920461 2.567975
v -0.975146 0.896675 2.894911
v -0.991799 0.894462 3.200552
v -0.991144 0.908200 3.474452
v -0.972817 0.931200 3.706167
v -0.944339 0.952825 3.884390
v -0.935790 0.956401 3.930620
v -0.822560 1.065196 3.945845
v -0.835926 1.055155 3.749868
v -0.845623 1.034350 3.506238
v -0.843450 1.016971 3.222551
v -0.828403 1.012221 2.908683
v -0.801501 1.027916 2.575136
v -0.765187 1.066445 2.227648
v -0.725073 1.118104 1.861316
v -0.687205 1.171551 1.469800
v -0.654428 1.220274 0.983383
v -0.644918 1.234665 0.721776
v -0.641497 1.239588 0.446326
v -0.644794 1.233517 0.157209
v -0.653434 1.217298 -0.139957
v -0.679256 1.160150 -0.730535
v -0.700038 1.097020 -1.168900
v -0.709036 1.061535 -1.368604
v -0.717292 1.024371 -1.552096
v -0.729566 0.964295 -1.795483
v -0.677560 1.163955 4.068170
v -0.678805 1.166325 4.007211
v -0.684372 1.156544 3.795364
v -0.687805 1.133136 3.538483
v -0.683682 1.109737 3.244261
v -0.670721 1.097004 2.922273
v -0.648867 1.104685 2.582632
v -0.619468 1.136517 2.230711
v -0.586994 1.182811 1.861316
v -0.556337 1.232066 1.467824
v -0.529801 1.277226 0.980115
v -0.522102 1.290257 0.718124
v -0.519333 1.294060 0.442393
v -0.522037 1.287043 0.152949
v -0.529279 1.269837 -0.145142
v -0.552160 1.209596 -0.741944
v -0.572884 1.141798 -1.192216
v -0.582961 1.102770 -1.400491
v -0.592879 1.060811 -1.594559
v -0.607578 0.993069 -1.854401
v -0.658306 1.043393 -1.573999
v -0.648874 1.083320 -1.384889
v -0.639121 1.120736 -1.180832
v -0.618119 1.186311 -0.736516
v -0.593594 1.245102 -0.142818
v -0.585613 1.261864 0.154821
v -0.582600 1.268465 0.444115
v -0.585707 1.264171 0.719722
v -0.594343 1.250538 0.981541
v -0.624111 1.203762 1.468647
v -0.658503 1.152548 1.861191
v -0.694933 1.103676 2.229092
v -0.727914 1.068547 2.578830
v -0.752387 1.056836 2.915447
v -0.766483 1.065455 3.233377
v -0.769762 1.085599 3.522302
v -0.763462 1.107252 3.772573
v -0.754584 1.116309 3.976897
v -0.752611 1.113643 4.035190
v -0.506082 1.256924 4.125199
v -0.506503 1.257831 4.060276
v -0.508074 1.243755 3.836455
v -0.507872 1.214941 3.568217
v -0.503287 1.184179 3.264557
v -0.493244 1.163148 2.935181
v -0.477125 1.163174 2.589983
v -0.455507 1.189039 2.234103
v -0.431628 1.230934 1.862065
v -0.409085 1.277076 1.466960
v -0.389573 1.319894 0.978301
v -0.383912 1.332115 0.716065
v -0.381876 1.335279 0.440172
v -0.383888 1.327722 0.150522
v -0.389381 1.309915 -0.148238
v -0.407549 1.247575 -0.749739
v -0.425423 1.176472 -1.209053
v -0.434599 1.135159 -1.423610
v -0.443722 1.090565 -1.624629
v -0.456974 1.018436 -1.895118
v -0.261695 1.343820 4.172834
v -0.261725 1.342685 4.105062
v -0.261577 1.322116 3.872340
v -0.260426 1.285832 3.595187
v -0.257484 1.246591 3.283571
v -0.252152 1.217014 2.947555
v -0.243894 1.209645 2.597200
v -0.232843 1.230045 2.237686
v -0.220637 1.268183 1.863289
v -0.209114 1.311919 1.466812
v -0.199140 1.353188 0.977426
v -0.196246 1.364956 0.715037
v -0.195205 1.367793 0.439058
v -0.196243 1.359962 0.149303
v -0.199116 1.341837 -0.149798
v -0.208922 1.278311 -0.753700
v -0.219075 1.205284 -1.217635
v -0.224448 1.162626 -1.435396
v -0.229813 1.116471 -1.639936
v -0.237517 1.041665 -1.915814
v -0.131929 1.368741 4.185405
v -0.131922 1.366897 4.116974
v -0.131731 1.344009 3.882136
v -0.131024 1.305126 3.602757
v -0.129472 1.263150 3.289031
v -0.126767 1.230972 2.951162
v -0.122613 1.221437 2.599335
v -0.117058 1.240291 2.238791
v -0.110921 1.277417 1.863738
v -0.105128 1.320559 1.466893
v -0.100114 1.361502 0.977329
v -0.098659 1.373197 0.714910
v -0.098136 1.375991 0.438919
v -0.098659 1.368125 0.149151
v -0.100111 1.349955 -0.149993
v -0.105104 1.286237 -0.754195
v -0.110333 1.212883 -1.218708
v -0.113117 1.169989 -1.436869
v -0.115900 1.123553 -1.641850
v -0.119887 1.048242 -1.918401
v 0.131929 1.368741 4.185405
v 0.131922 1.366897 4.116974
v 0.131731 1.344009 3.882136
v 0.131024 1.305126 3.602757
v 0.129472 1.263150 3.289031
v 0.126767 1.230972 2.951162
v 0.122613 1.221437 2.599335
v 0.117058 1.240291 2.238791
v 0.110921 1.277417 1.863738
v 0.105128 1.320559 1.466893
v 0.100114 1.361502 0.977329
v 0.098659 1.373197 0.714910
v 0.098136 1.375991 0.438919
v 0.098659 1.368125 0.149151
v 0.100111 1.349955 -0.149993
v 0.105104 1.286237 -0.754195
v 0.110333 1.212883 -1.218708
v 0.113117 1.169989 -1.436869
v 0.115900 1.123553 -1.641850
v 0.119887 1.048242 -1.918401
v 0.000000 1.050580 -1.918770
v 0.000000 1.126029 -1.642123
v 0.000000 1.172538 -1.437080
v 0.000000 1.215491 -1.218861
v 0.000000 1.288925 -0.754265
v -0.000000 1.352687 -0.150021
v -0.000000 1.370866 0.149129
v -0.000000 1.378737 0.438899
v -0.000000 1.375950 0.714892
v -0.000000 1.364272 0.977320
v -0.000000 1.323425 1.466942
v -0.000000 1.280481 1.863914
v -0.000000 1.243705 2.239199
v -0.000000 1.225401 2.600110
v -0.000000 1.235718 2.952462
v -0.000000 1.268852 3.290985
v -0.000000 1.311856 3.605438
v -0.000000 1.351746 3.885558
v -0.000000 1.375539 4.121082
v -0.000000 1.377657 4.189722
v 0.261695 1.343820 4.172834
v 0.261725 1.342685 4.105062
v 0.261577 1.322116 3.872340
v 0.260426 1.285832 3.595187
v 0.257484 1.246591 3.283571
v 0.252152 1.217014 2.947555
v 0.243894 1.209645 2.597200
v 0.232843 1.230045 2.237686
v 0.220637 1.268183 1.863289
v 0.209114 1.311919 1.466812
v 0.199140 1.353188 0.977426
v 0.196246 1.364956 0.715037
v 0.195205 1.367793 0.439058
v 0.196243 1.359962 0.149303
v 0.199116 1.341837 -0.149798
v 0.208922 1.278311 -0.753700
v 0.219075 1.205284 -1.217635
v 0.224448 1.162626 -1.435396
v 0.229813 1.116471 -1.639936
v 0.237517 1.041665 -1.915814
v 0.506082 1.256924 4.125199
v 0.506503 1.257831 4.060276
v 0.508074 1.243755 3.836455
v 0.507872 1.214941 3.568217
v 0.503287 1.184179 3.264557
v 0.493244 1.163148 2.935181
v 0.477125 1.163174 2.589983
v 0.455507 1.189039 2.234103
v 0.431628 1.230934 1.862065
v 0.409085 1.277076 1.466960
v 0.389573 1.319894 0.978301
v 0.383912 1.332115 0.716065
v 0.381876 1.335279 0.440172
v 0.383888 1.327722 0.150522
v 0.389381 1.309915 -0.148238
v 0.407549 1.247575 -0.749739
v 0.425423 1.176472 -1.209053
v 0.434599 1.135159 -1.423610
v 0.443722 1.090565 -1.624629
v 0.637215 1.188438 4.083767
v 0.638192 1.190513 4.021660
v 0.642473 1.179910 3.806410
v 0.644714 1.155349 3.546379
v 0.640305 1.130184 3.249594
v 0.627988 1.115353 2.925637
v 0.607509 1.121045 2.584529
v 0.579984 1.151292 2.231557
v 0.549580 1.196386 1.861453
v 0.520877 1.244762 1.467520
v 0.496033 1.289231 0.979542
v 0.488825 1.302013 0.717478
v 0.486232 1.305616 0.441697
v 0.488772 1.298431 0.152188
v 0.495612 1.281039 -0.146106
v 0.517507 1.220165 -0.744334
v 0.537840 1.151377 -1.197347
v 0.547899 1.111660 -1.407534
v 0.557838 1.068894 -1.603744
v 0.572491 0.999817 -1.866873
v 0.752611 1.113643 4.035190
v 0.754584 1.116309 3.976897
v 0.763462 1.107252 3.772573
v 0.769762 1.085599 3.522302
v 0.766483 1.065455 3.233377
v 0.752387 1.056836 2.915447
v 0.727914 1.068547 2.578830
v 0.694933 1.103676 2.229092
v 0.658503 1.152548 1.861191
v 0.624111 1.203762 1.468647
v 0.594343 1.250538 0.981541
v 0.585707 1.264171 0.719722
v 0.582600 1.268465 0.444115
v 0.585613 1.261864 0.154821
v 0.593594 1.245102 -0.142818
v 0.618119 1.186311 -0.736516
v 0.639121 1.120736 -1.180831
v 0.648874 1.083320 -1.384885
v 0.658309 1.043395 -1.573984
v 0.672369 0.978947 -1.826185
v 0.863872 1.025370 3.975302
v 0.868060 1.026943 3.923027
v 0.885682 1.014669 3.733660
v 0.898184 0.993794 3.494723
v 0.896940 0.978075 3.214719
v 0.881285 0.975969 2.903793
v 0.852699 0.994539 2.572525
v 0.814065 1.035640 2.226733
v 0.771389 1.089508 1.861612
v 0.731101 1.144810 1.470913
v 0.696230 1.195228 0.985071
v 0.686113 1.210299 0.723650
v 0.682474 1.215794 0.448341
v 0.685966 1.210204 0.159374
v 0.695053 1.194457 -0.137453
v 0.721682 1.138632 -0.725911
v 0.742113 1.077388 -1.160255
v 0.750380 1.043428 -1.356859
v 0.757477 1.008493 -1.536119
v 0.767617 0.952406 -1.772328
v 0.729595 0.964255 -1.795481
v 0.717303 1.024376 -1.552049
v 0.709039 1.061537 -1.368590
v 0.700039 1.097020 -1.168898
v 0.679256 1.160150 -0.730535
v 0.653434 1.217298 -0.139957
v 0.644794 1.233517 0.157209
v 0.641497 1.239588 0.446326
v 0.644918 1.234665 0.721776
v 0.654428 1.220274 0.983383
v 0.687205 1.171551 1.469800
v 0.725073 1.118104 1.861316
v 0.765187 1.066445 2.227648
v 0.801501 1.027916 2.575136
v 0.828403 1.012221 2.908683
v 0.843450 1.016971 3.222551
v 0.845623 1.034350 3.506238
v 0.835926 1.055155 3.749868
v 0.822560 1.065196 3.945845
v 0.935785 0.956405 3.930628
v 0.944341 0.952814 3.884411
v 0.972817 0.931200 3.706167
v 0.991144 0.908200 3.474452
v 0.991799 0.894462 3.200552
v 0.975146 0.896675 2.894911
v 0.943578 0.920461 2.567975
v 0.900826 0.966612 2.225509
v 0.853602 1.025146 1.862837
v 0.809021 1.084627 1.473870
v 0.770433 1.139088 0.989330
v 0.759238 1.155844 0.728358
v 0.755211 1.162771 0.453404
v 0.759049 1.158378 0.164769
v 0.724128 1.185152 0.161886
v 0.720455 1.190184 0.450692
v 0.724297 1.184024 0.725836
v 0.734977 1.168166 0.987045
v 0.771789 1.115839 1.472263
v 0.814319 1.058527 1.862110
v 0.859369 1.002362 2.226008
v 0.900154 0.958710 2.570117
v 0.930298 0.937424 2.899169
v 0.946485 0.937186 3.207328
v 0.946769 0.951671 3.484020
v 0.931353 0.973266 3.718868
v 0.908557 0.989565 3.901957
v 0.902586 0.989878 3.951274
v 0.760967 1.115481 -0.721346
v 0.781012 1.056087 -1.152389
v 0.788608 1.023551 -1.346256
v 0.794736 0.990556 -1.521744
v 0.802302 0.939173 -1.749709
v 0.796929 1.090691 -0.716997
v 0.816633 1.033060 -1.145778
v 0.823573 1.001882 -1.337342
v 0.828676 0.970775 -1.509000
v 0.833362 0.924725 -1.728278
v 0.940418 0.194067 -2.006692
v 0.940418 0.194067 -2.006692
v 0.909859 0.183861 -1.943792
v 0.909859 0.183861 -1.943792
v 0.883360 0.184071 -1.887383
v 0.883360 0.184071 -1.887383
v -0.899026 0.602528 -2.246576
v 0.899026 0.602528 -2.246576
v -0.903728 0.185672 -2.237754
v 0.910140 0.215850 -2.253658
v 0.832832 0.825343 -2.051422
v 0.762086 0.830408 -2.146343
v 0.703848 0.836912 -2.195215
v 0.600627 0.848400 -2.255016
v 0.480132 0.860443 -2.294982
v 0.368720 0.869770 -2.314312
v 0.249918 0.877518 -2.324239
v 0.000000 0.884768 -2.328418
v -0.249918 0.877518 -2.324239
v -0.368720 0.869770 -2.314312
v -0.480132 0.860443 -2.294982
v -0.637040 0.844427 -2.237124
v -0.703848 0.836919 -2.195166
v -0.762095 0.830432 -2.146168
v -0.832841 0.825335 -2.051420
v 0.844872 0.793411 -2.098131
v 0.771948 0.794637 -2.205525
v 0.712307 0.799354 -2.258734
v 0.607166 0.808642 -2.322287
v 0.484961 0.819046 -2.364232
v 0.372246 0.827401 -2.384513
v 0.252223 0.834496 -2.394928
v 0.000000 0.841265 -2.399313
v -0.252223 0.834496 -2.394928
v -0.372246 0.827401 -2.384513
v -0.484961 0.819046 -2.364232
v -0.644194 0.805338 -2.303428
v -0.712312 0.799352 -2.258716
v -0.771968 0.794630 -2.205462
v -0.844892 0.793359 -2.098296
v 0.873010 0.710156 -2.182972
v 0.795027 0.703798 -2.310435
v 0.731823 0.703659 -2.374947
v 0.621671 0.707463 -2.446588
v 0.495087 0.713905 -2.492123
v 0.379347 0.719850 -2.514120
v 0.256722 0.725289 -2.525415
v 0.000000 0.730795 -2.530171
v -0.256722 0.725289 -2.525415
v -0.379347 0.719850 -2.514120
v -0.495087 0.713905 -2.492123
v -0.660326 0.705783 -2.425842
v -0.731824 0.703659 -2.374947
v -0.795030 0.703795 -2.310434
v -0.873013 0.710146 -2.183013
v -0.856483 0.760984 -2.136496
v -0.781532 0.758758 -2.253661
v -0.720460 0.761414 -2.311874
v -0.651001 0.765786 -2.359365
v -0.489355 0.777207 -2.422689
v -0.375376 0.784587 -2.443764
v -0.254231 0.791018 -2.454588
v 0.000000 0.797285 -2.459151
v 0.254232 0.791008 -2.454601
v 0.375377 0.784572 -2.443784
v 0.489357 0.777186 -2.422714
v 0.613331 0.768395 -2.379119
v 0.720462 0.761388 -2.311911
v 0.781525 0.758739 -2.253699
v 0.856479 0.760997 -2.136358
v 0.887625 0.656839 -2.220221
v 0.806861 0.647410 -2.353420
v 0.741655 0.645192 -2.421069
v 0.628655 0.646224 -2.495342
v 0.499720 0.650445 -2.542259
v 0.382468 0.655000 -2.564921
v 0.258635 0.659456 -2.576558
v 0.000000 0.664188 -2.581457
v -0.258635 0.659456 -2.576558
v -0.382468 0.655000 -2.564921
v -0.499720 0.650445 -2.542259
v -0.668223 0.645414 -2.473919
v -0.741655 0.645192 -2.421069
v -0.806861 0.647410 -2.353420
v -0.887625 0.656838 -2.220223
v 0.906734 0.548248 -2.262178
v 0.822278 0.533973 -2.400867
v 0.754398 0.528451 -2.471151
v 0.637556 0.524799 -2.548103
v 0.505511 0.525086 -2.596633
v 0.386307 0.527095 -2.620072
v 0.260954 0.529703 -2.632109
v 0.000000 0.532926 -2.637177
v -0.260954 0.529703 -2.632109
v -0.386307 0.527095 -2.620072
v -0.505511 0.525086 -2.596633
v -0.678350 0.525490 -2.525930
v -0.754398 0.528451 -2.471151
v -0.822278 0.533973 -2.400867
v -0.906734 0.548248 -2.262178
v -0.816061 0.590560 -2.383085
v -0.749261 0.586600 -2.452332
v -0.674270 0.585145 -2.506343
v -0.503181 0.587330 -2.576095
v -0.384764 0.590567 -2.599221
v -0.260023 0.594075 -2.611096
v 0.000000 0.598041 -2.616096
v 0.260023 0.594075 -2.611096
v 0.384764 0.590567 -2.599221
v 0.503181 0.587330 -2.576095
v 0.633970 0.585166 -2.528215
v 0.749261 0.586600 -2.452332
v 0.816061 0.590560 -2.383085
v 0.913809 0.442534 -2.270776
v 0.827985 0.424116 -2.411543
v 0.759115 0.415875 -2.482818
v 0.640847 0.408409 -2.560794
v 0.507651 0.405431 -2.609947
v 0.387724 0.405261 -2.633688
v 0.261810 0.406241 -2.645879
v -0.000000 0.408095 -2.651012
v -0.261810 0.406241 -2.645879
v -0.387724 0.405261 -2.633688
v -0.507651 0.405431 -2.609947
v -0.682097 0.410322 -2.538332
v -0.759115 0.415875 -2.482818
v -0.827985 0.424116 -2.411543
v -0.913809 0.442534 -2.270776
v 0.914820 0.345095 -2.266257
v 0.828800 0.322881 -2.407479
v 0.759789 0.312280 -2.478975
v 0.641317 0.301610 -2.557184
v 0.507956 0.295925 -2.606482
v 0.387927 0.293945 -2.630292
v 0.261932 0.293574 -2.642519
v -0.000000 0.294289 -2.647667
v -0.261932 0.293574 -2.642519
v -0.387927 0.293945 -2.630292
v -0.507956 0.295925 -2.606482
v -0.682632 0.304541 -2.534656
v -0.759789 0.312280 -2.478975
v -0.828800 0.322881 -2.407479
v -0.914820 0.345095 -2.266257
v 0.913433 0.253120 -2.261393
v 0.827682 0.226872 -2.402491
v 0.758864 0.213887 -2.473935
v 0.640672 0.200128 -2.552097
v 0.507537 0.191966 -2.601368
v 0.387649 0.188404 -2.625165
v 0.261764 0.186895 -2.637385
v -0.000000 0.186692 -2.642530
v -0.261764 0.186895 -2.637385
v -0.387649 0.188404 -2.625165
v -0.507537 0.191966 -2.601368
v -0.681898 0.204022 -2.529581
v -0.758864 0.213887 -2.473935
v -0.827682 0.226872 -2.402491
v -0.913433 0.253120 -2.261393
v 0.825026 0.187788 -2.393969
v 0.756669 0.173737 -2.465038
v 0.639140 0.158618 -2.542812
v 0.506541 0.149406 -2.591848
v 0.386990 0.145206 -2.615531
v 0.261366 0.143259 -2.627692
v 0.000000 0.142722 -2.632813
v -0.261366 0.143259 -2.627692
v -0.386990 0.145206 -2.615531
v -0.506541 0.149406 -2.591848
v -0.680154 0.162932 -2.520406
v -0.756669 0.173737 -2.465038
v -0.825026 0.187788 -2.393969
v -0.910140 0.215850 -2.253658
v 0.890479 0.160149 -2.203049
v 0.809165 0.129064 -2.338041
v 0.743561 0.113114 -2.406552
v 0.629990 0.095486 -2.481676
v 0.500593 0.084374 -2.529096
v 0.383048 0.079080 -2.552000
v 0.258987 0.076423 -2.563762
v 0.000000 0.075389 -2.568714
v -0.258987 0.076423 -2.563762
v -0.383048 0.079080 -2.552000
v -0.500593 0.084374 -2.529096
v -0.669741 0.100579 -2.460017
v -0.743561 0.113114 -2.406552
v -0.809165 0.129064 -2.338041
v -0.890479 0.160150 -2.203048
v -0.819853 0.156037 -2.376388
v -0.752394 0.141035 -2.446654
v -0.676759 0.129382 -2.501424
v -0.504603 0.114545 -2.572120
v -0.385706 0.109798 -2.595557
v -0.260591 0.107489 -2.607593
v 0.000000 0.106689 -2.612660
v 0.260591 0.107489 -2.607593
v 0.385706 0.109798 -2.595557
v 0.504603 0.114545 -2.572120
v 0.636157 0.124688 -2.523594
v 0.752394 0.141035 -2.446654
v 0.819853 0.156037 -2.376388
v 0.903728 0.185672 -2.237754
v 0.871247 0.146665 -2.149158
v 0.793595 0.115187 -2.276606
v 0.730624 0.098911 -2.340997
v 0.620806 0.080449 -2.412625
v 0.494504 0.068598 -2.458191
v 0.378948 0.062900 -2.480203
v 0.256475 0.059998 -2.491507
v 0.000000 0.058808 -2.496267
v -0.256475 0.059998 -2.491507
v -0.378948 0.062900 -2.480203
v -0.494504 0.068598 -2.458191
v -0.659353 0.085835 -2.391871
v -0.730623 0.098911 -2.340997
v -0.793590 0.115187 -2.276606
v -0.871243 0.146677 -2.149107
v 0.832841 0.149978 -2.014548
v 0.762095 0.123255 -2.109679
v 0.703848 0.108841 -2.158784
v 0.600627 0.090922 -2.218729
v 0.480132 0.078853 -2.258748
v 0.368720 0.073015 -2.278103
v 0.249918 0.070019 -2.288042
v 0.000000 0.068759 -2.292227
v -0.249918 0.070019 -2.288042
v -0.368720 0.073015 -2.278103
v -0.480132 0.078853 -2.258748
v -0.637040 0.096307 -2.200819
v -0.703848 0.108828 -2.158835
v -0.762086 0.123212 -2.109855
v -0.832832 0.149978 -2.014548
v -0.856473 0.143758 -2.104036
v -0.781521 0.113186 -2.222159
v -0.720459 0.097520 -2.280663
v -0.651003 0.084498 -2.328358
v -0.489356 0.066909 -2.391920
v -0.375376 0.061059 -2.413071
v -0.254232 0.058065 -2.423932
v 0.000000 0.056818 -2.428506
v 0.254232 0.058065 -2.423932
v 0.375376 0.061059 -2.413071
v 0.489356 0.066909 -2.391920
v 0.613329 0.079033 -2.348156
v 0.720463 0.097521 -2.280662
v 0.781536 0.113188 -2.222158
v 0.856488 0.143716 -2.104211
v -1.089055 0.183717 2.540365
v -1.089055 0.183717 2.540365
v -1.111611 0.220813 2.562405
v -1.111611 0.220813 2.562405
v -1.150068 0.371140 2.602483
v -1.150068 0.371140 2.602483
v -1.144322 0.540827 2.619371
v -1.144322 0.540827 2.619371
v -1.092893 0.713129 2.626823
v -1.092893 0.713129 2.626823
v -0.842902 1.060351 0.738079
v -0.945053 0.638970 0.655690
v -0.898151 0.977903 1.480359
v -0.937230 0.924668 1.791645
v -1.025465 0.815339 2.401595
v -0.943774 0.648909 0.518405
v -0.943505 0.673606 0.515483
v -0.939909 0.750257 0.505733
v -0.921588 0.872868 0.489391
v -0.877450 1.002132 0.472361
v -0.838432 1.070219 0.463849
v -0.961958 0.588022 1.043868
v -0.961801 0.614049 1.041524
v -0.958423 0.695758 1.033501
v -0.940023 0.827660 1.019788
v -0.895117 0.966986 1.005380
v -0.855329 1.040188 0.998166
v -0.882126 0.989893 0.746006
v -0.926484 0.856016 0.761878
v -0.944867 0.729274 0.777134
v -0.948445 0.650492 0.786259
v -0.948701 0.625275 0.789001
v -0.981255 0.539955 1.283337
v -0.981371 0.567035 1.281773
v -0.978602 0.652363 1.275641
v -0.960479 0.790314 1.264144
v -0.914864 0.935739 1.251583
v -0.874238 1.011962 1.245222
v -1.004305 0.483879 1.507740
v -1.004957 0.512206 1.507501
v -1.003427 0.601742 1.504363
v -0.986126 0.746496 1.495970
v -0.939810 0.898479 1.485713
v -1.038505 0.397289 1.797276
v -1.040529 0.427602 1.800121
v -1.042243 0.523829 1.803605
v -1.027476 0.679081 1.801438
v -0.980505 0.840652 1.795301
v -1.068764 0.309300 2.060566
v -1.073485 0.341926 2.068490
v -1.081406 0.445706 2.081686
v -1.071151 0.611398 2.087612
v -1.024103 0.782075 2.086451
v -0.979182 0.870502 2.084808
v -1.086103 0.240834 2.268817
v -1.095092 0.275846 2.283380
v -1.112043 0.386529 2.307056
v -1.107273 0.559341 2.320400
v -1.060603 0.736246 2.323720
v -1.014367 0.827990 2.323992
v -1.091169 0.198599 2.435057
v -1.107023 0.234969 2.456718
v -1.133897 0.348517 2.488530
v -1.134451 0.524096 2.507398
v -1.088392 0.704304 2.514295
v -1.041198 0.798280 2.516256
v -1.072103 0.722635 2.400657
v -1.118560 0.544165 2.395874
v -1.121248 0.369782 2.380188
v -1.100608 0.257400 2.352534
v -1.089505 0.221579 2.334931
v -0.944786 0.663887 0.652841
v -0.941190 0.741498 0.643363
v -0.922848 0.866037 0.627520
v -0.878652 0.997492 0.611036
v -0.839580 1.066711 0.602801
v 0.963876 0.913351 3.959732
v 0.963876 0.913351 3.959732
v 0.975310 0.891347 3.971208
v 0.975310 0.891347 3.971208
v 1.008437 0.805607 4.002296
v 1.008437 0.805607 4.002296
v 1.022076 0.713591 4.008278
v 1.022076 0.713591 4.008278
v 1.008437 0.632687 3.979305
v 1.008437 0.632687 3.979305
v 0.975327 0.572975 3.923088
v 0.975327 0.572975 3.923088
v 0.953153 0.549680 3.885655
v 0.953153 0.549680 3.885655
v 0.953153 0.549680 3.885655
v 0.963920 0.526973 3.847469
v 0.963920 0.526973 3.847469
v 0.975618 0.500850 3.799552
v 0.975618 0.500850 3.799552
v 0.994815 0.454906 3.707236
v 0.994815 0.454906 3.707236
v 1.012937 0.406454 3.597006
v 1.012937 0.406454 3.597006
v 1.040506 0.313293 3.339448
v 1.040506 0.313293 3.339448
v 1.054613 0.233082 3.049186
v 1.054613 0.233082 3.049186
v 1.058456 0.171506 2.742257
v 1.058456 0.171506 2.742257
v 1.056345 0.146222 2.506182
v 1.056345 0.146222 2.506182
v 1.056345 0.146222 2.506182
v 1.056345 0.146222 2.506182
v 1.056345 0.146222 2.506182
v 1.089047 0.183723 2.540315
v 1.089047 0.183723 2.540315
v 1.111605 0.220819 2.562364
v 1.111605 0.220819 2.562364
v 1.150068 0.371140 2.602483
v 1.150068 0.371140 2.602483
v 1.144322 0.540827 2.619371
v 1.144322 0.540827 2.619371
v 1.092893 0.713129 2.626823
v 1.092893 0.713129 2.626823
v 1.068236 0.772729 2.740079
v 1.122675 0.660617 2.735308
v 1.138637 0.266706 2.687252
v 1.021210 0.562531 3.896189
v 0.984147 0.896429 3.916998
v 1.001595 0.882063 3.868711
v 1.011980 0.873492 3.833016
v 1.039733 0.848946 3.707001
v 1.056711 0.831122 3.583632
v 1.067083 0.816916 3.445441
v 1.070275 0.807417 3.294082
v 1.066646 0.803504 3.131340
v 1.048125 0.810911 2.851817
v 1.037559 0.818605 2.742206
v 1.001425 0.867750 3.923025
v 1.023364 0.848134 3.870250
v 1.035978 0.836818 3.832407
v 1.067713 0.806882 3.703148
v 1.086461 0.786490 3.578746
v 1.097781 0.770842 3.440391
v 1.101459 0.760610 3.289344
v 1.097968 0.756515 3.127231
v 1.079083 0.764562 2.849112
v 1.033914 0.795557 3.940893
v 1.061424 0.768480 3.880823
v 1.077577 0.752152 3.838499
v 1.116325 0.710549 3.700227
v 1.138271 0.683616 3.571874
v 1.151333 0.663518 3.431777
v 1.156004 0.650271 3.280366
v 1.152961 0.644395 3.118885
v 1.133851 0.651948 2.843179
v 1.053075 0.719987 3.949954
v 1.082654 0.688848 3.886343
v 1.100075 0.669661 3.841773
v 1.141879 0.619563 3.697749
v 1.165497 0.586271 3.566030
v 1.179757 0.560593 3.423823
v 1.185434 0.542607 3.271455
v 1.183256 0.532978 3.110003
v 1.165220 0.536973 2.835935
v 1.154345 0.545199 2.729051
v 1.054443 0.649208 3.942427
v 1.084160 0.615882 3.878312
v 1.101685 0.594956 3.833330
v 1.143918 0.538597 3.687892
v 1.168115 0.499273 3.555018
v 1.183263 0.467221 3.411923
v 1.190205 0.442908 3.259130
v 1.189600 0.427468 3.097783
v 1.174465 0.424465 2.825072
v 1.164725 0.431156 2.719106
v 1.037611 0.589651 3.916912
v 1.065635 0.555805 3.855133
v 1.082166 0.534064 3.811439
v 1.122333 0.473303 3.668576
v 1.146017 0.428476 3.536577
v 1.161668 0.389719 3.393685
v 1.170026 0.357938 3.240858
v 1.171679 0.334693 3.079474
v 1.161701 0.319947 2.807282
v 1.154272 0.323408 2.702033
v 0.984164 0.531455 3.858914
v 1.001700 0.502130 3.806868
v 1.012281 0.481934 3.768019
v 1.041388 0.418668 3.631205
v 1.060848 0.367057 3.498703
v 1.075420 0.318597 3.352939
v 1.084961 0.274891 3.196901
v 1.090164 0.236892 3.032676
v 1.091908 0.191646 2.759215
v 1.090915 0.183845 2.652763
v 1.115605 0.215999 2.669349
v 1.118285 0.219686 2.774797
v 1.119300 0.255853 3.047866
v 1.114864 0.289866 3.210940
v 1.105403 0.330487 3.365441
v 1.090243 0.376498 3.509585
v 1.069226 0.426447 3.641000
v 1.036260 0.489307 3.778405
v 1.023482 0.510205 3.818545
v 1.001464 0.541651 3.873863
v 1.144028 0.266294 2.792349
v 1.149931 0.290780 3.065252
v 1.146838 0.319278 3.227208
v 1.137806 0.355523 3.380513
v 1.122222 0.398012 3.523622
v 1.099575 0.445559 3.654982
v 1.062281 0.507736 3.795021
v 1.047066 0.529390 3.837192
v -1.057524 0.157381 2.631702
v -1.057524 0.157381 2.631702
v -1.058441 0.171504 2.742245
v -1.058441 0.171504 2.742245
v -1.054613 0.233082 3.049186
v -1.054613 0.233082 3.049186
v -1.040506 0.313293 3.339448
v -1.040506 0.313293 3.339448
v -1.012937 0.406454 3.597006
v -1.012937 0.406454 3.597006
v -0.994815 0.454906 3.707236
v -0.994815 0.454906 3.707236
v -0.975636 0.500848 3.799553
v -0.975636 0.500848 3.799553
v -0.953153 0.549680 3.885655
v -0.953153 0.549680 3.885655
v -0.953153 0.549680 3.885655
v -0.963876 0.559746 3.903899
v -0.963876 0.559746 3.903899
v -0.975310 0.572994 3.923116
v -0.975310 0.572994 3.923116
v -1.008437 0.632687 3.979305
v -1.008437 0.632687 3.979305
v -1.022076 0.713591 4.008278
v -1.022076 0.713591 4.008278
v -1.008437 0.805607 4.002296
v -1.008437 0.805607 4.002296
v -0.975327 0.891332 3.971179
v -0.975327 0.891332 3.971179
v -1.048125 0.810911 2.851817
v -1.066646 0.803504 3.131340
v -1.091816 0.211194 2.896682
v -1.056711 0.831122 3.583632
v -1.060848 0.367057 3.498703
v -1.090933 0.183855 2.652739
v -1.115644 0.216012 2.669392
v -1.138639 0.266706 2.687254
v -1.154272 0.323408 2.702033
v -1.164725 0.431156 2.719106
v -1.154345 0.545199 2.729051
v -1.141262 0.603029 2.732501
v -1.122675 0.660617 2.735308
v -1.068236 0.772729 2.740079
v -1.037559 0.818605 2.742206
v -1.091904 0.191652 2.759125
v -1.118299 0.219694 2.774776
v -1.144028 0.266294 2.792348
v -1.161701 0.319947 2.807282
v -1.174465 0.424465 2.825072
v -1.165220 0.536973 2.835935
v -1.152378 0.594455 2.839863
v -1.133851 0.651948 2.843179
v -1.079083 0.764562 2.849112
v -1.119783 0.234235 2.912370
v -1.148555 0.274664 2.930506
v -1.168539 0.323416 2.945204
v -1.184094 0.422376 2.963417
v -1.176339 0.531835 2.975149
v -1.163849 0.588436 2.979561
v -1.145458 0.645438 2.983421
v -1.090448 0.758151 2.990725
v -1.059229 0.804947 2.994173
v -1.084961 0.274891 3.196901
v -1.114864 0.289866 3.210940
v -1.146838 0.319278 3.227208
v -1.170026 0.357938 3.240858
v -1.190205 0.442908 3.259130
v -1.185434 0.542607 3.271455
v -1.173829 0.595777 3.276122
v -1.156004 0.650271 3.280366
v -1.101459 0.760610 3.289344
v -1.070275 0.807417 3.294082
v -1.097968 0.756515 3.127231
v -1.152961 0.644395 3.118885
v -1.171147 0.588276 3.114686
v -1.183256 0.532978 3.110003
v -1.189600 0.427468 3.097783
v -1.171679 0.334693 3.079474
v -1.149931 0.290780 3.065252
v -1.119300 0.255853 3.047866
v -1.090164 0.236892 3.032676
v -1.068767 0.342323 3.427278
v -1.098554 0.352906 3.438947
v -1.130866 0.376066 3.453439
v -1.154798 0.408292 3.466439
v -1.176765 0.482319 3.484725
v -1.173748 0.572485 3.496229
v -1.162928 0.621658 3.499981
v -1.145885 0.672720 3.503279
v -1.093074 0.778032 3.511239
v -1.062773 0.823495 3.516288
v -1.067083 0.816916 3.445441
v -1.097781 0.770842 3.440391
v -1.151333 0.663518 3.431777
v -1.168672 0.611186 3.428010
v -1.179757 0.560593 3.423823
v -1.183263 0.467221 3.411923
v -1.161668 0.389719 3.393685
v -1.137806 0.355523 3.380513
v -1.105403 0.330487 3.365441
v -1.075420 0.318597 3.352939
v -1.041388 0.418668 3.631205
v -1.069226 0.426447 3.641000
v -1.099575 0.445559 3.654982
v -1.122333 0.473303 3.668576
v -1.143918 0.538597 3.687892
v -1.141879 0.619563 3.697749
v -1.132004 0.664110 3.699454
v -1.116325 0.710549 3.700227
v -1.067713 0.806882 3.703148
v -1.039733 0.848946 3.707001
v -1.086461 0.786490 3.578746
v -1.138271 0.683616 3.571874
v -1.154957 0.633955 3.569221
v -1.165497 0.586271 3.566030
v -1.168115 0.499273 3.555018
v -1.146017 0.428476 3.536577
v -1.122222 0.398012 3.523622
v -1.090243 0.376498 3.509585
v -1.012288 0.481929 3.768013
v -1.036260 0.489305 3.778401
v -1.062281 0.507735 3.795020
v -1.082166 0.534064 3.811439
v -1.101685 0.594956 3.833330
v -1.100075 0.669661 3.841773
v -1.091309 0.710319 3.841130
v -1.077577 0.752152 3.838499
v -1.035978 0.836817 3.832409
v -1.011973 0.873498 3.833023
v -0.984164 0.531450 3.858904
v -1.001440 0.541660 3.873865
v -1.021209 0.562531 3.896189
v -1.037611 0.589651 3.916912
v -1.054443 0.649208 3.942427
v -1.053075 0.719987 3.949954
v -1.045492 0.757654 3.947091
v -1.033914 0.795557 3.940893
v -1.001449 0.867724 3.923015
v -0.984147 0.896428 3.917006
v -1.001571 0.882085 3.868740
v -1.023364 0.848132 3.870260
v -1.061424 0.768480 3.880823
v -1.074337 0.728256 3.884826
v -1.082654 0.688848 3.886343
v -1.084160 0.615882 3.878312
v -1.065635 0.555805 3.855133
v -1.047066 0.529389 3.837191
v -1.023482 0.510198 3.818532
v -1.001724 0.502108 3.806841
v -1.036289 0.133136 2.520363
v -1.036289 0.133136 2.520363
v -1.014161 0.124134 2.527691
v -1.014161 0.124134 2.527691
v -0.968453 0.116831 2.527470
v -0.968453 0.116831 2.527470
v -0.877877 0.125716 2.497826
v -0.877877 0.125716 2.497826
v -0.774185 0.148607 2.448565
v -0.774185 0.148607 2.448565
v -0.538102 0.214139 2.323527
v -0.538102 0.214139 2.323527
v -0.275622 0.276027 2.211473
v -0.275622 0.276027 2.211473
v -0.138632 0.295917 2.176197
v -0.138632 0.295917 2.176197
v -0.000000 0.303389 2.163054
v -0.000000 0.303389 2.163054
v 0.138632 0.295917 2.176197
v 0.138632 0.295917 2.176197
v 0.275622 0.276027 2.211473
v 0.275622 0.276027 2.211473
v 0.538102 0.214139 2.323527
v 0.538102 0.214139 2.323527
v 0.774185 0.148607 2.448565
v 0.774185 0.148607 2.448565
v 0.877877 0.125716 2.497826
v 0.877877 0.125716 2.497826
v 0.968453 0.116838 2.527492
v 0.968453 0.116838 2.527492
v 1.014161 0.124143 2.527719
v 1.014161 0.124143 2.527719
v 1.036289 0.133140 2.520378
v 1.036289 0.133140 2.520378
v 0.929713 0.564172 3.902303
v 0.929713 0.564172 3.902303
v 0.899703 0.582948 3.920747
v 0.899703 0.582948 3.920747
v 0.829829 0.626179 3.956799
v 0.829829 0.626179 3.956799
v 0.742951 0.677710 3.991030
v 0.742951 0.677710 3.991030
v 0.528709 0.789249 4.044108
v 0.528709 0.789249 4.044108
v 0.274448 0.884103 4.073357
v 0.274448 0.884103 4.073357
v 0.138486 0.913432 4.080051
v 0.138486 0.913432 4.080051
v -0.000000 0.924278 4.082166
v -0.000000 0.924278 4.082166
v -0.138486 0.913432 4.080051
v -0.138486 0.913432 4.080051
v -0.274448 0.884103 4.073357
v -0.274448 0.884103 4.073357
v -0.528709 0.789249 4.044108
v -0.528709 0.789249 4.044108
v -0.742951 0.677710 3.991030
v -0.742951 0.677710 3.991030
v -0.829829 0.626179 3.956799
v -0.829829 0.626179 3.956799
v -0.899703 0.582932 3.920719
v -0.899703 0.582932 3.920719
v 1.015632 0.132790 2.576386
v -1.017834 0.189021 2.860642
v 1.016673 0.204780 2.928720
v -1.009519 0.265958 3.163788
v 1.012684 0.243076 3.080739
v 0.970442 0.126517 2.569999
v 0.902103 0.132581 2.547107
v 0.825810 0.147803 2.513706
v 0.677535 0.187995 2.437650
v 0.514196 0.235183 2.354074
v 0.262712 0.294419 2.252506
v 0.132058 0.313103 2.221050
v -0.000000 0.320068 2.209410
v -0.132058 0.313103 2.221050
v -0.262712 0.294419 2.252506
v -0.514196 0.235183 2.354074
v -0.677535 0.187995 2.437650
v -0.825810 0.147803 2.513706
v -0.902103 0.132581 2.547105
v -0.970452 0.126531 2.569953
v -1.015637 0.132799 2.576354
v 1.018508 0.174145 2.792889
v 0.972723 0.173754 2.773481
v 0.903741 0.183798 2.743772
v 0.827109 0.202686 2.709033
v 0.678249 0.249098 2.638321
v 0.514487 0.301956 2.564302
v 0.262748 0.367365 2.475714
v 0.132062 0.387832 2.448512
v -0.000000 0.395438 2.438483
v -0.132062 0.387832 2.448512
v -0.262748 0.367365 2.475714
v -0.514487 0.301956 2.564302
v -0.678249 0.249098 2.638321
v -0.827109 0.202686 2.709033
v -0.903741 0.183798 2.743772
v -0.972725 0.173759 2.773486
v -1.018507 0.174147 2.792905
v -1.018539 0.160327 2.726404
v -0.972795 0.158308 2.708714
v -0.903827 0.167114 2.679998
v -0.827104 0.184916 2.645488
v -0.678214 0.229527 2.572856
v -0.514472 0.280753 2.495625
v -0.262747 0.344374 2.402743
v -0.132062 0.364321 2.374144
v -0.000000 0.371740 2.363587
v 0.132062 0.364321 2.374144
v 0.262747 0.344374 2.402743
v 0.514472 0.280753 2.495625
v 0.678214 0.229527 2.572856
v 0.827104 0.184916 2.645488
v 0.903827 0.167113 2.679997
v 0.972789 0.158293 2.708699
v 1.018544 0.160315 2.726339
v 0.967169 0.247672 3.060586
v 0.899205 0.262749 3.031404
v 0.823790 0.285905 3.000059
v 0.676558 0.338990 2.942205
v 0.513799 0.397776 2.884672
v 0.262662 0.469789 2.817031
v 0.132052 0.492197 2.796474
v -0.000000 0.500505 2.788927
v -0.132052 0.492197 2.796474
v -0.262662 0.469789 2.817031
v -0.513799 0.397776 2.884672
v -0.676558 0.338990 2.942205
v -0.823790 0.285905 3.000059
v -0.899205 0.262749 3.031404
v -0.967169 0.247672 3.060586
v -1.012684 0.243076 3.080739
v -1.015144 0.221330 2.996583
v -0.969489 0.224615 2.975742
v -0.901154 0.238268 2.945292
v -0.825298 0.260227 2.912056
v -0.677366 0.311505 2.849521
v -0.514129 0.368706 2.786649
v -0.262704 0.438936 2.712421
v -0.132057 0.460816 2.689806
v -0.000000 0.468933 2.681495
v 0.132057 0.460816 2.689806
v 0.262704 0.438936 2.712421
v 0.514129 0.368706 2.786649
v 0.677366 0.311505 2.849521
v 0.825298 0.260227 2.912056
v 0.901154 0.238268 2.945292
v 0.969489 0.224615 2.975742
v 1.015144 0.221330 2.996583
v 0.988060 0.367641 3.477056
v 0.944844 0.377371 3.466485
v 0.880591 0.398295 3.452554
v 0.809209 0.426414 3.438690
v 0.668644 0.486751 3.414331
v 0.510569 0.551844 3.389751
v 0.262259 0.631069 3.359433
v 0.132001 0.655634 3.349947
v -0.000000 0.664729 3.346421
v -0.132001 0.655634 3.349947
v -0.262259 0.631069 3.359433
v -0.510569 0.551844 3.389751
v -0.668644 0.486751 3.414331
v -0.809209 0.426414 3.438690
v -0.880591 0.398295 3.452554
v -0.944844 0.377371 3.466485
v -0.988060 0.367641 3.477056
v -1.000664 0.314937 3.325021
v -0.956116 0.322885 3.309788
v -0.889880 0.341743 3.288482
v -0.816434 0.368094 3.266364
v -0.672543 0.425855 3.226767
v -0.512160 0.488706 3.187787
v -0.262457 0.565354 3.141782
v -0.132026 0.589146 3.127763
v -0.000000 0.597958 3.122610
v 0.132026 0.589146 3.127763
v 0.262457 0.565354 3.141782
v 0.512160 0.488706 3.187787
v 0.672543 0.425855 3.226767
v 0.816434 0.368094 3.266364
v 0.889880 0.341743 3.288482
v 0.956116 0.322885 3.309788
v 1.000664 0.314937 3.325021
v 0.972395 0.422435 3.616112
v 0.931286 0.433701 3.611029
v 0.869862 0.456548 3.605883
v 0.801135 0.486371 3.601624
v 0.664411 0.549182 3.594201
v 0.508844 0.616369 3.584932
v 0.262043 0.697911 3.570643
v 0.131974 0.723155 3.565657
v -0.000000 0.732496 3.563725
v -0.131974 0.723155 3.565657
v -0.262043 0.697911 3.570643
v -0.508844 0.616369 3.584932
v -0.664411 0.549182 3.594201
v -0.801135 0.486371 3.601624
v -0.869862 0.456548 3.605883
v -0.931286 0.433701 3.611029
v -0.972395 0.422435 3.616112
v 0.944479 0.508344 3.800943
v 0.908703 0.522541 3.807160
v 0.853563 0.549442 3.819599
v 0.789709 0.582691 3.833035
v 0.658813 0.650251 3.854178
v 0.506572 0.721077 3.869194
v 0.261759 0.806176 3.879476
v 0.131939 0.832369 3.881213
v -0.000000 0.842036 3.881634
v -0.131939 0.832369 3.881213
v -0.261759 0.806176 3.879476
v -0.506572 0.721077 3.869194
v -0.658813 0.650251 3.854178
v -0.789709 0.582691 3.833035
v -0.853562 0.549442 3.819599
v -0.908696 0.522548 3.807171
v -0.944481 0.508363 3.800971
v 0.935807 0.537317 3.855462
v 0.902617 0.553670 3.867666
v 0.849690 0.582894 3.887608
v 0.787143 0.618009 3.907960
v 0.657625 0.687955 3.939517
v 0.506091 0.760409 3.962974
v 0.261699 0.846903 3.981624
v 0.131931 0.873425 3.985616
v -0.000000 0.883198 3.986819
v -0.131931 0.873425 3.985616
v -0.261699 0.846903 3.981624
v -0.506091 0.760409 3.962974
v -0.657625 0.687955 3.939517
v -0.787143 0.618009 3.907960
v -0.849690 0.582894 3.887608
v -0.902603 0.553665 3.867658
v -0.935803 0.537322 3.855470
v -0.964220 0.271767 3.144876
v -0.896706 0.288192 3.117739
v -0.821823 0.312486 3.088942
v -0.675486 0.367253 3.036495
v -0.513362 0.427504 2.984720
v -0.262608 0.501176 2.923992
v -0.132045 0.524078 2.905561
v -0.000000 0.532565 2.898799
v 0.132045 0.524078 2.905561
v 0.262608 0.501176 2.923992
v 0.513362 0.427504 2.984720
v 0.675486 0.367253 3.036495
v 0.821823 0.312486 3.088942
v 0.896706 0.288192 3.117739
v 0.964220 0.271767 3.144876
v 1.009519 0.265958 3.163788
v -1.017115 0.141537 2.626652
v -0.971718 0.136644 2.614865
v -0.903004 0.143610 2.589494
v -0.826449 0.159714 2.555687
v -0.677853 0.201439 2.480669
v -0.514325 0.250031 2.399076
v -0.262728 0.310786 2.300248
v -0.132060 0.329905 2.269697
v -0.000000 0.337027 2.258401
v 0.132060 0.329905 2.269697
v 0.262728 0.310786 2.300248
v 0.514325 0.250031 2.399076
v 0.677853 0.201439 2.480669
v 0.826449 0.159714 2.555687
v 0.903004 0.143609 2.589496
v 0.971702 0.136613 2.614898
v 1.017111 0.141516 2.626638
v 1.017834 0.189020 2.860640
v 0.972062 0.189989 2.840159
v 0.903226 0.201246 2.809641
v 0.826795 0.221187 2.774959
v 0.678120 0.269307 2.706523
v 0.514436 0.323701 2.635963
v 0.262742 0.390806 2.551923
v 0.132061 0.411768 2.526188
v -0.000000 0.419552 2.516710
v -0.132061 0.411768 2.526188
v -0.262742 0.390806 2.551923
v -0.514436 0.323701 2.635963
v -0.678120 0.269307 2.706523
v -0.826795 0.221187 2.774959
v -0.903226 0.201246 2.809641
v -0.972062 0.189989 2.840159
v -1.016673 0.204780 2.928720
v 0.970946 0.206946 2.907804
v 0.902347 0.219415 2.876999
v 0.826185 0.240380 2.842788
v 0.677826 0.290120 2.777057
v 0.514316 0.345961 2.710211
v 0.262727 0.414672 2.630961
v 0.132060 0.436104 2.606757
v -0.000000 0.444059 2.597853
v -0.132060 0.436104 2.606757
v -0.262727 0.414672 2.630961
v -0.514316 0.345961 2.710211
v -0.677826 0.290120 2.777057
v -0.826185 0.240380 2.842788
v -0.902347 0.219415 2.876999
v -0.970946 0.206946 2.907804
v 0.943886 0.628669 0.487660
v 0.943886 0.628669 0.487660
v 0.949691 0.599761 0.816992
v 0.949691 0.599761 0.816992
v 0.967351 0.550682 1.122689
v 0.967351 0.550682 1.122689
v 0.992583 0.486591 1.405003
v 0.992583 0.486591 1.405003
v 1.021100 0.412648 1.664188
v 1.021100 0.412648 1.664188
v 1.048428 0.334221 1.900737
v 1.048428 0.334221 1.900737
v 1.069233 0.257634 2.116242
v 1.069233 0.257634 2.116242
v 1.077536 0.190839 2.311176
v 1.077536 0.190839 2.311176
v 1.072353 0.165274 2.405102
v 1.072353 0.165274 2.405102
v 1.037678 0.120012 2.417768
v 1.037678 0.120012 2.417768
v 1.024946 0.101359 2.355473
v 1.024946 0.101359 2.355473
v 0.994585 0.072170 2.225144
v 0.994585 0.072170 2.225144
v 0.963679 0.066290 2.127201
v 0.963679 0.066290 2.127201
v 0.877843 0.107973 1.947475
v 0.877843 0.107973 1.947475
v 1.026164 0.414325 -1.554808
v 0.954979 0.596134 0.061599
v 1.038118 0.112330 2.282731
v 1.006014 0.318416 -1.536018
v 1.003481 0.088016 2.159196
v 0.972363 0.294589 -1.504002
v 0.917901 0.229935 -1.710347
v 0.926745 0.109929 1.989338
v 0.981236 0.585356 -0.420755
v 1.009052 0.534481 -0.897743
v 1.026024 0.471010 -1.347941
v 1.026483 0.437798 -1.555894
v 1.045273 0.121305 2.310167
v 1.056097 0.147757 2.247865
v 1.058075 0.205548 2.108469
v 1.047048 0.271424 1.942247
v 1.028149 0.340473 1.754414
v 1.005575 0.408193 1.546352
v 0.982856 0.470633 1.318896
v 0.962966 0.524294 1.072437
v 0.948863 0.565696 0.807351
v 0.943505 0.591354 0.524015
v 0.980954 0.566872 -0.419536
v 1.008754 0.514167 -0.896607
v 1.025710 0.448615 -1.346847
v 0.943774 0.607734 0.522710
v 0.949151 0.582029 0.806147
v 0.963377 0.540861 1.071671
v 0.983597 0.487623 1.319189
v 1.006953 0.425707 1.548608
v 1.030576 0.358520 1.759835
v 1.051117 0.289878 1.952827
v 1.064655 0.224095 2.127597
v 1.066447 0.166147 2.280912
v 1.057476 0.139840 2.355289
v 1.049586 0.138514 2.225906
v 1.053628 0.195665 2.094806
v 1.044142 0.261377 1.934453
v 1.026295 0.330507 1.750220
v 1.004413 0.398422 1.544387
v 0.982117 0.461072 1.318314
v 0.962447 0.514897 1.072600
v 0.948429 0.556347 0.807823
v 0.943084 0.581875 0.524558
v 0.954553 0.586028 0.062136
v 0.980511 0.555722 -0.419024
v 1.008289 0.501710 -0.896076
v 1.025219 0.434727 -1.346205
v 1.025665 0.399710 -1.554087
v 1.017112 0.113967 2.119905
v 1.027282 0.169350 2.020610
v 1.023725 0.233352 1.886138
v 1.010648 0.301291 1.720445
v 0.992195 0.368532 1.527281
v 0.972061 0.430815 1.309269
v 0.953574 0.484198 1.068093
v 0.940051 0.524746 0.805409
v 0.934806 0.548524 0.522871
v 0.946163 0.547914 0.060909
v 0.971814 0.511055 -0.419415
v 0.999132 0.449774 -0.894206
v 1.015560 0.375719 -1.340017
v 1.015853 0.337328 -1.545256
v 1.021902 0.361028 -1.550617
v 1.021514 0.398122 -1.343669
v 1.004777 0.469344 -0.895037
v 0.977176 0.527508 -0.418708
v 0.951335 0.561394 0.062244
v 0.939909 0.559703 0.524551
v 0.945204 0.534982 0.807507
v 0.958953 0.493836 1.071215
v 0.977953 0.440027 1.314474
v 0.998999 0.377318 1.536087
v 1.018872 0.309485 1.734817
v 1.033825 0.240773 1.908213
v 1.039472 0.175996 2.052356
v 1.031163 0.120150 2.162426
v 1.018133 0.094317 2.207366
v 0.969142 0.091386 2.071683
v 0.982956 0.117644 2.039479
v 0.994873 0.172149 1.954803
v 0.994112 0.234160 1.835738
v 0.984066 0.299728 1.684214
v 0.968130 0.364887 1.502175
v 0.949727 0.425503 1.291817
v 0.932308 0.477297 1.055550
v 0.919326 0.515987 0.795785
v 0.914231 0.537290 0.514937
v 0.925310 0.531388 0.054850
v 0.950202 0.488459 -0.422278
v 0.976389 0.421793 -0.890138
v 0.991601 0.344098 -1.323859
v 0.991552 0.304402 -1.521833
v 1.005876 0.357718 -1.333684
v 0.989951 0.434006 -0.892718
v 0.963094 0.498180 -0.420672
v 0.937751 0.538098 0.058425
v 0.926506 0.541275 0.519687
v 0.931685 0.518658 0.801550
v 0.944955 0.478952 1.062945
v 0.962916 0.426266 1.301800
v 0.982166 0.364710 1.516045
v 0.999300 0.298398 1.703599
v 1.010743 0.231532 1.862002
v 1.012719 0.168421 1.988339
v 1.001438 0.113380 2.079669
v 0.987581 0.087212 2.115008
v 0.874124 0.135799 1.906258
v 0.880431 0.158259 1.880420
v 0.884869 0.206490 1.811519
v 0.882619 0.263071 1.712182
v 0.874293 0.323935 1.581331
v 0.861112 0.385050 1.418246
v 0.845352 0.441997 1.224011
v 0.830162 0.490035 1.001208
v 0.818719 0.524414 0.752465
v 0.814199 0.540383 0.480411
v 0.824051 0.524132 0.030801
v 0.846113 0.470567 -0.434498
v 0.869147 0.396154 -0.883147
v 0.883622 0.316515 -1.284074
v 0.886684 0.278807 -1.457555
v 0.883825 0.228044 -1.680466
v 0.905011 0.229008 -1.697906
v 0.911384 0.281857 -1.465452
v 0.908964 0.319979 -1.287822
v 0.894682 0.399163 -0.882568
v 0.871196 0.472235 -0.431411
v 0.848563 0.524117 0.036063
v 0.838431 0.538760 0.488236
v 0.843082 0.521951 0.762477
v 0.854844 0.486899 1.013759
v 0.870425 0.438314 1.239331
v 0.886538 0.380903 1.436441
v 0.899914 0.319361 1.602380
v 0.908001 0.258024 1.735817
v 0.909114 0.200788 1.837088
v 0.901758 0.151356 1.906853
v 0.892346 0.127703 1.932470
v 0.926209 0.283954 -1.471777
v 0.924180 0.322342 -1.291475
v 0.909914 0.401323 -0.882808
v 0.886083 0.473540 -0.429629
v 0.863084 0.524265 0.039311
v 0.852781 0.537777 0.493002
v 0.857511 0.520375 0.768523
v 0.869471 0.484844 1.021331
v 0.885313 0.435852 1.248632
v 0.901687 0.378068 1.447634
v 0.915266 0.316148 1.615583
v 0.923327 0.254357 1.751020
v 0.923882 0.196490 1.854042
v 0.914769 0.146105 1.924848
v 0.903915 0.121776 1.950793
v 0.947875 0.099742 2.028186
v 0.939263 0.135343 1.961814
v 0.950367 0.187554 1.887433
v 0.950418 0.246869 1.780065
v 0.942104 0.309780 1.640075
v 0.927960 0.372627 1.467873
v 0.911003 0.431264 1.265150
v 0.894647 0.481135 1.034654
v 0.882321 0.517673 0.779166
v 0.877450 0.536311 0.501469
v 0.888054 0.525166 0.045177
v 0.911742 0.476835 -0.426645
v 0.936326 0.406299 -0.884414
v 0.950621 0.327579 -1.300866
v 0.951600 0.288539 -1.487108
v 0.972266 0.334155 -1.311758
v 0.957727 0.412568 -0.886966
v 0.932364 0.481374 -0.424311
v 0.908059 0.527213 0.050203
v 0.897204 0.535903 0.508557
v 0.902191 0.516000 0.787964
v 0.914846 0.478432 1.045683
v 0.931708 0.427643 1.279055
v 0.949315 0.368074 1.485417
v 0.964213 0.304159 1.662132
v 0.973164 0.240004 1.807274
v 0.973187 0.179323 1.919783
v 0.961264 0.125771 1.998637
v 0.921588 0.872868 0.489391
v 1.139690 0.434635 2.500315
v 0.943774 0.648909 0.518405
v 0.948701 0.625275 0.789001
v 0.961958 0.588022 1.043868
v 0.981255 0.539955 1.283337
v 1.004305 0.483879 1.507740
v 1.038505 0.397289 1.797276
v 1.068764 0.309300 2.060566
v 1.086099 0.240835 2.268838
v 1.089492 0.221580 2.335008
v 1.091171 0.198612 2.435106
v 0.943505 0.673606 0.515483
v 0.948445 0.650492 0.786259
v 0.961801 0.614049 1.041524
v 0.981371 0.567035 1.281773
v 1.004957 0.512206 1.507501
v 1.040529 0.427602 1.800121
v 1.073485 0.341926 2.068490
v 1.095092 0.275849 2.283393
v 1.100610 0.257409 2.352575
v 1.107041 0.234993 2.456744
v 0.939909 0.750257 0.505733
v 0.944867 0.729274 0.777134
v 0.958423 0.695758 1.033501
v 0.978602 0.652363 1.275641
v 1.003427 0.601742 1.504363
v 1.042243 0.523829 1.803605
v 1.081406 0.445706 2.081686
v 1.112043 0.386529 2.307056
v 1.121248 0.369782 2.380188
v 1.133897 0.348517 2.488530
v 0.933265 0.809818 0.497834
v 0.938208 0.790778 0.769756
v 0.951811 0.759738 1.026896
v 0.972234 0.719288 1.270194
v 0.997636 0.672016 1.500591
v 1.038077 0.599339 1.803285
v 1.080103 0.526553 2.085964
v 1.114327 0.471194 2.315645
v 1.124906 0.455300 2.390142
v 0.877450 1.002132 0.472361
v 0.882126 0.989893 0.746006
v 0.895117 0.966986 1.005380
v 0.914864 0.935739 1.251583
v 0.939810 0.898479 1.485713
v 0.980505 0.840652 1.795301
v 1.024103 0.782075 2.086451
v 1.060603 0.736246 2.323720
v 1.072103 0.722635 2.400657
v 1.088392 0.704304 2.514295
v 1.134451 0.524096 2.507398
v 1.118560 0.544165 2.395874
v 1.107273 0.559341 2.320400
v 1.071151 0.611398 2.087612
v 1.027476 0.679081 1.801438
v 0.986126 0.746496 1.495970
v 0.960479 0.790314 1.264144
v 0.940023 0.827660 1.019788
v 0.926484 0.856016 0.761878
v 0.838432 1.070219 0.463849
v 0.842902 1.060351 0.738079
v 0.855329 1.040188 0.998166
v 0.874238 1.011962 1.245222
v 0.898151 0.977903 1.480359
v 0.937230 0.924668 1.791645
v 0.979182 0.870502 2.084808
v 1.014367 0.827990 2.323992
v 1.025465 0.815339 2.401595
v 1.041198 0.798280 2.516256
v -0.844372 0.105745 1.921810
v -0.857094 0.092794 1.950927
v -0.866304 0.085161 1.970585
v -0.894929 0.065557 2.032147
v -0.917157 0.054888 2.083784
v -0.936930 0.050177 2.136065
v -0.953955 0.051960 2.190519
v -0.969556 0.060452 2.252174
v -0.994667 0.088172 2.379904
v -1.004112 0.104248 2.445045
v -0.819236 0.096817 1.913362
v -0.830699 0.081465 1.945019
v -0.839017 0.072852 1.965673
v -0.864954 0.052495 2.028158
v -0.885389 0.042470 2.080184
v -0.903727 0.039058 2.133186
v -0.919532 0.042463 2.189057
v -0.933782 0.052683 2.252795
v -0.955562 0.082610 2.385471
v -0.962808 0.098343 2.450805
v -0.776809 0.087766 1.892249
v -0.786938 0.070833 1.925406
v -0.794157 0.061346 1.946860
v -0.816451 0.040800 2.009348
v -0.834172 0.032184 2.060854
v -0.850153 0.031037 2.113750
v -0.863847 0.037151 2.170406
v -0.875748 0.050286 2.235487
v -0.892307 0.085236 2.370170
v -0.897186 0.102550 2.434055
v -0.724649 0.081091 1.862395
v -0.733669 0.063765 1.895638
v -0.739892 0.054220 1.916884
v -0.758689 0.034631 1.977907
v -0.773539 0.027998 2.027947
v -0.786868 0.029577 2.079847
v -0.798155 0.038843 2.136428
v -0.807567 0.055351 2.202040
v -0.819343 0.095748 2.337596
v -0.822555 0.115016 2.401436
v -0.611979 0.075496 1.793494
v -0.619103 0.058870 1.825118
v -0.623765 0.050079 1.845014
v -0.637086 0.034105 1.901341
v -0.647102 0.031883 1.947583
v -0.655780 0.038823 1.996723
v -0.662868 0.054086 2.052248
v -0.668435 0.076923 2.118351
v -0.674536 0.127401 2.257025
v -0.676027 0.150242 2.322545
v -0.474894 0.076477 1.712173
v -0.480152 0.061354 1.741293
v -0.483446 0.053776 1.759462
v -0.492287 0.042343 1.810713
v -0.498433 0.044786 1.853382
v -0.503434 0.057019 1.900141
v -0.507289 0.078025 1.954930
v -0.510127 0.106826 2.021975
v -0.512953 0.166704 2.165463
v -0.513582 0.192853 2.233788
v -0.247300 0.083845 1.604817
v -0.249921 0.070873 1.630709
v -0.251495 0.064916 1.646842
v -0.255445 0.059122 1.692805
v -0.257932 0.067004 1.732349
v -0.259774 0.085175 1.777532
v -0.261058 0.112451 1.832591
v -0.261887 0.147654 1.901802
v -0.262532 0.217521 2.052663
v -0.262632 0.247189 2.124983
v -0.124882 0.087244 1.570001
v -0.126191 0.074996 1.594861
v -0.126969 0.069565 1.610378
v -0.128885 0.065537 1.654868
v -0.130055 0.075060 1.693669
v -0.130894 0.094982 1.738606
v -0.131456 0.124072 1.793966
v -0.131797 0.161104 1.864037
v -0.132023 0.233806 2.017459
v -0.132046 0.264473 2.091120
v 0.124882 0.087244 1.570001
v 0.126191 0.074996 1.594861
v 0.126969 0.069565 1.610378
v 0.128885 0.065537 1.654868
v 0.130055 0.075060 1.693669
v 0.130894 0.094982 1.738606
v 0.131456 0.124072 1.793966
v 0.131797 0.161104 1.864037
v 0.132023 0.233806 2.017459
v 0.132046 0.264473 2.091120
v -0.000000 0.270940 2.078564
v -0.000000 0.239916 2.004390
v -0.000000 0.166205 1.849978
v -0.000000 0.128520 1.779560
v 0.000000 0.098778 1.724056
v 0.000000 0.078223 1.679171
v -0.000000 0.068099 1.640611
v -0.000000 0.071470 1.596640
v -0.000000 0.076702 1.581350
v -0.000000 0.088673 1.556876
v 0.247300 0.083845 1.604817
v 0.249921 0.070873 1.630709
v 0.251495 0.064916 1.646842
v 0.255445 0.059122 1.692805
v 0.257932 0.067004 1.732349
v 0.259774 0.085175 1.777532
v 0.261058 0.112451 1.832591
v 0.261887 0.147654 1.901802
v 0.262532 0.217521 2.052663
v 0.262632 0.247189 2.124983
v 0.474894 0.076477 1.712173
v 0.480152 0.061354 1.741293
v 0.483446 0.053776 1.759462
v 0.492287 0.042343 1.810713
v 0.498433 0.044786 1.853382
v 0.503434 0.057019 1.900141
v 0.507289 0.078025 1.954930
v 0.510127 0.106826 2.021975
v 0.512953 0.166704 2.165463
v 0.513582 0.192853 2.233788
v 0.611979 0.075496 1.793494
v 0.619103 0.058870 1.825118
v 0.623765 0.050079 1.845014
v 0.637086 0.034105 1.901341
v 0.647102 0.031883 1.947583
v 0.655780 0.038823 1.996723
v 0.662868 0.054086 2.052248
v 0.668435 0.076923 2.118351
v 0.674536 0.127401 2.257025
v 0.676027 0.150242 2.322545
v 0.724649 0.081091 1.862395
v 0.733669 0.063765 1.895638
v 0.739892 0.054220 1.916884
v 0.758689 0.034631 1.977907
v 0.773539 0.027998 2.027947
v 0.786868 0.029577 2.079847
v 0.798155 0.038843 2.136428
v 0.807567 0.055351 2.202040
v 0.819343 0.095748 2.337596
v 0.822555 0.115016 2.401436
v 0.776809 0.087765 1.892249
v 0.786938 0.070833 1.925406
v 0.794157 0.061346 1.946860
v 0.816451 0.040800 2.009348
v 0.834172 0.032184 2.060854
v 0.850153 0.031037 2.113750
v 0.863847 0.037151 2.170406
v 0.875748 0.050286 2.235487
v 0.892307 0.085236 2.370168
v 0.897186 0.102551 2.434053
v 0.844368 0.105746 1.921807
v 0.857089 0.092812 1.950902
v 0.866303 0.085166 1.970578
v 0.894929 0.065557 2.032147
v 0.917157 0.054888 2.083784
v 0.936930 0.050177 2.136065
v 0.953955 0.051960 2.190519
v 0.969556 0.060452 2.252174
v 0.994647 0.088153 2.379803
v 1.004105 0.104255 2.444965
v 0.962815 0.098376 2.450747
v 0.955559 0.082614 2.385415
v 0.933782 0.052683 2.252795
v 0.919532 0.042463 2.189057
v 0.903727 0.039058 2.133186
v 0.885389 0.042470 2.080184
v 0.864954 0.052495 2.028158
v 0.839015 0.072852 1.965672
v 0.830693 0.081465 1.945013
v 0.819230 0.096802 1.913378
v -0.980909 0.713273 4.055249
v 0.980909 0.713273 4.055249
v -0.982008 0.780752 4.065935
v 0.982008 0.780752 4.065935
v -0.950616 0.904858 4.025858
v 0.950615 0.904858 4.025867
v 0.935770 0.583794 3.936410
v 0.902573 0.608847 3.965250
v 0.787123 0.685740 4.034313
v 0.657614 0.762069 4.084738
v 0.506086 0.838474 4.122974
v 0.387138 0.887762 4.142573
v 0.261698 0.928034 4.156129
v 0.131931 0.955197 4.163999
v -0.000000 0.965161 4.166543
v -0.131931 0.955197 4.163999
v -0.261698 0.928034 4.156129
v -0.387138 0.887762 4.142573
v -0.506086 0.838474 4.122974
v -0.626853 0.778720 4.094012
v -0.734580 0.717920 4.057303
v -0.827261 0.660040 4.013699
v -0.902587 0.608826 3.965213
v -0.935774 0.583795 3.936413
v 0.966250 0.653182 4.020338
v 0.925930 0.689946 4.067662
v 0.797899 0.790917 4.174543
v 0.662704 0.879807 4.247735
v 0.508148 0.963749 4.303296
v 0.388008 1.016322 4.332572
v 0.261956 1.058525 4.353325
v 0.131963 1.086600 4.365682
v -0.000000 1.096793 4.369773
v -0.131963 1.086600 4.365682
v -0.261956 1.058525 4.353325
v -0.388008 1.016322 4.332572
v -0.508148 0.963749 4.303296
v -0.631128 0.898413 4.261092
v -0.742480 0.829258 4.208135
v -0.841055 0.759024 4.143935
v -0.925930 0.689946 4.067662
v -0.966250 0.653182 4.020338
v -0.944211 0.603085 3.965487
v -0.908460 0.633088 4.002373
v -0.830418 0.690424 4.061129
v -0.736329 0.752152 4.112052
v -0.627786 0.815469 4.154535
v -0.506536 0.876902 4.188204
v -0.387328 0.927205 4.211245
v -0.261755 0.968093 4.227361
v -0.131938 0.995563 4.236829
v -0.000000 1.005610 4.239923
v 0.131938 0.995563 4.236829
v 0.261755 0.968093 4.227361
v 0.387328 0.927205 4.211245
v 0.506536 0.876902 4.188204
v 0.658726 0.798234 4.143810
v 0.789549 0.718072 4.085295
v 0.908453 0.633089 4.002373
v 0.944213 0.603065 3.965447
v 0.938306 0.752583 4.106773
v 0.804840 0.861697 4.224864
v 0.666251 0.956719 4.306337
v 0.509591 1.044766 4.368640
v 0.388617 1.098998 4.401742
v 0.262136 1.142073 4.425369
v 0.131986 1.170486 4.439534
v 0.000000 1.180736 4.444253
v -0.131986 1.170486 4.439534
v -0.262136 1.142073 4.425369
v -0.388617 1.098998 4.401742
v -0.509591 1.044766 4.368640
v -0.634119 0.976398 4.321266
v -0.747803 0.902867 4.262201
v -0.849535 0.827270 4.190902
v -0.938306 0.752583 4.106773
v 0.939260 0.819965 4.118011
v 0.805414 0.930702 4.238327
v 0.666554 1.027977 4.322224
v 0.509715 1.117604 4.386964
v 0.388669 1.172306 4.421612
v 0.262152 1.215491 4.446488
v 0.131988 1.243838 4.461491
v 0.000000 1.254025 4.466514
v -0.131988 1.243838 4.461491
v -0.262152 1.215491 4.446488
v -0.388669 1.172306 4.421612
v -0.509715 1.117604 4.386964
v -0.634375 1.048092 4.337687
v -0.748252 0.972835 4.276675
v -0.850223 0.895564 4.203579
v -0.939260 0.819965 4.118011
v -0.983431 0.746288 4.063769
v -0.940504 0.785812 4.115943
v -0.851133 0.861450 4.201455
v -0.748851 0.938345 4.274246
v -0.634718 1.013129 4.334786
v -0.509880 1.082361 4.383512
v -0.388739 1.137009 4.417662
v -0.262173 1.180252 4.442107
v -0.131990 1.208691 4.456805
v 0.000000 1.218925 4.461714
v 0.131990 1.208691 4.456805
v 0.262173 1.180252 4.442107
v 0.388739 1.137009 4.417662
v 0.509880 1.082361 4.383512
v 0.666960 0.993135 4.319463
v 0.806178 0.896449 4.236091
v 0.940504 0.785812 4.115943
v 0.983431 0.746288 4.063769
v 0.968983 0.850257 4.052752
v 0.928195 0.887462 4.102006
v 0.799104 0.994934 4.216405
v 0.663305 1.090726 4.297432
v 0.508392 1.179155 4.360752
v 0.388111 1.233000 4.394936
v 0.261987 1.275439 4.419650
v 0.131967 1.303259 4.434654
v -0.000000 1.313247 4.439708
v -0.131967 1.303259 4.434654
v -0.261987 1.275439 4.419650
v -0.388111 1.233000 4.394936
v -0.508392 1.179155 4.360752
v -0.631634 1.110587 4.312496
v -0.743391 1.036340 4.253293
v -0.842550 0.960568 4.183193
v -0.928195 0.887462 4.102006
v -0.968983 0.850257 4.052752
v -0.976972 0.815768 4.062076
v -0.934924 0.854200 4.113232
v -0.847141 0.928913 4.197435
v -0.746262 1.005754 4.269651
v -0.633245 1.080782 4.330194
v -0.509170 1.150039 4.379286
v -0.388439 1.204455 4.413927
v -0.262084 1.247365 4.438881
v -0.131979 1.275503 4.453978
v 0.000000 1.285608 4.459048
v 0.131979 1.275503 4.453978
v 0.262084 1.247365 4.438881
v 0.388439 1.204455 4.413927
v 0.509170 1.150039 4.379286
v 0.665216 1.060724 4.314826
v 0.802854 0.963815 4.231724
v 0.934924 0.854200 4.113232
v 0.976972 0.815768 4.062076
v 0.935774 0.940708 3.994503
v 0.902587 0.972021 4.027227
v 0.787123 1.069793 4.112048
v 0.657614 1.159840 4.179514
v 0.506086 1.243364 4.234867
v 0.387138 1.294139 4.265310
v 0.261698 1.334110 4.287624
v 0.131931 1.360287 4.301350
v -0.000000 1.369677 4.306028
v -0.131931 1.360287 4.301350
v -0.261698 1.334110 4.287624
v -0.387138 1.294139 4.265310
v -0.506086 1.243364 4.234867
v -0.626853 1.178605 4.192546
v -0.734580 1.108581 4.142147
v -0.827261 1.037847 4.085916
v -0.902573 0.972034 4.027262
v -0.935770 0.940713 3.994502
v -0.944213 0.920613 4.014614
v -0.908453 0.953690 4.054210
v -0.830418 1.021342 4.120639
v -0.736329 1.093335 4.181404
v -0.627786 1.164575 4.234737
v -0.506536 1.230507 4.279083
v -0.387328 1.282254 4.310834
v -0.261755 1.323022 4.334010
v -0.131938 1.349736 4.348210
v -0.000000 1.359324 4.353033
v 0.131938 1.349736 4.348210
v 0.261755 1.323022 4.334010
v 0.387328 1.282254 4.310834
v 0.506536 1.230507 4.279083
v 0.658726 1.145482 4.221021
v 0.789549 1.053866 4.149076
v 0.908460 0.953681 4.054208
v 0.944211 0.920611 4.014646
v -0.913355 0.939053 4.068877
v -0.833224 1.008150 4.140276
v -0.737908 1.081123 4.203852
v -0.628634 1.153194 4.258959
v -0.506945 1.219877 4.304506
v -0.387500 1.272229 4.337022
v -0.261806 1.313482 4.360695
v -0.131944 1.340519 4.375164
v -0.000000 1.350224 4.380067
v 0.131944 1.340519 4.375164
v 0.261806 1.313482 4.360695
v 0.387500 1.272229 4.337022
v 0.506945 1.219877 4.304506
v 0.659737 1.133885 4.244834
v 0.791722 1.041144 4.170152
v 0.913357 0.939050 4.068877
v -0.000000 -0.062750 0.363956
v -0.000000 -0.062750 0.363956
v -0.000000 -0.062750 0.363956
v -0.124480 -0.062750 0.342006
v -0.124480 -0.062750 0.342006
v -0.233946 -0.062750 0.278806
v -0.233946 -0.062750 0.278806
v -0.315195 -0.062750 0.181978
v -0.315195 -0.062750 0.181978
v -0.358426 -0.062750 0.063200
v -0.358426 -0.062750 0.063200
v -0.358426 -0.062750 -0.063200
v -0.358426 -0.062750 -0.063200
v -0.315195 -0.062750 -0.181978
v -0.315195 -0.062750 -0.181978
v -0.233946 -0.062750 -0.278806
v -0.233946 -0.062750 -0.278806
v -0.124480 -0.062750 -0.342006
v -0.124480 -0.062750 -0.342006
v -0.000000 -0.062750 -0.363956
v -0.000000 -0.062750 -0.363956
v 0.124480 -0.062750 -0.342006
v 0.124480 -0.062750 -0.342006
v 0.233946 -0.062750 -0.278806
v 0.233946 -0.062750 -0.278806
v 0.315195 -0.062750 -0.181978
v 0.315195 -0.062750 -0.181978
v 0.358426 -0.062750 -0.063200
v 0.358426 -0.062750 -0.063200
v 0.358426 -0.062750 0.063200
v 0.358426 -0.062750 0.063200
v 0.315195 -0.062750 0.181978
v 0.315195 -0.062750 0.181978
v 0.233946 -0.062750 0.278806
v 0.233946 -0.062750 0.278806
v 0.124480 -0.062750 0.342006
v 0.124480 -0.062750 0.342006
v -0.000000 -0.277022 0.521563
v -0.000000 -0.277022 0.521563
v -0.000000 -0.277022 0.521563
v 0.153733 -0.277022 0.498392
v 0.153733 -0.277022 0.498392
v 0.293807 -0.277022 0.430936
v 0.293807 -0.277022 0.430936
v 0.407774 -0.277022 0.325189
v 0.407774 -0.277022 0.325189
v 0.485509 -0.277022 0.190548
v 0.485509 -0.277022 0.190548
v 0.520105 -0.277022 0.038976
v 0.520105 -0.277022 0.038976
v 0.508486 -0.277022 -0.116059
v 0.508486 -0.277022 -0.116059
v 0.451687 -0.277022 -0.260782
v 0.451687 -0.277022 -0.260782
v 0.354753 -0.277022 -0.382333
v 0.354753 -0.277022 -0.382333
v 0.226298 -0.277022 -0.469912
v 0.226298 -0.277022 -0.469912
v 0.077735 -0.277022 -0.515738
v 0.077735 -0.277022 -0.515738
v -0.077735 -0.277022 -0.515738
v -0.077735 -0.277022 -0.515738
v -0.226298 -0.277022 -0.469912
v -0.226298 -0.277022 -0.469912
v -0.354753 -0.277022 -0.382333
v -0.354753 -0.277022 -0.382333
v -0.451687 -0.277022 -0.260782
v -0.451687 -0.277022 -0.260782
v -0.508487 -0.277022 -0.116059
v -0.508487 -0.277022 -0.116059
v -0.520105 -0.277022 0.038976
v -0.520105 -0.277022 0.038976
v -0.485509 -0.277022 0.190548
v -0.485509 -0.277022 0.190548
v -0.407775 -0.277022 0.325189
v -0.407775 -0.277022 0.325189
v -0.293807 -0.277022 0.430936
v -0.293807 -0.277022 0.430936
v -0.153733 -0.277022 0.498392
v -0.153733 -0.277022 0.498392
v -0.000000 -0.111922 0.356463
v -0.000000 -0.111922 0.356463
v -0.000000 -0.111922 0.356463
v -0.000000 -0.111922 0.356463
v 0.092259 -0.111922 0.344317
v 0.092259 -0.111922 0.344317
v 0.178231 -0.111922 0.308706
v 0.178231 -0.111922 0.308706
v 0.252057 -0.111922 0.252057
v 0.252057 -0.111922 0.252057
v 0.308706 -0.111922 0.178232
v 0.308706 -0.111922 0.178232
v 0.344317 -0.111922 0.092259
v 0.344317 -0.111922 0.092259
v 0.356463 -0.111922 -0.000000
v 0.356463 -0.111922 -0.000000
v 0.344317 -0.111922 -0.092259
v 0.344317 -0.111922 -0.092259
v 0.308706 -0.111922 -0.178232
v 0.308706 -0.111922 -0.178232
v 0.252057 -0.111922 -0.252057
v 0.252057 -0.111922 -0.252057
v 0.178231 -0.111922 -0.308706
v 0.178231 -0.111922 -0.308706
v 0.092259 -0.111922 -0.344317
v 0.092259 -0.111922 -0.344317
v -0.000000 -0.111922 -0.356463
v -0.000000 -0.111922 -0.356463
v -0.092259 -0.111922 -0.344317
v -0.092259 -0.111922 -0.344317
v -0.178232 -0.111922 -0.308706
v -0.178232 -0.111922 -0.308706
v -0.252058 -0.111922 -0.252057
v -0.252058 -0.111922 -0.252057
v -0.308706 -0.111922 -0.178232
v -0.308706 -0.111922 -0.178232
v -0.344317 -0.111922 -0.092259
v -0.344317 -0.111922 -0.092259
v -0.356463 -0.111922 -0.000000
v -0.356463 -0.111922 -0.000000
v -0.344317 -0.111922 0.092259
v -0.344317 -0.111922 0.092259
v -0.308706 -0.111922 0.178232
v -0.308706 -0.111922 0.178232
v -0.252058 -0.111922 0.252057
v -0.252058 -0.111922 0.252057
v -0.178232 -0.111922 0.308706
v -0.178232 -0.111922 0.308706
v -0.092259 -0.111922 0.344317
v -0.092259 -0.111922 0.344317
v -0.000000 -0.254902 0.439013
v -0.000000 -0.254902 0.439013
v -0.000000 -0.194472 0.378582
v -0.000000 -0.194472 0.378582
v 0.113625 -0.254902 0.424054
v 0.097984 -0.194472 0.365682
v 0.219507 -0.254902 0.380197
v 0.189291 -0.194472 0.327862
v 0.310429 -0.254902 0.310429
v 0.267698 -0.194472 0.267698
v 0.380196 -0.254902 0.219507
v 0.327862 -0.194472 0.189291
v 0.424054 -0.254902 0.113625
v 0.365682 -0.194472 0.097984
v 0.439013 -0.254902 -0.000000
v 0.378582 -0.194472 -0.000000
v 0.424054 -0.254902 -0.113625
v 0.365682 -0.194472 -0.097984
v 0.310429 -0.254902 -0.310429
v 0.267698 -0.194472 -0.267698
v 0.327862 -0.194472 -0.189291
v 0.380196 -0.254902 -0.219507
v 0.219507 -0.254902 -0.380197
v 0.189291 -0.194472 -0.327862
v 0.113625 -0.254902 -0.424054
v 0.097984 -0.194472 -0.365682
v -0.000000 -0.254902 -0.439013
v -0.000000 -0.194472 -0.378582
v -0.113625 -0.254902 -0.424054
v -0.097984 -0.194472 -0.365682
v -0.219507 -0.254902 -0.380197
v -0.189291 -0.194472 -0.327862
v -0.310429 -0.254902 -0.310429
v -0.267698 -0.194472 -0.267698
v -0.424054 -0.254902 -0.113625
v -0.365682 -0.194472 -0.097984
v -0.327862 -0.194472 -0.189291
v -0.380197 -0.254902 -0.219507
v -0.439013 -0.254902 -0.000000
v -0.378582 -0.194472 -0.000000
v -0.424054 -0.254902 0.113625
v -0.365682 -0.194472 0.097984
v -0.380197 -0.254902 0.219507
v -0.327862 -0.194472 0.189291
v -0.310429 -0.254902 0.310429
v -0.267698 -0.194472 0.267698
v -0.219507 -0.254902 0.380197
v -0.189291 -0.194472 0.327862
v -0.113625 -0.254902 0.424054
v -0.097984 -0.194472 0.365682
v 0.363077 0.167129 -0.000000
v 0.363077 0.167129 -0.000000
v 0.341181 0.167129 0.124180
v 0.341181 0.167129 0.124180
v 0.278133 0.167129 0.233381
v 0.278133 0.167129 0.233381
v 0.181538 0.167129 0.314434
v 0.181538 0.167129 0.314434
v 0.063048 0.167129 0.357561
v 0.063048 0.167129 0.357561
v -0.063048 0.167129 0.357561
v -0.063048 0.167129 0.357561
v -0.063048 0.167129 0.357561
v -0.181538 0.167129 0.314434
v -0.181538 0.167129 0.314434
v -0.278133 0.167129 0.233381
v -0.278133 0.167129 0.233381
v -0.341181 0.167129 0.124180
v -0.341181 0.167129 0.124180
v -0.363077 0.167129 0.000000
v -0.363077 0.167129 0.000000
v -0.341181 0.167129 -0.124180
v -0.341181 0.167129 -0.124180
v -0.278133 0.167129 -0.233381
v -0.278133 0.167129 -0.233381
v -0.181538 0.167129 -0.314434
v -0.181538 0.167129 -0.314434
v -0.063048 0.167129 -0.357561
v -0.063048 0.167129 -0.357561
v 0.063048 0.167129 -0.357561
v 0.063048 0.167129 -0.357561
v 0.181538 0.167129 -0.314434
v 0.181538 0.167129 -0.314434
v 0.278133 0.167129 -0.233381
v 0.278133 0.167129 -0.233381
v 0.341181 0.167129 -0.124180
v 0.341181 0.167129 -0.124180
v -0.000000 0.050800 -0.381257
v -0.000000 0.050800 -0.381257
v -0.000000 0.050800 -0.381257
v -0.000000 0.050800 -0.381257
v -0.000000 0.050800 -0.381257
v -0.000000 0.050800 -0.381257
v -0.000000 0.050800 -0.381257
v -0.000000 0.050800 -0.381257
v -0.000000 0.050800 -0.381257
v -0.000000 0.050800 -0.381257
v -0.000000 0.050800 -0.381257
v -0.000000 0.050800 -0.381257
v -0.000000 0.050800 -0.381257
v -0.000000 0.050800 -0.381257
v -0.000000 0.050800 -0.381257
v -0.000000 0.050800 0.381257
v -0.000000 0.050800 0.381257
v -0.000000 0.050800 0.381257
v -0.000000 0.050800 0.381257
v -0.000000 0.050800 0.381257
v -0.000000 0.050800 0.381257
v -0.000000 0.050800 0.381257
v -0.000000 0.050800 0.381257
v -0.000000 0.050800 0.381257
v -0.000000 0.050800 0.381257
v -0.000000 0.050800 0.381257
v -0.000000 0.050800 0.381257
v -0.000000 0.050800 0.381257
v -0.330179 0.050800 -0.190629
v -0.330179 0.050800 -0.190629
v -0.330179 0.050800 0.190629
v -0.330179 0.050800 0.190629
v -0.130398 0.050800 -0.358265
v -0.130398 0.050800 -0.358265
v -0.245068 0.050800 -0.292060
v -0.245068 0.050800 -0.292060
v -0.375465 0.050800 -0.066205
v -0.375465 0.050800 -0.066205
v -0.375465 0.050800 0.066205
v -0.375465 0.050800 0.066205
v -0.245068 0.050800 0.292060
v -0.245068 0.050800 0.292060
v -0.130398 0.050800 0.358265
v -0.130398 0.050800 0.358265
v -0.065199 -0.062128 -0.358265
v 0.065199 -0.062128 -0.358265
v 0.099890 0.134618 0.358265
v -0.099890 0.134618 -0.358265
v 0.130398 0.050800 0.358265
v 0.245067 0.050800 0.292060
v 0.330179 0.050800 0.190629
v 0.375465 0.050800 0.066205
v 0.375465 0.050800 -0.066205
v 0.330179 0.050800 -0.190629
v 0.245067 0.050800 -0.292060
v 0.130398 0.050800 -0.358265
v 0.130088 0.059778 -0.358265
v 0.242744 0.084465 -0.292060
v 0.323150 0.118566 -0.190629
v 0.361295 0.152978 -0.066205
v 0.310266 0.163728 0.190629
v 0.230288 0.134618 0.292060
v 0.122534 0.095399 0.358265
v 0.065199 0.163728 0.358265
v -0.065199 0.163728 0.358265
v -0.310266 0.163728 0.190629
v -0.230288 0.134618 0.292060
v -0.122534 0.095399 0.358265
v -0.099890 0.134618 0.358265
v -0.310266 0.163728 -0.190629
v -0.230288 0.134618 -0.292060
v -0.122534 0.095399 -0.358265
v -0.065199 0.163728 -0.358265
v 0.065199 0.163728 -0.358265
v 0.230288 0.134618 -0.292060
v 0.122534 0.095399 -0.358265
v 0.099890 0.134618 -0.358265
v 0.310266 0.163728 -0.190629
v 0.099890 -0.033018 0.358265
v 0.065199 -0.062128 0.358265
v 0.310627 -0.061132 0.190629
v 0.230467 -0.032526 0.292060
v 0.122581 0.006332 0.358265
v 0.310627 -0.061132 -0.190629
v 0.230467 -0.032526 -0.292060
v 0.122581 0.006332 -0.358265
v 0.099890 -0.033018 -0.358265
v -0.099890 -0.033018 -0.358265
v -0.310627 -0.061132 -0.190629
v -0.230467 -0.032526 -0.292060
v -0.122581 0.006332 -0.358265
v -0.358131 -0.061968 0.066205
v -0.321575 -0.024084 0.190629
v -0.242222 0.013566 0.292060
v -0.130019 0.040865 0.358265
v -0.310627 -0.061132 0.190629
v -0.230467 -0.032526 0.292060
v -0.122581 0.006332 0.358265
v -0.099890 -0.033018 0.358265
v -0.065199 -0.062128 0.358265
v 1.143000 -0.277022 -1.066969
v 1.143000 -0.277022 -1.066969
v 1.143000 -0.277022 -1.066969
v -1.143000 -0.277022 -1.066969
v -1.143000 -0.277022 -1.066969
v -1.143000 -0.277022 -1.066969
v -1.143000 -0.277022 1.880032
v -1.143000 -0.277022 1.880032
v -1.143000 -0.277022 1.880032
v 1.143000 -0.277022 1.880032
v 1.143000 -0.277022 1.880032
v 1.143000 -0.277022 1.880032
v 0.350982 0.175954 0.000000
v 0.350982 0.175954 0.000000
v 0.327281 0.175954 0.126789
v 0.327281 0.175954 0.126789
v 0.259379 0.175954 0.236455
v 0.259379 0.175954 0.236455
v 0.156446 0.175954 0.314187
v 0.156446 0.175954 0.314187
v 0.032385 0.175954 0.349485
v 0.032385 0.175954 0.349485
v 0.032385 0.175954 0.349485
v -0.096051 0.175954 0.337584
v -0.096051 0.175954 0.337584
v -0.211514 0.175954 0.280090
v -0.211514 0.175954 0.280090
v -0.298411 0.175954 0.184768
v -0.298411 0.175954 0.184768
v -0.345006 0.175954 0.064493
v -0.345006 0.175954 0.064493
v -0.345006 0.175954 -0.064493
v -0.345006 0.175954 -0.064493
v -0.298411 0.175954 -0.184768
v -0.298411 0.175954 -0.184768
v -0.211514 0.175954 -0.280090
v -0.211514 0.175954 -0.280090
v -0.096051 0.175954 -0.337584
v -0.096051 0.175954 -0.337584
v 0.032385 0.175954 -0.349485
v 0.032385 0.175954 -0.349485
v 0.156446 0.175954 -0.314187
v 0.156446 0.175954 -0.314187
v 0.259379 0.175954 -0.236455
v 0.259379 0.175954 -0.236455
v 0.327281 0.175954 -0.126789
v 0.327281 0.175954 -0.126789
v -0.000000 0.174849 0.356164
v -0.000000 0.174849 0.356164
v -0.000000 0.171726 0.360444
v -0.000000 0.171726 0.360444
v 0.354644 0.174849 0.032863
v 0.358906 0.171726 0.033258
v 0.346684 0.171726 -0.098640
v 0.342567 0.174849 -0.097469
v 0.318825 0.174849 0.158756
v 0.322656 0.171726 0.160663
v 0.239946 0.174849 0.263208
v 0.242829 0.171726 0.266371
v 0.128661 0.174849 0.332113
v 0.130207 0.171726 0.336104
v -0.128661 0.174849 0.332113
v -0.130207 0.171726 0.336104
v -0.239946 0.174849 0.263208
v -0.242829 0.171726 0.266371
v -0.318825 0.174849 0.158756
v -0.322656 0.171726 0.160663
v -0.354645 0.174849 0.032863
v -0.358906 0.171726 0.033258
v -0.342568 0.174849 -0.097469
v -0.346684 0.171726 -0.098640
v -0.284225 0.174849 -0.214637
v -0.287640 0.171726 -0.217216
v -0.187496 0.174849 -0.302817
v -0.189749 0.171726 -0.306455
v -0.065445 0.174849 -0.350099
v -0.066231 0.171726 -0.354306
v 0.065445 0.174849 -0.350099
v 0.066231 0.171726 -0.354306
v 0.187496 0.174849 -0.302817
v 0.189749 0.171726 -0.306455
v 0.284225 0.174849 -0.214637
v 0.287640 0.171726 -0.217216
v 0.241833 0.175954 -0.000000
v 0.241833 0.175954 -0.000000
v 0.217884 0.175954 0.104927
v 0.217884 0.175954 0.104927
v 0.150780 0.175954 0.189072
v 0.150780 0.175954 0.189072
v 0.053813 0.175954 0.235769
v 0.053813 0.175954 0.235769
v -0.053813 0.175954 0.235769
v -0.053813 0.175954 0.235769
v -0.053813 0.175954 0.235769
v -0.150780 0.175954 0.189072
v -0.150780 0.175954 0.189072
v -0.217884 0.175954 0.104927
v -0.217884 0.175954 0.104927
v -0.241833 0.175954 0.000000
v -0.241833 0.175954 0.000000
v -0.217884 0.175954 -0.104927
v -0.217884 0.175954 -0.104927
v -0.150780 0.175954 -0.189072
v -0.150780 0.175954 -0.189072
v -0.053813 0.175954 -0.235769
v -0.053813 0.175954 -0.235769
v 0.053813 0.175954 -0.235769
v 0.053813 0.175954 -0.235769
v 0.150780 0.175954 -0.189072
v 0.150780 0.175954 -0.189072
v 0.217884 0.175954 -0.104927
v 0.217884 0.175954 -0.104927
v 0.230317 0.157899 0.000000
v 0.230317 0.157899 0.000000
v 0.207508 0.157899 0.099931
v 0.207508 0.157899 0.099931
v 0.143600 0.157899 0.180069
v 0.143600 0.157899 0.180069
v 0.051250 0.157899 0.224542
v 0.051250 0.157899 0.224542
v 0.051250 0.157899 0.224542
v -0.051250 0.157899 0.224542
v -0.051250 0.157899 0.224542
v -0.143600 0.157899 0.180069
v -0.143600 0.157899 0.180069
v -0.207508 0.157899 0.099931
v -0.207508 0.157899 0.099931
v -0.230317 0.157899 0.000000
v -0.230317 0.157899 0.000000
v -0.207508 0.157899 -0.099931
v -0.207508 0.157899 -0.099931
v -0.143600 0.157899 -0.180069
v -0.143600 0.157899 -0.180069
v -0.051250 0.157899 -0.224542
v -0.051250 0.157899 -0.224542
v 0.051250 0.157899 -0.224542
v 0.051250 0.157899 -0.224542
v 0.143600 0.157899 -0.180069
v 0.143600 0.157899 -0.180069
v 0.207508 0.157899 -0.099931
v 0.207508 0.157899 -0.099931
v -0.000000 0.163254 0.229133
v -0.000000 0.163254 0.229133
v -0.000000 0.163254 0.229133
v -0.000000 0.163254 0.229133
v 0.093197 0.163254 0.209323
v 0.093197 0.163254 0.209323
v 0.170279 0.163254 0.153320
v 0.170279 0.163254 0.153320
v 0.217918 0.163254 0.070806
v 0.217918 0.163254 0.070806
v 0.227877 0.163254 -0.023951
v 0.227877 0.163254 -0.023951
v 0.198435 0.163254 -0.114566
v 0.198435 0.163254 -0.114566
v 0.134681 0.163254 -0.185372
v 0.134681 0.163254 -0.185372
v 0.047639 0.163254 -0.224125
v 0.047639 0.163254 -0.224125
v -0.047639 0.163254 -0.224125
v -0.047639 0.163254 -0.224125
v -0.134681 0.163254 -0.185372
v -0.134681 0.163254 -0.185372
v -0.198435 0.163254 -0.114566
v -0.198435 0.163254 -0.114566
v -0.227877 0.163254 -0.023951
v -0.227877 0.163254 -0.023951
v -0.217918 0.163254 0.070806
v -0.217918 0.163254 0.070806
v -0.170279 0.163254 0.153320
v -0.170279 0.163254 0.153320
v -0.093197 0.163254 0.209323
v -0.093197 0.163254 0.209323
v -0.000000 0.174253 0.235483
v -0.000000 0.174253 0.235483
v -0.000000 0.169604 0.230834
v -0.000000 0.169604 0.230834
v 0.048960 0.174253 -0.230337
v 0.234193 0.174253 -0.024615
v 0.229569 0.169604 -0.024129
v 0.219536 0.169604 0.071332
v 0.223957 0.174253 0.072768
v 0.203934 0.174253 -0.117741
v 0.199908 0.169604 -0.115417
v 0.138413 0.174253 -0.190509
v 0.135681 0.169604 -0.186749
v 0.047993 0.169604 -0.225790
v -0.138413 0.174253 -0.190509
v -0.135681 0.169604 -0.186749
v -0.047993 0.169604 -0.225790
v -0.048960 0.174253 -0.230337
v -0.203934 0.174253 -0.117741
v -0.199908 0.169604 -0.115417
v -0.234193 0.174253 -0.024615
v -0.229570 0.169604 -0.024129
v -0.223957 0.174253 0.072768
v -0.219536 0.169604 0.071332
v -0.174998 0.174253 0.157569
v -0.171543 0.169604 0.154458
v -0.095779 0.174253 0.215124
v -0.093889 0.169604 0.210877
v 0.095779 0.174253 0.215124
v 0.093889 0.169604 0.210877
v 0.174998 0.174253 0.157569
v 0.171543 0.169604 0.154458
v -0.000000 0.050800 0.254000
v -0.000000 0.050800 0.254000
v -0.000000 0.050800 0.254000
v -0.000000 0.050800 0.254000
v -0.000000 0.050800 0.254000
v -0.000000 0.050800 0.254000
v -0.000000 0.050800 0.254000
v -0.000000 0.050800 0.254000
v -0.000000 0.050800 0.254000
v -0.000000 0.050800 0.254000
v -0.000000 0.050800 0.254000
v -0.000000 0.050800 0.254000
v -0.000000 0.050800 0.254000
v -0.000000 0.050800 0.254000
v -0.000000 0.050800 -0.254000
v -0.000000 0.050800 -0.254000
v -0.000000 0.050800 -0.254000
v -0.000000 0.050800 -0.254000
v -0.000000 0.050800 -0.254000
v -0.000000 0.050800 -0.254000
v -0.000000 0.050800 -0.254000
v -0.000000 0.050800 -0.254000
v -0.000000 0.050800 -0.254000
v -0.000000 0.050800 -0.254000
v -0.000000 0.050800 -0.254000
v -0.000000 0.050800 -0.254000
v -0.000000 0.050800 -0.254000
v -0.000000 0.050800 -0.254000
v -0.219971 0.050800 0.127000
v -0.219971 0.050800 0.127000
v -0.219971 0.050800 -0.127000
v -0.219971 0.050800 -0.127000
v -0.097202 0.050800 0.234665
v -0.097202 0.050800 0.234665
v -0.179605 0.050800 0.179605
v -0.179605 0.050800 0.179605
v -0.234665 0.050800 0.097202
v -0.234665 0.050800 0.097202
v -0.254000 0.050800 0.000000
v -0.254000 0.050800 0.000000
v -0.234665 0.050800 -0.097202
v -0.234665 0.050800 -0.097202
v -0.179605 0.050800 -0.179605
v -0.179605 0.050800 -0.179605
v -0.097202 0.050800 -0.234665
v -0.097202 0.050800 -0.234665
v 0.010160 0.147469 0.234665
v 0.010160 0.147469 -0.234665
v 0.095077 0.071009 -0.234665
v 0.175680 0.088142 -0.179605
v 0.229537 0.099590 -0.097202
v 0.248449 0.103610 0.000000
v 0.229537 0.099590 0.097202
v 0.175680 0.088142 0.179605
v 0.095077 0.071009 0.234665
v 0.093786 0.076342 0.234665
v 0.170354 0.107699 0.179605
v 0.218029 0.137582 0.097202
v 0.145304 0.156369 -0.179605
v 0.078638 0.107934 -0.234665
v 0.048601 0.134979 -0.234665
v -0.065041 0.123035 -0.234665
v -0.030037 0.143244 -0.234665
v -0.088798 0.090335 0.234665
v -0.164078 0.123852 0.179605
v -0.214378 0.146247 0.097202
v -0.232041 0.154111 0.000000
v -0.214378 0.146247 -0.097202
v -0.164078 0.123852 -0.179605
v -0.088798 0.090335 -0.234665
v -0.065041 0.123035 0.234665
v -0.030037 0.143244 0.234665
v 0.048601 0.134979 0.234665
v 0.145304 0.156369 0.179605
v 0.078638 0.107934 0.234665
v -0.088798 0.011265 0.234665
v -0.164078 -0.022252 0.179605
v -0.214378 -0.044647 0.097202
v -0.232041 -0.052511 0.000000
v -0.214378 -0.044647 -0.097202
v -0.164078 -0.022252 -0.179605
v -0.088798 0.011265 -0.234665
v 0.078638 -0.006334 0.234665
v 0.145304 -0.054769 0.179605
v 0.189848 -0.087133 0.097202
v 0.205490 -0.098497 0.000000
v 0.189848 -0.087133 -0.097202
v 0.145304 -0.054769 -0.179605
v 0.078638 -0.006334 -0.234665
v 0.048601 -0.033379 -0.234665
v 0.089803 -0.104743 -0.179605
v 0.117333 -0.152426 -0.097202
v 0.127000 -0.169170 0.000000
v 0.117333 -0.152426 0.097202
v 0.089803 -0.104743 0.179605
v 0.048601 -0.033379 0.234665
v 0.010160 -0.045869 -0.234665
v 0.018774 -0.127821 -0.179605
v 0.024529 -0.182580 -0.097202
v 0.026550 -0.201809 0.000000
v 0.024529 -0.182580 0.097202
v 0.018774 -0.127821 0.179605
v 0.010160 -0.045869 0.234665
v 0.095077 0.030591 -0.234665
v 0.175680 0.013458 -0.179605
v 0.229537 0.002010 -0.097202
v 0.248449 -0.002010 0.000000
v 0.229537 0.002010 0.097202
v 0.175680 0.013458 0.179605
v 0.095077 0.030591 0.234665
v -0.030037 -0.041644 -0.234665
v -0.055501 -0.120015 -0.179605
v -0.072516 -0.172380 -0.097202
v -0.078490 -0.190768 0.000000
v -0.072516 -0.172380 0.097202
v -0.055501 -0.120015 0.179605
v -0.030037 -0.041644 0.234665
v -0.065041 -0.021435 -0.234665
v -0.120179 -0.082673 -0.179605
v -0.157022 -0.123590 -0.097202
v -0.169959 -0.137959 0.000000
v -0.157022 -0.123590 0.097202
v -0.120179 -0.082673 0.179605
v -0.065041 -0.021435 0.234665
v 1.777874 0.507947 -1.522826
v 1.777874 0.507947 -1.522826
v 1.777874 0.507947 -1.522826
v 1.777874 0.377239 -1.545892
v 1.777874 0.377239 -1.545892
v 1.777874 0.262303 -1.612271
v 1.777874 0.262303 -1.612271
v 1.777874 0.177001 -1.713959
v 1.777874 0.177001 -1.713959
v 1.777874 0.131623 -1.838688
v 1.777874 0.131623 -1.838688
v 1.777874 0.131641 -1.971416
v 1.777874 0.131641 -1.971416
v 1.777874 0.177054 -2.096133
v 1.777874 0.177054 -2.096133
v 1.777874 0.262383 -2.197796
v 1.777874 0.262383 -2.197796
v 1.777874 0.377338 -2.264144
v 1.777874 0.377338 -2.264144
v 1.777874 0.508053 -2.287174
v 1.777874 0.508053 -2.287174
v 1.777874 0.508053 -2.287174
v 1.777874 0.638761 -2.264108
v 1.777874 0.638761 -2.264108
v 1.777874 0.753697 -2.197729
v 1.777874 0.753697 -2.197729
v 1.777874 0.838999 -2.096042
v 1.777874 0.838999 -2.096042
v 1.777874 0.884377 -1.971312
v 1.777874 0.884377 -1.971312
v 1.777874 0.884359 -1.838584
v 1.777874 0.884359 -1.838584
v 1.777874 0.838946 -1.713867
v 1.777874 0.838946 -1.713867
v 1.777874 0.753617 -1.612204
v 1.777874 0.753617 -1.612204
v 1.777874 0.638662 -1.545856
v 1.777874 0.638662 -1.545856
v 1.143126 0.507947 -1.522826
v 1.143126 0.507947 -1.522826
v 1.143126 0.507947 -1.522826
v 1.143126 0.638662 -1.545856
v 1.143126 0.638662 -1.545856
v 1.143126 0.638662 -1.545856
v 1.143126 0.753617 -1.612204
v 1.143126 0.753617 -1.612204
v 1.143126 0.838946 -1.713867
v 1.143126 0.838946 -1.713867
v 1.143126 0.884359 -1.838584
v 1.143126 0.884359 -1.838584
v 1.143126 0.884377 -1.971312
v 1.143126 0.884377 -1.971312
v 1.143126 0.838999 -2.096042
v 1.143126 0.838999 -2.096042
v 1.143126 0.753697 -2.197729
v 1.143126 0.753697 -2.197729
v 1.143126 0.638761 -2.264108
v 1.143126 0.638761 -2.264108
v 1.143126 0.508053 -2.287174
v 1.143126 0.508053 -2.287174
v 1.143126 0.377338 -2.264144
v 1.143126 0.377338 -2.264144
v 1.143126 0.262383 -2.197796
v 1.143126 0.262383 -2.197796
v 1.143126 0.177054 -2.096133
v 1.143126 0.177054 -2.096133
v 1.143126 0.131641 -1.971416
v 1.143126 0.131641 -1.971416
v 1.143126 0.131623 -1.838688
v 1.143126 0.131623 -1.838688
v 1.143126 0.177001 -1.713959
v 1.143126 0.177001 -1.713959
v 1.143126 0.262303 -1.612271
v 1.143126 0.262303 -1.612271
v 1.143126 0.377239 -1.545892
v 1.143126 0.377239 -1.545892
v -1.143126 0.507947 -1.522826
v -1.143126 0.507947 -1.522826
v -1.143126 0.507947 -1.522826
v -1.143126 0.377239 -1.545892
v -1.143126 0.377239 -1.545892
v -1.143126 0.262303 -1.612271
v -1.143126 0.262303 -1.612271
v -1.143126 0.177001 -1.713959
v -1.143126 0.177001 -1.713959
v -1.143126 0.131623 -1.838688
v -1.143126 0.131623 -1.838688
v -1.143126 0.131641 -1.971416
v -1.143126 0.131641 -1.971416
v -1.143126 0.177054 -2.096133
v -1.143126 0.177054 -2.096133
v -1.143126 0.262383 -2.197796
v -1.143126 0.262383 -2.197796
v -1.143126 0.377338 -2.264144
v -1.143126 0.377338 -2.264144
v -1.143126 0.508053 -2.287174
v -1.143126 0.508053 -2.287174
v -1.143126 0.508053 -2.287174
v -1.143126 0.638761 -2.264108
v -1.143126 0.638761 -2.264108
v -1.143126 0.753697 -2.197729
v -1.143126 0.753697 -2.197729
v -1.143126 0.838999 -2.096042
v -1.143126 0.838999 -2.096042
v -1.143126 0.884377 -1.971312
v -1.143126 0.884377 -1.971312
v -1.143126 0.884359 -1.838584
v -1.143126 0.884359 -1.838584
v -1.143126 0.838946 -1.713867
v -1.143126 0.838946 -1.713867
v -1.143126 0.753617 -1.612204
v -1.143126 0.753617 -1.612204
v -1.143126 0.638662 -1.545856
v -1.143126 0.638662 -1.545856
v -1.777874 0.507947 -1.522826
v -1.777874 0.507947 -1.522826
v -1.777874 0.507947 -1.522826
v -1.777874 0.638662 -1.545856
v -1.777874 0.638662 -1.545856
v -1.777874 0.638662 -1.545856
v -1.777874 0.753617 -1.612204
v -1.777874 0.753617 -1.612204
v -1.777874 0.838946 -1.713867
v -1.777874 0.838946 -1.713867
v -1.777874 0.884359 -1.838584
v -1.777874 0.884359 -1.838584
v -1.777874 0.884377 -1.971312
v -1.777874 0.884377 -1.971312
v -1.777874 0.838999 -2.096042
v -1.777874 0.838999 -2.096042
v -1.777874 0.753697 -2.197729
v -1.777874 0.753697 -2.197729
v -1.777874 0.638761 -2.264108
v -1.777874 0.638761 -2.264108
v -1.777874 0.508053 -2.287174
v -1.777874 0.508053 -2.287174
v -1.777874 0.377338 -2.264144
v -1.777874 0.377338 -2.264144
v -1.777874 0.262383 -2.197796
v -1.777874 0.262383 -2.197796
v -1.777874 0.177054 -2.096133
v -1.777874 0.177054 -2.096133
v -1.777874 0.131641 -1.971416
v -1.777874 0.131641 -1.971416
v -1.777874 0.131623 -1.838688
v -1.777874 0.131623 -1.838688
v -1.777874 0.177001 -1.713959
v -1.777874 0.177001 -1.713959
v -1.777874 0.262303 -1.612271
v -1.777874 0.262303 -1.612271
v -1.777874 0.377239 -1.545892
v -1.777874 0.377239 -1.545892
v -1.143000 0.508000 -1.519726
v -1.143000 0.508000 -1.519726
v -1.143000 0.376229 -1.542961
v -1.143000 0.376229 -1.542961
v -1.143000 0.260351 -1.609863
v -1.143000 0.260351 -1.609863
v -1.143000 0.174343 -1.712363
v -1.143000 0.174343 -1.712363
v -1.143000 0.128579 -1.838098
v -1.143000 0.128579 -1.838098
v -1.143000 0.128579 -1.971902
v -1.143000 0.128579 -1.971902
v -1.143000 0.174343 -2.097637
v -1.143000 0.174343 -2.097637
v -1.143000 0.260351 -2.200137
v -1.143000 0.260351 -2.200137
v -1.143000 0.376229 -2.267039
v -1.143000 0.376229 -2.267039
v -1.143000 0.508000 -2.290274
v -1.143000 0.508000 -2.290274
v -1.143000 0.508000 -2.290274
v -1.143000 0.639772 -2.267039
v -1.143000 0.639772 -2.267039
v -1.143000 0.755649 -2.200137
v -1.143000 0.755649 -2.200137
v -1.143000 0.841657 -2.097637
v -1.143000 0.841657 -2.097637
v -1.143000 0.887421 -1.971902
v -1.143000 0.887421 -1.971902
v -1.143000 0.887421 -1.838098
v -1.143000 0.887421 -1.838098
v -1.143000 0.841657 -1.712363
v -1.143000 0.841657 -1.712363
v -1.143000 0.755649 -1.609863
v -1.143000 0.755649 -1.609863
v -1.143000 0.639772 -1.542961
v -1.143000 0.639772 -1.542961
v -1.143000 -0.427022 -1.216969
v -1.143000 -0.427022 -1.216969
v -1.143000 -0.427022 -1.216969
v -1.143000 -0.635000 -1.216969
v -1.143000 -0.635000 -1.216969
v -1.143000 -0.635000 -1.216969
v -1.143000 -0.635000 -2.413000
v -1.143000 -0.635000 -2.413000
v -1.143000 -0.635000 -2.413000
v -1.143000 0.496861 -2.413000
v -1.143000 0.496861 -2.413000
v -1.143000 0.496861 -2.413000
v -1.143000 0.648784 -2.393229
v -1.143000 0.648784 -2.393229
v -1.143000 0.787908 -2.329075
v -1.143000 0.787908 -2.329075
v -1.143000 0.901586 -2.226368
v -1.143000 0.901586 -2.226368
v -1.143000 0.979485 -2.094447
v -1.143000 0.979485 -2.094447
v -1.143000 1.014521 -1.945303
v -1.143000 1.014521 -1.945303
v -1.143000 1.003511 -1.792496
v -1.143000 1.003511 -1.792496
v -1.143000 0.947454 -1.649916
v -1.143000 0.947454 -1.649916
v -1.143000 0.851448 -1.530525
v -1.143000 0.851448 -1.530525
v -1.143000 0.724219 -1.445177
v -1.143000 0.724219 -1.445177
v -1.143000 0.577335 -1.401631
v -1.143000 0.577335 -1.401631
v -1.143000 0.577335 -1.401631
v -1.143000 0.488857 -1.380017
v -1.143000 0.488857 -1.380017
v -1.143000 0.406655 -1.340812
v -1.143000 0.406655 -1.340812
v -1.143000 0.334164 -1.285675
v -1.143000 0.334164 -1.285675
v -1.143000 0.274394 -1.216969
v -1.143000 0.274394 -1.216969
v -1.143000 0.230004 -1.137455
v -1.143000 0.230004 -1.137455
v -1.143000 0.202594 -1.050606
v -1.143000 0.202594 -1.050606
v -1.143000 0.193498 -0.959996
v -1.143000 0.193498 -0.959996
v -1.143000 0.203084 -0.869427
v -1.143000 0.203084 -0.869427
v -1.143000 0.203084 -0.869427
v -1.143000 0.271537 -0.512862
v -1.143000 0.271537 -0.512862
v -1.143000 0.329423 -0.149719
v -1.143000 0.329423 -0.149719
v -1.143000 0.371082 0.207039
v -1.143000 0.371082 0.207039
v -1.143000 0.378484 0.384318
v -1.143000 0.378484 0.384318
v -1.143000 0.369111 0.561467
v -1.143000 0.369111 0.561467
v -1.143000 0.335110 0.736791
v -1.143000 0.335110 0.736791
v -1.143000 0.272149 0.905885
v -1.143000 0.272149 0.905885
v -1.143000 0.087553 1.224731
v -1.143000 0.087553 1.224731
v -1.143000 -0.004385 1.386892
v -1.143000 -0.004385 1.386892
v -1.143000 -0.078947 1.557099
v -1.143000 -0.078947 1.557099
v -1.143000 -0.127790 1.733754
v -1.143000 -0.127790 1.733754
v -1.143000 -0.150243 1.910531
v -1.143000 -0.150243 1.910531
v -1.143000 -0.161962 1.956781
v -1.143000 -0.161962 1.956781
v -1.143000 -0.189912 1.995448
v -1.143000 -0.189912 1.995448
v -1.143000 -0.230193 2.020982
v -1.143000 -0.230193 2.020982
v -1.143000 -0.277022 2.030032
v -1.143000 -0.277022 2.030032
v -1.143000 -0.277022 2.030032
v -1.143000 -0.427022 2.030032
v -1.143000 -0.427022 2.030032
v -1.143000 -0.427022 2.030032
v -1.143000 -0.427022 2.030032
v -1.143000 -0.352022 2.009936
v -1.143000 -0.352022 2.009936
v -1.143000 -0.297118 1.955032
v -1.143000 -0.297118 1.955032
v -1.143000 -0.297118 -1.141969
v -1.143000 -0.297118 -1.141969
v -1.143000 -0.352022 -1.196873
v -1.143000 -0.352022 -1.196873
v -1.778000 0.508000 -1.519726
v -1.778000 0.508000 -1.519726
v -1.778000 0.639772 -1.542961
v -1.778000 0.639772 -1.542961
v -1.778000 0.639772 -1.542961
v -1.778000 0.755649 -1.609863
v -1.778000 0.755649 -1.609863
v -1.778000 0.841657 -1.712363
v -1.778000 0.841657 -1.712363
v -1.778000 0.887421 -1.838098
v -1.778000 0.887421 -1.838098
v -1.778000 0.887421 -1.971902
v -1.778000 0.887421 -1.971902
v -1.778000 0.841657 -2.097637
v -1.778000 0.841657 -2.097637
v -1.778000 0.755649 -2.200137
v -1.778000 0.755649 -2.200137
v -1.778000 0.639772 -2.267039
v -1.778000 0.639772 -2.267039
v -1.778000 0.508000 -2.290274
v -1.778000 0.508000 -2.290274
v -1.778000 0.376229 -2.267039
v -1.778000 0.376229 -2.267039
v -1.778000 0.260351 -2.200137
v -1.778000 0.260351 -2.200137
v -1.778000 0.174343 -2.097637
v -1.778000 0.174343 -2.097637
v -1.778000 0.128579 -1.971902
v -1.778000 0.128579 -1.971902
v -1.778000 0.128579 -1.838098
v -1.778000 0.128579 -1.838098
v -1.778000 0.174343 -1.712363
v -1.778000 0.174343 -1.712363
v -1.778000 0.260351 -1.609863
v -1.778000 0.260351 -1.609863
v -1.778000 0.376229 -1.542961
v -1.778000 0.376229 -1.542961
v -1.778000 -0.635000 2.030032
v -1.778000 -0.635000 2.030032
v -1.778000 -0.635000 2.030032
v -1.778000 -0.277022 2.030032
v -1.778000 -0.277022 2.030032
v -1.778000 -0.277022 2.030032
v -1.778000 -0.230171 2.021035
v -1.778000 -0.230171 2.021035
v -1.778000 -0.189916 1.995443
v -1.778000 -0.189916 1.995443
v -1.778000 -0.161960 1.956782
v -1.778000 -0.161960 1.956782
v -1.778000 -0.150243 1.910531
v -1.778000 -0.150243 1.910531
v -1.778000 -0.127790 1.733754
v -1.778000 -0.127790 1.733754
v -1.778000 -0.078947 1.557099
v -1.778000 -0.078947 1.557099
v -1.778000 -0.004385 1.386892
v -1.778000 -0.004385 1.386892
v -1.778000 0.087553 1.224731
v -1.778000 0.087553 1.224731
v -1.778000 0.272149 0.905885
v -1.778000 0.272149 0.905885
v -1.778000 0.335110 0.736791
v -1.778000 0.335110 0.736791
v -1.778000 0.369111 0.561467
v -1.778000 0.369111 0.561467
v -1.778000 0.378484 0.384318
v -1.778000 0.378484 0.384318
v -1.778000 0.371082 0.207039
v -1.778000 0.371082 0.207039
v -1.778000 0.329423 -0.149719
v -1.778000 0.329423 -0.149719
v -1.778000 0.271537 -0.512862
v -1.778000 0.271537 -0.512862
v -1.778000 0.203084 -0.869427
v -1.778000 0.203084 -0.869427
v -1.778000 0.203084 -0.869427
v -1.778000 0.193490 -0.959996
v -1.778000 0.193490 -0.959996
v -1.778000 0.202635 -1.050599
v -1.778000 0.202635 -1.050599
v -1.778000 0.229944 -1.137482
v -1.778000 0.229944 -1.137482
v -1.778000 0.274398 -1.216963
v -1.778000 0.274398 -1.216963
v -1.778000 0.334148 -1.285702
v -1.778000 0.334148 -1.285702
v -1.778000 0.406642 -1.340831
v -1.778000 0.406642 -1.340831
v -1.778000 0.488856 -1.380024
v -1.778000 0.488856 -1.380024
v -1.778000 0.577335 -1.401631
v -1.778000 0.577335 -1.401631
v -1.778000 0.577335 -1.401631
v -1.778000 0.724219 -1.445177
v -1.778000 0.724219 -1.445177
v -1.778000 0.851448 -1.530525
v -1.778000 0.851448 -1.530525
v -1.778000 0.947454 -1.649916
v -1.778000 0.947454 -1.649916
v -1.778000 1.003511 -1.792496
v -1.778000 1.003511 -1.792496
v -1.778000 1.014521 -1.945303
v -1.778000 1.014521 -1.945303
v -1.778000 0.979485 -2.094447
v -1.778000 0.979485 -2.094447
v -1.778000 0.901586 -2.226368
v -1.778000 0.901586 -2.226368
v -1.778000 0.787908 -2.329075
v -1.778000 0.787908 -2.329075
v -1.778000 0.648784 -2.393229
v -1.778000 0.648784 -2.393229
v -1.778000 0.496861 -2.413000
v -1.778000 0.496861 -2.413000
v -1.778000 0.496861 -2.413000
v -1.778000 -0.635000 -2.413000
v -1.778000 -0.635000 -2.413000
v -1.778000 -0.635000 -2.413000
v -1.651000 0.495546 -2.540000
v -1.651000 0.495546 -2.540000
v -1.651000 0.495546 -2.540000
v -1.651000 0.495546 -2.540000
v -1.651000 -0.635000 -2.540000
v -1.651000 -0.635000 -2.540000
v -1.651000 -0.635000 -2.540000
v -1.714500 -0.635000 -2.522985
v -1.714500 -0.635000 -2.522985
v -1.760985 -0.635000 -2.476500
v -1.760985 -0.635000 -2.476500
v -1.777988 0.496842 -2.414737
v -1.777988 0.496842 -2.414737
v -1.767828 0.496328 -2.462801
v -1.767828 0.496328 -2.462801
v -1.740187 0.495910 -2.503414
v -1.740187 0.495910 -2.503414
v -1.699200 0.495640 -2.530498
v -1.699200 0.495640 -2.530498
v -1.760985 0.585999 -1.338725
v -1.760985 0.585999 -1.338725
v -1.714500 0.592343 -1.292674
v -1.714500 0.592343 -1.292674
v -1.651000 0.594664 -1.275819
v -1.651000 0.594664 -1.275819
v -1.651000 0.594664 -1.275819
v -1.651000 0.594664 -1.275819
v -1.651000 0.762224 -1.322978
v -1.651000 0.762224 -1.322978
v -1.651000 0.910688 -1.413856
v -1.651000 0.910688 -1.413856
v -1.651000 1.028903 -1.541627
v -1.651000 1.028903 -1.541627
v -1.651000 1.107990 -1.696694
v -1.651000 1.107990 -1.696694
v -1.651000 1.142009 -1.867407
v -1.651000 1.142009 -1.867407
v -1.651000 1.128402 -2.040945
v -1.651000 1.128402 -2.040945
v -1.651000 1.068194 -2.204270
v -1.651000 1.068194 -2.204270
v -1.651000 0.965906 -2.345116
v -1.651000 0.965906 -2.345116
v -1.651000 0.829222 -2.452902
v -1.651000 0.829222 -2.452902
v -1.651000 0.668409 -2.519531
v -1.651000 0.668409 -2.519531
v -1.760985 0.651595 -2.458292
v -1.714500 0.663692 -2.503178
v -1.760985 0.796483 -2.398487
v -1.714500 0.820280 -2.438421
v -1.760985 0.919679 -2.301575
v -1.714500 0.953398 -2.333575
v -1.760985 1.011921 -2.174844
v -1.714500 1.053043 -2.196521
v -1.760985 1.066271 -2.027823
v -1.714500 1.111726 -2.037557
v -1.760985 1.078643 -1.871566
v -1.714500 1.125036 -1.868631
v -1.760985 1.048108 -1.717823
v -1.714500 1.091974 -1.702438
v -1.760985 0.976961 -1.578155
v -1.714500 1.015023 -1.551469
v -1.760985 0.870551 -1.463063
v -1.714500 0.899967 -1.427069
v -1.760985 0.736880 -1.381201
v -1.714500 0.755453 -1.338587
v -1.760985 0.265213 -0.882550
v -1.760985 0.265213 -0.882550
v -1.714500 0.310695 -0.892157
v -1.714500 0.310695 -0.892157
v -1.651000 0.327342 -0.895673
v -1.651000 0.327342 -0.895673
v -1.651000 0.327342 -0.895673
v -1.651000 0.327342 -0.895673
v -1.651000 0.320489 -0.960365
v -1.651000 0.320489 -0.960365
v -1.651000 0.327021 -1.025082
v -1.651000 0.327021 -1.025082
v -1.651000 0.346528 -1.087141
v -1.651000 0.346528 -1.087141
v -1.651000 0.378281 -1.143913
v -1.651000 0.378281 -1.143913
v -1.651000 0.420960 -1.193013
v -1.651000 0.420960 -1.193013
v -1.651000 0.472741 -1.232390
v -1.651000 0.472741 -1.232390
v -1.651000 0.531465 -1.260385
v -1.651000 0.531465 -1.260385
v -1.700158 0.310576 -0.960337
v -1.714500 0.303475 -0.960315
v -1.752112 0.270310 -0.960219
v -1.773954 0.225191 -0.960088
v -1.700158 0.317291 -1.027102
v -1.714500 0.310357 -1.028500
v -1.752112 0.277880 -1.035157
v -1.773954 0.233682 -1.044232
v -1.700158 0.337398 -1.091036
v -1.714500 0.330909 -1.093885
v -1.752112 0.300472 -1.107040
v -1.773954 0.259043 -1.124913
v -1.700158 0.370184 -1.149647
v -1.714500 0.364363 -1.153700
v -1.752112 0.337232 -1.172768
v -1.773954 0.300330 -1.198732
v -1.700158 0.414153 -1.200235
v -1.714500 0.409329 -1.205431
v -1.752112 0.386667 -1.229639
v -1.773954 0.355815 -1.262564
v -1.700158 0.467596 -1.240873
v -1.714500 0.463886 -1.246918
v -1.752112 0.446621 -1.275232
v -1.773954 0.423143 -1.313764
v -1.700158 0.528131 -1.269722
v -1.714500 0.525756 -1.276414
v -1.752112 0.514631 -1.307657
v -1.773954 0.499491 -1.350160
v -1.760985 -0.086854 1.914281
v -1.760985 -0.086854 1.914281
v -1.714500 -0.040450 1.917026
v -1.714500 -0.040450 1.917026
v -1.651000 -0.023465 1.918030
v -1.651000 -0.023465 1.918030
v -1.651000 -0.023465 1.918030
v -1.651000 -0.023465 1.918030
v -1.651000 -0.003220 1.758477
v -1.651000 -0.003220 1.758477
v -1.651000 0.040660 1.599791
v -1.651000 0.040660 1.599791
v -1.651000 0.108715 1.444651
v -1.651000 0.108715 1.444651
v -1.651000 0.195910 1.290993
v -1.651000 0.195910 1.290993
v -1.651000 0.293710 1.132135
v -1.651000 0.293710 1.132135
v -1.651000 0.387163 0.959762
v -1.651000 0.387163 0.959762
v -1.651000 0.457254 0.771100
v -1.651000 0.457254 0.771100
v -1.651000 0.495293 0.575852
v -1.651000 0.495293 0.575852
v -1.651000 0.505529 0.384190
v -1.651000 0.505529 0.384190
v -1.651000 0.497722 0.197476
v -1.651000 0.497722 0.197476
v -1.651000 0.455112 -0.167925
v -1.651000 0.455112 -0.167925
v -1.651000 0.396604 -0.535004
v -1.651000 0.396604 -0.535004
v -1.700182 -0.015852 1.771674
v -1.714500 -0.022823 1.770375
v -1.752128 -0.055457 1.764353
v -1.773967 -0.099857 1.756169
v -1.700182 0.021084 1.626431
v -1.714500 0.014347 1.624223
v -1.752128 -0.017197 1.613926
v -1.773967 -0.060118 1.599923
v -1.700182 0.080200 1.479706
v -1.714500 0.073780 1.476703
v -1.752128 0.043793 1.462495
v -1.773967 0.003005 1.443140
v -1.700182 0.157527 1.335896
v -1.714500 0.151408 1.332318
v -1.752128 0.122801 1.315493
v -1.773967 0.083886 1.292589
v -1.700182 0.344444 1.022839
v -1.714500 0.338161 1.019553
v -1.752128 0.308817 1.004033
v -1.773967 0.268905 0.982896
v -1.700182 0.420139 0.854750
v -1.714500 0.413495 0.852288
v -1.752128 0.382354 0.840861
v -1.773967 0.339979 0.825328
v -1.700182 0.469594 0.676329
v -1.714500 0.462642 0.674984
v -1.752128 0.430099 0.668619
v -1.773967 0.385821 0.659946
v -1.700182 0.492254 0.497092
v -1.714500 0.485179 0.496628
v -1.752128 0.452053 0.494575
v -1.773967 0.406982 0.491800
v -1.700182 0.494576 0.321731
v -1.714500 0.487490 0.321940
v -1.752128 0.454311 0.322928
v -1.773967 0.409169 0.324274
v -1.700182 0.462083 -0.045182
v -1.714500 0.455051 -0.044271
v -1.752128 0.422139 -0.039996
v -1.773967 0.377363 -0.034179
v -1.700182 0.397344 -0.472146
v -1.714500 0.390355 -0.470945
v -1.752128 0.357648 -0.465319
v -1.773967 0.313149 -0.457663
v -1.760985 -0.277022 2.093532
v -1.760985 -0.277022 2.093532
v -1.714500 -0.277022 2.140018
v -1.714500 -0.277022 2.140018
v -1.651000 -0.277022 2.157032
v -1.651000 -0.277022 2.157032
v -1.651000 -0.277022 2.157032
v -1.651000 -0.183321 2.139037
v -1.651000 -0.183321 2.139037
v -1.651000 -0.102811 2.087853
v -1.651000 -0.102811 2.087853
v -1.651000 -0.046898 2.010531
v -1.651000 -0.046898 2.010531
v -1.700146 -0.186959 2.129789
v -1.714500 -0.189598 2.123228
v -1.752105 -0.201833 2.092433
v -1.773947 -0.218465 2.050510
v -1.700146 -0.109631 2.080645
v -1.714500 -0.114481 2.075472
v -1.752105 -0.137214 2.051347
v -1.773947 -0.168158 2.018528
v -1.700146 -0.055888 2.006344
v -1.714500 -0.062313 2.003330
v -1.752105 -0.092347 1.989297
v -1.773947 -0.133216 1.970210
v -1.760985 -0.635000 2.093532
v -1.760985 -0.635000 2.093532
v -1.714500 -0.635000 2.140018
v -1.714500 -0.635000 2.140018
v -1.651000 -0.635000 2.157032
v -1.651000 -0.635000 2.157032
v -1.651000 -0.635000 2.157032
v -1.270000 0.495546 -2.540000
v -1.270000 0.495546 -2.540000
v -1.270000 0.495546 -2.540000
v -1.270000 0.495546 -2.540000
v -1.270000 0.668409 -2.519531
v -1.270000 0.668409 -2.519531
v -1.270000 0.829222 -2.452902
v -1.270000 0.829222 -2.452902
v -1.270000 0.965906 -2.345116
v -1.270000 0.965906 -2.345116
v -1.270000 1.068194 -2.204270
v -1.270000 1.068194 -2.204270
v -1.270000 1.128402 -2.040945
v -1.270000 1.128402 -2.040945
v -1.270000 1.142009 -1.867407
v -1.270000 1.142009 -1.867407
v -1.270000 1.107990 -1.696694
v -1.270000 1.107990 -1.696694
v -1.270000 1.028903 -1.541627
v -1.270000 1.028903 -1.541627
v -1.270000 0.910688 -1.413856
v -1.270000 0.910688 -1.413856
v -1.270000 0.762224 -1.322978
v -1.270000 0.762224 -1.322978
v -1.270000 0.594664 -1.275819
v -1.270000 0.594664 -1.275819
v -1.270000 0.594664 -1.275819
v -1.270000 0.594664 -1.275819
v -1.206500 0.592343 -1.292674
v -1.206500 0.592343 -1.292674
v -1.160015 0.585999 -1.338725
v -1.160015 0.585999 -1.338725
v -1.143012 0.496842 -2.414737
v -1.143012 0.496842 -2.414737
v -1.153172 0.496328 -2.462801
v -1.153172 0.496328 -2.462801
v -1.180813 0.495910 -2.503414
v -1.180813 0.495910 -2.503414
v -1.221800 0.495640 -2.530498
v -1.221800 0.495640 -2.530498
v -1.206500 0.663692 -2.503178
v -1.160015 0.651595 -2.458292
v -1.206500 0.820280 -2.438421
v -1.160015 0.796483 -2.398487
v -1.206500 0.953398 -2.333575
v -1.160015 0.919679 -2.301575
v -1.206500 1.053043 -2.196521
v -1.160015 1.011921 -2.174844
v -1.206500 1.111726 -2.037557
v -1.160015 1.066271 -2.027823
v -1.206500 1.125036 -1.868631
v -1.160015 1.078643 -1.871566
v -1.206500 1.091974 -1.702438
v -1.160015 1.048108 -1.717823
v -1.206500 1.015023 -1.551469
v -1.160015 0.976961 -1.578155
v -1.206500 0.899967 -1.427069
v -1.160015 0.870551 -1.463063
v -1.206500 0.755453 -1.338587
v -1.160015 0.736880 -1.381201
v -1.270000 0.531466 -1.260380
v -1.270000 0.531466 -1.260380
v -1.270000 0.472750 -1.232377
v -1.270000 0.472750 -1.232377
v -1.270000 0.420971 -1.192993
v -1.270000 0.420971 -1.192993
v -1.270000 0.378278 -1.143917
v -1.270000 0.378278 -1.143917
v -1.270000 0.346571 -1.087122
v -1.270000 0.346571 -1.087122
v -1.270000 0.326992 -1.025087
v -1.270000 0.326992 -1.025087
v -1.270000 0.320495 -0.960365
v -1.270000 0.320495 -0.960365
v -1.270000 0.327342 -0.895673
v -1.270000 0.327342 -0.895673
v -1.270000 0.327342 -0.895673
v -1.270000 0.327342 -0.895673
v -1.206500 0.310695 -0.892157
v -1.206500 0.310695 -0.892157
v -1.160015 0.265213 -0.882550
v -1.160015 0.265213 -0.882550
v -1.220860 0.528159 -1.269726
v -1.206500 0.525758 -1.276409
v -1.168899 0.514631 -1.307633
v -1.147056 0.499507 -1.350120
v -1.220860 0.467555 -1.240825
v -1.206500 0.463895 -1.246904
v -1.168899 0.446654 -1.275211
v -1.147056 0.423169 -1.313712
v -1.220860 0.414208 -1.200257
v -1.206500 0.409341 -1.205410
v -1.168899 0.386680 -1.229593
v -1.147056 0.355859 -1.262517
v -1.220860 0.370157 -1.149594
v -1.206500 0.364360 -1.153704
v -1.168899 0.337249 -1.172778
v -1.147056 0.300354 -1.198710
v -1.220860 0.337445 -1.091048
v -1.206500 0.330954 -1.093865
v -1.168899 0.300536 -1.107003
v -1.147056 0.259132 -1.124876
v -1.220860 0.317287 -1.027123
v -1.206500 0.310326 -1.028505
v -1.168899 0.277856 -1.035154
v -1.147056 0.233682 -1.044233
v -1.220860 0.310581 -0.960317
v -1.206500 0.303481 -0.960315
v -1.168899 0.270334 -0.960224
v -1.147056 0.225235 -0.960086
v -1.270000 -0.023465 1.918030
v -1.270000 -0.023465 1.918030
v -1.270000 -0.023465 1.918030
v -1.270000 -0.023465 1.918030
v -1.206500 -0.040450 1.917026
v -1.206500 -0.040450 1.917026
v -1.160015 -0.086854 1.914281
v -1.160015 -0.086854 1.914281
v -1.270000 0.396604 -0.535004
v -1.270000 0.396604 -0.535004
v -1.270000 0.455112 -0.167925
v -1.270000 0.455112 -0.167925
v -1.270000 0.497722 0.197476
v -1.270000 0.497722 0.197476
v -1.270000 0.505529 0.384190
v -1.270000 0.505529 0.384190
v -1.270000 0.495293 0.575852
v -1.270000 0.495293 0.575852
v -1.270000 0.457254 0.771100
v -1.270000 0.457254 0.771100
v -1.270000 0.387163 0.959762
v -1.270000 0.387163 0.959762
v -1.270000 0.293710 1.132135
v -1.270000 0.293710 1.132135
v -1.270000 0.195910 1.290993
v -1.270000 0.195910 1.290993
v -1.270000 0.108715 1.444651
v -1.270000 0.108715 1.444651
v -1.270000 0.040660 1.599791
v -1.270000 0.040660 1.599791
v -1.270000 -0.003220 1.758477
v -1.270000 -0.003220 1.758477
v -1.152932 -0.082598 1.759353
v -1.160015 -0.068537 1.761944
v -1.193218 -0.031518 1.768765
v -1.238392 -0.010052 1.772756
v -1.152932 -0.043434 1.605368
v -1.160015 -0.029842 1.609803
v -1.193218 0.005943 1.621476
v -1.238392 0.026689 1.628270
v -1.152932 0.018863 1.450659
v -1.160015 0.031780 1.456788
v -1.193218 0.065783 1.472931
v -1.238392 0.085546 1.482199
v -1.152932 0.099014 1.301489
v -1.160015 0.111338 1.308743
v -1.193218 0.143781 1.327842
v -1.238392 0.162621 1.338870
v -1.152932 0.284422 0.991108
v -1.160015 0.297062 0.997802
v -1.193218 0.330335 1.015431
v -1.238392 0.349675 1.025569
v -1.152932 0.356450 0.831369
v -1.160015 0.369870 0.836288
v -1.193218 0.405201 0.849234
v -1.238392 0.425667 0.856802
v -1.152932 0.403033 0.663315
v -1.160015 0.417055 0.666061
v -1.193218 0.453970 0.673295
v -1.238392 0.475379 0.677445
v -1.152932 0.424502 0.492882
v -1.160015 0.438775 0.493761
v -1.193218 0.476353 0.496070
v -1.238392 0.498142 0.497482
v -1.152932 0.426717 0.323751
v -1.160015 0.441013 0.323325
v -1.193218 0.478649 0.322202
v -1.238392 0.500474 0.321558
v -1.152932 0.394769 -0.036440
v -1.160015 0.408949 -0.038282
v -1.193218 0.446280 -0.043133
v -1.238392 0.467936 -0.045939
v -1.152932 0.330447 -0.460639
v -1.160015 0.344539 -0.463063
v -1.193218 0.381639 -0.469447
v -1.238392 0.403161 -0.473144
v -1.270000 -0.046902 2.010529
v -1.270000 -0.046902 2.010529
v -1.270000 -0.102802 2.087864
v -1.270000 -0.102802 2.087864
v -1.270000 -0.183365 2.138932
v -1.270000 -0.183365 2.138932
v -1.270000 -0.277022 2.157032
v -1.270000 -0.277022 2.157032
v -1.270000 -0.277022 2.157032
v -1.206500 -0.277022 2.140018
v -1.206500 -0.277022 2.140018
v -1.160015 -0.277022 2.093532
v -1.160015 -0.277022 2.093532
v -1.220888 -0.055856 2.006305
v -1.206500 -0.062317 2.003328
v -1.168918 -0.092330 1.989318
v -1.147071 -0.133152 1.970234
v -1.220888 -0.109602 2.080675
v -1.206500 -0.114472 2.075483
v -1.168918 -0.137190 2.051375
v -1.147071 -0.168103 2.018588
v -1.220888 -0.187028 2.129690
v -1.206500 -0.189639 2.123130
v -1.168918 -0.201849 2.092379
v -1.147071 -0.218470 2.050509
v -1.270000 -0.635000 2.157032
v -1.270000 -0.635000 2.157032
v -1.270000 -0.635000 2.157032
v -1.206500 -0.635000 2.140018
v -1.206500 -0.635000 2.140018
v -1.160015 -0.635000 2.093532
v -1.160015 -0.635000 2.093532
v -1.143000 -0.635000 2.030032
v -1.143000 -0.635000 2.030032
v -1.143000 -0.635000 2.030032
v -1.160015 -0.635000 -2.476500
v -1.160015 -0.635000 -2.476500
v -1.206500 -0.635000 -2.522985
v -1.206500 -0.635000 -2.522985
v -1.270000 -0.635000 -2.540000
v -1.270000 -0.635000 -2.540000
v -1.270000 -0.635000 -2.540000
v 1.143000 0.508000 -1.519726
v 1.143000 0.508000 -1.519726
v 1.143000 0.639772 -1.542961
v 1.143000 0.639772 -1.542961
v 1.143000 0.639772 -1.542961
v 1.143000 0.755649 -1.609863
v 1.143000 0.755649 -1.609863
v 1.143000 0.841657 -1.712363
v 1.143000 0.841657 -1.712363
v 1.143000 0.887421 -1.838098
v 1.143000 0.887421 -1.838098
v 1.143000 0.887421 -1.971902
v 1.143000 0.887421 -1.971902
v 1.143000 0.841657 -2.097637
v 1.143000 0.841657 -2.097637
v 1.143000 0.755649 -2.200137
v 1.143000 0.755649 -2.200137
v 1.143000 0.639772 -2.267039
v 1.143000 0.639772 -2.267039
v 1.143000 0.508000 -2.290274
v 1.143000 0.508000 -2.290274
v 1.143000 0.376229 -2.267039
v 1.143000 0.376229 -2.267039
v 1.143000 0.260351 -2.200137
v 1.143000 0.260351 -2.200137
v 1.143000 0.174343 -2.097637
v 1.143000 0.174343 -2.097637
v 1.143000 0.128579 -1.971902
v 1.143000 0.128579 -1.971902
v 1.143000 0.128579 -1.838098
v 1.143000 0.128579 -1.838098
v 1.143000 0.174343 -1.712363
v 1.143000 0.174343 -1.712363
v 1.143000 0.260351 -1.609863
v 1.143000 0.260351 -1.609863
v 1.143000 0.376229 -1.542961
v 1.143000 0.376229 -1.542961
v 1.143000 -0.297118 1.955032
v 1.143000 -0.297118 1.955032
v 1.143000 -0.352022 2.009936
v 1.143000 -0.352022 2.009936
v 1.143000 -0.427022 2.030032
v 1.143000 -0.427022 2.030032
v 1.143000 -0.427022 2.030032
v 1.143000 -0.427022 2.030032
v 1.143000 -0.277022 2.030032
v 1.143000 -0.277022 2.030032
v 1.143000 -0.277022 2.030032
v 1.143000 -0.230171 2.021035
v 1.143000 -0.230171 2.021035
v 1.143000 -0.189916 1.995443
v 1.143000 -0.189916 1.995443
v 1.143000 -0.161960 1.956782
v 1.143000 -0.161960 1.956782
v 1.143000 -0.150243 1.910531
v 1.143000 -0.150243 1.910531
v 1.143000 -0.127790 1.733754
v 1.143000 -0.127790 1.733754
v 1.143000 -0.078947 1.557099
v 1.143000 -0.078947 1.557099
v 1.143000 -0.004385 1.386892
v 1.143000 -0.004385 1.386892
v 1.143000 0.087553 1.224731
v 1.143000 0.087553 1.224731
v 1.143000 0.272149 0.905885
v 1.143000 0.272149 0.905885
v 1.143000 0.335110 0.736791
v 1.143000 0.335110 0.736791
v 1.143000 0.369111 0.561467
v 1.143000 0.369111 0.561467
v 1.143000 0.378484 0.384318
v 1.143000 0.378484 0.384318
v 1.143000 0.371082 0.207039
v 1.143000 0.371082 0.207039
v 1.143000 0.329423 -0.149719
v 1.143000 0.329423 -0.149719
v 1.143000 0.271537 -0.512862
v 1.143000 0.271537 -0.512862
v 1.143000 0.203084 -0.869427
v 1.143000 0.203084 -0.869427
v 1.143000 0.203084 -0.869427
v 1.143000 0.193490 -0.959996
v 1.143000 0.193490 -0.959996
v 1.143000 0.202635 -1.050599
v 1.143000 0.202635 -1.050599
v 1.143000 0.229944 -1.137482
v 1.143000 0.229944 -1.137482
v 1.143000 0.274398 -1.216963
v 1.143000 0.274398 -1.216963
v 1.143000 0.334148 -1.285702
v 1.143000 0.334148 -1.285702
v 1.143000 0.406642 -1.340831
v 1.143000 0.406642 -1.340831
v 1.143000 0.488856 -1.380024
v 1.143000 0.488856 -1.380024
v 1.143000 0.577335 -1.401631
v 1.143000 0.577335 -1.401631
v 1.143000 0.577335 -1.401631
v 1.143000 0.724219 -1.445177
v 1.143000 0.724219 -1.445177
v 1.143000 0.851448 -1.530525
v 1.143000 0.851448 -1.530525
v 1.143000 0.947454 -1.649916
v 1.143000 0.947454 -1.649916
v 1.143000 1.003511 -1.792496
v 1.143000 1.003511 -1.792496
v 1.143000 1.014521 -1.945303
v 1.143000 1.014521 -1.945303
v 1.143000 0.979485 -2.094447
v 1.143000 0.979485 -2.094447
v 1.143000 0.901586 -2.226368
v 1.143000 0.901586 -2.226368
v 1.143000 0.787908 -2.329075
v 1.143000 0.787908 -2.329075
v 1.143000 0.648784 -2.393229
v 1.143000 0.648784 -2.393229
v 1.143000 0.496861 -2.413000
v 1.143000 0.496861 -2.413000
v 1.143000 0.496861 -2.413000
v 1.143000 -0.635000 -2.413000
v 1.143000 -0.635000 -2.413000
v 1.143000 -0.635000 -2.413000
v 1.143000 -0.635000 -1.216969
v 1.143000 -0.635000 -1.216969
v 1.143000 -0.635000 -1.216969
v 1.143000 -0.427022 -1.216969
v 1.143000 -0.427022 -1.216969
v 1.143000 -0.427022 -1.216969
v 1.143000 -0.352022 -1.196873
v 1.143000 -0.352022 -1.196873
v 1.143000 -0.297118 -1.141969
v 1.143000 -0.297118 -1.141969
v 1.778000 0.508000 -1.519726
v 1.778000 0.508000 -1.519726
v 1.778000 0.376229 -1.542961
v 1.778000 0.376229 -1.542961
v 1.778000 0.260351 -1.609863
v 1.778000 0.260351 -1.609863
v 1.778000 0.174343 -1.712363
v 1.778000 0.174343 -1.712363
v 1.778000 0.128579 -1.838098
v 1.778000 0.128579 -1.838098
v 1.778000 0.128579 -1.971902
v 1.778000 0.128579 -1.971902
v 1.778000 0.174343 -2.097637
v 1.778000 0.174343 -2.097637
v 1.778000 0.260351 -2.200137
v 1.778000 0.260351 -2.200137
v 1.778000 0.376229 -2.267039
v 1.778000 0.376229 -2.267039
v 1.778000 0.508000 -2.290274
v 1.778000 0.508000 -2.290274
v 1.778000 0.508000 -2.290274
v 1.778000 0.639772 -2.267039
v 1.778000 0.639772 -2.267039
v 1.778000 0.755649 -2.200137
v 1.778000 0.755649 -2.200137
v 1.778000 0.841657 -2.097637
v 1.778000 0.841657 -2.097637
v 1.778000 0.887421 -1.971902
v 1.778000 0.887421 -1.971902
v 1.778000 0.887421 -1.838098
v 1.778000 0.887421 -1.838098
v 1.778000 0.841657 -1.712363
v 1.778000 0.841657 -1.712363
v 1.778000 0.755649 -1.609863
v 1.778000 0.755649 -1.609863
v 1.778000 0.639772 -1.542961
v 1.778000 0.639772 -1.542961
v 1.778000 -0.277022 2.030032
v 1.778000 -0.277022 2.030032
v 1.778000 -0.277022 2.030032
v 1.778000 -0.635000 2.030032
v 1.778000 -0.635000 2.030032
v 1.778000 -0.635000 2.030032
v 1.778000 -0.635000 -2.413000
v 1.778000 -0.635000 -2.413000
v 1.778000 -0.635000 -2.413000
v 1.778000 0.496861 -2.413000
v 1.778000 0.496861 -2.413000
v 1.778000 0.496861 -2.413000
v 1.778000 0.648784 -2.393229
v 1.778000 0.648784 -2.393229
v 1.778000 0.787908 -2.329075
v 1.778000 0.787908 -2.329075
v 1.778000 0.901586 -2.226368
v 1.778000 0.901586 -2.226368
v 1.778000 0.979485 -2.094447
v 1.778000 0.979485 -2.094447
v 1.778000 1.014521 -1.945303
v 1.778000 1.014521 -1.945303
v 1.778000 1.003511 -1.792496
v 1.778000 1.003511 -1.792496
v 1.778000 0.947454 -1.649916
v 1.778000 0.947454 -1.649916
v 1.778000 0.851448 -1.530525
v 1.778000 0.851448 -1.530525
v 1.778000 0.724219 -1.445177
v 1.778000 0.724219 -1.445177
v 1.778000 0.577335 -1.401631
v 1.778000 0.577335 -1.401631
v 1.778000 0.577335 -1.401631
v 1.778000 0.488857 -1.380017
v 1.778000 0.488857 -1.380017
v 1.778000 0.406655 -1.340812
v 1.778000 0.406655 -1.340812
v 1.778000 0.334164 -1.285675
v 1.778000 0.334164 -1.285675
v 1.778000 0.274394 -1.216969
v 1.778000 0.274394 -1.216969
v 1.778000 0.230004 -1.137455
v 1.778000 0.230004 -1.137455
v 1.778000 0.202594 -1.050606
v 1.778000 0.202594 -1.050606
v 1.778000 0.193498 -0.959996
v 1.778000 0.193498 -0.959996
v 1.778000 0.203084 -0.869427
v 1.778000 0.203084 -0.869427
v 1.778000 0.203084 -0.869427
v 1.778000 0.271537 -0.512862
v 1.778000 0.271537 -0.512862
v 1.778000 0.329423 -0.149719
v 1.778000 0.329423 -0.149719
v 1.778000 0.371082 0.207039
v 1.778000 0.371082 0.207039
v 1.778000 0.378484 0.384318
v 1.778000 0.378484 0.384318
v 1.778000 0.369111 0.561467
v 1.778000 0.369111 0.561467
v 1.778000 0.335110 0.736791
v 1.778000 0.335110 0.736791
v 1.778000 0.272149 0.905885
v 1.778000 0.272149 0.905885
v 1.778000 0.087553 1.224731
v 1.778000 0.087553 1.224731
v 1.778000 -0.004385 1.386892
v 1.778000 -0.004385 1.386892
v 1.778000 -0.078947 1.557099
v 1.778000 -0.078947 1.557099
v 1.778000 -0.127790 1.733754
v 1.778000 -0.127790 1.733754
v 1.778000 -0.150243 1.910531
v 1.778000 -0.150243 1.910531
v 1.778000 -0.161962 1.956781
v 1.778000 -0.161962 1.956781
v 1.778000 -0.189912 1.995448
v 1.778000 -0.189912 1.995448
v 1.778000 -0.230193 2.020982
v 1.778000 -0.230193 2.020982
v 1.143000 -0.635000 2.030032
v 1.143000 -0.635000 2.030032
v 1.143000 -0.635000 2.030032
v 1.270000 0.495546 -2.540000
v 1.270000 0.495546 -2.540000
v 1.270000 0.495546 -2.540000
v 1.270000 0.495546 -2.540000
v 1.270000 -0.635000 -2.540000
v 1.270000 -0.635000 -2.540000
v 1.270000 -0.635000 -2.540000
v 1.206500 -0.635000 -2.522985
v 1.206500 -0.635000 -2.522985
v 1.160015 -0.635000 -2.476500
v 1.160015 -0.635000 -2.476500
v 1.143012 0.496842 -2.414737
v 1.143012 0.496842 -2.414737
v 1.153172 0.496328 -2.462801
v 1.153172 0.496328 -2.462801
v 1.180813 0.495910 -2.503414
v 1.180813 0.495910 -2.503414
v 1.221800 0.495640 -2.530498
v 1.221800 0.495640 -2.530498
v 1.160015 0.585999 -1.338725
v 1.160015 0.585999 -1.338725
v 1.206500 0.592343 -1.292674
v 1.206500 0.592343 -1.292674
v 1.270000 0.594664 -1.275819
v 1.270000 0.594664 -1.275819
v 1.270000 0.594664 -1.275819
v 1.270000 0.594664 -1.275819
v 1.270000 0.762224 -1.322978
v 1.270000 0.762224 -1.322978
v 1.270000 0.910688 -1.413856
v 1.270000 0.910688 -1.413856
v 1.270000 1.028903 -1.541627
v 1.270000 1.028903 -1.541627
v 1.270000 1.107990 -1.696694
v 1.270000 1.107990 -1.696694
v 1.270000 1.142009 -1.867407
v 1.270000 1.142009 -1.867407
v 1.270000 1.128402 -2.040945
v 1.270000 1.128402 -2.040945
v 1.270000 1.068194 -2.204270
v 1.270000 1.068194 -2.204270
v 1.270000 0.965906 -2.345116
v 1.270000 0.965906 -2.345116
v 1.270000 0.829222 -2.452902
v 1.270000 0.829222 -2.452902
v 1.270000 0.668409 -2.519531
v 1.270000 0.668409 -2.519531
v 1.160015 0.651595 -2.458292
v 1.206500 0.663692 -2.503178
v 1.160015 0.796483 -2.398487
v 1.206500 0.820280 -2.438421
v 1.160015 0.919679 -2.301575
v 1.206500 0.953398 -2.333575
v 1.160015 1.011921 -2.174844
v 1.206500 1.053043 -2.196521
v 1.160015 1.066271 -2.027823
v 1.206500 1.111726 -2.037557
v 1.160015 1.078643 -1.871566
v 1.206500 1.125036 -1.868631
v 1.160015 1.048108 -1.717823
v 1.206500 1.091974 -1.702438
v 1.160015 0.976961 -1.578155
v 1.206500 1.015023 -1.551469
v 1.160015 0.870551 -1.463063
v 1.206500 0.899967 -1.427069
v 1.160015 0.736880 -1.381201
v 1.206500 0.755453 -1.338587
v 1.160015 0.265213 -0.882550
v 1.160015 0.265213 -0.882550
v 1.206500 0.310695 -0.892157
v 1.206500 0.310695 -0.892157
v 1.270000 0.327342 -0.895673
v 1.270000 0.327342 -0.895673
v 1.270000 0.327342 -0.895673
v 1.270000 0.327342 -0.895673
v 1.270000 0.320489 -0.960365
v 1.270000 0.320489 -0.960365
v 1.270000 0.327021 -1.025082
v 1.270000 0.327021 -1.025082
v 1.270000 0.346528 -1.087141
v 1.270000 0.346528 -1.087141
v 1.270000 0.378281 -1.143913
v 1.270000 0.378281 -1.143913
v 1.270000 0.420960 -1.193013
v 1.270000 0.420960 -1.193013
v 1.270000 0.472741 -1.232390
v 1.270000 0.472741 -1.232390
v 1.270000 0.531465 -1.260385
v 1.270000 0.531465 -1.260385
v 1.220842 0.310576 -0.960337
v 1.206500 0.303475 -0.960315
v 1.168888 0.270310 -0.960219
v 1.147046 0.225191 -0.960088
v 1.220842 0.317291 -1.027102
v 1.206500 0.310357 -1.028500
v 1.168888 0.277880 -1.035157
v 1.147046 0.233682 -1.044232
v 1.220842 0.337398 -1.091036
v 1.206500 0.330909 -1.093885
v 1.168888 0.300472 -1.107040
v 1.147046 0.259043 -1.124913
v 1.220842 0.370184 -1.149647
v 1.206500 0.364363 -1.153700
v 1.168888 0.337232 -1.172768
v 1.147046 0.300330 -1.198732
v 1.220842 0.414153 -1.200235
v 1.206500 0.409329 -1.205431
v 1.168888 0.386667 -1.229639
v 1.147046 0.355815 -1.262564
v 1.220842 0.467596 -1.240873
v 1.206500 0.463886 -1.246918
v 1.168888 0.446621 -1.275232
v 1.147046 0.423143 -1.313764
v 1.220842 0.528131 -1.269722
v 1.206500 0.525756 -1.276414
v 1.168888 0.514631 -1.307657
v 1.147046 0.499491 -1.350160
v 1.160015 -0.086854 1.914281
v 1.160015 -0.086854 1.914281
v 1.206500 -0.040450 1.917026
v 1.206500 -0.040450 1.917026
v 1.270000 -0.023465 1.918030
v 1.270000 -0.023465 1.918030
v 1.270000 -0.023465 1.918030
v 1.270000 -0.023465 1.918030
v 1.270000 -0.003220 1.758477
v 1.270000 -0.003220 1.758477
v 1.270000 0.040660 1.599791
v 1.270000 0.040660 1.599791
v 1.270000 0.108715 1.444651
v 1.270000 0.108715 1.444651
v 1.270000 0.195910 1.290993
v 1.270000 0.195910 1.290993
v 1.270000 0.293710 1.132135
v 1.270000 0.293710 1.132135
v 1.270000 0.387163 0.959762
v 1.270000 0.387163 0.959762
v 1.270000 0.457254 0.771100
v 1.270000 0.457254 0.771100
v 1.270000 0.495293 0.575852
v 1.270000 0.495293 0.575852
v 1.270000 0.505529 0.384190
v 1.270000 0.505529 0.384190
v 1.270000 0.497722 0.197476
v 1.270000 0.497722 0.197476
v 1.270000 0.455112 -0.167925
v 1.270000 0.455112 -0.167925
v 1.270000 0.396604 -0.535004
v 1.270000 0.396604 -0.535004
v 1.220818 -0.015852 1.771674
v 1.206500 -0.022823 1.770375
v 1.168872 -0.055457 1.764353
v 1.147033 -0.099857 1.756169
v 1.220818 0.021084 1.626431
v 1.206500 0.014347 1.624223
v 1.168872 -0.017197 1.613926
v 1.147033 -0.060118 1.599923
v 1.220818 0.080200 1.479706
v 1.206500 0.073780 1.476703
v 1.168872 0.043793 1.462495
v 1.147033 0.003005 1.443140
v 1.220818 0.157527 1.335896
v 1.206500 0.151408 1.332318
v 1.168872 0.122801 1.315493
v 1.147033 0.083886 1.292589
v 1.220818 0.344444 1.022839
v 1.206500 0.338161 1.019553
v 1.168872 0.308817 1.004033
v 1.147033 0.268905 0.982896
v 1.220818 0.420139 0.854750
v 1.206500 0.413495 0.852288
v 1.168872 0.382354 0.840861
v 1.147033 0.339979 0.825328
v 1.220818 0.469594 0.676329
v 1.206500 0.462642 0.674984
v 1.168872 0.430099 0.668619
v 1.147033 0.385821 0.659946
v 1.220818 0.492254 0.497092
v 1.206500 0.485179 0.496628
v 1.168872 0.452053 0.494575
v 1.147033 0.406982 0.491800
v 1.220818 0.494576 0.321731
v 1.206500 0.487490 0.321940
v 1.168872 0.454311 0.322928
v 1.147033 0.409169 0.324274
v 1.220818 0.462083 -0.045182
v 1.206500 0.455051 -0.044271
v 1.168872 0.422139 -0.039996
v 1.147033 0.377363 -0.034179
v 1.220818 0.397344 -0.472146
v 1.206500 0.390355 -0.470945
v 1.168872 0.357648 -0.465319
v 1.147033 0.313149 -0.457663
v 1.160015 -0.277022 2.093532
v 1.160015 -0.277022 2.093532
v 1.206500 -0.277022 2.140018
v 1.206500 -0.277022 2.140018
v 1.270000 -0.277022 2.157032
v 1.270000 -0.277022 2.157032
v 1.270000 -0.277022 2.157032
v 1.270000 -0.183321 2.139037
v 1.270000 -0.183321 2.139037
v 1.270000 -0.102811 2.087853
v 1.270000 -0.102811 2.087853
v 1.270000 -0.046898 2.010531
v 1.270000 -0.046898 2.010531
v 1.220854 -0.186959 2.129789
v 1.206500 -0.189598 2.123228
v 1.168895 -0.201833 2.092433
v 1.147053 -0.218465 2.050510
v 1.220854 -0.109631 2.080645
v 1.206500 -0.114481 2.075472
v 1.168895 -0.137214 2.051347
v 1.147053 -0.168158 2.018528
v 1.220854 -0.055888 2.006344
v 1.206500 -0.062313 2.003330
v 1.168895 -0.092347 1.989297
v 1.147053 -0.133216 1.970210
v 1.160015 -0.635000 2.093532
v 1.160015 -0.635000 2.093532
v 1.206500 -0.635000 2.140018
v 1.206500 -0.635000 2.140018
v 1.270000 -0.635000 2.157032
v 1.270000 -0.635000 2.157032
v 1.270000 -0.635000 2.157032
v 1.651000 0.495546 -2.540000
v 1.651000 0.495546 -2.540000
v 1.651000 0.495546 -2.540000
v 1.651000 0.495546 -2.540000
v 1.651000 0.668409 -2.519531
v 1.651000 0.668409 -2.519531
v 1.651000 0.829222 -2.452902
v 1.651000 0.829222 -2.452902
v 1.651000 0.965906 -2.345116
v 1.651000 0.965906 -2.345116
v 1.651000 1.068194 -2.204270
v 1.651000 1.068194 -2.204270
v 1.651000 1.128402 -2.040945
v 1.651000 1.128402 -2.040945
v 1.651000 1.142009 -1.867407
v 1.651000 1.142009 -1.867407
v 1.651000 1.107990 -1.696694
v 1.651000 1.107990 -1.696694
v 1.651000 1.028903 -1.541627
v 1.651000 1.028903 -1.541627
v 1.651000 0.910688 -1.413856
v 1.651000 0.910688 -1.413856
v 1.651000 0.762224 -1.322978
v 1.651000 0.762224 -1.322978
v 1.651000 0.594664 -1.275819
v 1.651000 0.594664 -1.275819
v 1.651000 0.594664 -1.275819
v 1.651000 0.594664 -1.275819
v 1.714500 0.592343 -1.292674
v 1.714500 0.592343 -1.292674
v 1.760985 0.585999 -1.338725
v 1.760985 0.585999 -1.338725
v 1.777988 0.496842 -2.414737
v 1.777988 0.496842 -2.414737
v 1.767828 0.496328 -2.462801
v 1.767828 0.496328 -2.462801
v 1.740187 0.495910 -2.503414
v 1.740187 0.495910 -2.503414
v 1.699200 0.495640 -2.530498
v 1.699200 0.495640 -2.530498
v 1.714500 0.663692 -2.503178
v 1.760985 0.651595 -2.458292
v 1.714500 0.820280 -2.438421
v 1.760985 0.796483 -2.398487
v 1.714500 0.953398 -2.333575
v 1.760985 0.919679 -2.301575
v 1.714500 1.053043 -2.196521
v 1.760985 1.011921 -2.174844
v 1.714500 1.111726 -2.037557
v 1.760985 1.066271 -2.027823
v 1.714500 1.125036 -1.868631
v 1.760985 1.078643 -1.871566
v 1.714500 1.091974 -1.702438
v 1.760985 1.048108 -1.717823
v 1.714500 1.015023 -1.551469
v 1.760985 0.976961 -1.578155
v 1.714500 0.899967 -1.427069
v 1.760985 0.870551 -1.463063
v 1.714500 0.755453 -1.338587
v 1.760985 0.736880 -1.381201
v 1.651000 0.531466 -1.260380
v 1.651000 0.531466 -1.260380
v 1.651000 0.472750 -1.232377
v 1.651000 0.472750 -1.232377
v 1.651000 0.420971 -1.192993
v 1.651000 0.420971 -1.192993
v 1.651000 0.378278 -1.143917
v 1.651000 0.378278 -1.143917
v 1.651000 0.346571 -1.087122
v 1.651000 0.346571 -1.087122
v 1.651000 0.326992 -1.025087
v 1.651000 0.326992 -1.025087
v 1.651000 0.320495 -0.960365
v 1.651000 0.320495 -0.960365
v 1.651000 0.327342 -0.895673
v 1.651000 0.327342 -0.895673
v 1.651000 0.327342 -0.895673
v 1.651000 0.327342 -0.895673
v 1.714500 0.310695 -0.892157
v 1.714500 0.310695 -0.892157
v 1.760985 0.265213 -0.882550
v 1.760985 0.265213 -0.882550
v 1.700140 0.528159 -1.269726
v 1.714500 0.525758 -1.276409
v 1.752101 0.514631 -1.307633
v 1.773944 0.499507 -1.350120
v 1.700140 0.467555 -1.240825
v 1.714500 0.463895 -1.246904
v 1.752101 0.446654 -1.275211
v 1.773944 0.423169 -1.313712
v 1.700140 0.414208 -1.200257
v 1.714500 0.409341 -1.205410
v 1.752101 0.386680 -1.229593
v 1.773944 0.355859 -1.262517
v 1.700140 0.370157 -1.149594
v 1.714500 0.364360 -1.153704
v 1.752101 0.337249 -1.172778
v 1.773944 0.300354 -1.198710
v 1.700140 0.337445 -1.091048
v 1.714500 0.330954 -1.093865
v 1.752101 0.300536 -1.107003
v 1.773944 0.259132 -1.124876
v 1.700140 0.317287 -1.027123
v 1.714500 0.310326 -1.028505
v 1.752101 0.277856 -1.035154
v 1.773944 0.233682 -1.044233
v 1.700140 0.310581 -0.960317
v 1.714500 0.303481 -0.960315
v 1.752101 0.270334 -0.960224
v 1.773944 0.225235 -0.960086
v 1.651000 -0.023465 1.918030
v 1.651000 -0.023465 1.918030
v 1.651000 -0.023465 1.918030
v 1.651000 -0.023465 1.918030
v 1.714500 -0.040450 1.917026
v 1.714500 -0.040450 1.917026
v 1.760985 -0.086854 1.914281
v 1.760985 -0.086854 1.914281
v 1.651000 0.396604 -0.535004
v 1.651000 0.396604 -0.535004
v 1.651000 0.455112 -0.167925
v 1.651000 0.455112 -0.167925
v 1.651000 0.497722 0.197476
v 1.651000 0.497722 0.197476
v 1.651000 0.505529 0.384190
v 1.651000 0.505529 0.384190
v 1.651000 0.495293 0.575852
v 1.651000 0.495293 0.575852
v 1.651000 0.457254 0.771100
v 1.651000 0.457254 0.771100
v 1.651000 0.387163 0.959762
v 1.651000 0.387163 0.959762
v 1.651000 0.293710 1.132135
v 1.651000 0.293710 1.132135
v 1.651000 0.195910 1.290993
v 1.651000 0.195910 1.290993
v 1.651000 0.108715 1.444651
v 1.651000 0.108715 1.444651
v 1.651000 0.040660 1.599791
v 1.651000 0.040660 1.599791
v 1.651000 -0.003220 1.758477
v 1.651000 -0.003220 1.758477
v 1.768068 -0.082598 1.759353
v 1.760985 -0.068537 1.761944
v 1.727782 -0.031518 1.768765
v 1.682608 -0.010052 1.772756
v 1.768068 -0.043434 1.605368
v 1.760985 -0.029842 1.609803
v 1.727782 0.005943 1.621476
v 1.682608 0.026689 1.628270
v 1.768068 0.018863 1.450659
v 1.760985 0.031780 1.456788
v 1.727782 0.065783 1.472931
v 1.682608 0.085546 1.482199
v 1.768068 0.099014 1.301489
v 1.760985 0.111338 1.308743
v 1.727782 0.143781 1.327842
v 1.682608 0.162621 1.338870
v 1.768068 0.284422 0.991108
v 1.760985 0.297062 0.997802
v 1.727782 0.330335 1.015431
v 1.682608 0.349675 1.025569
v 1.768068 0.356450 0.831369
v 1.760985 0.369870 0.836288
v 1.727782 0.405201 0.849234
v 1.682608 0.425667 0.856802
v 1.768068 0.403033 0.663315
v 1.760985 0.417055 0.666061
v 1.727782 0.453970 0.673295
v 1.682608 0.475379 0.677445
v 1.768068 0.424502 0.492882
v 1.760985 0.438775 0.493761
v 1.727782 0.476353 0.496070
v 1.682608 0.498142 0.497482
v 1.768068 0.426717 0.323751
v 1.760985 0.441013 0.323325
v 1.727782 0.478649 0.322202
v 1.682608 0.500474 0.321558
v 1.768068 0.394769 -0.036440
v 1.760985 0.408949 -0.038282
v 1.727782 0.446280 -0.043133
v 1.682608 0.467936 -0.045939
v 1.768068 0.330447 -0.460639
v 1.760985 0.344539 -0.463063
v 1.727782 0.381639 -0.469447
v 1.682608 0.403161 -0.473144
v 1.651000 -0.046902 2.010529
v 1.651000 -0.046902 2.010529
v 1.651000 -0.102802 2.087864
v 1.651000 -0.102802 2.087864
v 1.651000 -0.183365 2.138932
v 1.651000 -0.183365 2.138932
v 1.651000 -0.277022 2.157032
v 1.651000 -0.277022 2.157032
v 1.651000 -0.277022 2.157032
v 1.714500 -0.277022 2.140018
v 1.714500 -0.277022 2.140018
v 1.760985 -0.277022 2.093532
v 1.760985 -0.277022 2.093532
v 1.700112 -0.055856 2.006305
v 1.714500 -0.062317 2.003328
v 1.752082 -0.092330 1.989318
v 1.773929 -0.133152 1.970234
v 1.700112 -0.109602 2.080675
v 1.714500 -0.114472 2.075483
v 1.752082 -0.137190 2.051375
v 1.773929 -0.168103 2.018588
v 1.700112 -0.187028 2.129690
v 1.714500 -0.189639 2.123130
v 1.752082 -0.201849 2.092379
v 1.773929 -0.218470 2.050509
v 1.651000 -0.635000 2.157032
v 1.651000 -0.635000 2.157032
v 1.651000 -0.635000 2.157032
v 1.714500 -0.635000 2.140018
v 1.714500 -0.635000 2.140018
v 1.760985 -0.635000 2.093532
v 1.760985 -0.635000 2.093532
v 1.760985 -0.635000 -2.476500
v 1.760985 -0.635000 -2.476500
v 1.714500 -0.635000 -2.522985
v 1.714500 -0.635000 -2.522985
v 1.651000 -0.635000 -2.540000
v 1.651000 -0.635000 -2.540000
v 1.651000 -0.635000 -2.540000
v -1.660602 0.750306 -0.182222
v -1.660602 0.750306 -0.182222
v -1.660602 0.750306 -0.182222
v -1.698808 0.811238 -0.215389
v -1.698808 0.811238 -0.215389
v -1.711827 0.887813 -0.228993
v -1.711827 0.887813 -0.228993
v -1.697858 0.964361 -0.216244
v -1.697858 0.964361 -0.216244
v -1.660602 1.023492 -0.185346
v -1.660602 1.023492 -0.185346
v -1.660602 1.023492 -0.185346
v -1.660602 1.022415 -0.332216
v -1.660602 1.022415 -0.332216
v -1.660602 1.024995 -0.467702
v -1.660602 1.024995 -0.467702
v -1.661713 1.036299 -0.610102
v -1.661713 1.036299 -0.610102
v -1.664954 1.049919 -0.689241
v -1.664954 1.049919 -0.689241
v -1.671906 1.072693 -0.778802
v -1.671906 1.072693 -0.778802
v -1.674800 1.081513 -0.807691
v -1.674800 1.081513 -0.807691
v -1.679134 1.093453 -0.843221
v -1.679134 1.093453 -0.843221
v -1.679134 1.093453 -0.843221
v -1.679134 1.093453 -0.843221
v -1.679134 1.093453 -0.843221
v -1.691371 1.061651 -0.832033
v -1.691371 1.061651 -0.832033
v -1.699750 1.034449 -0.823554
v -1.699750 1.034449 -0.823554
v -1.714539 0.947575 -0.802179
v -1.714539 0.947575 -0.802179
v -1.713353 0.866979 -0.786646
v -1.713353 0.866979 -0.786646
v -1.695910 0.796491 -0.775160
v -1.695910 0.796491 -0.775160
v -1.660602 0.741075 -0.767075
v -1.660602 0.741075 -0.767075
v -1.660602 0.741075 -0.767075
v -1.660602 0.747719 -0.616859
v -1.660602 0.747719 -0.616859
v -1.660602 0.748084 -0.476922
v -1.660602 0.748084 -0.476922
v -1.660602 0.748675 -0.337549
v -1.660602 0.748675 -0.337549
v -1.683013 0.993834 -0.315948
v -1.706136 0.835004 -0.313883
v -1.683013 0.777477 -0.313135
v -1.683059 0.772205 -0.751373
v -1.672608 0.762486 -0.312940
v -1.672608 0.761831 -0.430501
v -1.672608 0.762115 -0.593506
v -1.672610 0.760993 -0.660272
v -1.672613 0.757898 -0.729753
v -1.672614 0.756598 -0.749274
v -1.689170 0.783399 -0.752905
v -1.689153 0.784788 -0.733141
v -1.689101 0.787920 -0.662814
v -1.689072 0.788791 -0.595310
v -1.689061 0.787709 -0.431113
v -1.689061 0.788152 -0.313273
v -1.706136 0.834949 -0.432230
v -1.706224 0.837666 -0.598677
v -1.706458 0.837716 -0.667725
v -1.706871 0.835098 -0.739876
v -1.707012 0.833668 -0.760158
v -1.704624 0.942449 -0.315280
v -1.704624 0.943283 -0.434791
v -1.705332 0.951178 -0.606967
v -1.707235 0.957088 -0.681071
v -1.710752 0.961126 -0.760065
v -1.712014 0.960896 -0.782331
v -1.714785 0.890934 -0.769354
v -1.714309 0.892135 -0.748349
v -1.712916 0.892938 -0.673621
v -1.712124 0.890892 -0.602481
v -1.711828 0.886020 -0.433437
v -1.711828 0.885656 -0.314541
v -1.683013 0.995093 -0.436015
v -1.684102 1.006096 -0.610985
v -1.687087 1.016781 -0.687852
v -1.693609 1.030813 -0.773126
v -1.696402 1.033530 -0.798030
v -1.687212 1.057506 -0.803123
v -1.684016 1.052598 -0.776643
v -1.676960 1.034354 -0.689568
v -1.673768 1.022147 -0.612084
v -1.672608 1.010209 -0.436373
v -1.672608 1.008825 -0.316143
v -1.683052 0.773562 -0.731713
v -1.683030 0.776699 -0.661748
v -1.683018 0.777690 -0.594557
v -1.683013 0.776946 -0.430859
v -1.597931 1.062537 -0.149420
v -1.597931 1.062537 -0.149420
v -1.559961 1.072275 -0.137301
v -1.559961 1.072275 -0.137301
v -1.519715 1.075092 -0.133481
v -1.519715 1.075092 -0.133481
v -1.444339 1.060362 -0.151907
v -1.444339 1.060362 -0.151907
v -1.387398 1.023492 -0.185346
v -1.387398 1.023492 -0.185346
v -1.387398 1.023492 -0.185346
v -1.387398 1.022415 -0.332216
v -1.387398 1.022415 -0.332216
v -1.387398 1.024995 -0.467702
v -1.387398 1.024995 -0.467702
v -1.386287 1.036299 -0.610102
v -1.386287 1.036299 -0.610102
v -1.383046 1.049919 -0.689241
v -1.383046 1.049919 -0.689241
v -1.376090 1.072689 -0.778801
v -1.376090 1.072689 -0.778801
v -1.373194 1.081507 -0.807690
v -1.373194 1.081507 -0.807690
v -1.368866 1.093453 -0.843221
v -1.368866 1.093453 -0.843221
v -1.368866 1.093453 -0.843221
v -1.368866 1.093453 -0.843221
v -1.368866 1.093453 -0.843221
v -1.387261 1.114730 -0.833549
v -1.387261 1.114730 -0.833549
v -1.405163 1.129465 -0.826900
v -1.405163 1.129465 -0.826900
v -1.462418 1.155530 -0.815507
v -1.462418 1.155530 -0.815507
v -1.524000 1.163827 -0.811956
v -1.524000 1.163827 -0.811956
v -1.585582 1.155530 -0.815507
v -1.585582 1.155530 -0.815507
v -1.642838 1.129469 -0.826906
v -1.642838 1.129469 -0.826906
v -1.393885 1.075315 -0.733839
v -1.654115 1.075315 -0.733839
v -1.400972 1.034499 -0.293782
v -1.415946 1.044910 -0.293910
v -1.426608 1.050961 -0.293985
v -1.461203 1.064843 -0.294155
v -1.524000 1.073742 -0.294265
v -1.580729 1.066534 -0.294176
v -1.632054 1.044910 -0.293910
v -1.647028 1.034499 -0.293782
v -1.400972 1.036030 -0.436983
v -1.415946 1.046533 -0.437231
v -1.426608 1.052638 -0.437376
v -1.461203 1.066642 -0.437707
v -1.524000 1.075619 -0.437919
v -1.580729 1.068348 -0.437747
v -1.632054 1.046533 -0.437231
v -1.647028 1.036030 -0.436983
v -1.399812 1.049542 -0.613753
v -1.414862 1.060662 -0.614318
v -1.425598 1.067118 -0.614609
v -1.460505 1.081901 -0.615147
v -1.524000 1.091348 -0.615349
v -1.581364 1.083698 -0.615197
v -1.633138 1.060662 -0.614318
v -1.648188 1.049542 -0.613753
v -1.396648 1.064250 -0.691611
v -1.411938 1.076294 -0.691950
v -1.422899 1.083256 -0.691993
v -1.458691 1.099105 -0.691612
v -1.524000 1.109138 -0.690900
v -1.583010 1.101022 -0.691514
v -1.636062 1.076294 -0.691950
v -1.651352 1.064250 -0.691611
v -1.388855 1.100763 -0.805015
v -1.405671 1.115535 -0.801880
v -1.417516 1.123268 -0.799806
v -1.456320 1.129193 -0.771936
v -1.455904 1.140534 -0.794169
v -1.524000 1.151077 -0.790480
v -1.585448 1.142579 -0.793464
v -1.642339 1.115513 -0.801885
v -1.659147 1.100745 -0.805006
v -1.657444 1.089957 -0.778665
v -1.641172 1.104116 -0.777254
v -1.585093 1.131244 -0.771392
v -1.524000 1.139787 -0.769002
v -1.418450 1.111904 -0.776022
v -1.406830 1.104129 -0.777261
v -1.390552 1.089971 -0.778689
v -1.638482 1.088169 -0.733622
v -1.584102 1.114143 -0.731126
v -1.524000 1.122524 -0.729757
v -1.457463 1.112150 -0.731402
v -1.420767 1.095540 -0.733185
v -1.409518 1.088169 -0.733622
v 1.387282 0.750306 -0.182222
v 1.387282 0.750306 -0.182222
v 1.387282 0.750306 -0.182222
v 1.349076 0.811238 -0.215389
v 1.349076 0.811238 -0.215389
v 1.336057 0.887813 -0.228993
v 1.336057 0.887813 -0.228993
v 1.350026 0.964361 -0.216244
v 1.350026 0.964361 -0.216244
v 1.387282 1.023492 -0.185346
v 1.387282 1.023492 -0.185346
v 1.387282 1.023492 -0.185346
v 1.387282 1.022415 -0.332216
v 1.387282 1.022415 -0.332216
v 1.387282 1.024995 -0.467702
v 1.387282 1.024995 -0.467702
v 1.386171 1.036299 -0.610100
v 1.386171 1.036299 -0.610100
v 1.382930 1.049919 -0.689236
v 1.382930 1.049919 -0.689236
v 1.375978 1.072694 -0.778796
v 1.375978 1.072694 -0.778796
v 1.373084 1.081514 -0.807685
v 1.373084 1.081514 -0.807685
v 1.368750 1.093455 -0.843215
v 1.368750 1.093455 -0.843215
v 1.368750 1.093455 -0.843215
v 1.368750 1.093455 -0.843215
v 1.368750 1.093455 -0.843215
v 1.356513 1.061653 -0.832027
v 1.356513 1.061653 -0.832027
v 1.348134 1.034451 -0.823549
v 1.348134 1.034451 -0.823549
v 1.333345 0.947576 -0.802175
v 1.333345 0.947576 -0.802175
v 1.334531 0.866979 -0.786644
v 1.334531 0.866979 -0.786644
v 1.351974 0.796492 -0.775159
v 1.351974 0.796492 -0.775159
v 1.387282 0.741076 -0.767075
v 1.387282 0.741076 -0.767075
v 1.387282 0.741076 -0.767075
v 1.387282 0.747719 -0.616858
v 1.387282 0.747719 -0.616858
v 1.387282 0.748084 -0.476922
v 1.387282 0.748084 -0.476922
v 1.387282 0.748675 -0.337549
v 1.387282 0.748675 -0.337549
v 1.364871 0.993834 -0.315948
v 1.341748 0.835004 -0.313883
v 1.364871 0.777477 -0.313134
v 1.364825 0.772206 -0.751372
v 1.375276 0.762486 -0.312940
v 1.375276 0.761830 -0.430501
v 1.375275 0.762115 -0.593506
v 1.375274 0.760993 -0.660272
v 1.375271 0.757898 -0.729752
v 1.375270 0.756599 -0.749273
v 1.358714 0.783399 -0.752904
v 1.358731 0.784788 -0.733140
v 1.358783 0.787920 -0.662813
v 1.358812 0.788791 -0.595309
v 1.358823 0.787709 -0.431113
v 1.358823 0.788152 -0.313273
v 1.341748 0.834949 -0.432229
v 1.341660 0.837666 -0.598676
v 1.341426 0.837716 -0.667723
v 1.341013 0.835098 -0.739874
v 1.340872 0.833669 -0.760157
v 1.343260 0.942449 -0.315280
v 1.343260 0.943283 -0.434790
v 1.342552 0.951178 -0.606965
v 1.340648 0.957088 -0.681068
v 1.337132 0.961126 -0.760061
v 1.335870 0.960897 -0.782327
v 1.333099 0.890934 -0.769352
v 1.333575 0.892135 -0.748347
v 1.334968 0.892938 -0.673618
v 1.335760 0.890891 -0.602479
v 1.336056 0.886020 -0.433437
v 1.336056 0.885656 -0.314541
v 1.364871 0.995093 -0.436015
v 1.363782 1.006096 -0.610983
v 1.360797 1.016780 -0.687849
v 1.354275 1.030814 -0.773121
v 1.351482 1.033531 -0.798025
v 1.360672 1.057507 -0.803118
v 1.363868 1.052598 -0.776637
v 1.370924 1.034354 -0.689564
v 1.374116 1.022147 -0.612081
v 1.375276 1.010209 -0.436372
v 1.375276 1.008825 -0.316143
v 1.364832 0.773562 -0.731712
v 1.364854 0.776699 -0.661747
v 1.364866 0.777690 -0.594557
v 1.364871 0.776946 -0.430858
v 1.449953 1.062537 -0.149420
v 1.449953 1.062537 -0.149420
v 1.487923 1.072275 -0.137301
v 1.487923 1.072275 -0.137301
v 1.528169 1.075092 -0.133481
v 1.528169 1.075092 -0.133481
v 1.603545 1.060362 -0.151907
v 1.603545 1.060362 -0.151907
v 1.660486 1.023492 -0.185346
v 1.660486 1.023492 -0.185346
v 1.660486 1.023492 -0.185346
v 1.660486 1.022415 -0.332216
v 1.660486 1.022415 -0.332216
v 1.660486 1.024995 -0.467702
v 1.660486 1.024995 -0.467702
v 1.661597 1.036299 -0.610100
v 1.661597 1.036299 -0.610100
v 1.664838 1.049919 -0.689236
v 1.664838 1.049919 -0.689236
v 1.671794 1.072689 -0.778795
v 1.671794 1.072689 -0.778795
v 1.674690 1.081508 -0.807684
v 1.674690 1.081508 -0.807684
v 1.679018 1.093455 -0.843215
v 1.679018 1.093455 -0.843215
v 1.679018 1.093455 -0.843215
v 1.679018 1.093455 -0.843215
v 1.679018 1.093455 -0.843215
v 1.660623 1.114733 -0.833542
v 1.660623 1.114733 -0.833542
v 1.642721 1.129467 -0.826892
v 1.642721 1.129467 -0.826892
v 1.585466 1.155532 -0.815499
v 1.585466 1.155532 -0.815499
v 1.523884 1.163828 -0.811948
v 1.523884 1.163828 -0.811948
v 1.462301 1.155532 -0.815499
v 1.462301 1.155532 -0.815499
v 1.405046 1.129471 -0.826899
v 1.405046 1.129471 -0.826899
v 1.631938 1.044910 -0.293910
v 1.415830 1.044910 -0.293910
v 1.417398 1.123263 -0.799800
v 1.400855 1.034499 -0.293782
v 1.400855 1.036030 -0.436982
v 1.399696 1.049541 -0.613750
v 1.396532 1.064250 -0.691607
v 1.390440 1.089957 -0.778659
v 1.388737 1.100746 -0.804999
v 1.461087 1.064843 -0.294155
v 1.461087 1.066642 -0.437706
v 1.460389 1.081900 -0.615144
v 1.458575 1.099105 -0.691607
v 1.456203 1.129194 -0.771929
v 1.455788 1.140535 -0.794162
v 1.418333 1.111901 -0.776013
v 1.422783 1.083256 -0.691988
v 1.425482 1.067117 -0.614606
v 1.426492 1.052637 -0.437375
v 1.426492 1.050961 -0.293985
v 1.523884 1.073742 -0.294265
v 1.523884 1.075619 -0.437918
v 1.523884 1.091347 -0.615346
v 1.523884 1.109137 -0.690895
v 1.523884 1.139788 -0.768995
v 1.523884 1.151078 -0.790473
v 1.580612 1.066534 -0.294176
v 1.580612 1.068348 -0.437746
v 1.581248 1.083697 -0.615194
v 1.582893 1.101021 -0.691510
v 1.584977 1.131244 -0.771385
v 1.585332 1.142580 -0.793457
v 1.631938 1.046533 -0.437231
v 1.633022 1.060662 -0.614315
v 1.635946 1.076294 -0.691945
v 1.641054 1.104130 -0.777255
v 1.642213 1.115536 -0.801873
v 1.659029 1.100764 -0.805008
v 1.657332 1.089972 -0.778683
v 1.651236 1.064250 -0.691607
v 1.648071 1.049541 -0.613750
v 1.646912 1.036030 -0.436982
v 1.646912 1.034499 -0.293782
v 1.415830 1.046533 -0.437231
v 1.414746 1.060662 -0.614315
v 1.411822 1.076294 -0.691945
v 1.406711 1.104116 -0.777248
v 1.405545 1.115515 -0.801878
v 1.399655 0.721273 -3.047858
v 1.399655 0.721273 -3.047858
v 1.399655 0.721273 -3.047858
v 1.395223 0.725549 -3.047930
v 1.395223 0.725549 -3.047930
v 1.395223 0.725549 -3.047930
v 1.358378 0.784889 -3.048765
v 1.358378 0.784889 -3.048765
v 1.346399 0.854308 -3.049722
v 1.346399 0.854308 -3.049722
v 1.358423 0.923777 -3.050630
v 1.358423 0.923777 -3.050630
v 1.395402 0.983122 -3.051407
v 1.395402 0.983122 -3.051407
v 1.395402 0.983122 -3.051407
v 1.399457 0.987030 -3.051453
v 1.399457 0.987030 -3.051453
v 1.399457 0.987030 -3.051453
v 1.349944 0.988891 -3.211360
v 1.349944 0.988891 -3.211360
v 1.301449 0.987255 -3.354417
v 1.301449 0.987255 -3.354417
v 1.247134 0.985815 -3.480291
v 1.247134 0.985815 -3.480291
v 1.182094 0.984465 -3.598361
v 1.182094 0.984465 -3.598361
v 1.105919 0.983194 -3.709573
v 1.105919 0.983194 -3.709573
v 1.019308 0.982013 -3.812865
v 1.019308 0.982013 -3.812865
v 0.923093 0.980933 -3.907280
v 0.923093 0.980933 -3.907280
v 0.818168 0.979965 -3.991910
v 0.818168 0.979965 -3.991910
v 0.705535 0.979118 -4.065973
v 0.705535 0.979118 -4.065973
v 0.586245 0.978401 -4.128756
v 0.586245 0.978401 -4.128756
v 0.461430 0.977818 -4.179681
v 0.461430 0.977818 -4.179681
v 0.332264 0.977377 -4.218256
v 0.332264 0.977377 -4.218256
v 0.199964 0.977081 -4.244127
v 0.199964 0.977081 -4.244127
v 0.065780 0.976934 -4.257042
v 0.065780 0.976934 -4.257042
v -0.069025 0.976936 -4.256885
v -0.069025 0.976936 -4.256885
v -0.203178 0.977087 -4.243655
v -0.203178 0.977087 -4.243655
v -0.335417 0.977386 -4.217475
v -0.335417 0.977386 -4.217475
v -0.464492 0.977831 -4.178598
v -0.464492 0.977831 -4.178598
v -0.589188 0.978416 -4.127381
v -0.589188 0.978416 -4.127381
v -0.708330 0.979137 -4.064319
v -0.708330 0.979137 -4.064319
v -0.820791 0.979987 -3.989992
v -0.820791 0.979987 -3.989992
v -0.925517 0.980958 -3.905117
v -0.925517 0.980958 -3.905117
v -1.021510 0.982040 -3.810478
v -1.021510 0.982040 -3.810478
v -1.107880 0.983223 -3.706983
v -1.107880 0.983223 -3.706983
v -1.183794 0.984497 -3.595593
v -1.183794 0.984497 -3.595593
v -1.248558 0.985849 -3.477372
v -1.248558 0.985849 -3.477372
v -1.301370 0.987251 -3.354750
v -1.301370 0.987251 -3.354750
v -1.340936 0.988616 -3.235367
v -1.340936 0.988616 -3.235367
v -1.366475 0.990319 -3.128893
v -1.366475 0.990319 -3.128893
v -1.380406 0.995157 -3.048949
v -1.380406 0.995157 -3.048949
v -1.385161 1.008414 -3.003992
v -1.385161 1.008414 -3.003992
v -1.382892 1.023217 -2.984781
v -1.382892 1.023217 -2.984781
v -1.376083 1.047741 -2.956688
v -1.376083 1.047741 -2.956688
v -1.373198 1.057014 -2.944996
v -1.373198 1.057014 -2.944996
v -1.368866 1.069537 -2.928519
v -1.368866 1.069537 -2.928519
v -1.368866 1.069537 -2.928519
v -1.368866 1.069537 -2.928519
v -1.368866 1.069537 -2.928519
v -1.356629 1.037536 -2.932415
v -1.356629 1.037536 -2.932415
v -1.348250 1.010180 -2.935226
v -1.348250 1.010180 -2.935226
v -1.333461 0.922905 -2.940598
v -1.333461 0.922905 -2.940598
v -1.334647 0.842003 -2.943305
v -1.334647 0.842003 -2.943305
v -1.352090 0.771275 -2.944720
v -1.352090 0.771275 -2.944720
v -1.387398 0.715683 -2.945412
v -1.387398 0.715683 -2.945412
v -1.387398 0.715683 -2.945412
v -1.382440 0.719025 -3.028360
v -1.382440 0.719025 -3.028360
v -1.370690 0.717097 -3.103359
v -1.370690 0.717097 -3.103359
v -1.347966 0.715726 -3.206377
v -1.347966 0.715726 -3.206377
v -1.311258 0.714372 -3.324780
v -1.311258 0.714372 -3.324780
v -1.260771 0.712958 -3.448465
v -1.260771 0.712958 -3.448465
v -1.197892 0.711580 -3.568943
v -1.197892 0.711580 -3.568943
v -1.123535 0.710279 -3.682714
v -1.123535 0.710279 -3.682714
v -1.038403 0.709068 -3.788664
v -1.038403 0.709068 -3.788664
v -0.943322 0.707957 -3.885787
v -0.943322 0.707957 -3.885787
v -0.839195 0.706958 -3.973143
v -0.839195 0.706958 -3.973143
v -0.727027 0.706081 -4.049903
v -0.727027 0.706081 -4.049903
v -0.607889 0.705333 -4.115324
v -0.607889 0.705333 -4.115324
v -0.482923 0.704721 -4.168783
v -0.482923 0.704721 -4.168783
v -0.353330 0.704253 -4.209766
v -0.353330 0.704253 -4.209766
v -0.220349 0.703931 -4.237880
v -0.220349 0.703931 -4.237880
v -0.085257 0.703760 -4.252859
v -0.085257 0.703760 -4.252859
v 0.050654 0.703741 -4.254552
v 0.050654 0.703741 -4.254552
v 0.186078 0.703873 -4.242954
v 0.186078 0.703873 -4.242954
v 0.319719 0.704157 -4.218162
v 0.319719 0.704157 -4.218162
v 0.450295 0.704588 -4.180429
v 0.450295 0.704588 -4.180429
v 0.576554 0.705164 -4.130101
v 0.576554 0.705164 -4.130101
v 0.697290 0.705877 -4.067677
v 0.697290 0.705877 -4.067677
v 0.811337 0.706723 -3.993737
v 0.811337 0.706723 -3.993737
v 0.917613 0.707692 -3.909009
v 0.917613 0.707692 -3.909009
v 1.015086 0.708775 -3.814286
v 1.015086 0.708775 -3.814286
v 1.102838 0.709962 -3.710495
v 1.102838 0.709962 -3.710495
v 1.180008 0.711241 -3.598613
v 1.180008 0.711241 -3.598613
v 1.245879 0.712600 -3.479728
v 1.245879 0.712600 -3.479728
v 1.300800 0.714049 -3.352997
v 1.300800 0.714049 -3.352997
v 1.349726 0.715696 -3.208948
v 1.349726 0.715696 -3.208948
v -1.364939 0.746683 -2.951480
v 1.316973 0.743901 -3.239152
v -1.337065 0.944009 -2.948923
v 1.316973 0.959995 -3.241623
v 1.326861 0.728892 -3.242081
v 1.284432 0.727516 -3.362416
v 1.237155 0.726279 -3.470584
v 1.169621 0.724881 -3.592894
v 1.090044 0.723567 -3.707733
v 0.999224 0.722353 -3.813905
v 0.898116 0.721251 -3.910333
v 0.787744 0.720271 -3.996003
v 0.669261 0.719425 -4.070054
v 0.543875 0.718720 -4.131700
v 0.412889 0.718164 -4.180328
v 0.277645 0.717762 -4.215415
v 0.139542 0.717520 -4.236622
v -0.000000 0.717439 -4.243708
v -0.139543 0.717520 -4.236622
v -0.277646 0.717762 -4.215415
v -0.412890 0.718164 -4.180328
v -0.543876 0.718720 -4.131699
v -0.669261 0.719425 -4.070053
v -0.787744 0.720271 -3.996003
v -0.898116 0.721251 -3.910332
v -0.999225 0.722353 -3.813905
v -1.090045 0.723567 -3.707733
v -1.169622 0.724881 -3.592893
v -1.237155 0.726279 -3.470584
v -1.291743 0.727732 -3.343532
v -1.331914 0.729139 -3.220462
v -1.353747 0.730287 -3.128706
v -1.366715 0.731820 -3.055037
v -1.373920 0.734475 -2.997813
v -1.375077 0.734527 -2.978098
v -1.375377 0.732116 -2.957249
v -1.375385 0.731035 -2.951478
v -1.364938 0.747815 -2.957403
v -1.364662 0.750238 -2.978584
v -1.363526 0.750006 -2.998234
v -1.356395 0.746944 -3.054634
v -1.343549 0.745295 -3.127374
v -1.321901 0.744141 -3.218153
v -1.282043 0.742746 -3.340150
v -1.227867 0.741304 -3.466227
v -1.160840 0.739916 -3.587618
v -1.081861 0.738613 -3.701595
v -0.991722 0.737408 -3.806970
v -0.891373 0.736314 -3.902673
v -0.781830 0.735341 -3.987701
v -0.664236 0.734501 -4.061195
v -0.539792 0.733801 -4.122378
v -0.409790 0.733250 -4.170641
v -0.275561 0.732851 -4.205465
v -0.138495 0.732611 -4.226513
v -0.000000 0.732530 -4.233545
v 0.138494 0.732611 -4.226513
v 0.275561 0.732851 -4.205465
v 0.409789 0.733250 -4.170642
v 0.539792 0.733801 -4.122378
v 0.664236 0.734501 -4.061195
v 0.781829 0.735341 -3.987701
v 0.891373 0.736314 -3.902674
v 0.991722 0.737408 -3.806971
v 1.081860 0.738613 -3.701595
v 1.160840 0.739916 -3.587618
v 1.227867 0.741304 -3.466227
v 1.274798 0.742532 -3.358835
v 1.296435 0.795297 -3.233300
v 1.254788 0.793944 -3.351628
v 1.208575 0.792734 -3.457408
v 1.142601 0.791368 -3.576892
v 1.064862 0.790085 -3.689079
v 0.976140 0.788899 -3.792798
v 0.877368 0.787822 -3.886998
v 0.769546 0.786865 -3.970689
v 0.653800 0.786038 -4.043029
v 0.531311 0.785349 -4.103251
v 0.403351 0.784806 -4.150755
v 0.271231 0.784414 -4.185032
v 0.136318 0.784177 -4.205750
v -0.000000 0.784098 -4.212671
v -0.136319 0.784177 -4.205750
v -0.271231 0.784414 -4.185032
v -0.403351 0.784806 -4.150755
v -0.531311 0.785349 -4.103251
v -0.653800 0.786038 -4.043028
v -0.769546 0.786865 -3.970689
v -0.877368 0.787822 -3.886998
v -0.976141 0.788899 -3.792798
v -1.064863 0.790085 -3.689078
v -1.142601 0.791368 -3.576892
v -1.208575 0.792734 -3.457408
v -1.261896 0.794153 -3.333357
v -1.301104 0.795522 -3.213590
v -1.322367 0.796715 -3.124857
v -1.334962 0.798774 -3.054168
v -1.341904 0.803341 -2.999826
v -1.342842 0.804614 -2.980245
v -1.342760 0.802769 -2.957802
v -1.342653 0.801582 -2.951316
v 1.298041 0.914809 -3.235170
v 1.256352 0.913454 -3.353604
v 1.210083 0.912243 -3.459511
v 1.144027 0.910875 -3.579143
v 1.066191 0.909591 -3.691470
v 0.977359 0.908404 -3.795319
v 0.878463 0.907325 -3.889636
v 0.770506 0.906367 -3.973432
v 0.654616 0.905539 -4.045862
v 0.531974 0.904849 -4.106159
v 0.403854 0.904305 -4.153723
v 0.271570 0.903913 -4.188042
v 0.136489 0.903676 -4.208786
v -0.000000 0.903596 -4.215716
v -0.136489 0.903676 -4.208786
v -0.271570 0.903913 -4.188042
v -0.403855 0.904305 -4.153723
v -0.531974 0.904849 -4.106158
v -0.654616 0.905539 -4.045861
v -0.770506 0.906367 -3.973432
v -0.878463 0.907325 -3.889636
v -0.977359 0.908404 -3.795319
v -1.066192 0.909591 -3.691469
v -1.144027 0.910875 -3.579143
v -1.210083 0.912243 -3.459510
v -1.263472 0.913664 -3.335300
v -1.302730 0.915035 -3.215360
v -1.324023 0.916373 -3.126573
v -1.336638 0.919433 -3.056472
v -1.343171 0.928593 -3.004048
v -1.342344 0.936671 -2.983886
v -1.338442 0.943714 -2.957233
v -1.333214 0.865756 -2.950660
v -1.333681 0.866679 -2.957876
v -1.334927 0.866175 -2.982012
v -1.334573 0.862581 -3.001751
v -1.327818 0.856061 -3.054739
v -1.315307 0.853539 -3.124506
v -1.294172 0.852290 -3.212523
v -1.255181 0.850935 -3.331546
v -1.202144 0.849531 -3.454922
v -1.136521 0.848178 -3.573770
v -1.059197 0.846908 -3.685360
v -0.970947 0.845734 -3.788528
v -0.872700 0.844668 -3.882226
v -0.765451 0.843722 -3.965472
v -0.650321 0.842906 -4.037427
v -0.528484 0.842227 -4.097328
v -0.401205 0.841692 -4.144581
v -0.269788 0.841308 -4.178675
v -0.135594 0.841079 -4.199282
v -0.000000 0.841006 -4.206167
v 0.135593 0.841091 -4.199283
v 0.269788 0.841332 -4.178675
v 0.401205 0.841728 -4.144581
v 0.528484 0.842274 -4.097329
v 0.650321 0.842965 -4.037428
v 0.765451 0.843794 -3.965473
v 0.872699 0.844752 -3.882227
v 0.970947 0.845829 -3.788529
v 1.059196 0.847015 -3.685361
v 1.136521 0.848297 -3.573772
v 1.202144 0.849662 -3.454924
v 1.248118 0.850870 -3.349681
v 1.289589 0.852223 -3.231804
v 1.311225 0.949354 -3.239699
v 1.269198 0.947990 -3.359003
v 1.222468 0.946767 -3.465944
v 1.155736 0.945385 -3.586801
v 1.077104 0.944088 -3.700277
v 0.987362 0.942888 -3.805190
v 0.887454 0.941799 -3.900472
v 0.778392 0.940831 -3.985125
v 0.661316 0.939994 -4.058296
v 0.537418 0.939297 -4.119211
v 0.407988 0.938748 -4.167262
v 0.274349 0.938352 -4.201932
v 0.137886 0.938112 -4.222888
v -0.000000 0.938032 -4.229889
v -0.137886 0.938112 -4.222888
v -0.274349 0.938352 -4.201932
v -0.407988 0.938748 -4.167262
v -0.537419 0.939297 -4.119210
v -0.661316 0.939994 -4.058296
v -0.778392 0.940831 -3.985125
v -0.887454 0.941799 -3.900472
v -0.987362 0.942888 -3.805189
v -1.077104 0.944088 -3.700277
v -1.155736 0.945385 -3.586801
v -1.222468 0.946767 -3.465944
v -1.276405 0.948202 -3.340434
v -1.316081 0.949590 -3.219061
v -1.337621 0.950984 -3.129020
v -1.350397 0.954347 -3.058011
v -1.356863 0.965105 -3.005432
v -1.355351 0.976330 -2.985017
v -1.349293 0.990683 -2.956441
v -1.346950 0.992859 -2.947142
v -1.360787 1.032929 -2.945610
v -1.363974 1.027611 -2.956233
v -1.371342 1.005911 -2.986031
v -1.373208 0.992189 -3.006558
v -1.366715 0.980214 -3.059554
v -1.353747 0.976622 -3.131732
v -1.331914 0.975180 -3.223275
v -1.291743 0.973773 -3.346345
v -1.237155 0.972320 -3.473397
v -1.169622 0.970921 -3.595706
v -1.090045 0.969608 -3.710546
v -0.999225 0.968394 -3.816719
v -0.898116 0.967292 -3.913146
v -0.787744 0.966312 -3.998816
v -0.669261 0.965465 -4.072866
v -0.543876 0.964760 -4.134512
v -0.412890 0.964204 -4.183141
v -0.277646 0.963803 -4.218228
v -0.139543 0.963561 -4.239436
v -0.000000 0.963480 -4.246521
v 0.139542 0.963561 -4.239436
v 0.277645 0.963803 -4.218228
v 0.412889 0.964204 -4.183141
v 0.543875 0.964760 -4.134513
v 0.669261 0.965465 -4.072867
v 0.787744 0.966312 -3.998816
v 0.898116 0.967292 -3.913146
v 0.999224 0.968394 -3.816719
v 1.090044 0.969608 -3.710546
v 1.169621 0.970921 -3.595707
v 1.237155 0.972320 -3.473398
v 1.284432 0.973557 -3.365229
v 1.326861 0.974933 -3.244895
v -1.351597 1.008863 -2.946522
v -1.354381 1.005770 -2.956287
v -1.361174 0.988625 -2.985411
v -1.362861 0.976368 -3.005887
v -1.356395 0.965105 -3.058601
v -1.343549 0.961648 -3.130032
v -1.321901 0.960235 -3.220624
v -1.282043 0.958840 -3.342621
v -1.227867 0.957398 -3.468698
v -1.160840 0.956010 -3.590089
v -1.081861 0.954707 -3.704066
v -0.991722 0.953502 -3.809441
v -0.891373 0.952408 -3.905144
v -0.781830 0.951436 -3.990172
v -0.664236 0.950595 -4.063666
v -0.539792 0.949896 -4.124849
v -0.409790 0.949344 -4.173112
v -0.275561 0.948946 -4.207936
v -0.138495 0.948705 -4.228984
v -0.000000 0.948625 -4.236016
v 0.138494 0.948705 -4.228984
v 0.275561 0.948946 -4.207936
v 0.409789 0.949344 -4.173112
v 0.539792 0.949896 -4.124849
v 0.664236 0.950595 -4.063666
v 0.781829 0.951436 -3.990172
v 0.891373 0.952408 -3.905145
v 0.991722 0.953502 -3.809442
v 1.081860 0.954707 -3.704066
v 1.160840 0.956010 -3.590089
v 1.227867 0.957398 -3.468698
v 1.274798 0.958627 -3.361306
v -1.679134 1.069537 -2.928519
v -1.679134 1.069537 -2.928519
v -1.679134 1.069537 -2.928519
v -1.679134 1.069537 -2.928519
v -1.679134 1.069537 -2.928519
v -1.671906 1.122327 -2.901556
v -1.671906 1.122327 -2.901556
v -1.662849 1.247777 -2.823080
v -1.662849 1.247777 -2.823080
v -1.660664 1.364608 -2.731622
v -1.660664 1.364608 -2.731622
v -1.660602 1.466715 -2.625397
v -1.660602 1.466715 -2.625397
v -1.660602 1.550508 -2.505264
v -1.660602 1.550508 -2.505264
v -1.660602 1.616179 -2.374362
v -1.660602 1.616179 -2.374362
v -1.660602 1.663971 -2.235839
v -1.660602 1.663971 -2.235839
v -1.660602 1.693653 -2.092324
v -1.660602 1.693653 -2.092324
v -1.660602 1.704766 -1.946205
v -1.660602 1.704766 -1.946205
v -1.660602 1.696997 -1.799870
v -1.660602 1.696997 -1.799870
v -1.660602 1.670604 -1.655713
v -1.660602 1.670604 -1.655713
v -1.660602 1.625992 -1.516128
v -1.660602 1.625992 -1.516128
v -1.660602 1.563343 -1.382819
v -1.660602 1.563343 -1.382819
v -1.660602 1.482373 -1.256033
v -1.660602 1.482373 -1.256033
v -1.660664 1.382857 -1.135737
v -1.660664 1.382857 -1.135737
v -1.671910 1.145298 -0.896835
v -1.671910 1.145298 -0.896835
v -1.674806 1.121341 -0.872473
v -1.674806 1.121341 -0.872473
v -1.376095 1.145300 -0.896831
v -1.376095 1.145300 -0.896831
v -1.387336 1.382857 -1.135737
v -1.387336 1.382857 -1.135737
v -1.387398 1.482373 -1.256033
v -1.387398 1.482373 -1.256033
v -1.387398 1.563343 -1.382819
v -1.387398 1.563343 -1.382819
v -1.387398 1.625992 -1.516128
v -1.387398 1.625992 -1.516128
v -1.387398 1.670604 -1.655713
v -1.387398 1.670604 -1.655713
v -1.387398 1.696997 -1.799870
v -1.387398 1.696997 -1.799870
v -1.387398 1.704766 -1.946205
v -1.387398 1.704766 -1.946205
v -1.387398 1.693653 -2.092324
v -1.387398 1.693653 -2.092324
v -1.387398 1.663971 -2.235839
v -1.387398 1.663971 -2.235839
v -1.387398 1.616179 -2.374362
v -1.387398 1.616179 -2.374362
v -1.387398 1.550508 -2.505264
v -1.387398 1.550508 -2.505264
v -1.387398 1.466715 -2.625397
v -1.387398 1.466715 -2.625397
v -1.387336 1.364608 -2.731622
v -1.387336 1.364608 -2.731622
v -1.385151 1.247777 -2.823080
v -1.385151 1.247777 -2.823080
v -1.376090 1.122325 -2.901553
v -1.376090 1.122325 -2.901553
v -1.373194 1.097932 -2.914422
v -1.373194 1.097932 -2.914422
v -1.405163 1.105274 -2.940135
v -1.405163 1.105274 -2.940135
v -1.462418 1.131130 -2.948359
v -1.462418 1.131130 -2.948359
v -1.524000 1.139361 -2.950924
v -1.524000 1.139361 -2.950924
v -1.585582 1.131130 -2.948359
v -1.585582 1.131130 -2.948359
v -1.642838 1.105270 -2.940137
v -1.642838 1.105270 -2.940137
v -1.660739 1.090652 -2.935302
v -1.660739 1.090652 -2.935302
v -1.659145 1.134813 -0.860077
v -1.657448 1.155226 -0.884238
v -1.648188 1.308521 -1.041426
v -1.647053 1.403686 -1.141075
v -1.647028 1.487780 -1.243550
v -1.647028 1.558532 -1.350608
v -1.647028 1.616117 -1.462280
v -1.647028 1.660761 -1.578554
v -1.647028 1.692525 -1.698908
v -1.647028 1.711192 -1.821982
v -1.647028 1.716519 -1.946339
v -1.647028 1.695765 -2.151144
v -1.647028 1.639050 -2.349030
v -1.632054 1.648552 -2.352701
v -1.647028 1.565007 -2.503743
v -1.647028 1.466313 -2.644040
v -1.647060 1.382340 -2.730973
v -1.648188 1.288319 -2.807826
v -1.657444 1.132036 -2.910374
v -1.659147 1.111183 -2.922843
v -1.592096 1.168298 -0.838444
v -1.591681 1.184614 -0.860387
v -1.587495 1.328084 -1.017563
v -1.586812 1.424870 -1.120074
v -1.586797 1.511395 -1.225565
v -1.586797 1.584108 -1.335561
v -1.586797 1.643217 -1.450163
v -1.586797 1.689013 -1.569432
v -1.586797 1.721594 -1.692882
v -1.586797 1.740741 -1.819123
v -1.586797 1.746205 -1.946678
v -1.586797 1.724917 -2.156752
v -1.586797 1.666743 -2.359730
v -1.586797 1.590770 -2.518404
v -1.586797 1.489359 -2.662181
v -1.586816 1.402967 -2.751122
v -1.587495 1.307368 -2.829092
v -1.591681 1.160964 -2.927552
v -1.592096 1.144276 -2.938089
v -1.642339 1.122473 -2.928896
v -1.641172 1.141386 -2.917009
v -1.633138 1.294768 -2.815185
v -1.632084 1.389415 -2.737888
v -1.632054 1.474221 -2.650264
v -1.632054 1.573846 -2.508773
v -1.632054 1.705767 -2.153068
v -1.632054 1.726704 -1.946455
v -1.632054 1.721330 -1.821001
v -1.632054 1.702499 -1.696841
v -1.632054 1.670454 -1.575424
v -1.632054 1.625415 -1.458123
v -1.632054 1.567307 -1.345445
v -1.632054 1.495883 -1.237379
v -1.632077 1.410953 -1.133867
v -1.633138 1.315148 -1.033155
v -1.641170 1.164764 -0.874890
v -1.642329 1.146276 -0.851345
v -1.524000 1.178097 -0.833396
v -1.524000 1.193757 -0.854794
v -1.524000 1.334024 -1.010764
v -1.524000 1.431087 -1.113920
v -1.524000 1.518320 -1.220291
v -1.524000 1.591608 -1.331148
v -1.524000 1.651164 -1.446609
v -1.524000 1.697298 -1.566757
v -1.524000 1.730119 -1.691115
v -1.524000 1.749406 -1.818284
v -1.524000 1.754911 -1.946778
v -1.524000 1.733466 -2.158396
v -1.524000 1.674864 -2.362867
v -1.524000 1.598325 -2.522703
v -1.524000 1.496118 -2.667501
v -1.524000 1.409021 -2.757027
v -1.524000 1.313162 -2.835177
v -1.524000 1.170001 -2.931717
v -1.524000 1.153981 -2.941766
v -1.455904 1.168298 -0.838444
v -1.456320 1.184614 -0.860387
v -1.460505 1.328084 -1.017563
v -1.461189 1.424870 -1.120074
v -1.461203 1.511395 -1.225565
v -1.461203 1.584108 -1.335561
v -1.461203 1.643217 -1.450163
v -1.461203 1.689013 -1.569432
v -1.461203 1.721594 -1.692882
v -1.461203 1.740741 -1.819123
v -1.461203 1.746205 -1.946678
v -1.461203 1.724917 -2.156752
v -1.461203 1.666743 -2.359730
v -1.461203 1.590770 -2.518404
v -1.461203 1.489359 -2.662181
v -1.461184 1.402967 -2.751122
v -1.460505 1.307368 -2.829092
v -1.456320 1.160964 -2.927552
v -1.455904 1.144276 -2.938089
v -1.388853 1.134812 -0.860094
v -1.390556 1.155241 -0.884260
v -1.399812 1.308521 -1.041426
v -1.400948 1.403686 -1.141075
v -1.400972 1.487780 -1.243550
v -1.400972 1.558532 -1.350608
v -1.400972 1.616117 -1.462280
v -1.400972 1.660761 -1.578554
v -1.400972 1.692525 -1.698908
v -1.400972 1.711192 -1.821982
v -1.400972 1.716519 -1.946339
v -1.415946 1.705767 -2.153068
v -1.400972 1.695765 -2.151144
v -1.400972 1.639050 -2.349030
v -1.400972 1.565007 -2.503743
v -1.400972 1.466313 -2.644040
v -1.400940 1.382340 -2.730973
v -1.399812 1.288319 -2.807826
v -1.390552 1.132022 -2.910382
v -1.388855 1.111184 -2.922851
v -1.405671 1.122490 -2.928904
v -1.406830 1.141386 -2.917015
v -1.414862 1.294768 -2.815185
v -1.415917 1.389415 -2.737888
v -1.415946 1.474221 -2.650264
v -1.415946 1.573846 -2.508773
v -1.415946 1.648552 -2.352701
v -1.415946 1.726704 -1.946455
v -1.415946 1.721330 -1.821001
v -1.415946 1.702499 -1.696841
v -1.415946 1.670454 -1.575424
v -1.415946 1.625415 -1.458123
v -1.415946 1.567307 -1.345445
v -1.415946 1.495883 -1.237379
v -1.415923 1.410953 -1.133867
v -1.414862 1.315148 -1.033155
v -1.406828 1.164763 -0.874903
v -1.405662 1.146259 -0.851357
v -1.660602 0.977165 -1.160784
v -1.660602 0.977165 -1.160784
v -1.660602 0.977165 -1.160784
v -1.695910 0.998529 -1.111529
v -1.695910 0.998529 -1.111529
v -1.713353 1.024722 -1.048594
v -1.713353 1.024722 -1.048594
v -1.714539 1.052724 -0.976093
v -1.714539 1.052724 -0.976093
v -1.699750 1.079282 -0.897209
v -1.699750 1.079282 -0.897209
v -1.691371 1.086273 -0.872365
v -1.691371 1.086273 -0.872365
v -1.691371 1.062860 -2.912246
v -1.691371 1.062860 -2.912246
v -1.699750 1.056296 -2.897370
v -1.699750 1.056296 -2.897370
v -1.714539 1.031136 -2.845075
v -1.714539 1.031136 -2.845075
v -1.713353 1.004459 -2.793095
v -1.713353 1.004459 -2.793095
v -1.695910 0.979431 -2.746006
v -1.695910 0.979431 -2.746006
v -1.660602 0.958986 -2.708259
v -1.660602 0.958986 -2.708259
v -1.660602 0.958986 -2.708259
v -1.598704 0.944264 -2.681187
v -1.598704 0.944264 -2.681187
v -1.524000 0.939357 -2.672163
v -1.524000 0.939357 -2.672163
v -1.449296 0.944264 -2.681187
v -1.449296 0.944264 -2.681187
v -1.387398 0.958986 -2.708259
v -1.387398 0.958986 -2.708259
v -1.387398 0.958986 -2.708259
v -1.352090 0.979431 -2.746006
v -1.352090 0.979431 -2.746006
v -1.334647 1.004459 -2.793095
v -1.334647 1.004459 -2.793095
v -1.333461 1.031136 -2.845075
v -1.333461 1.031136 -2.845075
v -1.348250 1.056288 -2.897373
v -1.348250 1.056288 -2.897373
v -1.356629 1.062850 -2.912250
v -1.356629 1.062850 -2.912250
v -1.356629 1.086283 -0.872370
v -1.356629 1.086283 -0.872370
v -1.348250 1.079291 -0.897213
v -1.348250 1.079291 -0.897213
v -1.333461 1.052724 -0.976093
v -1.333461 1.052724 -0.976093
v -1.334647 1.024722 -1.048594
v -1.334647 1.024722 -1.048594
v -1.352090 0.998529 -1.111529
v -1.352090 0.998529 -1.111529
v -1.387398 0.977165 -1.160784
v -1.387398 0.977165 -1.160784
v -1.387398 0.977165 -1.160784
v -1.449296 0.961785 -1.195925
v -1.449296 0.961785 -1.195925
v -1.524000 0.956659 -1.207638
v -1.524000 0.956659 -1.207638
v -1.598704 0.961785 -1.195925
v -1.598704 0.961785 -1.195925
v -1.375392 1.446874 -2.628738
v -1.672608 1.446874 -2.628738
v -1.687203 1.112298 -0.892658
v -1.696387 1.103883 -0.913439
v -1.713339 1.075141 -0.988860
v -1.713008 1.045677 -1.060059
v -1.695867 1.018103 -1.122271
v -1.660602 0.995595 -1.171119
v -1.598704 0.979390 -1.205994
v -1.544768 0.974385 -1.216766
v -1.488988 0.992143 -1.225454
v -1.436329 0.981606 -1.201226
v -1.436329 0.998959 -1.211638
v -1.391755 0.993832 -1.174914
v -1.359573 1.030479 -1.147596
v -1.340369 1.053435 -1.099765
v -1.333423 1.078710 -1.044793
v -1.337066 1.082109 -0.971015
v -1.338453 1.104427 -0.985540
v -1.351599 1.103878 -0.913456
v -1.360788 1.112286 -0.892658
v -1.332868 1.057549 -1.032088
v -1.340214 1.033445 -1.088073
v -1.359557 1.011588 -1.136537
v -1.488988 0.975123 -1.215177
v -1.684011 1.136099 -0.913002
v -1.693602 1.127351 -0.931424
v -1.712249 1.097131 -1.002719
v -1.712689 1.066268 -1.072215
v -1.695827 1.037324 -1.133497
v -1.660602 1.013667 -1.181824
v -1.598704 0.996629 -1.216360
v -1.544768 0.991367 -1.227028
v -1.391755 1.011813 -1.185581
v -1.354391 1.127341 -0.931424
v -1.363985 1.136079 -0.912984
v -1.674806 1.260163 -1.030409
v -1.685076 1.251204 -1.043320
v -1.708027 1.215802 -1.095848
v -1.711404 1.177499 -1.152918
v -1.695667 1.140852 -1.206472
v -1.660602 1.110595 -1.250154
v -1.598704 1.088759 -1.281601
v -1.544768 1.082014 -1.291314
v -1.488988 1.083009 -1.289881
v -1.436328 1.091744 -1.277301
v -1.391755 1.108220 -1.253576
v -1.359638 1.132116 -1.219118
v -1.340992 1.161315 -1.176682
v -1.335658 1.193066 -1.129845
v -1.343631 1.224661 -1.082592
v -1.362924 1.251204 -1.043320
v -1.373194 1.260163 -1.030409
v -1.672608 1.471753 -1.264014
v -1.683013 1.460037 -1.272819
v -1.706825 1.412660 -1.308423
v -1.711027 1.360489 -1.347630
v -1.695619 1.310236 -1.385395
v -1.660602 1.268613 -1.416675
v -1.598704 1.238554 -1.439265
v -1.544768 1.229269 -1.446243
v -1.488988 1.230639 -1.445214
v -1.436328 1.242663 -1.436177
v -1.391755 1.265343 -1.419133
v -1.359656 1.298228 -1.394420
v -1.341175 1.338326 -1.364286
v -1.336311 1.381754 -1.331649
v -1.345066 1.424626 -1.299430
v -1.364987 1.460037 -1.272819
v -1.375392 1.471753 -1.264014
v -1.375331 1.373542 -1.145339
v -1.364930 1.363269 -1.155934
v -1.345026 1.332238 -1.187965
v -1.336293 1.294682 -1.226739
v -1.341170 1.256647 -1.265985
v -1.359656 1.221531 -1.302201
v -1.391755 1.192733 -1.331891
v -1.436328 1.172873 -1.352367
v -1.488988 1.162343 -1.363223
v -1.544768 1.161143 -1.364460
v -1.598704 1.169274 -1.356078
v -1.660602 1.195597 -1.328939
v -1.695621 1.232047 -1.291357
v -1.711038 1.276057 -1.245960
v -1.706859 1.321755 -1.198789
v -1.683071 1.363269 -1.155934
v -1.672669 1.373542 -1.145339
v -1.672608 1.551714 -1.389238
v -1.683013 1.538886 -1.396319
v -1.706825 1.487011 -1.424955
v -1.711027 1.429886 -1.456489
v -1.695619 1.374861 -1.486864
v -1.660602 1.329285 -1.512022
v -1.598704 1.296371 -1.530191
v -1.544768 1.286204 -1.535803
v -1.488988 1.287704 -1.534975
v -1.436328 1.300871 -1.527707
v -1.391755 1.325704 -1.513999
v -1.359656 1.361712 -1.494122
v -1.341175 1.405618 -1.469885
v -1.336311 1.453169 -1.443636
v -1.345066 1.500113 -1.417722
v -1.364987 1.538886 -1.396319
v -1.375392 1.551714 -1.389238
v -1.672608 1.613621 -1.520979
v -1.683013 1.599974 -1.526331
v -1.706825 1.544790 -1.547972
v -1.711027 1.484020 -1.571803
v -1.695619 1.425484 -1.594759
v -1.660602 1.377001 -1.613772
v -1.598704 1.341987 -1.627503
v -1.544768 1.331172 -1.631744
v -1.488988 1.332767 -1.631119
v -1.436328 1.346774 -1.625626
v -1.391755 1.373192 -1.615266
v -1.359656 1.411497 -1.600244
v -1.341175 1.458204 -1.581928
v -1.336311 1.508789 -1.562090
v -1.345066 1.558728 -1.542506
v -1.364987 1.599974 -1.526331
v -1.375392 1.613621 -1.520979
v -1.672608 1.657715 -1.658941
v -1.683013 1.643495 -1.662501
v -1.706825 1.585995 -1.676898
v -1.711027 1.522675 -1.692752
v -1.695619 1.461683 -1.708024
v -1.660602 1.411166 -1.720672
v -1.598704 1.374683 -1.729807
v -1.544768 1.363414 -1.732629
v -1.488988 1.365076 -1.732212
v -1.436328 1.379671 -1.728558
v -1.391755 1.407197 -1.721666
v -1.359656 1.447109 -1.711673
v -1.341175 1.495776 -1.699487
v -1.336311 1.548484 -1.686290
v -1.345066 1.600518 -1.673262
v -1.364987 1.643495 -1.662501
v -1.375392 1.657715 -1.658941
v -1.672608 1.683800 -1.801420
v -1.683013 1.669242 -1.803130
v -1.706825 1.610372 -1.810047
v -1.711027 1.545544 -1.817663
v -1.695619 1.483099 -1.824999
v -1.660602 1.431379 -1.831075
v -1.598704 1.394027 -1.835463
v -1.544768 1.382489 -1.836819
v -1.488988 1.384191 -1.836619
v -1.436328 1.399133 -1.834864
v -1.391755 1.427315 -1.831553
v -1.359656 1.468178 -1.826752
v -1.341175 1.518004 -1.820898
v -1.336311 1.571967 -1.814559
v -1.345066 1.625241 -1.808300
v -1.364987 1.669242 -1.803130
v -1.375392 1.683800 -1.801420
v -1.672608 1.691479 -1.946053
v -1.683013 1.676821 -1.945885
v -1.706825 1.617548 -1.945207
v -1.711027 1.552276 -1.944461
v -1.695619 1.489404 -1.943742
v -1.660602 1.437330 -1.943147
v -1.598704 1.399721 -1.942716
v -1.544768 1.388105 -1.942584
v -1.488988 1.389819 -1.942603
v -1.436328 1.404863 -1.942775
v -1.391755 1.433238 -1.943100
v -1.359656 1.474380 -1.943570
v -1.341175 1.524548 -1.944144
v -1.336311 1.578881 -1.944765
v -1.345066 1.632519 -1.945378
v -1.364987 1.676821 -1.945885
v -1.375392 1.691479 -1.946053
v -1.672608 1.674228 -2.129888
v -1.683013 1.659794 -2.127333
v -1.706825 1.601427 -2.117003
v -1.711027 1.537153 -2.105627
v -1.695619 1.475241 -2.094670
v -1.660602 1.423962 -2.085595
v -1.598704 1.386929 -2.079040
v -1.544768 1.375490 -2.077016
v -1.488988 1.377177 -2.077314
v -1.436328 1.391992 -2.079936
v -1.391755 1.419933 -2.084882
v -1.359656 1.460447 -2.092052
v -1.341175 1.509848 -2.100795
v -1.336311 1.563350 -2.110264
v -1.345066 1.616169 -2.119612
v -1.364987 1.659794 -2.127333
v -1.375392 1.674228 -2.129888
v -1.672608 1.627330 -2.308480
v -1.683013 1.613505 -2.303607
v -1.706825 1.557600 -2.283900
v -1.711027 1.496037 -2.262198
v -1.695619 1.436738 -2.241294
v -1.660602 1.387622 -2.223981
v -1.598704 1.352151 -2.211477
v -1.544768 1.341195 -2.207614
v -1.488988 1.342811 -2.208184
v -1.436328 1.357001 -2.213186
v -1.391755 1.383763 -2.222620
v -1.359656 1.422568 -2.236299
v -1.341175 1.469884 -2.252979
v -1.336311 1.521130 -2.271043
v -1.345066 1.571720 -2.288877
v -1.364987 1.613505 -2.303607
v -1.375392 1.627330 -2.308480
v -1.672608 1.551591 -2.476789
v -1.683013 1.538758 -2.469737
v -1.706825 1.486868 -2.441221
v -1.711027 1.429726 -2.409817
v -1.695619 1.374684 -2.379569
v -1.660602 1.329096 -2.354516
v -1.598704 1.296172 -2.336422
v -1.544768 1.286002 -2.330833
v -1.488988 1.287503 -2.331658
v -1.436328 1.300673 -2.338896
v -1.391755 1.325514 -2.352547
v -1.359656 1.361532 -2.372341
v -1.341175 1.405451 -2.396477
v -1.336311 1.453016 -2.422617
v -1.345066 1.499974 -2.448423
v -1.364987 1.538758 -2.469737
v -1.375392 1.551591 -2.476789
v -1.683013 1.435495 -2.619780
v -1.706825 1.389479 -2.583558
v -1.711027 1.338806 -2.543670
v -1.695619 1.289997 -2.505248
v -1.660602 1.249569 -2.473425
v -1.598704 1.220373 -2.450442
v -1.544768 1.211354 -2.443343
v -1.488988 1.212685 -2.444390
v -1.436328 1.224365 -2.453584
v -1.391755 1.246393 -2.470924
v -1.359656 1.278333 -2.496067
v -1.341175 1.317280 -2.526724
v -1.336311 1.359460 -2.559928
v -1.345066 1.401102 -2.592707
v -1.364987 1.435495 -2.619780
v -1.673768 1.272747 -2.789528
v -1.684102 1.263759 -2.778729
v -1.707459 1.227855 -2.734876
v -1.711226 1.188672 -2.686718
v -1.695644 1.151047 -2.640697
v -1.660602 1.119929 -2.602755
v -1.598704 1.097462 -2.575379
v -1.544768 1.090523 -2.566923
v -1.488988 1.091547 -2.568171
v -1.436328 1.100534 -2.579122
v -1.391755 1.117485 -2.599776
v -1.359647 1.142066 -2.629739
v -1.341079 1.172068 -2.666383
v -1.335966 1.204621 -2.706300
v -1.344309 1.236880 -2.745959
v -1.363898 1.263759 -2.778729
v -1.374232 1.272747 -2.789528
v -1.375361 1.364955 -2.713968
v -1.364958 1.354782 -2.704010
v -1.345045 1.324041 -2.673913
v -1.336302 1.286830 -2.637472
v -1.341172 1.249141 -2.600567
v -1.359656 1.214343 -2.566497
v -1.391755 1.185805 -2.538558
v -1.436328 1.166123 -2.519290
v -1.488988 1.155688 -2.509074
v -1.544768 1.154499 -2.507910
v -1.598704 1.162557 -2.515799
v -1.660602 1.188643 -2.541337
v -1.695620 1.224764 -2.576700
v -1.711033 1.268375 -2.619401
v -1.706842 1.313655 -2.663742
v -1.683043 1.354782 -2.704010
v -1.672639 1.364955 -2.713968
v -1.684016 1.113404 -2.890449
v -1.693609 1.105006 -2.877678
v -1.712249 1.076131 -2.826566
v -1.712689 1.046597 -2.774035
v -1.695827 1.018841 -2.726046
v -1.660602 0.996127 -2.687430
v -1.598704 0.979765 -2.659713
v -1.544768 0.974711 -2.651151
v -1.488988 0.975456 -2.652414
v -1.436329 0.982002 -2.663502
v -1.391755 0.994347 -2.684415
v -1.359573 1.012270 -2.714832
v -1.340369 1.034296 -2.752626
v -1.333423 1.058512 -2.795036
v -1.338453 1.083103 -2.839160
v -1.354398 1.105016 -2.877679
v -1.363989 1.113424 -2.890441
v -1.687212 1.089234 -2.901759
v -1.696402 1.081197 -2.888296
v -1.713339 1.053838 -2.836288
v -1.713008 1.025707 -2.783855
v -1.695867 0.999312 -2.736207
v -1.660602 0.977738 -2.697958
v -1.598704 0.962201 -2.670517
v -1.544768 0.957402 -2.662041
v -1.436329 0.964325 -2.674269
v -1.391755 0.976048 -2.694973
v -1.337066 1.060476 -2.848967
v -1.351613 1.081202 -2.888306
v -1.360798 1.089246 -2.901760
v -1.332868 1.037052 -2.804762
v -1.340214 1.014004 -2.762579
v -1.359557 0.993069 -2.725094
v -1.488988 0.958110 -2.663292
v 1.655848 0.987063 -3.045730
v 1.655848 0.987063 -3.045730
v 1.655848 0.987063 -3.045730
v 1.665950 0.977070 -3.044493
v 1.665950 0.977070 -3.044493
v 1.665950 0.977070 -3.044493
v 1.656343 0.986275 -3.119216
v 1.656343 0.986275 -3.119216
v 1.635885 0.988671 -3.204621
v 1.635885 0.988671 -3.204621
v 1.582619 0.987012 -3.375662
v 1.582619 0.987012 -3.375662
v 1.521967 0.985222 -3.532233
v 1.521967 0.985222 -3.532233
v 1.449265 0.983543 -3.679033
v 1.449265 0.983543 -3.679033
v 1.362546 0.981955 -3.817868
v 1.362546 0.981955 -3.817868
v 1.262571 0.980473 -3.947483
v 1.262571 0.980473 -3.947483
v 1.150311 0.979111 -4.066620
v 1.150311 0.979111 -4.066620
v 1.026861 0.977882 -4.174119
v 1.026861 0.977882 -4.174119
v 0.893418 0.976798 -4.268932
v 0.893418 0.976798 -4.268932
v 0.751286 0.975869 -4.350142
v 0.751286 0.975869 -4.350142
v 0.601841 0.975105 -4.416950
v 0.601841 0.975105 -4.416950
v 0.446545 0.974513 -4.468718
v 0.446545 0.974513 -4.468718
v 0.286900 0.974099 -4.504928
v 0.286900 0.974099 -4.504928
v 0.124467 0.973867 -4.525244
v 0.124467 0.973867 -4.525244
v -0.039179 0.973819 -4.529450
v -0.039179 0.973819 -4.529450
v -0.202442 0.973955 -4.517526
v -0.202442 0.973955 -4.517526
v -0.363736 0.974275 -4.489564
v -0.363736 0.974275 -4.489564
v -0.521493 0.974775 -4.445862
v -0.521493 0.974775 -4.445862
v -0.674173 0.975450 -4.386820
v -0.674173 0.975450 -4.386820
v -0.820299 0.976293 -4.313036
v -0.820299 0.976293 -4.313036
v -0.958437 0.977298 -4.225204
v -0.958437 0.977298 -4.225204
v -1.087259 0.978453 -4.124204
v -1.087259 0.978453 -4.124204
v -1.205493 0.979747 -4.010993
v -1.205493 0.979747 -4.010993
v -1.312009 0.981168 -3.886695
v -1.312009 0.981168 -3.886695
v -1.405748 0.982703 -3.752501
v -1.405748 0.982703 -3.752501
v -1.485824 0.984335 -3.609732
v -1.485824 0.984335 -3.609732
v -1.551303 0.986040 -3.460613
v -1.551303 0.986040 -3.460613
v -1.600796 0.987742 -3.311811
v -1.600796 0.987742 -3.311811
v -1.633336 0.989741 -3.173215
v -1.633336 0.989741 -3.173215
v -1.651439 0.994750 -3.065787
v -1.651439 0.994750 -3.065787
v -1.659985 1.008035 -3.007135
v -1.659985 1.008035 -3.007135
v -1.664418 1.022910 -2.985688
v -1.664418 1.022910 -2.985688
v -1.671896 1.047736 -2.956712
v -1.671896 1.047736 -2.956712
v -1.674804 1.057008 -2.944999
v -1.674804 1.057008 -2.944999
v 1.459122 1.021680 -3.051927
v 1.459122 1.021680 -3.051927
v 1.527824 1.032716 -3.051458
v 1.527824 1.032716 -3.051458
v 1.596303 1.021442 -3.049518
v 1.596303 1.021442 -3.049518
v 1.631792 1.007239 -3.101080
v -1.659143 1.076219 -2.947824
v -1.657435 1.065014 -2.958092
v -1.650358 1.035325 -2.987994
v -1.645887 1.019165 -3.010583
v -1.641922 1.010618 -3.037458
v -1.636112 1.005834 -3.077729
v -1.619987 1.001778 -3.171622
v -1.593318 1.000018 -3.288299
v -1.544974 0.998290 -3.439397
v -1.479644 0.996546 -3.591910
v -1.387745 0.994671 -3.755880
v -1.277762 0.992928 -3.908311
v -1.151109 0.991340 -4.047205
v -1.009450 0.989927 -4.170758
v -0.854627 0.988708 -4.277358
v -0.688658 0.987699 -4.365608
v -0.513713 0.986913 -4.434371
v -0.332065 0.986360 -4.482731
v -0.146091 0.986047 -4.510081
v 0.041791 0.985979 -4.516040
v 0.229126 0.986156 -4.500551
v 0.413475 0.986576 -4.463802
v 0.592430 0.987234 -4.406278
v 0.763664 0.988121 -4.328732
v 0.924934 0.989225 -4.232165
v 1.074151 0.990532 -4.117852
v 1.195077 0.991851 -4.002524
v 1.303699 0.993303 -3.875541
v 1.398873 0.994873 -3.738193
v 1.479644 0.996546 -3.591910
v 1.535947 0.998015 -3.463478
v 1.585012 0.999585 -3.326124
v 1.629309 1.000476 -3.177085
v 1.645740 0.997124 -3.104819
v -1.642328 1.090935 -2.950608
v -1.641157 1.079145 -2.959857
v -1.635129 1.047198 -2.988661
v -1.630888 1.030139 -3.010852
v -1.627005 1.021255 -3.037280
v -1.621261 1.016349 -3.076944
v -1.605310 1.012220 -3.169569
v -1.578908 1.010463 -3.284850
v -1.531014 1.008753 -3.434402
v -1.466277 1.007025 -3.585512
v -1.375208 1.005167 -3.748000
v -1.266219 1.003440 -3.899054
v -1.140709 1.001866 -4.036694
v -1.000330 1.000466 -4.159131
v -0.846906 0.999258 -4.264767
v -0.682437 0.998258 -4.352220
v -0.509072 0.997479 -4.420362
v -0.329066 0.996931 -4.468285
v -0.144771 0.996621 -4.495389
v 0.041413 0.996554 -4.501293
v 0.227056 0.996729 -4.485944
v 0.409739 0.997145 -4.449527
v 0.587078 0.997797 -4.392523
v 0.756765 0.998676 -4.315678
v 0.916578 0.999770 -4.219983
v 1.064447 1.001065 -4.106702
v 1.184281 1.002372 -3.992417
v 1.291921 1.003811 -3.866581
v 1.386235 1.005368 -3.730473
v 1.466276 1.007025 -3.585512
v 1.522082 1.008481 -3.458197
v 1.570781 1.010041 -3.321782
v 1.614962 1.010870 -3.173282
v -1.592095 1.115796 -2.956472
v -1.591668 1.104112 -2.964349
v -1.588619 1.069722 -2.990237
v -1.585457 1.051117 -3.011245
v -1.581918 1.041626 -3.036429
v -1.576377 1.036493 -3.074360
v -1.560952 1.032239 -3.163220
v -1.535356 1.030506 -3.274293
v -1.488824 1.028849 -3.419176
v -1.425876 1.027170 -3.566043
v -1.337317 1.025363 -3.724054
v -1.231330 1.023684 -3.870946
v -1.109279 1.022153 -4.004793
v -0.972768 1.020792 -4.123857
v -0.823571 1.019617 -4.226583
v -0.663633 1.018645 -4.311625
v -0.495045 1.017887 -4.377891
v -0.319999 1.017354 -4.424493
v -0.140782 1.017053 -4.450850
v 0.040272 1.016987 -4.456591
v 0.220800 1.017158 -4.441666
v 0.398449 1.017563 -4.406252
v 0.570902 1.018197 -4.350818
v 0.735913 1.019051 -4.276091
v 0.891323 1.020115 -4.183032
v 1.035118 1.021375 -4.072873
v 1.151650 1.022645 -3.961736
v 1.256324 1.024045 -3.839368
v 1.348040 1.025558 -3.707010
v 1.425875 1.027170 -3.566043
v 1.480177 1.028587 -3.442105
v 1.527771 1.030115 -3.308525
v 1.571611 1.030825 -3.161622
v 1.589708 1.026670 -3.089447
v -1.523998 1.126271 -2.959173
v -1.523988 1.114652 -2.966595
v -1.523643 1.079648 -2.991046
v -1.522320 1.060465 -3.010988
v -1.519357 1.050735 -3.034740
v -1.514097 1.045518 -3.070430
v -1.499403 1.041247 -3.154180
v -1.474924 1.039570 -3.259430
v -1.430282 1.037987 -3.397833
v -1.369817 1.036375 -3.538815
v -1.284740 1.034640 -3.690614
v -1.182920 1.033026 -3.831731
v -1.065667 1.031556 -3.960315
v -0.934523 1.030248 -4.074697
v -0.791192 1.029119 -4.173385
v -0.637542 1.028185 -4.255085
v -0.475582 1.027457 -4.318744
v -0.307418 1.026945 -4.363514
v -0.135247 1.026656 -4.388834
v 0.038689 1.026593 -4.394351
v 0.212119 1.026757 -4.380012
v 0.382784 1.027146 -4.345991
v 0.548456 1.027755 -4.292736
v 0.706981 1.028576 -4.220947
v 0.856280 1.029598 -4.131546
v 0.994422 1.030808 -4.025718
v 1.106372 1.032029 -3.918951
v 1.206931 1.033373 -3.801394
v 1.295041 1.034827 -3.674239
v 1.369817 1.036375 -3.538815
v 1.422032 1.037739 -3.419560
v 1.468091 1.039221 -3.289915
v 1.511444 1.039861 -3.145305
v 1.531212 1.035478 -3.073561
v -1.455903 1.115796 -2.956471
v -1.456308 1.104112 -2.964339
v -1.458667 1.069725 -2.989940
v -1.459182 1.051133 -3.009847
v -1.456795 1.041670 -3.032567
v -1.451818 1.036587 -3.066174
v -1.437853 1.032448 -3.144922
v -1.414493 1.030848 -3.244363
v -1.371740 1.029340 -3.376287
v -1.313758 1.027795 -3.511383
v -1.232163 1.026130 -3.656970
v -1.134510 1.024583 -3.792311
v -1.022056 1.023173 -3.915634
v -0.896279 1.021918 -4.025335
v -0.758813 1.020836 -4.119984
v -0.611452 1.019940 -4.198340
v -0.456120 1.019242 -4.259395
v -0.294837 1.018751 -4.302332
v -0.129712 1.018473 -4.326616
v 0.037105 1.018413 -4.331907
v 0.203438 1.018570 -4.318155
v 0.367119 1.018943 -4.285526
v 0.526011 1.019527 -4.234451
v 0.678048 1.020314 -4.165599
v 0.821238 1.021295 -4.079857
v 0.953726 1.022455 -3.978360
v 1.061095 1.023626 -3.875962
v 1.157539 1.024915 -3.763216
v 1.242043 1.026310 -3.641266
v 1.313758 1.027795 -3.511383
v 1.363887 1.029105 -3.396813
v 1.408412 1.030543 -3.271102
v 1.451224 1.031198 -3.128993
v 1.472392 1.027022 -3.058746
v -1.388852 1.076201 -2.947826
v -1.390545 1.064999 -2.958086
v -1.396928 1.035331 -2.987412
v -1.398752 1.019197 -3.007844
v -1.396792 1.010705 -3.029892
v -1.392083 1.006018 -3.061691
v -1.378818 1.002188 -3.135774
v -1.356530 1.000688 -3.229663
v -1.315589 0.999251 -3.355372
v -1.259990 0.997770 -3.484822
v -1.181734 0.996174 -3.624451
v -1.088078 0.994690 -3.754253
v -0.980226 0.993337 -3.872529
v -0.859597 0.992134 -3.977740
v -0.727757 0.991096 -4.068515
v -0.586427 0.990237 -4.143664
v -0.437452 0.989567 -4.202220
v -0.282770 0.989096 -4.243401
v -0.124404 0.988830 -4.266691
v 0.035587 0.988772 -4.271765
v 0.195112 0.988923 -4.258575
v 0.352094 0.989281 -4.227282
v 0.504483 0.989841 -4.178298
v 0.650297 0.990596 -4.112264
v 0.787627 0.991536 -4.030031
v 0.914693 0.992649 -3.932688
v 1.017668 0.993772 -3.834481
v 1.110164 0.995009 -3.726349
v 1.191210 0.996346 -3.609390
v 1.259990 0.997770 -3.484823
v 1.308117 0.999029 -3.374746
v 1.351171 1.000423 -3.252809
v 1.393445 1.001207 -3.113159
v 1.407808 1.011513 -3.117137
v 1.365402 1.010777 -3.257390
v 1.321982 1.009372 -3.380265
v 1.273357 1.008101 -3.491459
v 1.203847 1.006661 -3.617347
v 1.121942 1.005309 -3.735547
v 1.028464 1.004060 -3.844826
v 0.924397 1.002925 -3.944075
v 0.795983 1.001800 -4.042451
v 0.657197 1.000850 -4.125556
v 0.509835 1.000087 -4.192290
v 0.355829 0.999521 -4.241795
v 0.197182 0.999159 -4.273420
v 0.035964 0.999007 -4.286749
v -0.125723 0.999065 -4.281622
v -0.285770 0.999335 -4.258084
v -0.442093 0.999810 -4.216467
v -0.592648 1.000487 -4.157290
v -0.735478 1.001355 -4.081344
v -0.868716 1.002404 -3.989605
v -0.990625 1.003620 -3.883278
v -1.099621 1.004987 -3.763748
v -1.194271 1.006487 -3.632568
v -1.273358 1.008101 -3.491458
v -1.329549 1.009597 -3.360605
v -1.370940 1.011052 -3.233351
v -1.393495 1.012580 -3.138083
v -1.406934 1.016510 -3.062858
v -1.411709 1.021331 -3.030634
v -1.413751 1.030167 -3.008447
v -1.412156 1.047203 -2.988149
v -1.406817 1.079132 -2.959844
v -1.405660 1.090914 -2.950603
v -1.656683 0.846933 -1.096821
v -1.656683 0.846933 -1.096821
v -1.647685 0.791685 -1.067895
v -1.647685 0.791685 -1.067895
v -1.633905 0.750970 -1.041687
v -1.633905 0.750970 -1.041687
v -1.630133 0.743220 -1.035802
v -1.630133 0.743220 -1.035802
v -1.626662 0.737158 -1.030751
v -1.626662 0.737158 -1.030751
v -1.626662 0.737158 -1.030751
v -1.630141 0.735375 -1.023145
v -1.630141 0.735375 -1.023145
v -1.633910 0.733619 -1.013687
v -1.633910 0.733619 -1.013687
v -1.647685 0.728985 -0.966302
v -1.647685 0.728985 -0.966302
v -1.656683 0.729690 -0.905506
v -1.656683 0.729690 -0.905506
v -1.672518 0.751401 -0.809351
v -1.709858 1.045645 -0.915294
v -1.683063 0.969233 -1.124454
v -1.698047 1.058664 -0.859033
v -1.703807 1.032601 -0.848738
v -1.716763 0.917445 -0.818423
v -1.703718 0.816418 -0.799267
v -1.703727 0.813966 -0.820114
v -1.683063 0.768734 -0.791514
v -1.672603 0.753317 -0.789130
v -1.703814 1.053962 -0.883901
v -1.707832 1.028649 -0.873170
v -1.717568 0.914357 -0.840503
v -1.682979 0.766680 -0.811879
v -1.671360 0.746144 -0.863072
v -1.712478 1.021304 -0.904691
v -1.718330 0.909348 -0.869941
v -1.703447 0.810357 -0.847948
v -1.682607 0.763785 -0.839060
v -1.672159 0.748741 -0.836338
v -1.716764 1.019816 -0.993434
v -1.717518 0.997341 -0.983164
v -1.716606 0.893181 -0.945293
v -1.699605 0.800291 -0.919153
v -1.678902 0.756667 -0.908420
v -1.668666 0.742571 -0.905185
v -1.681764 0.760887 -0.865990
v -1.702633 0.806525 -0.875553
v -1.718466 0.903565 -0.899123
v -1.715850 1.012536 -0.935412
v -1.714171 1.036086 -0.945916
v -1.689196 0.973290 -1.114490
v -1.689121 0.953489 -1.104756
v -1.685257 0.862820 -1.064101
v -1.669733 0.785855 -1.029514
v -1.653605 0.752246 -1.013788
v -1.645763 0.741787 -1.009380
v -1.663602 0.740528 -0.944501
v -1.673501 0.753752 -0.948053
v -1.693651 0.794708 -0.960083
v -1.711105 0.882507 -0.988892
v -1.713978 0.981907 -1.027818
v -1.713706 1.003427 -1.037856
v -1.636689 0.743042 -1.027231
v -1.642344 0.751934 -1.032500
v -1.655178 0.782605 -1.050498
v -1.668949 0.856290 -1.087436
v -1.672518 0.944292 -1.128663
v -1.672603 0.963547 -1.138324
v -1.642352 0.742374 -1.017063
v -1.649469 0.752246 -1.021755
v -1.664323 0.784588 -1.038341
v -1.679203 0.860120 -1.073862
v -1.682979 0.949659 -1.114751
v -1.691371 1.037535 -2.932411
v -1.691371 1.037535 -2.932411
v -1.699750 1.010178 -2.935223
v -1.699750 1.010178 -2.935223
v -1.714539 0.922905 -2.940598
v -1.714539 0.922905 -2.940598
v -1.713353 0.842003 -2.943305
v -1.713353 0.842003 -2.943305
v -1.695910 0.771275 -2.944720
v -1.695910 0.771275 -2.944720
v -1.660602 0.715683 -2.945412
v -1.660602 0.715683 -2.945412
v -1.660602 0.715683 -2.945412
v -1.656683 0.705705 -2.892854
v -1.656683 0.705705 -2.892854
v -1.647685 0.705677 -2.864292
v -1.647685 0.705677 -2.864292
v -1.633905 0.710912 -2.839259
v -1.633905 0.710912 -2.839259
v -1.630133 0.712798 -2.833933
v -1.630133 0.712798 -2.833933
v -1.626662 0.714700 -2.829535
v -1.626662 0.714700 -2.829535
v -1.626662 0.714700 -2.829535
v -1.630141 0.720889 -2.825863
v -1.630141 0.720889 -2.825863
v -1.633910 0.728793 -2.821424
v -1.633910 0.728793 -2.821424
v -1.647685 0.770274 -2.800038
v -1.647685 0.770274 -2.800038
v -1.656683 0.826503 -2.773281
v -1.656683 0.826503 -2.773281
v -1.672518 0.925240 -2.737386
v -1.683063 0.743657 -2.938139
v -1.698047 1.034980 -2.918454
v -1.703807 1.030710 -2.904369
v -1.707009 1.027069 -2.894843
v -1.714171 1.013904 -2.865284
v -1.716293 0.967821 -2.823795
v -1.703718 0.966765 -2.770068
v -1.703727 0.945917 -2.778823
v -1.683063 0.950250 -2.738156
v -1.672603 0.944816 -2.727742
v -1.715833 0.990045 -2.816043
v -1.703814 1.008709 -2.922791
v -1.707832 1.005172 -2.909528
v -1.710261 1.002046 -2.900366
v -1.715850 0.990115 -2.871804
v -1.682979 0.930361 -2.747582
v -1.716268 0.869765 -2.933571
v -1.716801 0.867095 -2.923930
v -1.717061 0.865041 -2.917154
v -1.717004 0.857864 -2.895544
v -1.712100 0.844183 -2.857463
v -1.697712 0.830877 -2.820639
v -1.677166 0.821280 -2.794754
v -1.667036 0.817997 -2.786310
v -1.708117 0.808200 -2.936140
v -1.708196 0.805883 -2.927639
v -1.708154 0.804181 -2.921682
v -1.707258 0.798570 -2.902735
v -1.701486 0.788896 -2.869305
v -1.687370 0.780627 -2.836742
v -1.668009 0.774757 -2.813923
v -1.658526 0.772554 -2.806568
v -1.689196 0.754766 -2.937836
v -1.689121 0.752843 -2.930237
v -1.688985 0.751481 -2.924929
v -1.687892 0.747269 -2.908100
v -1.682316 0.741225 -2.878425
v -1.669733 0.738185 -2.849435
v -1.653605 0.737154 -2.829444
v -1.645763 0.736453 -2.823235
v -1.636689 0.720600 -2.830613
v -1.642344 0.719796 -2.836273
v -1.655178 0.717390 -2.855111
v -1.666276 0.717554 -2.882561
v -1.671360 0.721781 -2.910520
v -1.672383 0.725294 -2.926361
v -1.672518 0.726479 -2.931364
v -1.672603 0.728182 -2.938539
v -1.642352 0.729651 -2.826450
v -1.649469 0.729823 -2.832422
v -1.664323 0.729480 -2.851876
v -1.676356 0.731333 -2.880186
v -1.681764 0.736616 -2.909129
v -1.682840 0.740536 -2.925539
v -1.682979 0.741825 -2.930718
v 1.698553 0.922919 -3.037715
v 1.698553 0.922919 -3.037715
v 1.710573 0.858795 -3.030990
v 1.710573 0.858795 -3.030990
v 1.700172 0.790724 -3.033835
v 1.700172 0.790724 -3.033835
v 1.666027 0.731679 -3.040125
v 1.666027 0.731679 -3.040125
v 1.666027 0.731679 -3.040125
v 1.656582 0.720537 -3.114943
v 1.656582 0.720537 -3.114943
v 1.636049 0.716093 -3.200910
v 1.636049 0.716093 -3.200910
v 1.582336 0.713817 -3.373358
v 1.582336 0.713817 -3.373358
v 1.521081 0.712012 -3.531135
v 1.521081 0.712012 -3.531135
v 1.447518 0.710321 -3.679031
v 1.447518 0.710321 -3.679031
v 1.359712 0.708723 -3.818808
v 1.359712 0.708723 -3.818808
v 1.258452 0.707232 -3.949168
v 1.258452 0.707232 -3.949168
v 1.144742 0.705864 -4.068827
v 1.144742 0.705864 -4.068827
v 1.019708 0.704632 -4.176597
v 1.019708 0.704632 -4.176597
v 0.884583 0.703548 -4.271413
v 0.884583 0.703548 -4.271413
v 0.740709 0.702622 -4.352339
v 0.740709 0.702622 -4.352339
v 0.589505 0.701865 -4.418571
v 0.589505 0.701865 -4.418571
v 0.432471 0.701283 -4.469458
v 0.432471 0.701283 -4.469458
v 0.271156 0.700883 -4.504490
v 0.271156 0.700883 -4.504490
v 0.107161 0.700667 -4.523330
v 0.107161 0.700667 -4.523330
v -0.057896 0.700639 -4.525780
v -0.057896 0.700639 -4.525780
v -0.222380 0.700799 -4.511828
v -0.222380 0.700799 -4.511828
v -0.384663 0.701144 -4.481598
v -0.384663 0.701144 -4.481598
v -0.543142 0.701673 -4.435407
v -0.543142 0.701673 -4.435407
v -0.696245 0.702378 -4.373692
v -0.696245 0.702378 -4.373692
v -0.842464 0.703254 -4.297082
v -0.842464 0.703254 -4.297082
v -0.980343 0.704292 -4.206317
v -0.980343 0.704292 -4.206317
v -1.108529 0.705481 -4.102315
v -1.108529 0.705481 -4.102315
v -1.225741 0.706810 -3.986084
v -1.225741 0.706810 -3.986084
v -1.330835 0.708266 -3.858794
v -1.330835 0.708266 -3.858794
v -1.422752 0.709834 -3.721686
v -1.422752 0.709834 -3.721686
v -1.500604 0.711498 -3.576134
v -1.500604 0.711498 -3.576134
v -1.563359 0.713224 -3.425156
v -1.563359 0.713224 -3.425156
v -1.609523 0.714927 -3.276270
v -1.609523 0.714927 -3.276270
v -1.638684 0.716643 -3.140976
v -1.638684 0.716643 -3.140976
v -1.654066 0.718827 -3.040807
v -1.654066 0.718827 -3.040807
v -1.659785 0.720546 -2.986727
v -1.659785 0.720546 -2.986727
v -1.213560 0.720033 -4.016846
v -1.617934 0.974370 -3.294102
v -1.645061 0.729792 -3.171993
v -1.667402 0.984471 -3.037553
v -1.667389 0.733081 -3.030914
v -1.672599 0.732116 -2.957273
v 1.672005 0.736113 -3.093174
v 1.681706 0.750398 -3.095592
v 1.702045 0.799377 -3.100188
v 1.708917 0.853532 -3.101840
v 1.700443 0.913509 -3.101219
v 1.687368 0.946581 -3.099064
v 1.681706 0.956782 -3.097952
v 1.672005 0.971119 -3.095861
v 1.656579 0.730674 -3.169713
v 1.666552 0.745502 -3.172521
v 1.687297 0.796366 -3.178471
v 1.694228 0.852629 -3.180849
v 1.685673 0.914956 -3.179414
v 1.672352 0.949320 -3.176371
v 1.666552 0.959917 -3.174973
v 1.656579 0.974806 -3.172504
v 1.609322 0.727879 -3.330640
v 1.619210 0.742817 -3.333912
v 1.639748 0.794066 -3.340938
v 1.646594 0.850766 -3.343733
v 1.638142 0.913589 -3.341801
v 1.624957 0.948229 -3.338063
v 1.619210 0.958911 -3.336383
v 1.609322 0.973920 -3.333454
v 1.502478 0.724800 -3.599937
v 1.511767 0.739721 -3.604637
v 1.531059 0.790936 -3.614629
v 1.537490 0.847625 -3.618413
v 1.529551 0.910462 -3.615260
v 1.517166 0.945124 -3.609618
v 1.511767 0.955816 -3.607108
v 1.502478 0.970841 -3.602750
v 1.420461 0.723102 -3.748477
v 1.429243 0.738012 -3.754095
v 1.447482 0.789206 -3.765995
v 1.453561 0.845887 -3.770414
v 1.446055 0.908733 -3.766477
v 1.434347 0.943409 -3.759610
v 1.429243 0.954107 -3.756566
v 1.420461 0.969142 -3.751290
v 1.323818 0.721507 -3.887945
v 1.332002 0.736408 -3.894425
v 1.349000 0.787580 -3.908116
v 1.354666 0.844255 -3.913132
v 1.347671 0.907110 -3.908458
v 1.336759 0.941799 -3.900441
v 1.332002 0.952502 -3.896896
v 1.323818 0.967548 -3.890759
v 1.213521 0.720032 -4.016888
v 1.221023 0.734924 -4.024165
v 1.236604 0.786078 -4.039511
v 1.241798 0.842747 -4.045079
v 1.235386 0.905609 -4.039724
v 1.225383 0.940310 -4.030644
v 1.221023 0.951019 -4.026636
v 1.213521 0.966073 -4.019701
v 1.090728 0.718693 -4.133995
v 1.097471 0.733577 -4.141996
v 1.111476 0.784714 -4.158846
v 1.116144 0.841376 -4.164916
v 1.110381 0.904246 -4.158941
v 1.101390 0.938958 -4.148896
v 1.097471 0.949671 -4.144467
v 1.090728 0.964734 -4.136808
v 0.956685 0.717504 -4.238039
v 0.962600 0.732380 -4.246683
v 0.974884 0.783501 -4.264869
v 0.978978 0.840159 -4.271383
v 0.973923 0.903035 -4.264859
v 0.966037 0.937757 -4.253957
v 0.962600 0.948474 -4.249154
v 0.956685 0.963544 -4.240852
v 0.812792 0.716475 -4.327970
v 0.817817 0.731345 -4.337170
v 0.828254 0.782453 -4.356511
v 0.831732 0.839107 -4.363410
v 0.827438 0.901988 -4.356411
v 0.820738 0.936718 -4.344767
v 0.817817 0.947440 -4.339641
v 0.812792 0.962516 -4.330783
v 0.660516 0.715619 -4.402836
v 0.664599 0.730484 -4.412500
v 0.673081 0.781581 -4.432801
v 0.675908 0.838231 -4.440022
v 0.672417 0.901116 -4.432626
v 0.666973 0.935854 -4.420366
v 0.664599 0.946578 -4.414971
v 0.660516 0.961660 -4.405650
v 0.501439 0.714944 -4.461894
v 0.504539 0.729805 -4.471922
v 0.510977 0.780893 -4.492982
v 0.513123 0.837540 -4.500455
v 0.510474 0.900429 -4.492748
v 0.506340 0.935172 -4.480000
v 0.504539 0.945899 -4.474393
v 0.501439 0.960985 -4.464707
v 0.337190 0.714457 -4.504506
v 0.339274 0.729314 -4.514798
v 0.343604 0.780396 -4.536405
v 0.345047 0.837041 -4.544060
v 0.343265 0.899933 -4.536128
v 0.340486 0.934680 -4.523029
v 0.339274 0.945409 -4.517268
v 0.337190 0.960498 -4.507319
v 0.169469 0.714162 -4.530261
v 0.170516 0.729018 -4.540712
v 0.172692 0.780096 -4.562650
v 0.173418 0.836740 -4.570415
v 0.172522 0.899633 -4.562347
v 0.171125 0.934382 -4.549036
v 0.170516 0.945112 -4.543183
v 0.169469 0.960203 -4.533074
v -0.084844 0.714088 -4.536715
v -0.085369 0.728944 -4.547206
v -0.086458 0.780021 -4.569226
v -0.086821 0.836664 -4.577020
v -0.086373 0.899558 -4.568917
v -0.085674 0.934308 -4.555553
v -0.085369 0.945038 -4.549677
v -0.084844 0.960129 -4.539528
v -0.337190 0.714457 -4.504506
v -0.339275 0.729314 -4.514797
v -0.343604 0.780396 -4.536404
v -0.345047 0.837041 -4.544060
v -0.343266 0.899933 -4.536128
v -0.340486 0.934680 -4.523028
v -0.339275 0.945409 -4.517268
v -0.337190 0.960498 -4.507319
v -0.581727 0.715259 -4.434384
v -0.585324 0.730121 -4.444243
v -0.592793 0.781213 -4.464950
v -0.595283 0.837861 -4.472305
v -0.592209 0.900749 -4.464743
v -0.587414 0.935490 -4.452222
v -0.585324 0.946215 -4.446714
v -0.581727 0.961299 -4.437198
v -0.812793 0.716475 -4.327970
v -0.817818 0.731345 -4.337170
v -0.828254 0.782453 -4.356510
v -0.831733 0.839107 -4.363410
v -0.827438 0.901988 -4.356411
v -0.820738 0.936718 -4.344767
v -0.817818 0.947440 -4.339641
v -0.812793 0.962516 -4.330783
v -1.025028 0.718079 -4.187718
v -1.031365 0.732959 -4.196051
v -1.044527 0.784088 -4.213591
v -1.048914 0.840748 -4.219890
v -1.043498 0.903620 -4.213632
v -1.035048 0.938338 -4.203144
v -1.031365 0.949053 -4.198522
v -1.025028 0.964120 -4.190531
v -1.221103 0.734925 -4.024081
v -1.236806 0.786080 -4.039298
v -1.242123 0.842750 -4.044737
v -1.235843 0.905614 -4.039241
v -1.225916 0.940316 -4.030081
v -1.221580 0.951025 -4.026047
v -1.214114 0.966080 -4.019074
v -1.373910 0.722290 -3.819438
v -1.382404 0.737196 -3.825495
v -1.400045 0.788379 -3.838305
v -1.405926 0.845057 -3.843028
v -1.398666 0.907907 -3.838716
v -1.387341 0.942590 -3.831264
v -1.382404 0.953290 -3.827965
v -1.373910 0.968331 -3.822251
v -1.502479 0.724800 -3.599936
v -1.511767 0.739722 -3.604636
v -1.531059 0.790936 -3.614629
v -1.537490 0.847625 -3.618412
v -1.529551 0.910462 -3.615260
v -1.517166 0.945124 -3.609617
v -1.511767 0.955816 -3.607107
v -1.502479 0.970841 -3.602750
v -1.568820 0.726571 -3.445026
v -1.578520 0.741504 -3.448750
v -1.598667 0.792742 -3.456717
v -1.605383 0.849439 -3.459826
v -1.597092 0.912266 -3.457507
v -1.584158 0.946913 -3.453165
v -1.578520 0.957598 -3.451221
v -1.568820 0.972612 -3.447839
v -1.617934 0.728329 -3.291289
v -1.627947 0.743274 -3.293940
v -1.648744 0.794538 -3.299677
v -1.655676 0.851243 -3.302042
v -1.647118 0.914060 -3.300641
v -1.633767 0.948691 -3.297730
v -1.627947 0.959369 -3.296411
v -1.655262 0.744766 -3.173678
v -1.676453 0.796115 -3.177411
v -1.683522 0.852896 -3.179111
v -1.674815 0.915780 -3.178538
v -1.661223 0.950438 -3.176914
v -1.655297 0.961123 -3.176155
v -1.645101 0.976132 -3.174810
v -1.661480 0.731599 -3.074411
v -1.671800 0.746707 -3.075364
v -1.693232 0.798505 -3.077714
v -1.700377 0.855766 -3.079225
v -1.691557 0.919166 -3.079798
v -1.677797 0.954101 -3.079529
v -1.671800 0.964868 -3.079330
v -1.661480 0.979993 -3.078927
v -1.677754 0.748373 -3.031638
v -1.699282 0.800796 -3.033688
v -1.706460 0.858748 -3.035440
v -1.697607 0.922914 -3.036860
v -1.683790 0.958269 -3.037367
v -1.677767 0.969166 -3.037469
v -1.672208 0.734518 -2.978801
v -1.682623 0.750229 -2.979337
v -1.704443 0.804604 -2.981100
v -1.712358 0.866160 -2.982901
v -1.704942 0.936662 -2.984732
v -1.691934 0.976321 -2.985798
v -1.686111 0.988616 -2.986164
v -1.675944 1.005903 -2.986734
v -1.671431 0.992151 -3.009866
v -1.681778 0.976328 -3.009427
v -1.687776 0.965063 -3.009107
v -1.701468 0.928548 -3.008031
v -1.710066 0.862525 -3.005932
v -1.702735 0.803295 -3.003847
v -1.681113 0.749965 -3.001774
v -1.670720 0.734437 -3.001121
v -1.687201 1.032935 -2.945619
v -1.696385 1.008882 -2.946524
v -1.701043 0.992864 -2.947145
v -1.710932 0.944008 -2.948926
v -1.714295 0.866677 -2.957906
v -1.705216 0.802769 -2.957831
v -1.683058 0.746683 -2.951483
v -1.683038 0.747815 -2.957429
v -1.672612 0.731034 -2.951482
v -1.714783 0.865755 -2.950664
v -1.705344 0.801582 -2.951319
v -1.683998 1.027605 -2.956271
v -1.693588 1.005774 -2.956317
v -1.698681 0.990684 -2.956470
v -1.709533 0.943714 -2.957262
v -1.391317 0.826503 -2.773281
v -1.391317 0.826503 -2.773281
v -1.400315 0.770274 -2.800038
v -1.400315 0.770274 -2.800038
v -1.414096 0.728792 -2.821421
v -1.414096 0.728792 -2.821421
v -1.417867 0.720888 -2.825860
v -1.417867 0.720888 -2.825860
v -1.421338 0.714700 -2.829535
v -1.421338 0.714700 -2.829535
v -1.421338 0.714700 -2.829535
v -1.417859 0.712805 -2.833931
v -1.417859 0.712805 -2.833931
v -1.414090 0.710917 -2.839257
v -1.414090 0.710917 -2.839257
v -1.400315 0.705677 -2.864292
v -1.400315 0.705677 -2.864292
v -1.391317 0.705705 -2.892854
v -1.391317 0.705705 -2.892854
v -1.375482 0.726479 -2.931364
v -1.340989 1.027068 -2.894840
v -1.364937 0.950250 -2.738156
v -1.349953 1.034991 -2.918447
v -1.344193 1.008733 -2.922786
v -1.331732 0.869765 -2.933571
v -1.331199 0.867095 -2.923930
v -1.339883 0.808200 -2.936140
v -1.358804 0.754766 -2.937836
v -1.364937 0.743657 -2.938139
v -1.375397 0.728182 -2.938539
v -1.344186 1.030707 -2.904360
v -1.340168 1.005180 -2.909522
v -1.330939 0.865041 -2.917154
v -1.339805 0.805883 -2.927639
v -1.358879 0.752843 -2.930237
v -1.365021 0.741825 -2.930718
v -1.376640 0.721781 -2.910520
v -1.337739 1.002049 -2.900364
v -1.339846 0.804181 -2.921682
v -1.359015 0.751481 -2.924929
v -1.365160 0.740536 -2.925539
v -1.375618 0.725294 -2.926361
v -1.332167 0.990045 -2.816043
v -1.331708 0.967821 -2.823795
v -1.335900 0.844183 -2.857463
v -1.346514 0.788896 -2.869305
v -1.365684 0.741225 -2.878425
v -1.371644 0.731333 -2.880186
v -1.381725 0.717554 -2.882561
v -1.366237 0.736616 -2.909129
v -1.360108 0.747269 -2.908100
v -1.340742 0.798570 -2.902735
v -1.330996 0.857864 -2.895544
v -1.332150 0.990115 -2.871804
v -1.333829 1.013904 -2.865284
v -1.344283 0.966765 -2.770068
v -1.344273 0.945917 -2.778823
v -1.350288 0.830877 -2.820639
v -1.360630 0.780627 -2.836742
v -1.378267 0.738185 -2.849435
v -1.383677 0.729480 -2.851876
v -1.392823 0.717390 -2.855111
v -1.365021 0.930361 -2.747582
v -1.370834 0.821280 -2.794754
v -1.379992 0.774757 -2.813923
v -1.394395 0.737154 -2.829444
v -1.398531 0.729821 -2.832424
v -1.405648 0.719797 -2.836276
v -1.411312 0.720599 -2.830614
v -1.405656 0.729646 -2.826451
v -1.402239 0.736452 -2.823235
v -1.389474 0.772554 -2.806568
v -1.380964 0.817997 -2.786310
v -1.375482 0.925240 -2.737386
v -1.375397 0.944816 -2.727742
v -1.356629 1.061649 -0.832043
v -1.356629 1.061649 -0.832043
v -1.348250 1.034448 -0.823562
v -1.348250 1.034448 -0.823562
v -1.333461 0.947575 -0.802179
v -1.333461 0.947575 -0.802179
v -1.334647 0.866979 -0.786646
v -1.334647 0.866979 -0.786646
v -1.352090 0.796491 -0.775160
v -1.352090 0.796491 -0.775160
v -1.387398 0.741075 -0.767075
v -1.387398 0.741075 -0.767075
v -1.387398 0.741075 -0.767075
v -1.391317 0.729690 -0.905506
v -1.391317 0.729690 -0.905506
v -1.400315 0.728985 -0.966302
v -1.400315 0.728985 -0.966302
v -1.414096 0.733614 -1.013685
v -1.414096 0.733614 -1.013685
v -1.417867 0.735368 -1.023143
v -1.417867 0.735368 -1.023143
v -1.421338 0.737158 -1.030751
v -1.421338 0.737158 -1.030751
v -1.421338 0.737158 -1.030751
v -1.417859 0.743222 -1.035796
v -1.417859 0.743222 -1.035796
v -1.414090 0.750971 -1.041681
v -1.414090 0.750971 -1.041681
v -1.400315 0.791685 -1.067895
v -1.400315 0.791685 -1.067895
v -1.391317 0.846933 -1.096821
v -1.391317 0.846933 -1.096821
v -1.375482 0.944292 -1.128663
v -1.364937 0.768734 -0.791514
v -1.349953 1.058653 -0.859016
v -1.344194 1.053965 -0.883878
v -1.333829 1.036086 -0.945916
v -1.331708 0.988997 -1.007626
v -1.340688 0.991229 -1.069527
v -1.340625 0.970408 -1.059628
v -1.358804 0.973290 -1.114490
v -1.364937 0.969233 -1.124454
v -1.375397 0.963547 -1.138324
v -1.332167 1.010953 -1.017766
v -1.344186 1.032577 -0.848726
v -1.340168 1.028641 -0.873157
v -1.332150 1.012536 -0.935412
v -1.358879 0.953489 -1.104756
v -1.365021 0.949659 -1.114751
v -1.331237 0.917445 -0.818423
v -1.330433 0.914357 -0.840503
v -1.329534 0.903565 -0.899123
v -1.333828 0.887406 -0.969162
v -1.344264 0.874575 -1.019989
v -1.362743 0.862820 -1.064101
v -1.368797 0.860120 -1.073862
v -1.379052 0.856290 -1.087436
v -1.344282 0.816418 -0.799267
v -1.344273 0.813966 -0.820114
v -1.345367 0.806525 -0.875553
v -1.351179 0.797162 -0.941603
v -1.361449 0.791036 -0.989025
v -1.378267 0.785855 -1.029514
v -1.383677 0.784588 -1.038341
v -1.392823 0.782605 -1.050498
v -1.365021 0.766680 -0.811879
v -1.366237 0.760887 -0.865990
v -1.371644 0.754891 -0.930192
v -1.380692 0.752596 -0.975825
v -1.394395 0.752246 -1.013789
v -1.398531 0.752248 -1.021758
v -1.405648 0.751939 -1.032501
v -1.411312 0.743043 -1.027233
v -1.405656 0.742373 -1.017068
v -1.402239 0.741786 -1.009381
v -1.390114 0.740241 -0.972008
v -1.381725 0.741234 -0.926787
v -1.376640 0.746144 -0.863072
v -1.375482 0.751401 -0.809351
v -1.375397 0.753317 -0.789130
v -1.349191 0.961819 -0.217110
v -1.349191 0.961819 -0.217110
v -1.336173 0.884957 -0.228961
v -1.336173 0.884957 -0.228961
v -1.350142 0.808722 -0.214467
v -1.350142 0.808722 -0.214467
v -1.387398 0.750306 -0.182222
v -1.387398 0.750306 -0.182222
v -1.387398 0.750306 -0.182222
v -1.387398 0.748675 -0.337549
v -1.387398 0.748675 -0.337549
v -1.387398 0.748084 -0.476922
v -1.387398 0.748084 -0.476922
v -1.387398 0.747719 -0.616859
v -1.387398 0.747719 -0.616859
v -1.375387 0.757898 -0.729753
v -1.368154 1.042937 -0.731727
v -1.375392 0.762192 -0.552082
v -1.372988 1.027486 -0.649919
v -1.375074 1.017212 -0.565944
v -1.375392 0.762486 -0.312940
v -1.364987 0.777477 -0.313135
v -1.358939 0.788152 -0.313273
v -1.336172 0.885656 -0.314541
v -1.343376 0.942449 -0.315280
v -1.364987 0.993834 -0.315948
v -1.375392 1.008825 -0.316143
v -1.375392 0.761831 -0.430501
v -1.364987 0.776946 -0.430859
v -1.358939 0.787709 -0.431113
v -1.336172 0.886020 -0.433437
v -1.343376 0.943283 -0.434791
v -1.364987 0.995093 -0.436015
v -1.375392 1.010209 -0.436373
v -1.375392 0.762035 -0.511249
v -1.364987 0.777355 -0.511877
v -1.358939 0.788264 -0.512325
v -1.336164 0.887931 -0.516419
v -1.343357 0.946007 -0.518813
v -1.364958 0.998561 -0.520977
v -1.375361 1.013895 -0.521606
v -1.375391 0.761747 -0.626598
v -1.364977 0.777402 -0.627852
v -1.358917 0.788571 -0.628754
v -1.335558 0.892047 -0.637605
v -1.341909 0.954008 -0.643402
v -1.362731 1.010843 -0.648565
v -1.374232 1.022147 -0.612084
v -1.363898 1.006096 -0.610985
v -1.342668 0.951178 -0.606967
v -1.335876 0.890892 -0.602481
v -1.358928 0.788791 -0.595310
v -1.364982 0.777690 -0.594557
v -1.375392 0.762115 -0.593506
v -1.360798 1.057513 -0.803114
v -1.351613 1.033548 -0.798037
v -1.335986 0.960896 -0.782331
v -1.333691 0.892135 -0.748349
v -1.358830 0.783399 -0.752905
v -1.358847 0.784788 -0.733141
v -1.364941 0.772205 -0.751373
v -1.375386 0.756598 -0.749274
v -1.333215 0.890934 -0.769354
v -1.363989 1.052592 -0.776618
v -1.354398 1.030818 -0.773118
v -1.337248 0.961126 -0.760065
v -1.358876 0.786705 -0.697580
v -1.364948 0.773562 -0.731713
v -1.375389 0.759745 -0.694625
v -1.358256 1.023790 -0.729369
v -1.339217 0.959746 -0.719981
v -1.334459 0.893123 -0.710535
v -1.364960 0.775459 -0.696337
v -1.375390 0.760993 -0.660272
v -1.364970 0.776699 -0.661748
v -1.358899 0.787920 -0.662814
v -1.335084 0.892938 -0.673621
v -1.340765 0.957088 -0.681071
v -1.360913 1.016781 -0.687852
v -1.371040 1.034354 -0.689568
v -1.364688 1.001630 -0.565109
v -1.343182 0.948249 -0.562178
v -1.336091 0.889362 -0.558927
v -1.358936 0.788648 -0.553490
v -1.364986 0.777644 -0.552904
v -1.438393 0.729745 -1.035196
v -1.438393 0.729745 -1.035196
v -1.524000 0.714301 -1.044459
v -1.524000 0.714301 -1.044459
v -1.609607 0.729741 -1.035190
v -1.609607 0.729741 -1.035190
v -1.619084 0.733555 -1.032902
v -1.619084 0.733555 -1.032902
v -1.631473 0.894362 -1.143406
v -1.472353 0.728229 -1.053444
v -1.416527 0.894362 -1.143406
v -1.646368 0.897686 -1.133846
v -1.641748 0.827038 -1.098927
v -1.623868 0.748680 -1.048921
v -1.612498 0.745797 -1.054650
v -1.621057 0.740394 -1.041070
v -1.580422 0.887393 -1.163239
v -1.578280 0.818218 -1.126624
v -1.571424 0.737156 -1.065904
v -1.570749 0.727345 -1.054188
v -1.610534 0.737073 -1.045272
v -1.627407 0.824346 -1.107982
v -1.461542 0.887942 -1.161690
v -1.463913 0.818731 -1.125177
v -1.471583 0.737951 -1.065009
v -1.524000 0.723255 -1.057477
v -1.524000 0.733434 -1.069776
v -1.524000 0.815918 -1.132758
v -1.524000 0.885037 -1.169841
v -1.427132 0.892422 -1.148959
v -1.430801 0.822713 -1.113224
v -1.443752 0.743728 -1.057767
v -1.445290 0.734727 -1.047623
v -1.426945 0.740392 -1.041070
v -1.424131 0.748676 -1.048913
v -1.406252 0.827038 -1.098927
v -1.420593 0.824346 -1.107982
v -1.401632 0.897686 -1.133846
v -1.435505 0.745795 -1.054649
v -1.437471 0.737072 -1.045279
v -1.609607 0.707265 -2.828251
v -1.609607 0.707265 -2.828251
v -1.524000 0.691762 -2.825887
v -1.524000 0.691762 -2.825887
v -1.438393 0.707261 -2.828255
v -1.438393 0.707261 -2.828255
v -1.428916 0.711087 -2.828901
v -1.428916 0.711087 -2.828901
v -1.641748 0.806459 -2.774826
v -1.627407 0.803892 -2.769206
v -1.578280 0.798015 -2.757753
v -1.524000 0.795794 -2.754040
v -1.430801 0.802330 -2.765968
v -1.420593 0.803892 -2.769206
v -1.406252 0.806459 -2.774826
v -1.632841 0.756560 -2.800443
v -1.619712 0.754152 -2.796071
v -1.574412 0.747602 -2.787603
v -1.524000 0.744765 -2.785013
v -1.437661 0.752545 -2.793614
v -1.428288 0.754152 -2.796071
v -1.415159 0.756560 -2.800443
v -1.621055 0.718097 -2.823378
v -1.610529 0.714794 -2.821583
v -1.570749 0.705071 -2.818343
v -1.524000 0.700975 -2.817302
v -1.445289 0.712454 -2.820678
v -1.437466 0.714795 -2.821587
v -1.426943 0.718098 -2.823378
v -1.424132 0.726572 -2.817704
v -1.435502 0.723733 -2.814943
v -1.443751 0.721682 -2.813530
v -1.524000 0.711427 -2.808636
v -1.571424 0.715142 -2.810106
v -1.612495 0.723731 -2.814943
v -1.623869 0.726568 -2.817709
v -1.450066 0.712093 -0.145414
v -1.450066 0.712093 -0.145414
v -1.488036 0.702634 -0.133075
v -1.488036 0.702634 -0.133075
v -1.528282 0.699905 -0.129191
v -1.528282 0.699905 -0.129191
v -1.603660 0.714209 -0.147948
v -1.603660 0.714209 -0.147948
v -1.632054 0.727017 -0.259777
v -1.575647 0.712543 -1.028159
v -1.415946 0.727017 -0.259777
v -1.472353 0.712543 -1.028159
v -1.400972 0.737424 -0.259899
v -1.400972 0.736337 -0.374917
v -1.400972 0.735529 -0.591720
v -1.400972 0.728708 -0.765317
v -1.406252 0.717999 -0.921464
v -1.424132 0.726013 -1.012361
v -1.426943 0.729305 -1.023195
v -1.461203 0.707093 -0.259542
v -1.461203 0.705884 -0.374402
v -1.461203 0.704011 -0.589602
v -1.461203 0.697470 -0.760878
v -1.463913 0.690282 -0.916256
v -1.471583 0.706539 -1.014352
v -1.445289 0.720784 -1.025144
v -1.443751 0.715738 -1.012625
v -1.430801 0.702994 -0.918454
v -1.426608 0.711761 -0.762909
v -1.426608 0.718430 -0.590571
v -1.426608 0.719815 -0.374638
v -1.426608 0.720969 -0.259705
v -1.524000 0.698198 -0.259438
v -1.524000 0.696954 -0.374252
v -1.524000 0.694768 -0.588981
v -1.524000 0.688309 -0.759576
v -1.524000 0.682088 -0.915114
v -1.524000 0.700161 -1.016118
v -1.524000 0.706623 -1.030667
v -1.586797 0.707093 -0.259542
v -1.586797 0.705884 -0.374402
v -1.586797 0.704011 -0.589602
v -1.586797 0.697470 -0.760878
v -1.584087 0.690282 -0.916256
v -1.576417 0.706539 -1.014352
v -1.610256 0.715632 -0.259643
v -1.610256 0.714457 -0.374547
v -1.610256 0.712884 -0.590198
v -1.610256 0.706264 -0.762128
v -1.606539 0.698112 -0.917565
v -1.595431 0.712288 -1.013154
v -1.594206 0.717748 -1.026184
v -1.621055 0.729305 -1.023197
v -1.623869 0.726019 -1.012368
v -1.641748 0.717999 -0.921464
v -1.647028 0.728708 -0.765317
v -1.647028 0.735529 -0.591720
v -1.647028 0.736337 -0.374917
v -1.647028 0.737424 -0.259899
v -1.610529 0.723976 -1.024168
v -1.612495 0.719506 -1.012250
v -1.627407 0.708517 -0.919516
v -1.632054 0.717990 -0.763794
v -1.632054 0.724715 -0.590993
v -1.632054 0.725888 -0.374740
v -1.415946 0.725888 -0.374740
v -1.415946 0.724715 -0.590993
v -1.415946 0.717990 -0.763794
v -1.420593 0.708517 -0.919516
v -1.435502 0.719506 -1.012248
v -1.437466 0.723983 -1.024170
v 1.656301 0.721961 -3.041193
v 1.656301 0.721961 -3.041193
v 1.656301 0.721961 -3.041193
v 1.596796 0.687218 -3.044460
v 1.596796 0.687218 -3.044460
v 1.528251 0.675731 -3.046329
v 1.528251 0.675731 -3.046329
v 1.459433 0.686665 -3.047287
v 1.459433 0.686665 -3.047287
v 1.308117 0.701833 -3.371348
v -1.642420 0.707104 -3.025293
v -1.399860 0.708045 -2.992163
v 1.478514 0.679604 -3.054782
v 1.531593 0.672472 -3.068000
v 1.590029 0.680906 -3.084078
v 1.622159 0.694231 -3.093310
v 1.632068 0.700049 -3.096159
v 1.646001 0.710066 -3.100128
v 1.393742 0.705677 -3.108806
v 1.408103 0.695284 -3.112543
v 1.457335 0.673638 -3.125472
v 1.511728 0.666304 -3.140026
v 1.571886 0.674964 -3.156536
v 1.605017 0.688660 -3.165779
v 1.615229 0.694643 -3.168645
v 1.629574 0.704946 -3.172683
v 1.351171 0.703227 -3.249411
v 1.365402 0.692771 -3.253753
v 1.414179 0.670987 -3.268800
v 1.468091 0.663591 -3.285620
v 1.527771 0.672270 -3.304433
v 1.560648 0.686024 -3.314899
v 1.570781 0.692035 -3.318146
v 1.585012 0.702389 -3.322726
v 1.321982 0.691366 -3.376629
v 1.369506 0.669545 -3.394891
v 1.422032 0.662108 -3.415265
v 1.480177 0.670742 -3.438013
v 1.512210 0.684472 -3.450647
v 1.522082 0.690475 -3.454561
v 1.535947 0.700818 -3.460080
v 1.191450 0.699154 -3.605603
v 1.204074 0.688660 -3.613344
v 1.247349 0.666742 -3.640033
v 1.295181 0.659199 -3.669719
v 1.348124 0.667715 -3.702782
v 1.377286 0.681380 -3.721107
v 1.386273 0.687363 -3.726777
v 1.398892 0.697677 -3.734764
v 1.479644 0.699350 -3.588512
v 1.466276 0.689020 -3.581876
v 1.456758 0.683025 -3.577167
v 1.425875 0.669325 -3.561952
v 1.369817 0.660745 -3.534520
v 1.319176 0.668230 -3.509913
v 1.273357 0.690095 -3.487823
v 1.259990 0.700574 -3.481424
v 1.110164 0.697812 -3.722950
v 1.121942 0.687304 -3.731911
v 1.162312 0.665339 -3.762784
v 1.206931 0.657742 -3.797098
v 1.256324 0.666200 -3.835276
v 1.283534 0.679832 -3.856411
v 1.291921 0.685806 -3.862945
v 1.303699 0.696106 -3.872143
v 1.017668 0.696576 -3.831083
v 1.028464 0.686054 -3.841190
v 1.065471 0.664044 -3.875996
v 1.106372 0.656398 -3.914656
v 1.151650 0.664800 -3.957644
v 1.176593 0.678403 -3.981430
v 1.184281 0.684367 -3.988780
v 1.195077 0.694654 -3.999126
v 0.914693 0.695453 -3.929290
v 0.924397 0.684920 -3.940439
v 0.957659 0.662868 -3.978816
v 0.994422 0.655177 -4.021423
v 1.035118 0.663530 -4.068781
v 1.057537 0.677105 -4.094973
v 1.064447 0.683060 -4.103066
v 1.074151 0.693336 -4.114453
v 0.787627 0.694340 -4.026633
v 0.795983 0.683795 -4.038815
v 0.824624 0.661703 -4.080731
v 0.856280 0.653967 -4.127251
v 0.891323 0.662270 -4.178940
v 0.910628 0.675818 -4.207518
v 0.916578 0.681765 -4.216346
v 0.924934 0.692029 -4.228766
v 0.650297 0.693400 -4.108865
v 0.657197 0.682844 -4.121920
v 0.680844 0.660719 -4.166827
v 0.706981 0.652945 -4.216651
v 0.735913 0.661206 -4.271999
v 0.751852 0.674731 -4.302593
v 0.756765 0.680670 -4.312042
v 0.763664 0.690924 -4.325335
v 0.504483 0.692644 -4.174899
v 0.509835 0.682081 -4.188654
v 0.528180 0.659928 -4.235962
v 0.548456 0.652124 -4.288441
v 0.570902 0.660351 -4.346726
v 0.583267 0.673858 -4.378939
v 0.587078 0.679792 -4.388887
v 0.592430 0.690038 -4.402880
v 0.352094 0.692084 -4.223884
v 0.355829 0.681515 -4.238159
v 0.368633 0.659342 -4.287248
v 0.382784 0.651515 -4.341695
v 0.398449 0.659718 -4.402160
v 0.407079 0.673210 -4.435573
v 0.409739 0.679140 -4.445891
v 0.413475 0.689380 -4.460404
v 0.195112 0.691727 -4.255177
v 0.197182 0.681154 -4.269784
v 0.204277 0.658967 -4.320011
v 0.212119 0.651126 -4.375717
v 0.220800 0.659313 -4.437573
v 0.225582 0.672796 -4.471754
v 0.227056 0.678724 -4.482308
v 0.229126 0.688960 -4.497153
v 0.035587 0.691576 -4.268366
v 0.035964 0.681001 -4.283113
v 0.037258 0.658809 -4.333820
v 0.038689 0.650962 -4.390056
v 0.040272 0.659142 -4.452499
v 0.041144 0.672622 -4.487003
v 0.041413 0.678548 -4.497657
v 0.041791 0.688783 -4.512641
v -0.124404 0.691634 -4.263293
v -0.125723 0.681060 -4.277986
v -0.130247 0.658870 -4.328508
v -0.135247 0.651025 -4.384540
v -0.140782 0.659208 -4.446758
v -0.143831 0.672689 -4.481136
v -0.144771 0.678616 -4.491752
v -0.146091 0.688851 -4.506683
v -0.282770 0.691900 -4.240002
v -0.285770 0.681329 -4.254448
v -0.296053 0.659149 -4.304124
v -0.307418 0.651315 -4.359219
v -0.319999 0.659509 -4.420401
v -0.326929 0.672997 -4.454209
v -0.329066 0.678925 -4.464649
v -0.332065 0.689163 -4.479333
v -0.437452 0.692371 -4.198822
v -0.442093 0.681805 -4.212831
v -0.458000 0.659642 -4.261009
v -0.475582 0.651827 -4.314449
v -0.495045 0.660042 -4.373799
v -0.505767 0.673541 -4.406598
v -0.509072 0.679473 -4.416727
v -0.513713 0.689716 -4.430974
v -0.586427 0.693040 -4.140266
v -0.592648 0.682482 -4.153654
v -0.613973 0.660343 -4.199703
v -0.637542 0.652554 -4.250789
v -0.663633 0.660800 -4.307534
v -0.678007 0.674315 -4.338897
v -0.682437 0.680253 -4.348584
v -0.688658 0.690503 -4.362209
v -0.727757 0.693900 -4.065117
v -0.735478 0.683350 -4.077707
v -0.761942 0.661242 -4.121024
v -0.791192 0.653489 -4.169090
v -0.823571 0.661772 -4.222491
v -0.841408 0.675309 -4.252012
v -0.846906 0.681253 -4.261131
v -0.854627 0.691512 -4.273960
v -0.859597 0.694938 -3.974342
v -0.868716 0.684399 -3.985969
v -0.899974 0.662329 -4.025984
v -0.934523 0.654617 -4.070402
v -0.972768 0.662947 -4.119765
v -0.993837 0.676509 -4.147061
v -1.000330 0.682460 -4.155494
v -1.009450 0.692731 -4.167360
v -0.980226 0.696141 -3.869130
v -0.990625 0.685615 -3.879642
v -1.026270 0.663589 -3.915831
v -1.065667 0.655925 -3.956020
v -1.109279 0.664308 -4.000701
v -1.133304 0.677900 -4.025419
v -1.140709 0.683860 -4.033057
v -1.151109 0.694143 -4.043807
v -1.088078 0.697493 -3.750855
v -1.099621 0.686981 -3.760112
v -1.139188 0.665005 -3.792000
v -1.182920 0.657395 -3.827435
v -1.231330 0.665839 -3.866855
v -1.257999 0.679464 -3.888673
v -1.266219 0.685434 -3.895418
v -1.277762 0.695732 -3.904912
v -1.181734 0.698977 -3.621052
v -1.194271 0.688481 -3.628932
v -1.237244 0.666559 -3.656100
v -1.284740 0.659009 -3.686318
v -1.337317 0.667518 -3.719962
v -1.366281 0.681180 -3.738600
v -1.375208 0.687162 -3.744364
v -1.387745 0.697475 -3.752481
v -1.259990 0.700574 -3.481424
v -1.273358 0.690095 -3.487822
v -1.319176 0.668230 -3.509913
v -1.369817 0.660745 -3.534519
v -1.425876 0.669325 -3.561951
v -1.456758 0.683025 -3.577166
v -1.466277 0.689020 -3.581876
v -1.479644 0.699350 -3.588511
v -1.315589 0.702054 -3.351974
v -1.329549 0.691591 -3.356969
v -1.377397 0.669781 -3.374249
v -1.430282 0.662357 -3.393538
v -1.488824 0.671004 -3.415084
v -1.521075 0.684742 -3.427056
v -1.531014 0.690747 -3.430766
v -1.544974 0.701093 -3.435998
v -1.356530 0.703492 -3.226265
v -1.370940 0.693046 -3.229714
v -1.420333 0.671297 -3.241698
v -1.474924 0.663939 -3.255135
v -1.535356 0.672661 -3.270201
v -1.568648 0.686439 -3.278604
v -1.578908 0.692457 -3.281214
v -1.593318 0.702821 -3.284901
v -1.378818 0.704636 -3.132118
v -1.393495 0.694194 -3.134172
v -1.443801 0.672473 -3.141384
v -1.499403 0.665167 -3.149560
v -1.560952 0.673966 -3.158818
v -1.594860 0.687798 -3.164029
v -1.605310 0.693834 -3.165657
v -1.619987 0.704226 -3.167967
v -1.392083 0.705979 -3.056235
v -1.406934 0.695463 -3.057020
v -1.457837 0.673609 -3.059969
v -1.514097 0.666295 -3.063534
v -1.576377 0.675226 -3.067791
v -1.610687 0.689205 -3.070301
v -1.621261 0.695302 -3.071107
v -1.636112 0.705795 -3.072274
v -1.397221 0.707182 -3.018483
v -1.412143 0.696530 -3.018604
v -1.463290 0.674400 -3.019414
v -1.519821 0.667010 -3.020781
v -1.582399 0.676091 -3.022770
v -1.616873 0.690276 -3.024119
v -1.627498 0.696461 -3.024585
v -1.404509 0.694414 -2.894409
v -1.419059 0.684612 -2.895716
v -1.468912 0.664194 -2.898272
v -1.524000 0.657359 -2.899048
v -1.584982 0.665794 -2.898082
v -1.618583 0.678907 -2.896455
v -1.628941 0.684612 -2.895716
v -1.643491 0.694414 -2.894409
v -1.647028 0.703278 -2.945546
v -1.632054 0.692526 -2.945662
v -1.621392 0.686277 -2.945729
v -1.586797 0.671941 -2.945884
v -1.524000 0.662752 -2.945983
v -1.467272 0.670195 -2.945903
v -1.415946 0.692526 -2.945662
v -1.400972 0.703278 -2.945546
v -1.412563 0.695600 -2.866385
v -1.426085 0.686823 -2.868045
v -1.472535 0.668399 -2.870948
v -1.524000 0.662145 -2.871685
v -1.580965 0.669854 -2.870752
v -1.612278 0.681699 -2.868937
v -1.621915 0.686823 -2.868045
v -1.635437 0.695600 -2.866385
v -1.424131 0.703227 -2.841002
v -1.435505 0.696648 -2.841972
v -1.476576 0.682392 -2.842795
v -1.524000 0.677149 -2.842852
v -1.576417 0.683574 -2.842764
v -1.604249 0.692846 -2.842310
v -1.612498 0.696648 -2.841973
v -1.623868 0.703220 -2.841007
v -1.426945 0.706675 -2.834780
v -1.437471 0.701303 -2.835051
v -1.477251 0.688713 -2.834673
v -1.524000 0.683840 -2.834406
v -1.575647 0.689796 -2.834724
v -1.602711 0.698089 -2.835018
v -1.610534 0.701310 -2.835048
v -1.621057 0.706675 -2.834780
v -1.645663 0.708022 -2.994181
v -1.630704 0.697204 -2.993675
v -1.620053 0.690917 -2.993364
v -1.585494 0.676495 -2.992569
v -1.522762 0.667254 -2.991726
v -1.466092 0.674749 -2.991526
v -1.414819 0.697224 -2.991903
v 1.660618 1.001444 -3.008506
v 1.660618 1.001444 -3.008506
v 1.663070 1.016396 -2.990894
v 1.663070 1.016396 -2.990894
v 1.671786 1.047745 -2.956654
v 1.671786 1.047745 -2.956654
v 1.674681 1.057018 -2.944999
v 1.674681 1.057018 -2.944999
v 1.679016 1.069541 -2.928529
v 1.679016 1.069541 -2.928529
v 1.679016 1.069541 -2.928529
v 1.679016 1.069541 -2.928529
v 1.679016 1.069541 -2.928529
v 1.691252 1.037540 -2.932424
v 1.691252 1.037540 -2.932424
v 1.699631 1.010183 -2.935235
v 1.699631 1.010183 -2.935235
v 1.714419 0.922907 -2.940605
v 1.714419 0.922907 -2.940605
v 1.713233 0.842003 -2.943311
v 1.713233 0.842003 -2.943311
v 1.695791 0.771274 -2.944725
v 1.695791 0.771274 -2.944725
v 1.660483 0.715681 -2.945417
v 1.660483 0.715681 -2.945417
v 1.660483 0.715681 -2.945417
v 1.660479 0.720215 -2.974914
v 1.660479 0.720215 -2.974914
v 1.660475 0.720230 -2.996090
v 1.660475 0.720230 -2.996090
v 1.660442 0.718776 -3.017123
v 1.660442 0.718776 -3.017123
v 1.659591 0.719066 -3.029136
v 1.659591 0.719066 -3.029136
v 1.682939 0.746680 -2.951480
v 1.682210 0.747503 -3.027285
v 1.703734 0.799000 -3.028172
v 1.710814 0.944010 -2.948925
v 1.682210 0.964328 -3.030921
v 1.671848 0.732479 -3.027028
v 1.672477 0.732873 -3.012101
v 1.672482 0.734683 -2.988857
v 1.672488 0.734007 -2.970503
v 1.672492 0.732113 -2.957214
v 1.672494 0.731032 -2.951478
v 1.682931 0.747812 -2.957369
v 1.682912 0.749745 -2.970933
v 1.682891 0.750267 -2.989409
v 1.682881 0.748095 -3.012452
v 1.704489 0.800271 -3.013653
v 1.704568 0.803848 -2.991287
v 1.704845 0.804442 -2.972345
v 1.705108 0.802768 -2.957770
v 1.705225 0.801580 -2.951317
v 1.702051 0.918919 -3.030180
v 1.702800 0.921776 -3.016449
v 1.703563 0.930341 -2.995557
v 1.706461 0.939780 -2.975025
v 1.709426 0.943716 -2.957203
v 1.714664 0.865755 -2.950662
v 1.714187 0.866678 -2.957846
v 1.713115 0.866983 -2.973732
v 1.711995 0.863533 -2.993330
v 1.711692 0.857939 -3.014980
v 1.710909 0.855915 -3.029141
v 1.688233 0.953630 -3.030746
v 1.688928 0.956944 -3.017259
v 1.689954 0.967377 -2.996815
v 1.693975 0.981498 -2.975758
v 1.698576 0.990686 -2.956411
v 1.700929 0.992862 -2.947145
v 1.687093 1.032932 -2.945613
v 1.683895 1.027615 -2.956202
v 1.678280 1.012891 -2.976540
v 1.673641 0.994868 -2.997798
v 1.672477 0.983005 -3.017859
v 1.682881 0.967783 -3.017508
v 1.671848 0.979353 -3.031167
v 1.696282 1.008866 -2.946525
v 1.693488 1.005773 -2.956256
v 1.688297 0.994532 -2.976038
v 1.683975 0.978809 -2.997216
v 1.671789 1.145304 -0.896823
v 1.671789 1.145304 -0.896823
v 1.660548 1.382873 -1.135722
v 1.660548 1.382873 -1.135722
v 1.660486 1.482395 -1.256018
v 1.660486 1.482395 -1.256018
v 1.660486 1.563371 -1.382804
v 1.660486 1.563371 -1.382804
v 1.660486 1.626025 -1.516116
v 1.660486 1.626025 -1.516116
v 1.660486 1.670641 -1.655705
v 1.660486 1.670641 -1.655705
v 1.660486 1.697035 -1.799866
v 1.660486 1.697035 -1.799866
v 1.660486 1.704805 -1.946205
v 1.660486 1.704805 -1.946205
v 1.660486 1.693691 -2.092328
v 1.660486 1.693691 -2.092328
v 1.660486 1.664007 -2.235848
v 1.660486 1.664007 -2.235848
v 1.660486 1.616211 -2.374375
v 1.660486 1.616211 -2.374375
v 1.660486 1.550536 -2.505279
v 1.660486 1.550536 -2.505279
v 1.660486 1.466737 -2.625414
v 1.660486 1.466737 -2.625414
v 1.660548 1.364624 -2.731637
v 1.660548 1.364624 -2.731637
v 1.662733 1.247787 -2.823093
v 1.662733 1.247787 -2.823093
v 1.671793 1.122331 -2.901563
v 1.671793 1.122331 -2.901563
v 1.674688 1.097937 -2.914432
v 1.674688 1.097937 -2.914432
v 1.642720 1.105279 -2.940145
v 1.642720 1.105279 -2.940145
v 1.585465 1.131135 -2.948370
v 1.585465 1.131135 -2.948370
v 1.523884 1.139366 -2.950935
v 1.523884 1.139366 -2.950935
v 1.462302 1.131135 -2.948370
v 1.462302 1.131135 -2.948370
v 1.405048 1.105274 -2.940147
v 1.405048 1.105274 -2.940147
v 1.387147 1.090656 -2.935312
v 1.387147 1.090656 -2.935312
v 1.368752 1.069541 -2.928529
v 1.368752 1.069541 -2.928529
v 1.368752 1.069541 -2.928529
v 1.368752 1.069541 -2.928529
v 1.368752 1.069541 -2.928529
v 1.375979 1.122333 -2.901567
v 1.375979 1.122333 -2.901567
v 1.385035 1.247787 -2.823093
v 1.385035 1.247787 -2.823093
v 1.387219 1.364624 -2.731637
v 1.387219 1.364624 -2.731637
v 1.387282 1.466737 -2.625414
v 1.387282 1.466737 -2.625414
v 1.387282 1.550536 -2.505279
v 1.387282 1.550536 -2.505279
v 1.387282 1.616211 -2.374375
v 1.387282 1.616211 -2.374375
v 1.387282 1.664007 -2.235848
v 1.387282 1.664007 -2.235848
v 1.387282 1.693691 -2.092328
v 1.387282 1.693691 -2.092328
v 1.387282 1.704805 -1.946205
v 1.387282 1.704805 -1.946205
v 1.387282 1.697035 -1.799866
v 1.387282 1.697035 -1.799866
v 1.387282 1.670641 -1.655705
v 1.387282 1.670641 -1.655705
v 1.387282 1.626025 -1.516116
v 1.387282 1.626025 -1.516116
v 1.387282 1.563371 -1.382804
v 1.387282 1.563371 -1.382804
v 1.387282 1.482395 -1.256018
v 1.387282 1.482395 -1.256018
v 1.387219 1.382873 -1.135722
v 1.387219 1.382873 -1.135722
v 1.375974 1.145302 -0.896827
v 1.375974 1.145302 -0.896827
v 1.373078 1.121344 -0.872465
v 1.373078 1.121344 -0.872465
v 1.417400 1.152754 -0.847111
v 1.417399 1.128889 -2.931880
v 1.659027 1.111189 -2.922861
v 1.657331 1.132027 -2.910393
v 1.650635 1.221329 -2.854681
v 1.647624 1.309077 -2.792181
v 1.646925 1.391917 -2.722169
v 1.646912 1.466335 -2.644056
v 1.646912 1.565035 -2.503758
v 1.646912 1.639084 -2.349042
v 1.646912 1.695803 -2.151150
v 1.646912 1.716558 -1.946339
v 1.646912 1.700491 -1.741107
v 1.646912 1.648312 -1.541970
v 1.646912 1.577830 -1.384756
v 1.646912 1.482431 -1.236321
v 1.648071 1.308532 -1.041413
v 1.657328 1.155244 -0.884252
v 1.659031 1.134814 -0.860086
v 1.591979 1.144281 -2.938100
v 1.591564 1.160970 -2.927564
v 1.588878 1.241342 -2.875624
v 1.587110 1.328254 -2.813335
v 1.586689 1.412808 -2.742129
v 1.586681 1.489380 -2.662199
v 1.586681 1.590797 -2.518420
v 1.586681 1.666776 -2.359742
v 1.586681 1.724955 -2.156759
v 1.586681 1.746244 -1.946679
v 1.586681 1.729764 -1.736167
v 1.586681 1.676242 -1.531907
v 1.586681 1.603922 -1.370615
v 1.586681 1.505893 -1.218130
v 1.587379 1.328094 -1.017549
v 1.591564 1.184617 -0.860378
v 1.591980 1.168300 -0.838436
v 1.642222 1.146261 -0.851349
v 1.641056 1.164767 -0.874894
v 1.633022 1.315159 -1.033142
v 1.631938 1.490481 -1.230080
v 1.631938 1.586782 -1.379905
v 1.631938 1.657895 -1.538517
v 1.631938 1.710535 -1.739412
v 1.631938 1.726744 -1.946456
v 1.631938 1.705805 -2.153075
v 1.631938 1.648585 -2.352713
v 1.631938 1.573874 -2.508789
v 1.631938 1.474242 -2.650281
v 1.631950 1.399084 -2.729018
v 1.632604 1.315604 -2.799478
v 1.635402 1.227915 -2.862073
v 1.641053 1.141391 -2.917026
v 1.642212 1.122495 -2.928915
v 1.523884 1.153986 -2.941777
v 1.523884 1.170006 -2.931729
v 1.523884 1.247837 -2.881296
v 1.523884 1.334006 -2.819445
v 1.523884 1.418936 -2.747981
v 1.523884 1.496139 -2.667519
v 1.523884 1.598352 -2.522719
v 1.523884 1.674898 -2.362880
v 1.523884 1.733504 -2.158404
v 1.523884 1.754950 -1.946778
v 1.523884 1.738349 -1.734718
v 1.523884 1.684433 -1.528955
v 1.523884 1.611574 -1.366469
v 1.523884 1.512773 -1.212796
v 1.523884 1.334035 -1.010750
v 1.523884 1.193760 -0.854785
v 1.523884 1.178099 -0.833387
v 1.455789 1.144281 -2.938100
v 1.456204 1.160970 -2.927564
v 1.458889 1.241342 -2.875624
v 1.460658 1.328254 -2.813335
v 1.461079 1.412808 -2.742129
v 1.461087 1.489380 -2.662199
v 1.461087 1.590797 -2.518420
v 1.461087 1.666776 -2.359742
v 1.461087 1.724955 -2.156759
v 1.461087 1.746244 -1.946679
v 1.461087 1.729764 -1.736167
v 1.461087 1.676242 -1.531907
v 1.461087 1.603922 -1.370615
v 1.461087 1.505893 -1.218130
v 1.460389 1.328094 -1.017549
v 1.456203 1.184617 -0.860378
v 1.455788 1.168300 -0.838436
v 1.388738 1.111187 -2.922853
v 1.390441 1.132041 -2.910385
v 1.397133 1.221329 -2.854681
v 1.400144 1.309077 -2.792181
v 1.400842 1.391917 -2.722169
v 1.400855 1.466335 -2.644056
v 1.400855 1.565035 -2.503758
v 1.400855 1.639084 -2.349042
v 1.400855 1.695803 -2.151150
v 1.400855 1.716558 -1.946339
v 1.400855 1.700491 -1.741107
v 1.400855 1.648312 -1.541970
v 1.400855 1.577830 -1.384756
v 1.400855 1.482431 -1.236321
v 1.399696 1.308532 -1.041413
v 1.390436 1.155230 -0.884230
v 1.388739 1.134816 -0.860069
v 1.405555 1.146279 -0.851336
v 1.406714 1.164767 -0.874881
v 1.414746 1.315159 -1.033142
v 1.415830 1.490481 -1.230080
v 1.415830 1.586782 -1.379905
v 1.415830 1.657895 -1.538517
v 1.415830 1.710535 -1.739412
v 1.415830 1.726744 -1.946456
v 1.415830 1.705805 -2.153075
v 1.415830 1.648585 -2.352713
v 1.415830 1.573874 -2.508789
v 1.415830 1.474242 -2.650281
v 1.415817 1.399084 -2.729018
v 1.415164 1.315604 -2.799478
v 1.412365 1.227915 -2.862073
v 1.406712 1.141391 -2.917020
v 1.405547 1.122478 -2.928907
v 1.418334 1.170495 -0.870097
v 1.425482 1.319047 -1.028371
v 1.426492 1.495160 -1.226452
v 1.426492 1.591985 -1.377085
v 1.426492 1.663465 -1.536510
v 1.426492 1.716373 -1.738427
v 1.426492 1.732663 -1.946524
v 1.426492 1.711619 -2.154193
v 1.426492 1.654107 -2.354847
v 1.426492 1.579012 -2.511712
v 1.426492 1.478837 -2.653899
v 1.426480 1.403249 -2.732998
v 1.425871 1.319420 -2.803702
v 1.423276 1.231868 -2.866279
v 1.418334 1.147030 -2.920441
v 1.660486 0.958998 -2.708264
v 1.660486 0.958998 -2.708264
v 1.660486 0.958998 -2.708264
v 1.695794 0.979441 -2.746013
v 1.695794 0.979441 -2.746013
v 1.713237 1.004467 -2.793103
v 1.713237 1.004467 -2.793103
v 1.714422 1.031142 -2.845083
v 1.714422 1.031142 -2.845083
v 1.699632 1.056292 -2.897382
v 1.699632 1.056292 -2.897382
v 1.691253 1.062854 -2.912259
v 1.691253 1.062854 -2.912259
v 1.691255 1.086286 -0.872363
v 1.691255 1.086286 -0.872363
v 1.699634 1.079294 -0.897206
v 1.699634 1.079294 -0.897206
v 1.714423 1.052730 -0.976087
v 1.714423 1.052730 -0.976087
v 1.713237 1.024730 -1.048588
v 1.713237 1.024730 -1.048588
v 1.695794 0.998539 -1.111524
v 1.695794 0.998539 -1.111524
v 1.660486 0.977176 -1.160780
v 1.660486 0.977176 -1.160780
v 1.660486 0.977176 -1.160780
v 1.598588 0.961798 -1.195921
v 1.598588 0.961798 -1.195921
v 1.523884 0.956672 -1.207634
v 1.523884 0.956672 -1.207634
v 1.449180 0.961798 -1.195921
v 1.449180 0.961798 -1.195921
v 1.387282 0.977176 -1.160780
v 1.387282 0.977176 -1.160780
v 1.387282 0.977176 -1.160780
v 1.351974 0.998539 -1.111524
v 1.351974 0.998539 -1.111524
v 1.334531 1.024730 -1.048588
v 1.334531 1.024730 -1.048588
v 1.333345 1.052730 -0.976087
v 1.333345 1.052730 -0.976087
v 1.348134 1.079286 -0.897202
v 1.348134 1.079286 -0.897202
v 1.356513 1.086276 -0.872358
v 1.356513 1.086276 -0.872358
v 1.356514 1.062865 -2.912256
v 1.356514 1.062865 -2.912256
v 1.348135 1.056301 -2.897379
v 1.348135 1.056301 -2.897379
v 1.333345 1.031142 -2.845083
v 1.333345 1.031142 -2.845083
v 1.334531 1.004467 -2.793103
v 1.334531 1.004467 -2.793103
v 1.351974 0.979441 -2.746013
v 1.351974 0.979441 -2.746013
v 1.387282 0.958998 -2.708264
v 1.387282 0.958998 -2.708264
v 1.387282 0.958998 -2.708264
v 1.449180 0.944277 -2.681191
v 1.449180 0.944277 -2.681191
v 1.523884 0.939370 -2.672167
v 1.523884 0.939370 -2.672167
v 1.598588 0.944277 -2.681191
v 1.598588 0.944277 -2.681191
v 1.375263 1.374301 -2.705328
v 1.672505 1.374301 -2.705328
v 1.687085 1.089250 -2.901770
v 1.696270 1.081207 -2.888315
v 1.714025 1.067695 -2.811404
v 1.705114 1.030322 -2.745751
v 1.666689 0.998951 -2.692199
v 1.598588 0.962214 -2.670522
v 1.598588 0.979779 -2.659719
v 1.544652 0.957415 -2.662046
v 1.488872 0.975471 -2.652420
v 1.436212 0.964338 -2.674274
v 1.436212 0.982016 -2.663508
v 1.391639 0.976060 -2.694978
v 1.359457 1.012282 -2.714839
v 1.340253 1.034307 -2.752634
v 1.333307 1.058521 -2.795045
v 1.336950 1.060483 -2.848976
v 1.338337 1.083110 -2.839169
v 1.351483 1.081202 -2.888306
v 1.360673 1.089239 -2.901769
v 1.332752 1.037060 -2.804770
v 1.340098 1.014013 -2.762587
v 1.359441 0.993081 -2.725101
v 1.488872 0.958123 -2.663297
v 1.666690 0.980419 -2.702678
v 1.705230 1.010225 -2.755753
v 1.714825 1.045802 -2.821097
v 1.683894 1.113430 -2.890451
v 1.693485 1.105022 -2.877689
v 1.704738 1.110214 -2.699517
v 1.666689 1.072275 -2.645812
v 1.544652 0.974725 -2.651157
v 1.391639 0.994360 -2.684421
v 1.354276 1.105012 -2.877689
v 1.363869 1.113410 -2.890459
v 1.676229 1.206104 -2.835809
v 1.686400 1.197630 -2.824467
v 1.711467 1.154859 -2.763670
v 1.598588 1.049019 -2.613021
v 1.544652 1.042888 -2.604377
v 1.488872 1.043793 -2.605652
v 1.436212 1.051732 -2.616847
v 1.391639 1.066707 -2.637960
v 1.359509 1.088431 -2.668620
v 1.340752 1.115008 -2.706348
v 1.335097 1.143978 -2.747926
v 1.342532 1.172958 -2.789783
v 1.361368 1.197630 -2.824467
v 1.371539 1.206104 -2.835809
v 1.673204 1.293206 -2.774117
v 1.683565 1.283993 -2.763489
v 1.710211 1.235577 -2.707020
v 1.704552 1.183729 -2.646459
v 1.666689 1.139328 -2.594774
v 1.598588 1.112059 -2.563060
v 1.544652 1.104870 -2.554700
v 1.488872 1.105931 -2.555933
v 1.436212 1.115240 -2.566760
v 1.391639 1.132798 -2.587180
v 1.359534 1.158259 -2.616798
v 1.341000 1.189323 -2.652980
v 1.335983 1.223002 -2.692307
v 1.344485 1.256326 -2.731286
v 1.364202 1.283993 -2.763489
v 1.374564 1.293206 -2.774117
v 1.682909 1.363991 -2.695469
v 1.709916 1.309360 -2.643219
v 1.704509 1.250550 -2.586972
v 1.666689 1.200109 -2.538733
v 1.598588 1.169120 -2.509097
v 1.544652 1.160951 -2.501284
v 1.488872 1.162156 -2.502437
v 1.436212 1.172736 -2.512555
v 1.391639 1.192690 -2.531637
v 1.359540 1.221622 -2.559306
v 1.341058 1.256901 -2.593046
v 1.336191 1.295110 -2.629590
v 1.344941 1.332832 -2.665669
v 1.364858 1.363991 -2.695469
v 1.672492 1.530383 -2.513009
v 1.682897 1.517836 -2.505494
v 1.709911 1.451350 -2.465669
v 1.704508 1.379771 -2.422793
v 1.666689 1.318377 -2.386019
v 1.598588 1.280658 -2.363425
v 1.544652 1.270715 -2.357469
v 1.488872 1.272182 -2.358348
v 1.436212 1.285059 -2.366061
v 1.391639 1.309346 -2.380609
v 1.359540 1.344561 -2.401702
v 1.341059 1.387501 -2.427423
v 1.336195 1.434006 -2.455280
v 1.344950 1.479917 -2.482780
v 1.364871 1.517836 -2.505494
v 1.375276 1.530383 -2.513009
v 1.375276 1.446896 -2.628754
v 1.364871 1.435517 -2.619796
v 1.344950 1.401125 -2.592722
v 1.336195 1.359484 -2.559941
v 1.341059 1.317305 -2.526737
v 1.359540 1.278360 -2.496078
v 1.391639 1.246420 -2.470935
v 1.436212 1.224392 -2.453594
v 1.488872 1.212713 -2.444400
v 1.544652 1.211383 -2.443352
v 1.598588 1.220401 -2.450452
v 1.666689 1.254611 -2.477383
v 1.704508 1.310294 -2.521218
v 1.709911 1.375215 -2.572325
v 1.682897 1.435517 -2.619796
v 1.672492 1.446896 -2.628754
v 1.672492 1.596494 -2.386610
v 1.682897 1.583070 -2.380722
v 1.709911 1.511933 -2.349521
v 1.704508 1.435348 -2.315930
v 1.666689 1.369660 -2.287118
v 1.598588 1.329302 -2.269417
v 1.544652 1.318664 -2.264751
v 1.488872 1.320233 -2.265440
v 1.436212 1.334011 -2.271483
v 1.391639 1.359997 -2.282880
v 1.359540 1.397675 -2.299406
v 1.341059 1.443618 -2.319557
v 1.336195 1.493376 -2.341381
v 1.344950 1.542498 -2.362927
v 1.364871 1.583070 -2.380722
v 1.375276 1.596494 -2.386610
v 1.672492 1.645447 -2.252531
v 1.682897 1.631387 -2.248384
v 1.709911 1.556880 -2.226407
v 1.704508 1.476666 -2.202747
v 1.666689 1.407866 -2.182454
v 1.598588 1.365597 -2.169986
v 1.544652 1.354454 -2.166699
v 1.488872 1.356098 -2.167184
v 1.436212 1.370528 -2.171441
v 1.391639 1.397745 -2.179469
v 1.359540 1.437209 -2.191109
v 1.341059 1.485328 -2.205302
v 1.336195 1.537444 -2.220674
v 1.344950 1.588893 -2.235850
v 1.364871 1.631387 -2.248384
v 1.375276 1.645447 -2.252531
v 1.672492 1.677074 -2.113324
v 1.682897 1.662604 -2.110984
v 1.709911 1.585920 -2.098586
v 1.704508 1.503364 -2.085239
v 1.666689 1.432554 -2.073791
v 1.598588 1.389050 -2.066757
v 1.544652 1.377582 -2.064903
v 1.488872 1.379274 -2.065176
v 1.436212 1.394126 -2.067578
v 1.391639 1.422138 -2.072106
v 1.359540 1.462754 -2.078673
v 1.341059 1.512279 -2.086680
v 1.336195 1.565916 -2.095352
v 1.344950 1.618869 -2.103913
v 1.364871 1.662604 -2.110984
v 1.375276 1.677074 -2.113324
v 1.672492 1.690946 -1.971252
v 1.682897 1.676296 -1.970757
v 1.709911 1.598658 -1.968135
v 1.704508 1.515074 -1.965312
v 1.666689 1.443383 -1.962891
v 1.598588 1.399337 -1.961403
v 1.544652 1.387726 -1.961011
v 1.488872 1.389439 -1.961069
v 1.436212 1.404476 -1.961577
v 1.391639 1.432836 -1.962535
v 1.359540 1.473958 -1.963923
v 1.341059 1.524100 -1.965617
v 1.336195 1.578405 -1.967451
v 1.344950 1.632016 -1.969262
v 1.364871 1.676296 -1.970757
v 1.375276 1.690946 -1.971252
v 1.672492 1.686705 -1.828574
v 1.682897 1.672109 -1.829931
v 1.709911 1.594764 -1.837127
v 1.704508 1.511493 -1.844874
v 1.666689 1.440072 -1.851518
v 1.598588 1.396192 -1.855600
v 1.544652 1.384625 -1.856676
v 1.488872 1.386331 -1.856517
v 1.436212 1.401312 -1.855124
v 1.391639 1.429565 -1.852495
v 1.359540 1.470532 -1.848684
v 1.341059 1.520486 -1.844037
v 1.336195 1.574587 -1.839004
v 1.344950 1.627997 -1.834035
v 1.364871 1.672109 -1.829931
v 1.375276 1.686705 -1.828574
v 1.672492 1.664513 -1.687554
v 1.682897 1.650206 -1.690742
v 1.709911 1.574387 -1.707641
v 1.704508 1.492761 -1.725835
v 1.666689 1.422749 -1.741439
v 1.598588 1.379735 -1.751026
v 1.544652 1.368397 -1.753553
v 1.488872 1.370070 -1.753181
v 1.436212 1.384754 -1.749908
v 1.391639 1.412450 -1.743735
v 1.359540 1.452608 -1.734784
v 1.341059 1.501575 -1.723870
v 1.336195 1.554609 -1.712050
v 1.344950 1.606964 -1.700380
v 1.364871 1.650206 -1.690742
v 1.375276 1.664513 -1.687554
v 1.672492 1.624753 -1.550458
v 1.682897 1.610962 -1.555427
v 1.709911 1.537879 -1.581760
v 1.704508 1.459198 -1.610109
v 1.666689 1.391713 -1.634424
v 1.598588 1.350251 -1.649363
v 1.544652 1.339322 -1.653301
v 1.488872 1.340934 -1.652720
v 1.436212 1.355089 -1.647620
v 1.391639 1.381786 -1.638001
v 1.359540 1.420495 -1.624054
v 1.341059 1.467695 -1.607048
v 1.336195 1.518814 -1.588629
v 1.344950 1.569281 -1.570446
v 1.364871 1.610962 -1.555427
v 1.375276 1.624753 -1.550458
v 1.672492 1.555822 -1.396684
v 1.682897 1.542939 -1.403666
v 1.709911 1.474666 -1.440668
v 1.704508 1.401164 -1.480504
v 1.666689 1.338121 -1.514671
v 1.598588 1.299389 -1.535663
v 1.544652 1.289178 -1.541196
v 1.488872 1.290685 -1.540380
v 1.436212 1.303908 -1.533213
v 1.391639 1.328847 -1.519697
v 1.359540 1.365008 -1.500099
v 1.341059 1.409102 -1.476202
v 1.336195 1.456856 -1.450320
v 1.344950 1.504001 -1.424770
v 1.364871 1.542939 -1.403666
v 1.375276 1.555822 -1.396684
v 1.672492 1.462642 -1.251664
v 1.682897 1.451058 -1.260646
v 1.709911 1.389669 -1.308244
v 1.704508 1.323578 -1.359487
v 1.666689 1.266891 -1.403439
v 1.598588 1.232064 -1.430442
v 1.544652 1.222883 -1.437560
v 1.488872 1.224238 -1.436510
v 1.436212 1.236127 -1.427292
v 1.391639 1.258552 -1.409905
v 1.359540 1.291068 -1.384694
v 1.341059 1.330715 -1.353953
v 1.336195 1.373655 -1.320660
v 1.344950 1.416046 -1.287793
v 1.364871 1.451058 -1.260646
v 1.375276 1.462642 -1.251664
v 1.673651 1.292519 -1.062014
v 1.683985 1.283271 -1.074185
v 1.710399 1.234912 -1.138861
v 1.704580 1.183313 -1.207570
v 1.666689 1.139184 -1.265650
v 1.598588 1.112091 -1.301201
v 1.544652 1.104949 -1.310572
v 1.488872 1.106003 -1.309189
v 1.436212 1.115252 -1.297053
v 1.391639 1.132697 -1.274162
v 1.359530 1.157996 -1.240942
v 1.340963 1.188876 -1.200213
v 1.335850 1.222387 -1.155639
v 1.344193 1.255601 -1.111100
v 1.363782 1.283271 -1.074185
v 1.374116 1.292519 -1.062014
v 1.687096 1.112290 -0.892651
v 1.696285 1.103883 -0.913448
v 1.714025 1.088307 -1.023107
v 1.714825 1.066714 -1.009876
v 1.705114 1.049291 -1.108540
v 1.666689 1.016607 -1.175885
v 1.598588 0.979404 -1.205989
v 1.544652 0.991381 -1.227023
v 1.544652 0.974399 -1.216762
v 1.488872 0.992158 -1.225449
v 1.436212 0.981619 -1.201221
v 1.391639 0.993845 -1.174909
v 1.359457 1.030491 -1.147590
v 1.359441 1.011599 -1.136532
v 1.340253 1.053445 -1.099758
v 1.333307 1.078718 -1.044786
v 1.336950 1.082115 -0.971008
v 1.351497 1.103887 -0.913432
v 1.360681 1.112302 -0.892651
v 1.363873 1.136104 -0.912994
v 1.354282 1.127356 -0.931416
v 1.338337 1.104434 -0.985533
v 1.391639 1.011827 -1.185576
v 1.436212 0.998973 -1.211633
v 1.598588 0.996644 -1.216355
v 1.693493 1.127346 -0.931416
v 1.683899 1.136084 -0.912976
v 1.332752 1.057557 -1.032082
v 1.340098 1.033455 -1.088067
v 1.488872 0.975137 -1.215172
v 1.666690 0.998391 -1.165122
v 1.705230 1.029497 -1.096981
v 1.389839 0.989683 -3.040571
v 1.389839 0.989683 -3.040571
v 1.387669 0.993532 -3.029469
v 1.387669 0.993532 -3.029469
v 1.387229 1.000153 -3.010654
v 1.387229 1.000153 -3.010654
v 1.385027 1.014897 -2.992461
v 1.385027 1.014897 -2.992461
v 1.375977 1.047741 -2.956653
v 1.375977 1.047741 -2.956653
v 1.373081 1.057012 -2.944999
v 1.373081 1.057012 -2.944999
v 1.631119 1.014440 -3.034713
v 1.461564 1.034348 -3.035066
v 1.416648 1.014440 -3.034713
v 1.388741 1.076223 -2.947825
v 1.390439 1.065019 -2.958040
v 1.395144 1.044013 -2.977989
v 1.399705 1.022274 -2.998878
v 1.400868 1.009008 -3.018457
v 1.415841 1.019586 -3.018701
v 1.401786 1.004044 -3.034539
v 1.405557 1.090940 -2.950611
v 1.406716 1.079150 -2.959806
v 1.410591 1.056457 -2.978902
v 1.414753 1.033397 -2.999363
v 1.455789 1.115801 -2.956475
v 1.456205 1.104118 -2.964302
v 1.457917 1.079843 -2.981231
v 1.460393 1.054636 -3.000395
v 1.461093 1.039837 -3.019167
v 1.523884 1.126277 -2.959177
v 1.523884 1.114658 -2.966553
v 1.523884 1.090039 -2.982530
v 1.523884 1.064081 -3.000923
v 1.523884 1.048878 -3.019375
v 1.523884 1.043237 -3.035237
v 1.591979 1.115801 -2.956475
v 1.591563 1.104118 -2.964302
v 1.589851 1.079843 -2.981231
v 1.587375 1.054636 -3.000395
v 1.586674 1.039837 -3.019167
v 1.586203 1.034348 -3.035066
v 1.659028 1.076205 -2.947831
v 1.657324 1.065004 -2.958054
v 1.652623 1.044013 -2.977989
v 1.633015 1.033397 -2.999363
v 1.648063 1.022274 -2.998878
v 1.646900 1.009008 -3.018457
v 1.645982 1.004044 -3.034539
v 1.631927 1.019586 -3.018701
v 1.637177 1.056457 -2.978902
v 1.641054 1.079137 -2.959810
v 1.642220 1.090918 -2.950607
v 1.656567 0.826510 -2.773283
v 1.656567 0.826510 -2.773283
v 1.647569 0.770279 -2.800039
v 1.647569 0.770279 -2.800039
v 1.633788 0.728796 -2.821421
v 1.633788 0.728796 -2.821421
v 1.630017 0.720892 -2.825860
v 1.630017 0.720892 -2.825860
v 1.626546 0.714704 -2.829535
v 1.626546 0.714704 -2.829535
v 1.626546 0.714704 -2.829535
v 1.630025 0.712809 -2.833932
v 1.630025 0.712809 -2.833932
v 1.633794 0.710920 -2.839258
v 1.633794 0.710920 -2.839258
v 1.647569 0.705680 -2.864293
v 1.647569 0.705680 -2.864293
v 1.656566 0.705706 -2.892856
v 1.656566 0.705706 -2.892856
v 1.672400 0.726478 -2.931368
v 1.706894 1.027072 -2.894849
v 1.682947 0.950260 -2.738161
v 1.697929 1.034995 -2.918455
v 1.703688 1.008736 -2.922794
v 1.716149 0.869766 -2.933577
v 1.716683 0.867096 -2.923936
v 1.707997 0.808200 -2.936145
v 1.689077 0.754765 -2.937841
v 1.682944 0.743656 -2.938143
v 1.672485 0.728181 -2.938544
v 1.703697 1.030711 -2.904369
v 1.707714 1.005184 -2.909530
v 1.716942 0.865042 -2.917159
v 1.708077 0.805883 -2.927644
v 1.689003 0.752843 -2.930241
v 1.682861 0.741824 -2.930722
v 1.671243 0.721781 -2.910523
v 1.710143 1.002052 -2.900372
v 1.708035 0.804181 -2.921687
v 1.688867 0.751481 -2.924933
v 1.682722 0.740536 -2.925543
v 1.672265 0.725294 -2.926364
v 1.715717 0.990051 -2.816051
v 1.716176 0.967827 -2.823802
v 1.711983 0.844187 -2.857467
v 1.701369 0.788899 -2.869308
v 1.682200 0.741227 -2.878427
v 1.676239 0.731335 -2.880189
v 1.666159 0.717556 -2.882563
v 1.681646 0.736617 -2.909132
v 1.687775 0.747269 -2.908104
v 1.707141 0.798572 -2.902739
v 1.716887 0.857867 -2.895550
v 1.715732 0.990119 -2.871812
v 1.714054 1.013909 -2.865292
v 1.703601 0.966774 -2.770074
v 1.703611 0.945925 -2.778828
v 1.697595 0.830882 -2.820642
v 1.687254 0.780631 -2.836745
v 1.669617 0.738188 -2.849437
v 1.664206 0.729483 -2.851878
v 1.655061 0.717392 -2.855112
v 1.682863 0.930371 -2.747587
v 1.677050 0.821286 -2.794757
v 1.667892 0.774762 -2.813925
v 1.653489 0.737157 -2.829445
v 1.649353 0.729825 -2.832424
v 1.642236 0.719801 -2.836276
v 1.636572 0.720603 -2.830615
v 1.642228 0.729650 -2.826452
v 1.645645 0.736456 -2.823236
v 1.658410 0.772559 -2.806569
v 1.666920 0.818003 -2.786312
v 1.672402 0.925249 -2.737390
v 1.672487 0.944826 -2.727747
v 1.691255 1.061651 -0.832037
v 1.691255 1.061651 -0.832037
v 1.699633 1.034449 -0.823556
v 1.699633 1.034449 -0.823556
v 1.714423 0.947576 -0.802175
v 1.714423 0.947576 -0.802175
v 1.713237 0.866979 -0.786644
v 1.713237 0.866979 -0.786644
v 1.695794 0.796492 -0.775159
v 1.695794 0.796492 -0.775159
v 1.660486 0.741076 -0.767075
v 1.660486 0.741076 -0.767075
v 1.660486 0.741076 -0.767075
v 1.656567 0.729691 -0.905507
v 1.656567 0.729691 -0.905507
v 1.647569 0.728987 -0.966304
v 1.647569 0.728987 -0.966304
v 1.633788 0.733618 -1.013687
v 1.633788 0.733618 -1.013687
v 1.630017 0.735372 -1.023145
v 1.630017 0.735372 -1.023145
v 1.626546 0.737162 -1.030753
v 1.626546 0.737162 -1.030753
v 1.626546 0.737162 -1.030753
v 1.630025 0.743226 -1.035798
v 1.630025 0.743226 -1.035798
v 1.633794 0.750976 -1.041683
v 1.633794 0.750976 -1.041683
v 1.647569 0.791690 -1.067896
v 1.647569 0.791690 -1.067896
v 1.656567 0.846940 -1.096820
v 1.656567 0.846940 -1.096820
v 1.672402 0.944302 -1.128660
v 1.682947 0.768734 -0.791513
v 1.697931 1.058656 -0.859010
v 1.703690 1.053968 -0.883872
v 1.714055 1.036090 -0.945911
v 1.716176 0.989004 -1.007622
v 1.707196 0.991237 -1.069522
v 1.707259 0.970416 -1.059624
v 1.689080 0.973300 -1.114486
v 1.682947 0.969243 -1.124449
v 1.672487 0.963557 -1.138320
v 1.715717 1.010960 -1.017760
v 1.703698 1.032579 -0.848721
v 1.707716 1.028643 -0.873151
v 1.715733 1.012540 -0.935407
v 1.689005 0.953498 -1.104752
v 1.682863 0.949669 -1.114747
v 1.716647 0.917446 -0.818420
v 1.717451 0.914358 -0.840500
v 1.718350 0.903567 -0.899120
v 1.714055 0.887410 -0.969160
v 1.703620 0.874581 -1.019988
v 1.685141 0.862826 -1.064100
v 1.679086 0.860127 -1.073861
v 1.668832 0.856297 -1.087435
v 1.703601 0.816419 -0.799266
v 1.703611 0.813967 -0.820113
v 1.702517 0.806527 -0.875553
v 1.696705 0.797165 -0.941603
v 1.686435 0.791040 -0.989026
v 1.669617 0.785860 -1.029515
v 1.664206 0.784592 -1.038342
v 1.655061 0.782610 -1.050499
v 1.682863 0.766681 -0.811879
v 1.681647 0.760888 -0.865990
v 1.676240 0.754893 -0.930193
v 1.667192 0.752599 -0.975826
v 1.653489 0.752250 -1.013791
v 1.649353 0.752252 -1.021760
v 1.642236 0.751943 -1.032503
v 1.636572 0.743047 -1.027235
v 1.642228 0.742376 -1.017070
v 1.645645 0.741790 -1.009383
v 1.657769 0.740243 -0.972010
v 1.666159 0.741236 -0.926788
v 1.671244 0.746145 -0.863073
v 1.672402 0.751401 -0.809351
v 1.672487 0.753317 -0.789130
v 1.698693 0.961819 -0.217110
v 1.698693 0.961819 -0.217110
v 1.711711 0.884957 -0.228961
v 1.711711 0.884957 -0.228961
v 1.697742 0.808722 -0.214467
v 1.697742 0.808722 -0.214467
v 1.660486 0.750306 -0.182222
v 1.660486 0.750306 -0.182222
v 1.660486 0.750306 -0.182222
v 1.660486 0.748675 -0.337549
v 1.660486 0.748675 -0.337549
v 1.660486 0.748084 -0.476922
v 1.660486 0.748084 -0.476922
v 1.660486 0.747719 -0.616858
v 1.660486 0.747719 -0.616858
v 1.672497 0.757898 -0.729752
v 1.679730 1.042937 -0.731722
v 1.672492 0.762192 -0.552082
v 1.674896 1.027485 -0.649916
v 1.672810 1.017212 -0.565942
v 1.672492 0.762486 -0.312940
v 1.682897 0.777477 -0.313134
v 1.688944 0.788152 -0.313273
v 1.711711 0.885656 -0.314541
v 1.704508 0.942449 -0.315280
v 1.682897 0.993834 -0.315948
v 1.672492 1.008825 -0.316143
v 1.672492 0.761830 -0.430501
v 1.682897 0.776946 -0.430858
v 1.688944 0.787709 -0.431113
v 1.711711 0.886020 -0.433437
v 1.704508 0.943283 -0.434790
v 1.682897 0.995093 -0.436015
v 1.672492 1.010209 -0.436372
v 1.672492 0.762035 -0.511249
v 1.682897 0.777355 -0.511877
v 1.688945 0.788264 -0.512324
v 1.711720 0.887931 -0.516418
v 1.704527 0.946006 -0.518812
v 1.682926 0.998561 -0.520976
v 1.672523 1.013894 -0.521605
v 1.672493 0.761747 -0.626597
v 1.682907 0.777402 -0.627851
v 1.688967 0.788571 -0.628753
v 1.712326 0.892046 -0.637603
v 1.705975 0.954008 -0.643400
v 1.685153 1.010843 -0.648562
v 1.673651 1.022147 -0.612081
v 1.683985 1.006096 -0.610983
v 1.705216 0.951178 -0.606965
v 1.712008 0.890891 -0.602479
v 1.688955 0.788791 -0.595309
v 1.682902 0.777690 -0.594557
v 1.672492 0.762115 -0.593506
v 1.687086 1.057514 -0.803109
v 1.696271 1.033549 -0.798031
v 1.711898 0.960897 -0.782327
v 1.714193 0.892135 -0.748347
v 1.689054 0.783399 -0.752904
v 1.689036 0.784788 -0.733140
v 1.682943 0.772206 -0.751372
v 1.672498 0.756599 -0.749273
v 1.714669 0.890934 -0.769352
v 1.683895 1.052592 -0.776612
v 1.693486 1.030819 -0.773113
v 1.710636 0.961126 -0.760061
v 1.689008 0.786705 -0.697579
v 1.682936 0.773562 -0.731712
v 1.672495 0.759745 -0.694625
v 1.689628 1.023790 -0.729364
v 1.708667 0.959745 -0.719978
v 1.713425 0.893123 -0.710533
v 1.682924 0.775459 -0.696336
v 1.672494 0.760993 -0.660272
v 1.682914 0.776699 -0.661747
v 1.688985 0.787920 -0.662813
v 1.712800 0.892938 -0.673618
v 1.707119 0.957088 -0.681068
v 1.686971 1.016780 -0.687849
v 1.676844 1.034354 -0.689564
v 1.683196 1.001630 -0.565107
v 1.704702 0.948249 -0.562177
v 1.711793 0.889362 -0.558926
v 1.688947 0.788648 -0.553489
v 1.682898 0.777643 -0.552903
v 1.391201 0.846940 -1.096820
v 1.391201 0.846940 -1.096820
v 1.400199 0.791690 -1.067896
v 1.400199 0.791690 -1.067896
v 1.413979 0.750975 -1.041689
v 1.413979 0.750975 -1.041689
v 1.417751 0.743224 -1.035805
v 1.417751 0.743224 -1.035805
v 1.421222 0.737162 -1.030753
v 1.421222 0.737162 -1.030753
v 1.421222 0.737162 -1.030753
v 1.417743 0.735378 -1.023147
v 1.417743 0.735378 -1.023147
v 1.413973 0.733623 -1.013689
v 1.413973 0.733623 -1.013689
v 1.400199 0.728987 -0.966304
v 1.400199 0.728987 -0.966304
v 1.391201 0.729691 -0.905507
v 1.391201 0.729691 -0.905507
v 1.375366 0.751401 -0.809351
v 1.338026 1.045649 -0.915288
v 1.364821 0.969243 -1.124449
v 1.349837 1.058666 -0.859027
v 1.344077 1.032603 -0.848732
v 1.331121 0.917446 -0.818420
v 1.344166 0.816419 -0.799266
v 1.344157 0.813967 -0.820113
v 1.364821 0.768734 -0.791513
v 1.375280 0.753317 -0.789130
v 1.344069 1.053965 -0.883895
v 1.340052 1.028651 -0.873164
v 1.330316 0.914358 -0.840500
v 1.364905 0.766681 -0.811879
v 1.376524 0.746145 -0.863073
v 1.335406 1.021307 -0.904685
v 1.329554 0.909350 -0.869938
v 1.344437 0.810358 -0.847947
v 1.365277 0.763786 -0.839060
v 1.375725 0.748742 -0.836338
v 1.331120 1.019822 -0.993429
v 1.330366 0.997346 -0.983159
v 1.331278 0.893184 -0.945291
v 1.348279 0.800293 -0.919153
v 1.368982 0.756669 -0.908421
v 1.379218 0.742573 -0.905186
v 1.366120 0.760888 -0.865990
v 1.345251 0.806527 -0.875553
v 1.329418 0.903567 -0.899120
v 1.332034 1.012540 -0.935407
v 1.333713 1.036090 -0.945911
v 1.358688 0.973300 -1.114486
v 1.358763 0.953498 -1.104752
v 1.362627 0.862826 -1.064100
v 1.378151 0.785860 -1.029515
v 1.394279 0.752249 -1.013790
v 1.402120 0.741790 -1.009382
v 1.384282 0.740530 -0.944502
v 1.374383 0.753755 -0.948055
v 1.354233 0.794711 -0.960083
v 1.336779 0.882512 -0.988890
v 1.333906 0.981913 -1.027813
v 1.334178 1.003435 -1.037851
v 1.411195 0.743045 -1.027233
v 1.405540 0.751938 -1.032502
v 1.392706 0.782610 -1.050499
v 1.378935 0.856297 -1.087435
v 1.375366 0.944302 -1.128660
v 1.375280 0.963557 -1.138320
v 1.405532 0.742378 -1.017066
v 1.398414 0.752250 -1.021757
v 1.383561 0.784592 -1.038342
v 1.368681 0.860127 -1.073861
v 1.364905 0.949669 -1.114747
v 1.356515 1.037538 -2.932420
v 1.356515 1.037538 -2.932420
v 1.348137 1.010181 -2.935231
v 1.348137 1.010181 -2.935231
v 1.333348 0.922907 -2.940605
v 1.333348 0.922907 -2.940605
v 1.334535 0.842003 -2.943311
v 1.334535 0.842003 -2.943311
v 1.351977 0.771274 -2.944725
v 1.351977 0.771274 -2.944725
v 1.387285 0.715681 -2.945417
v 1.387285 0.715681 -2.945417
v 1.387285 0.715681 -2.945417
v 1.391201 0.705706 -2.892856
v 1.391201 0.705706 -2.892856
v 1.400199 0.705680 -2.864293
v 1.400199 0.705680 -2.864293
v 1.413979 0.710915 -2.839259
v 1.413979 0.710915 -2.839259
v 1.417751 0.712802 -2.833934
v 1.417751 0.712802 -2.833934
v 1.421222 0.714704 -2.829535
v 1.421222 0.714704 -2.829535
v 1.421222 0.714704 -2.829535
v 1.417743 0.720893 -2.825863
v 1.417743 0.720893 -2.825863
v 1.413973 0.728797 -2.821424
v 1.413973 0.728797 -2.821424
v 1.400199 0.770279 -2.800039
v 1.400199 0.770279 -2.800039
v 1.391201 0.826510 -2.773283
v 1.391201 0.826510 -2.773283
v 1.375366 0.925249 -2.737390
v 1.364824 0.743656 -2.938143
v 1.349839 1.034984 -2.918463
v 1.344079 1.030713 -2.904378
v 1.340876 1.027073 -2.894851
v 1.333713 1.013909 -2.865292
v 1.331592 0.967827 -2.823802
v 1.344166 0.966774 -2.770074
v 1.344157 0.945925 -2.778828
v 1.364821 0.950260 -2.738161
v 1.375280 0.944826 -2.727747
v 1.332051 0.990051 -2.816051
v 1.344072 1.008712 -2.922799
v 1.340054 1.005175 -2.909536
v 1.337625 1.002050 -2.900374
v 1.332035 0.990119 -2.871812
v 1.364905 0.930371 -2.747587
v 1.331619 0.869766 -2.933577
v 1.331085 0.867096 -2.923936
v 1.330825 0.865042 -2.917159
v 1.330881 0.857867 -2.895550
v 1.335784 0.844187 -2.857467
v 1.350172 0.830882 -2.820642
v 1.370718 0.821286 -2.794757
v 1.380848 0.818003 -2.786312
v 1.339770 0.808200 -2.936145
v 1.339691 0.805883 -2.927644
v 1.339733 0.804181 -2.921687
v 1.340627 0.798572 -2.902739
v 1.346399 0.788899 -2.869308
v 1.360514 0.780631 -2.836745
v 1.379875 0.774762 -2.813925
v 1.389358 0.772559 -2.806569
v 1.358691 0.754765 -2.937841
v 1.358765 0.752843 -2.930241
v 1.358901 0.751481 -2.924933
v 1.359993 0.747269 -2.908104
v 1.365568 0.741227 -2.878427
v 1.378151 0.738188 -2.849437
v 1.394279 0.737158 -2.829445
v 1.402120 0.736457 -2.823236
v 1.411195 0.720604 -2.830614
v 1.405540 0.719799 -2.836274
v 1.392706 0.717392 -2.855112
v 1.381609 0.717556 -2.882563
v 1.376525 0.721781 -2.910523
v 1.375503 0.725294 -2.926364
v 1.375368 0.726478 -2.931368
v 1.375283 0.728181 -2.938544
v 1.405532 0.729655 -2.826451
v 1.398414 0.729826 -2.832423
v 1.383561 0.729483 -2.851878
v 1.371528 0.731335 -2.880189
v 1.366122 0.736617 -2.909132
v 1.365046 0.740536 -2.925543
v 1.364907 0.741824 -2.930722
v 1.389470 0.720136 -3.035433
v 1.389470 0.720136 -3.035433
v 1.387508 0.718688 -3.022380
v 1.387508 0.718688 -3.022380
v 1.387294 0.720033 -2.999013
v 1.387294 0.720033 -2.999013
v 1.387289 0.720334 -2.976663
v 1.387289 0.720334 -2.976663
v 1.375275 0.732113 -2.957214
v 1.379010 0.734555 -3.039539
v 1.368855 0.749207 -3.039772
v 1.347749 0.799413 -3.040606
v 1.340708 0.854894 -3.041457
v 1.349400 0.916313 -3.042204
v 1.362951 0.950155 -3.042573
v 1.368855 0.960587 -3.042690
v 1.379010 0.975240 -3.042862
v 1.376394 0.732728 -3.030238
v 1.366064 0.747686 -3.030484
v 1.344604 0.798950 -3.031338
v 1.337449 0.855608 -3.032262
v 1.346283 0.918327 -3.033226
v 1.360059 0.952881 -3.033745
v 1.366064 0.963531 -3.033906
v 1.376394 0.978489 -3.034134
v 1.375291 0.732873 -3.012101
v 1.364887 0.748095 -3.012452
v 1.343278 0.800271 -3.013653
v 1.336075 0.857939 -3.014980
v 1.344968 0.921776 -3.016449
v 1.358840 0.956944 -3.017259
v 1.364887 0.967783 -3.017508
v 1.375291 0.983005 -3.017859
v 1.375286 0.734683 -2.988857
v 1.364877 0.750267 -2.989409
v 1.343200 0.803848 -2.991287
v 1.335773 0.863533 -2.993330
v 1.344205 0.930341 -2.995557
v 1.357813 0.967377 -2.996815
v 1.363793 0.978809 -2.997216
v 1.374126 0.994868 -2.997798
v 1.375280 0.734007 -2.970503
v 1.364855 0.749745 -2.970933
v 1.342923 0.804442 -2.972345
v 1.334653 0.866983 -2.973732
v 1.341307 0.939780 -2.975025
v 1.353793 0.981498 -2.975758
v 1.359471 0.994532 -2.976038
v 1.369488 1.012891 -2.976540
v 1.360684 1.032938 -2.945620
v 1.351500 1.008885 -2.946524
v 1.346843 0.992867 -2.947145
v 1.336954 0.944010 -2.948925
v 1.333580 0.866678 -2.957846
v 1.342659 0.802768 -2.957770
v 1.364828 0.746680 -2.951480
v 1.364837 0.747812 -2.957369
v 1.375274 0.731032 -2.951478
v 1.333104 0.865755 -2.950662
v 1.342542 0.801580 -2.951317
v 1.363877 1.027609 -2.956216
v 1.354286 1.005778 -2.956261
v 1.349194 0.990687 -2.956412
v 1.338341 0.943716 -2.957203
v 1.438277 0.707269 -2.828251
v 1.438277 0.707269 -2.828251
v 1.523884 0.691766 -2.825887
v 1.523884 0.691766 -2.825887
v 1.609491 0.707265 -2.828255
v 1.609491 0.707265 -2.828255
v 1.618968 0.711090 -2.828901
v 1.618968 0.711090 -2.828901
v 1.641631 0.806466 -2.774828
v 1.420476 0.803899 -2.769208
v 1.632725 0.756565 -2.800444
v 1.623752 0.726576 -2.817705
v 1.620941 0.718102 -2.823378
v 1.578164 0.798022 -2.757754
v 1.574296 0.747607 -2.787603
v 1.571308 0.715146 -2.810106
v 1.570633 0.705075 -2.818342
v 1.610418 0.714799 -2.821587
v 1.612382 0.723737 -2.814943
v 1.619596 0.754157 -2.796071
v 1.627291 0.803899 -2.769208
v 1.430684 0.802337 -2.765970
v 1.437545 0.752550 -2.793615
v 1.443636 0.721686 -2.813531
v 1.445174 0.712458 -2.820677
v 1.523884 0.700978 -2.817301
v 1.523884 0.711431 -2.808635
v 1.523884 0.744771 -2.785013
v 1.523884 0.795801 -2.754042
v 1.426829 0.718101 -2.823379
v 1.424015 0.726572 -2.817710
v 1.415043 0.756565 -2.800444
v 1.406136 0.806466 -2.774828
v 1.428172 0.754157 -2.796071
v 1.435389 0.723735 -2.814943
v 1.437355 0.714798 -2.821583
v 1.609491 0.729749 -1.035199
v 1.609491 0.729749 -1.035199
v 1.523884 0.714305 -1.044463
v 1.523884 0.714305 -1.044463
v 1.438277 0.729745 -1.035192
v 1.438277 0.729745 -1.035192
v 1.428800 0.733559 -1.032905
v 1.428800 0.733559 -1.032905
v 1.401516 0.897695 -1.133844
v 1.646252 0.897695 -1.133844
v 1.631357 0.894372 -1.143404
v 1.580306 0.887403 -1.163237
v 1.523884 0.885048 -1.169839
v 1.461426 0.887952 -1.161688
v 1.427016 0.892432 -1.148957
v 1.416411 0.894372 -1.143404
v 1.641631 0.827045 -1.098927
v 1.627291 0.824353 -1.107982
v 1.578164 0.818226 -1.126624
v 1.523884 0.815925 -1.132759
v 1.463797 0.818739 -1.125177
v 1.430684 0.822720 -1.113224
v 1.420476 0.824353 -1.107982
v 1.406136 0.827045 -1.098927
v 1.403083 0.861253 -1.116176
v 1.417790 0.858283 -1.125565
v 1.428261 0.856527 -1.131013
v 1.462230 0.852401 -1.143480
v 1.523884 0.849646 -1.151438
v 1.579579 0.851887 -1.144995
v 1.629978 0.858283 -1.125565
v 1.644684 0.861253 -1.116176
v 1.633787 0.782418 -1.073398
v 1.620492 0.779925 -1.081482
v 1.574718 0.773354 -1.097826
v 1.523884 0.770559 -1.103128
v 1.467623 0.773949 -1.096569
v 1.436759 0.778291 -1.086116
v 1.427276 0.779925 -1.081482
v 1.413981 0.782418 -1.073398
v 1.620939 0.740396 -1.041072
v 1.610413 0.737076 -1.045282
v 1.570633 0.727349 -1.054191
v 1.523884 0.723259 -1.057480
v 1.472237 0.728233 -1.053447
v 1.445173 0.734731 -1.047624
v 1.437350 0.737077 -1.045274
v 1.426827 0.740398 -1.041072
v 1.424016 0.748684 -1.048923
v 1.435386 0.745801 -1.054652
v 1.443635 0.743733 -1.057769
v 1.471467 0.737955 -1.065012
v 1.523884 0.733439 -1.069779
v 1.571308 0.737160 -1.065907
v 1.612379 0.745799 -1.054652
v 1.623753 0.748680 -1.048915
v 1.643842 0.709474 -3.039085
v 1.629236 0.699280 -3.038974
v 1.579189 0.678092 -3.038821
v 1.523884 0.671023 -3.038806
v 1.462662 0.679750 -3.038828
v 1.428929 0.693353 -3.038919
v 1.418531 0.699280 -3.038974
v 1.403926 0.709474 -3.039085
v 1.646900 0.706870 -3.011503
v 1.631927 0.696293 -3.011260
v 1.580607 0.674324 -3.010754
v 1.523884 0.667001 -3.010585
v 1.461093 0.676042 -3.010793
v 1.426502 0.690145 -3.011118
v 1.415841 0.696293 -3.011260
v 1.400868 0.706870 -3.011503
v 1.646904 0.708083 -2.987914
v 1.631931 0.697263 -2.987530
v 1.580608 0.674792 -2.986732
v 1.523884 0.667301 -2.986467
v 1.461091 0.676549 -2.986795
v 1.426499 0.690975 -2.987307
v 1.415837 0.697263 -2.987530
v 1.400864 0.708083 -2.987914
v 1.646910 0.703275 -2.945550
v 1.631936 0.692523 -2.945666
v 1.580611 0.670192 -2.945907
v 1.523884 0.662748 -2.945987
v 1.461088 0.671938 -2.945888
v 1.426494 0.686274 -2.945734
v 1.415832 0.692523 -2.945666
v 1.400858 0.703275 -2.945550
v 1.641631 0.694116 -2.886365
v 1.627291 0.684553 -2.887816
v 1.578164 0.664600 -2.890596
v 1.523884 0.657905 -2.891409
v 1.463797 0.666166 -2.890393
v 1.430685 0.678983 -2.888630
v 1.420477 0.684553 -2.887816
v 1.406137 0.694116 -2.886365
v 1.623753 0.703230 -2.841002
v 1.612379 0.696651 -2.841972
v 1.571308 0.682395 -2.842795
v 1.523884 0.677152 -2.842851
v 1.471467 0.683577 -2.842764
v 1.443635 0.692849 -2.842310
v 1.435386 0.696651 -2.841973
v 1.424016 0.703224 -2.841007
v 1.620939 0.706678 -2.834780
v 1.610413 0.701306 -2.835051
v 1.570633 0.688717 -2.834672
v 1.523884 0.683844 -2.834405
v 1.472237 0.689800 -2.834723
v 1.445173 0.698093 -2.835018
v 1.437350 0.701313 -2.835048
v 1.426827 0.706679 -2.834781
v 1.597817 0.712093 -0.145414
v 1.597817 0.712093 -0.145414
v 1.559848 0.702634 -0.133075
v 1.559848 0.702634 -0.133075
v 1.519602 0.699905 -0.129191
v 1.519602 0.699905 -0.129191
v 1.444224 0.714209 -0.147948
v 1.444224 0.714209 -0.147948
v 1.400855 0.737424 -0.259899
v 1.415830 0.727017 -0.259777
v 1.426492 0.720969 -0.259705
v 1.461087 0.707093 -0.259542
v 1.523884 0.698198 -0.259438
v 1.586681 0.707093 -0.259542
v 1.610139 0.715632 -0.259643
v 1.631938 0.727017 -0.259777
v 1.646912 0.737424 -0.259899
v 1.400855 0.736337 -0.374917
v 1.415830 0.725888 -0.374740
v 1.426492 0.719815 -0.374638
v 1.461087 0.705884 -0.374402
v 1.523884 0.696954 -0.374252
v 1.586681 0.705884 -0.374402
v 1.610139 0.714457 -0.374547
v 1.631938 0.725888 -0.374740
v 1.646912 0.736337 -0.374917
v 1.400855 0.735529 -0.591719
v 1.415830 0.724715 -0.590993
v 1.426492 0.718430 -0.590570
v 1.461087 0.704011 -0.589602
v 1.523884 0.694768 -0.588981
v 1.586681 0.704011 -0.589602
v 1.610139 0.712884 -0.590198
v 1.631938 0.724715 -0.590993
v 1.646912 0.735529 -0.591719
v 1.400855 0.728709 -0.765318
v 1.415830 0.717990 -0.763795
v 1.426492 0.711761 -0.762909
v 1.461087 0.697470 -0.760879
v 1.523884 0.688309 -0.759577
v 1.586681 0.697470 -0.760879
v 1.610139 0.706264 -0.762128
v 1.631938 0.717990 -0.763795
v 1.646912 0.728709 -0.765318
v 1.406136 0.718001 -0.921466
v 1.420476 0.708519 -0.919518
v 1.430684 0.702996 -0.918456
v 1.463797 0.690284 -0.916259
v 1.523884 0.682089 -0.915117
v 1.583971 0.690284 -0.916259
v 1.606423 0.698114 -0.917567
v 1.627291 0.708519 -0.919518
v 1.641631 0.718001 -0.921466
v 1.424015 0.726022 -1.012371
v 1.435389 0.719509 -1.012253
v 1.443636 0.715741 -1.012628
v 1.471467 0.706542 -1.014355
v 1.523884 0.700164 -1.016121
v 1.576301 0.706542 -1.014355
v 1.595315 0.712291 -1.013157
v 1.612382 0.719509 -1.012251
v 1.623752 0.726016 -1.012364
v 1.426829 0.729308 -1.023199
v 1.437355 0.723979 -1.024170
v 1.445174 0.720785 -1.025146
v 1.472237 0.712546 -1.028162
v 1.523884 0.706626 -1.030670
v 1.575531 0.712546 -1.028162
v 1.594090 0.717752 -1.026187
v 1.610418 0.723986 -1.024173
v 1.620941 0.729309 -1.023198
v -1.841616 0.660015 0.002618
v -1.841616 0.660015 0.002618
v -1.841616 0.660015 0.002618
v -1.841616 0.683828 0.101712
v -1.841616 0.683828 0.101712
v -1.841616 0.748277 0.180660
v -1.841616 0.748277 0.180660
v -1.841616 0.840599 0.223827
v -1.841616 0.840599 0.223827
v -1.841616 0.942507 0.222661
v -1.841616 0.942507 0.222661
v -1.841616 1.033817 0.177395
v -1.841616 1.033817 0.177395
v -1.841616 1.096444 0.096994
v -1.841616 1.096444 0.096994
v -1.841616 1.117985 -0.002618
v -1.841616 1.117985 -0.002618
v -1.841616 1.094172 -0.101712
v -1.841616 1.094172 -0.101712
v -1.841616 1.029723 -0.180660
v -1.841616 1.029723 -0.180660
v -1.841616 0.937401 -0.223827
v -1.841616 0.937401 -0.223827
v -1.841616 0.937401 -0.223827
v -1.841616 0.835493 -0.222661
v -1.841616 0.835493 -0.222661
v -1.841616 0.744183 -0.177395
v -1.841616 0.744183 -0.177395
v -1.841616 0.681556 -0.096994
v -1.841616 0.681556 -0.096994
v -1.905116 0.723511 0.001892
v -1.905116 0.723511 0.001892
v -1.905116 0.744736 -0.081106
v -1.905116 0.744736 -0.081106
v -1.905116 0.804617 -0.142372
v -1.905116 0.804617 -0.142372
v -1.905116 0.887108 -0.165489
v -1.905116 0.887108 -0.165489
v -1.905116 0.887108 -0.165489
v -1.905116 0.970106 -0.144264
v -1.905116 0.970106 -0.144264
v -1.905116 1.031372 -0.084383
v -1.905116 1.031372 -0.084383
v -1.905116 1.054489 -0.001892
v -1.905116 1.054489 -0.001892
v -1.905116 1.033264 0.081106
v -1.905116 1.033264 0.081106
v -1.905116 0.973383 0.142372
v -1.905116 0.973383 0.142372
v -1.905116 0.890892 0.165489
v -1.905116 0.890892 0.165489
v -1.905116 0.807894 0.144264
v -1.905116 0.807894 0.144264
v -1.905116 0.746628 0.084383
v -1.905116 0.746628 0.084383
v -1.873366 0.886479 -0.220478
v -1.873366 0.886479 -0.220478
v -1.896609 0.886745 -0.197237
v -1.896609 0.886745 -0.197237
v -1.873366 0.674611 0.051519
v -1.896609 0.697210 0.046088
v -1.896609 0.696206 -0.041691
v -1.873366 0.673489 -0.046603
v -1.873366 0.718195 0.139437
v -1.896609 0.736200 0.124739
v -1.873366 0.795610 0.199738
v -1.896609 0.805454 0.178683
v -1.873366 0.891521 0.220478
v -1.896609 0.891255 0.197237
v -1.873366 0.986933 0.197550
v -1.896609 0.976610 0.176726
v -1.873366 1.062949 0.135495
v -1.896609 1.044612 0.121212
v -1.873366 1.104511 0.046603
v -1.896609 1.081794 0.041691
v -1.873366 1.103389 -0.051519
v -1.896609 1.080790 -0.046088
v -1.873366 1.059805 -0.139437
v -1.896609 1.041800 -0.124739
v -1.873366 0.982391 -0.199738
v -1.896609 0.972546 -0.178683
v -1.873366 0.791067 -0.197550
v -1.896609 0.801390 -0.176726
v -1.873366 0.715051 -0.135495
v -1.896609 0.733388 -0.121212
v 1.841384 0.660015 0.002618
v 1.841384 0.660015 0.002618
v 1.841384 0.660015 0.002618
v 1.841384 0.683828 0.101712
v 1.841384 0.683828 0.101712
v 1.841384 0.748277 0.180660
v 1.841384 0.748277 0.180660
v 1.841384 0.840599 0.223827
v 1.841384 0.840599 0.223827
v 1.841384 0.942507 0.222661
v 1.841384 0.942507 0.222661
v 1.841384 0.942507 0.222661
v 1.841384 1.033817 0.177395
v 1.841384 1.033817 0.177395
v 1.841384 1.096444 0.096994
v 1.841384 1.096444 0.096994
v 1.841384 1.117985 -0.002618
v 1.841384 1.117985 -0.002618
v 1.841384 1.094172 -0.101712
v 1.841384 1.094172 -0.101712
v 1.841384 1.029723 -0.180660
v 1.841384 1.029723 -0.180660
v 1.841384 0.937401 -0.223827
v 1.841384 0.937401 -0.223827
v 1.841384 0.835493 -0.222661
v 1.841384 0.835493 -0.222661
v 1.841384 0.744183 -0.177395
v 1.841384 0.744183 -0.177395
v 1.841384 0.681556 -0.096994
v 1.841384 0.681556 -0.096994
v 1.904884 0.723511 0.001892
v 1.904884 0.723511 0.001892
v 1.904884 0.746628 0.084383
v 1.904884 0.746628 0.084383
v 1.904884 0.807894 0.144264
v 1.904884 0.807894 0.144264
v 1.904884 0.890892 0.165489
v 1.904884 0.890892 0.165489
v 1.904884 0.890892 0.165489
v 1.904884 0.973383 0.142372
v 1.904884 0.973383 0.142372
v 1.904884 1.033264 0.081106
v 1.904884 1.033264 0.081106
v 1.904884 1.054489 -0.001892
v 1.904884 1.054489 -0.001892
v 1.904884 1.031372 -0.084383
v 1.904884 1.031372 -0.084383
v 1.904884 0.970106 -0.144264
v 1.904884 0.970106 -0.144264
v 1.904884 0.887108 -0.165489
v 1.904884 0.887108 -0.165489
v 1.904884 0.804617 -0.142372
v 1.904884 0.804617 -0.142372
v 1.904884 0.744736 -0.081106
v 1.904884 0.744736 -0.081106
v 1.873134 0.891521 0.220478
v 1.873134 0.891521 0.220478
v 1.896376 0.891255 0.197237
v 1.896376 0.891255 0.197237
v 1.873134 0.673489 -0.046603
v 1.896376 0.696206 -0.041691
v 1.896376 0.697210 0.046088
v 1.873134 0.674611 0.051519
v 1.873134 0.715051 -0.135495
v 1.896376 0.733388 -0.121212
v 1.873134 0.791067 -0.197550
v 1.896376 0.801390 -0.176726
v 1.873134 0.886479 -0.220478
v 1.896376 0.886745 -0.197237
v 1.873134 0.982391 -0.199738
v 1.896376 0.972546 -0.178683
v 1.873134 1.059805 -0.139437
v 1.896376 1.041800 -0.124739
v 1.873134 1.103389 -0.051519
v 1.896376 1.080790 -0.046088
v 1.873134 1.104511 0.046603
v 1.896376 1.081794 0.041691
v 1.873134 1.062949 0.135495
v 1.896376 1.044612 0.121212
v 1.873134 0.986933 0.197550
v 1.896376 0.976610 0.176726
v 1.873134 0.795610 0.199738
v 1.896376 0.805454 0.178683
v 1.873134 0.718195 0.139437
v 1.896376 0.736200 0.124739
v -1.270000 -0.114300 -3.162300
v -1.270000 -0.114300 -3.162300
v -1.270000 -0.114300 -3.162300
v -1.261299 -0.114300 -3.118559
v -1.261299 -0.114300 -3.118559
v -1.236522 -0.114300 -3.081478
v -1.236522 -0.114300 -3.081478
v -1.199441 -0.114300 -3.056701
v -1.199441 -0.114300 -3.056701
v -1.155700 -0.114300 -3.048000
v -1.155700 -0.114300 -3.048000
v -1.155700 -0.114300 -3.048000
v -1.155700 -0.070559 -3.056701
v -1.155700 -0.070559 -3.056701
v -1.155700 -0.033478 -3.081478
v -1.155700 -0.033478 -3.081478
v -1.155700 -0.008701 -3.118559
v -1.155700 -0.008701 -3.118559
v -1.155700 0.000000 -3.162300
v -1.155700 0.000000 -3.162300
v -1.155700 0.000000 -3.162300
v -1.199441 -0.008701 -3.162300
v -1.199441 -0.008701 -3.162300
v -1.236522 -0.033478 -3.162300
v -1.236522 -0.033478 -3.162300
v -1.261299 -0.070559 -3.162300
v -1.261299 -0.070559 -3.162300
v -1.253851 -0.063494 -3.133152
v -1.221793 -0.021100 -3.159144
v -1.196111 -0.015313 -3.121889
v -1.225694 -0.057150 -3.092306
v -1.184849 -0.063494 -3.064149
v -1.158856 -0.021100 -3.096207
v 1.270000 -0.114300 -3.162300
v 1.270000 -0.114300 -3.162300
v 1.270000 -0.114300 -3.162300
v 1.261299 -0.070559 -3.162300
v 1.236522 -0.033478 -3.162300
v 1.236522 -0.033478 -3.162300
v 1.199441 -0.008701 -3.162300
v 1.199441 -0.008701 -3.162300
v 1.155700 0.000000 -3.162300
v 1.155700 0.000000 -3.162300
v 1.155700 0.000000 -3.162300
v 1.155700 -0.008701 -3.118559
v 1.155700 -0.008701 -3.118559
v 1.155700 -0.033478 -3.081478
v 1.155700 -0.033478 -3.081478
v 1.155700 -0.070559 -3.056701
v 1.155700 -0.070559 -3.056701
v 1.155700 -0.114300 -3.048000
v 1.155700 -0.114300 -3.048000
v 1.155700 -0.114300 -3.048000
v 1.199441 -0.114300 -3.056701
v 1.199441 -0.114300 -3.056701
v 1.236522 -0.114300 -3.081478
v 1.236522 -0.114300 -3.081478
v 1.261299 -0.114300 -3.118559
v 1.261299 -0.114300 -3.118559
v 1.221793 -0.021100 -3.159144
v 1.253851 -0.063494 -3.133152
v 1.196111 -0.015313 -3.121889
v 1.225694 -0.057150 -3.092306
v 1.158856 -0.021100 -3.096207
v 1.184849 -0.063494 -3.064149
v 0.241300 0.000000 -3.162300
v 0.241300 0.000000 -3.162300
v -0.241300 0.000000 -3.162300
v -0.241300 0.000000 -3.162300
v 1.155700 -0.635000 -3.048000
v 1.155700 -0.635000 -3.048000
v 1.199441 -0.635000 -3.056701
v 1.199441 -0.635000 -3.056701
v 1.236522 -0.635000 -3.081478
v 1.236522 -0.635000 -3.081478
v 1.261299 -0.635000 -3.118559
v 1.261299 -0.635000 -3.118559
v 1.270000 -0.635000 -3.162300
v 1.270000 -0.635000 -3.162300
v -1.270000 -0.114300 -4.584700
v -1.270000 -0.114300 -4.584700
v -1.261299 -0.070559 -4.584700
v -1.236522 -0.033478 -4.584700
v -1.236522 -0.033478 -4.584700
v -1.199441 -0.008701 -4.584700
v -1.199441 -0.008701 -4.584700
v -1.155700 0.000000 -4.584700
v -1.155700 0.000000 -4.584700
v -1.155700 0.000000 -4.584700
v -1.155700 -0.008701 -4.628441
v -1.155700 -0.008701 -4.628441
v -1.155700 -0.033478 -4.665523
v -1.155700 -0.033478 -4.665523
v -1.155700 -0.070559 -4.690300
v -1.155700 -0.070559 -4.690300
v -1.155700 -0.114300 -4.699000
v -1.155700 -0.114300 -4.699000
v -1.155700 -0.114300 -4.699000
v -1.199441 -0.114300 -4.690300
v -1.199441 -0.114300 -4.690300
v -1.236522 -0.114300 -4.665523
v -1.261299 -0.114300 -4.628441
v -1.261299 -0.114300 -4.628441
v -1.221793 -0.021100 -4.587856
v -1.253851 -0.063494 -4.613849
v -1.196111 -0.015313 -4.625111
v -1.225694 -0.057150 -4.654695
v -1.158856 -0.021100 -4.650793
v -1.184849 -0.063494 -4.682851
v 1.270000 -0.114300 -4.584700
v 1.270000 -0.114300 -4.584700
v 1.270000 -0.114300 -4.584700
v 1.261299 -0.114300 -4.628441
v 1.261299 -0.114300 -4.628441
v 1.236522 -0.114300 -4.665523
v 1.236522 -0.114300 -4.665523
v 1.199441 -0.114300 -4.690300
v 1.199441 -0.114300 -4.690300
v 1.155700 -0.114300 -4.699000
v 1.155700 -0.114300 -4.699000
v 1.155700 -0.114300 -4.699000
v 1.155700 -0.070559 -4.690300
v 1.155700 -0.070559 -4.690300
v 1.155700 -0.033478 -4.665523
v 1.155700 -0.033478 -4.665523
v 1.155700 -0.008701 -4.628441
v 1.155700 -0.008701 -4.628441
v 1.155700 0.000000 -4.584700
v 1.155700 0.000000 -4.584700
v 1.155700 0.000000 -4.584700
v 1.199441 -0.008701 -4.584700
v 1.199441 -0.008701 -4.584700
v 1.236522 -0.033478 -4.584700
v 1.236522 -0.033478 -4.584700
v 1.261299 -0.070559 -4.584700
v 1.261299 -0.070559 -4.584700
v 1.253851 -0.063494 -4.613849
v 1.221793 -0.021100 -4.587856
v 1.196111 -0.015313 -4.625111
v 1.225694 -0.057150 -4.654695
v 1.184849 -0.063494 -4.682851
v 1.158856 -0.021100 -4.650793
v 1.270000 -0.635000 -4.584700
v 1.270000 -0.635000 -4.584700
v 1.261299 -0.635000 -4.628441
v 1.261299 -0.635000 -4.628441
v 1.236522 -0.635000 -4.665523
v 1.236522 -0.635000 -4.665523
v 1.199441 -0.635000 -4.690300
v 1.199441 -0.635000 -4.690300
v 1.155700 -0.635000 -4.699000
v 1.155700 -0.635000 -4.699000
v -1.155700 -0.635000 -4.699000
v -1.155700 -0.635000 -4.699000
v -1.199441 -0.635000 -4.690300
v -1.199441 -0.635000 -4.690300
v -1.236522 -0.635000 -4.665523
v -1.236522 -0.635000 -4.665523
v -1.261299 -0.635000 -4.628441
v -1.261299 -0.635000 -4.628441
v -1.270000 -0.635000 -4.584700
v -1.270000 -0.635000 -4.584700
v -1.270000 -0.635000 -3.162300
v -1.270000 -0.635000 -3.162300
v -1.261299 -0.635000 -3.118559
v -1.261299 -0.635000 -3.118559
v -1.236522 -0.635000 -3.081478
v -1.236522 -0.635000 -3.081478
v -1.199441 -0.635000 -3.056701
v -1.199441 -0.635000 -3.056701
v -1.155700 -0.635000 -3.048000
v -1.155700 -0.635000 -3.048000
v -0.241300 0.000000 -4.521256
v -0.241300 0.000000 -4.521256
v -0.127000 0.000000 -4.521256
v 0.000000 0.000000 -4.521256
v 0.000000 0.000000 -4.521256
v 0.127000 0.000000 -4.521256
v 0.127000 0.000000 -4.521256
v 0.241300 0.000000 -4.521256
v 0.241300 0.000000 -4.521256
v 0.138909 0.063500 -3.225800
v 0.138909 0.063500 -3.225800
v 0.138909 0.063500 -3.225800
v 0.159088 0.034900 -3.218989
v 0.159088 0.034900 -3.218989
v 0.184222 0.015285 -3.203606
v 0.184222 0.015285 -3.203606
v 0.212543 0.003681 -3.183594
v 0.212543 0.003681 -3.183594
v 0.240823 0.000001 -4.520901
v 0.240823 0.000001 -4.520901
v 0.187899 0.013242 -4.482442
v 0.187899 0.013242 -4.482442
v 0.164085 0.030023 -4.467296
v 0.164085 0.030023 -4.467296
v 0.145711 0.051632 -4.458876
v 0.145711 0.051632 -4.458876
v 0.145711 0.051632 -4.458876
v 0.131750 0.081692 -4.452929
v 0.131750 0.081692 -4.452929
v 0.127000 0.114300 -4.445959
v 0.127000 0.114300 -4.445959
v 0.127000 0.114300 -4.445959
v 0.127000 0.114300 -3.225800
v 0.127000 0.114300 -3.225800
v 0.128344 0.096822 -3.225800
v 0.128344 0.096822 -3.225800
v 0.132345 0.079755 -3.225800
v 0.132345 0.079755 -3.225800
v 0.127000 0.253159 -4.410092
v 0.127000 0.253159 -4.410092
v 0.127000 0.389097 -4.364865
v 0.127000 0.389097 -4.364865
v 0.127000 0.521596 -4.310470
v 0.127000 0.521596 -4.310470
v 0.127000 0.650188 -4.247087
v 0.127000 0.650188 -4.247087
v 0.127000 0.650188 -4.247087
v 0.127000 0.753932 -4.207616
v 0.127000 0.753932 -4.207616
v 0.127000 0.861331 -4.198004
v 0.127000 0.861331 -4.198004
v 0.127000 0.914866 -4.204775
v 0.127000 0.914866 -4.204775
v 0.127000 0.967209 -4.219440
v 0.127000 0.967209 -4.219440
v 0.127000 1.017476 -4.242042
v 0.127000 1.017476 -4.242042
v 0.127000 1.064812 -4.272491
v 0.127000 1.064812 -4.272491
v 0.127000 1.108466 -4.310514
v 0.127000 1.108466 -4.310514
v 0.127000 1.147860 -4.355598
v 0.127000 1.147860 -4.355598
v 0.127000 1.212888 -4.463387
v 0.127000 1.212888 -4.463387
v 0.127000 1.261374 -4.585143
v 0.127000 1.261374 -4.585143
v 0.127000 1.299592 -4.705481
v 0.127000 1.299592 -4.705481
v 0.127000 1.335668 -4.807694
v 0.127000 1.335668 -4.807694
v 0.127000 1.355111 -4.847363
v 0.127000 1.355111 -4.847363
v 0.127000 1.376169 -4.877590
v 0.127000 1.376169 -4.877590
v 0.127000 1.398865 -4.897621
v 0.127000 1.398865 -4.897621
v 0.127000 1.422814 -4.907219
v 0.127000 1.422814 -4.907219
v 0.127000 1.447338 -4.906549
v 0.127000 1.447338 -4.906549
v 0.127000 1.471634 -4.896006
v 0.127000 1.471634 -4.896006
v 0.127000 1.494911 -4.876078
v 0.127000 1.494911 -4.876078
v 0.127000 1.516518 -4.847215
v 0.127000 1.516518 -4.847215
v 0.127000 1.535974 -4.809780
v 0.127000 1.535974 -4.809780
v 0.127000 1.552946 -4.764060
v 0.127000 1.552946 -4.764060
v 0.127000 1.567219 -4.710271
v 0.127000 1.567219 -4.710271
v 0.127000 1.578669 -4.648565
v 0.127000 1.578669 -4.648565
v 0.127000 1.587239 -4.579039
v 0.127000 1.587239 -4.579039
v 0.127000 1.592914 -4.501745
v 0.127000 1.592914 -4.501745
v 0.127000 1.592914 -4.501745
v 0.127000 1.567333 -4.315169
v 0.127000 1.567333 -4.315169
v 0.127000 1.516658 -4.133793
v 0.127000 1.516658 -4.133793
v 0.127000 1.441827 -3.960977
v 0.127000 1.441827 -3.960977
v 0.127000 1.344227 -3.799920
v 0.127000 1.344227 -3.799920
v 0.127000 1.225665 -3.653605
v 0.127000 1.225665 -3.653605
v 0.127000 1.088336 -3.524742
v 0.127000 1.088336 -3.524742
v 0.127000 0.934784 -3.415716
v 0.127000 0.934784 -3.415716
v 0.127000 0.767851 -3.328547
v 0.127000 0.767851 -3.328547
v 0.127000 0.590629 -3.264848
v 0.127000 0.590629 -3.264848
v 0.127000 0.406400 -3.225800
v 0.127000 0.406400 -3.225800
v 0.127000 0.406400 -3.225800
v -0.138909 0.063500 -3.225800
v -0.138909 0.063500 -3.225800
v -0.138909 0.063500 -3.225800
v -0.132345 0.079755 -3.225800
v -0.132345 0.079755 -3.225800
v -0.128344 0.096822 -3.225800
v -0.128344 0.096822 -3.225800
v -0.127000 0.114300 -3.225800
v -0.127000 0.114300 -3.225800
v -0.127000 0.114300 -4.445959
v -0.127000 0.114300 -4.445959
v -0.127000 0.114300 -4.445959
v -0.131750 0.081693 -4.452928
v -0.131750 0.081693 -4.452928
v -0.145711 0.051632 -4.458876
v -0.145711 0.051632 -4.458876
v -0.145711 0.051632 -4.458876
v -0.164250 0.029874 -4.467391
v -0.164250 0.029874 -4.467391
v -0.186914 0.013767 -4.481771
v -0.186914 0.013767 -4.481771
v -0.240823 0.000001 -4.520901
v -0.240823 0.000001 -4.520901
v -0.212543 0.003681 -3.183594
v -0.212543 0.003681 -3.183594
v -0.184222 0.015285 -3.203606
v -0.184222 0.015285 -3.203606
v -0.159088 0.034900 -3.218989
v -0.159088 0.034900 -3.218989
v -0.127000 0.051632 -4.458876
v -0.127000 0.051632 -4.458876
v 0.000000 0.051632 -4.458876
v 0.000000 0.051632 -4.458876
v 0.127000 0.051632 -4.458876
v 0.127000 0.051632 -4.458876
v -0.127000 0.253159 -4.410092
v -0.127000 0.253159 -4.410092
v -0.127000 0.389097 -4.364865
v -0.127000 0.389097 -4.364865
v -0.127000 0.521596 -4.310470
v -0.127000 0.521596 -4.310470
v -0.127000 0.650188 -4.247087
v -0.127000 0.650188 -4.247087
v -0.127000 0.650188 -4.247087
v 0.000000 0.650188 -4.247087
v 0.000000 0.650188 -4.247087
v -0.127000 0.406400 -3.225800
v -0.127000 0.406400 -3.225800
v -0.127000 0.406400 -3.225800
v -0.127000 0.590629 -3.264848
v -0.127000 0.590629 -3.264848
v -0.127000 0.767851 -3.328547
v -0.127000 0.767851 -3.328547
v -0.127000 0.934784 -3.415716
v -0.127000 0.934784 -3.415716
v -0.127000 1.088336 -3.524742
v -0.127000 1.088336 -3.524742
v -0.127000 1.225665 -3.653605
v -0.127000 1.225665 -3.653605
v -0.127000 1.344227 -3.799920
v -0.127000 1.344227 -3.799920
v -0.127000 1.441827 -3.960977
v -0.127000 1.441827 -3.960977
v -0.127000 1.516658 -4.133793
v -0.127000 1.516658 -4.133793
v -0.127000 1.567333 -4.315169
v -0.127000 1.567333 -4.315169
v -0.127000 1.592914 -4.501745
v -0.127000 1.592914 -4.501745
v -0.127000 1.592914 -4.501745
v -0.127000 1.587239 -4.579039
v -0.127000 1.587239 -4.579039
v -0.127000 1.578669 -4.648565
v -0.127000 1.578669 -4.648565
v -0.127000 1.567219 -4.710271
v -0.127000 1.567219 -4.710271
v -0.127000 1.552946 -4.764060
v -0.127000 1.552946 -4.764060
v -0.127000 1.535974 -4.809780
v -0.127000 1.535974 -4.809780
v -0.127000 1.516518 -4.847215
v -0.127000 1.516518 -4.847215
v -0.127000 1.494911 -4.876078
v -0.127000 1.494911 -4.876078
v -0.127000 1.471634 -4.896006
v -0.127000 1.471634 -4.896006
v -0.127000 1.447338 -4.906549
v -0.127000 1.447338 -4.906549
v -0.127000 1.422814 -4.907219
v -0.127000 1.422814 -4.907219
v -0.127000 1.398865 -4.897621
v -0.127000 1.398865 -4.897621
v -0.127000 1.376169 -4.877590
v -0.127000 1.376169 -4.877590
v -0.127000 1.355111 -4.847363
v -0.127000 1.355111 -4.847363
v -0.127000 1.335668 -4.807694
v -0.127000 1.335668 -4.807694
v -0.127000 1.299592 -4.705481
v -0.127000 1.299592 -4.705481
v -0.127000 1.261374 -4.585143
v -0.127000 1.261374 -4.585143
v -0.127000 1.212888 -4.463387
v -0.127000 1.212888 -4.463387
v -0.127000 1.147860 -4.355598
v -0.127000 1.147860 -4.355598
v -0.127000 1.108466 -4.310514
v -0.127000 1.108466 -4.310514
v -0.127000 1.064812 -4.272491
v -0.127000 1.064812 -4.272491
v -0.127000 1.017476 -4.242042
v -0.127000 1.017476 -4.242042
v -0.127000 0.967209 -4.219440
v -0.127000 0.967209 -4.219440
v -0.127000 0.914866 -4.204775
v -0.127000 0.914866 -4.204775
v -0.127000 0.861331 -4.198004
v -0.127000 0.861331 -4.198004
v -0.127000 0.753932 -4.207616
v -0.127000 0.753932 -4.207616
f 69 1 74
f 74 1 3
f 74 3 5
f 8 72 5
f 5 72 73
f 5 73 74
f 74 73 77
f 74 77 69
f 69 77 66
f 66 77 80
f 66 80 64
f 64 80 70
f 64 70 63
f 63 70 83
f 63 83 88
f 88 83 87
f 88 87 91
f 91 87 90
f 91 90 94
f 94 90 93
f 94 93 97
f 97 93 96
f 97 96 101
f 101 96 102
f 101 102 100
f 100 102 99
f 100 99 106
f 106 99 105
f 106 105 109
f 109 105 108
f 109 108 71
f 71 108 111
f 71 111 113
f 113 111 114
f 113 114 116
f 116 114 115
f 116 115 119
f 119 115 118
f 119 118 122
f 122 118 121
f 122 121 125
f 125 121 124
f 125 124 4
f 4 124 6
f 6 124 39
f 6 39 8
f 8 10 72
f 72 10 75
f 72 75 76
f 76 75 79
f 76 79 80
f 80 79 70
f 10 11 75
f 75 11 78
f 75 78 79
f 79 78 82
f 79 82 70
f 70 82 84
f 70 84 83
f 83 84 87
f 11 13 78
f 78 13 81
f 78 81 82
f 82 81 85
f 82 85 84
f 84 85 86
f 84 86 87
f 87 86 90
f 13 16 81
f 81 16 85
f 85 16 86
f 86 16 17
f 86 17 89
f 89 17 19
f 89 19 92
f 92 19 21
f 92 21 95
f 95 21 25
f 95 25 103
f 103 25 98
f 103 98 99
f 99 98 105
f 25 27 98
f 98 27 104
f 98 104 105
f 105 104 108
f 27 28 104
f 104 28 107
f 104 107 108
f 108 107 111
f 28 30 107
f 107 30 110
f 107 110 111
f 111 110 114
f 30 32 110
f 110 32 114
f 114 32 115
f 115 32 35
f 115 35 118
f 118 35 37
f 118 37 121
f 121 37 39
f 121 39 124
f 4 1 125
f 125 1 126
f 125 126 122
f 122 126 123
f 122 123 119
f 119 123 120
f 119 120 116
f 116 120 117
f 116 117 113
f 113 117 112
f 113 112 71
f 71 112 47
f 71 47 48
f 1 41 126
f 126 41 123
f 41 43 123
f 123 43 120
f 43 44 120
f 120 44 117
f 44 47 117
f 117 47 112
f 71 48 109
f 109 48 50
f 109 50 106
f 106 50 53
f 106 53 100
f 100 53 55
f 100 55 101
f 101 55 97
f 55 56 97
f 97 56 94
f 56 59 94
f 94 59 91
f 59 60 91
f 91 60 88
f 60 63 88
f 77 73 76
f 76 73 72
f 80 77 76
f 93 90 89
f 89 90 86
f 96 93 92
f 92 93 89
f 102 96 95
f 95 96 92
f 103 99 102
f 95 103 102
f 130 33 127
f 127 33 31
f 127 31 158
f 158 31 29
f 158 29 156
f 156 29 26
f 156 26 155
f 155 26 23
f 155 23 152
f 151 24 22
f 151 22 150
f 150 22 20
f 150 20 148
f 148 20 18
f 148 18 146
f 146 18 15
f 146 15 144
f 144 15 14
f 144 14 142
f 142 14 12
f 142 12 140
f 140 12 9
f 140 9 137
f 137 9 7
f 137 7 135
f 135 7 38
f 135 38 133
f 133 38 36
f 133 36 132
f 132 36 34
f 132 34 130
f 130 34 33
f 40 2 183
f 183 2 68
f 183 68 182
f 182 68 67
f 182 67 181
f 181 67 65
f 181 65 188
f 188 65 62
f 188 62 189
f 189 62 61
f 189 61 190
f 190 61 58
f 190 58 195
f 195 58 194
f 195 194 180
f 180 194 177
f 180 176 203
f 203 176 202
f 203 202 224
f 224 202 225
f 224 225 214
f 214 225 215
f 214 215 209
f 209 215 210
f 209 210 208
f 208 210 207
f 208 207 219
f 219 207 220
f 219 220 181
f 181 220 182
f 58 57 194
f 194 57 193
f 194 193 177
f 177 193 179
f 176 179 202
f 202 179 201
f 202 201 225
f 225 201 226
f 225 226 215
f 215 226 216
f 215 216 210
f 210 216 211
f 210 211 207
f 207 211 206
f 207 206 220
f 220 206 221
f 220 221 182
f 182 221 183
f 57 54 193
f 193 54 52
f 193 52 192
f 192 52 51
f 192 51 191
f 191 51 196
f 191 196 163
f 51 49 196
f 196 49 197
f 196 197 160
f 49 46 197
f 197 46 198
f 197 198 161
f 46 45 198
f 198 45 186
f 198 186 162
f 162 186 185
f 45 42 186
f 186 42 187
f 186 187 184
f 184 187 40
f 184 40 183
f 42 40 187
f 193 192 179
f 179 192 174
f 179 175 201
f 201 175 200
f 201 200 226
f 226 200 227
f 226 227 216
f 216 227 217
f 216 217 211
f 211 217 212
f 211 212 206
f 206 212 205
f 206 205 221
f 221 205 222
f 221 222 183
f 183 222 184
f 175 178 200
f 200 178 199
f 200 199 227
f 227 199 228
f 227 228 217
f 217 228 218
f 217 218 212
f 212 218 213
f 212 213 205
f 205 213 204
f 205 204 222
f 222 204 223
f 222 223 184
f 184 223 185
f 184 185 186
f 195 171 190
f 190 167 189
f 189 168 188
f 181 169 219
f 219 170 208
f 208 169 209
f 214 168 224
f 224 167 203
f 203 171 180
f 199 164 228
f 228 163 218
f 218 160 213
f 204 162 223
f 223 165 185
f 191 164 178
f 192 191 174
f 174 191 178
f 178 166 199
f 180 173 195
f 209 172 214
f 213 161 204
f 188 172 181
f 265 229 274
f 274 229 231
f 274 231 273
f 273 231 234
f 273 234 272
f 272 234 236
f 272 236 271
f 271 236 128
f 271 128 159
f 271 159 275
f 275 159 157
f 275 157 279
f 279 157 154
f 279 154 283
f 283 154 153
f 283 153 290
f 290 153 291
f 290 291 292
f 292 291 295
f 292 295 296
f 296 295 300
f 296 300 301
f 301 300 304
f 301 304 254
f 254 304 268
f 254 268 252
f 252 268 308
f 252 308 249
f 249 308 315
f 249 315 248
f 248 315 319
f 248 319 246
f 246 319 323
f 246 323 244
f 244 323 324
f 244 324 270
f 270 324 325
f 270 325 330
f 330 325 326
f 330 326 329
f 329 326 327
f 329 327 328
f 328 327 136
f 328 136 134
f 153 149 291
f 291 149 294
f 291 294 295
f 295 294 299
f 295 299 300
f 300 299 303
f 300 303 304
f 304 303 309
f 304 309 268
f 268 309 308
f 149 147 294
f 294 147 298
f 294 298 299
f 299 298 302
f 299 302 303
f 303 302 310
f 303 310 309
f 309 310 307
f 309 307 308
f 308 307 315
f 147 145 298
f 298 145 269
f 298 269 302
f 302 269 311
f 302 311 310
f 310 311 306
f 310 306 307
f 307 306 314
f 307 314 315
f 315 314 319
f 145 143 269
f 269 143 311
f 311 143 305
f 305 143 141
f 305 141 312
f 312 141 139
f 312 139 316
f 316 139 138
f 316 138 320
f 320 138 136
f 320 136 327
f 328 134 331
f 331 134 131
f 331 131 335
f 335 131 129
f 335 129 339
f 339 129 235
f 339 235 233
f 129 128 235
f 232 341 233
f 233 341 340
f 233 340 339
f 339 340 335
f 341 232 342
f 342 232 229
f 342 229 237
f 342 237 338
f 338 237 239
f 338 239 334
f 334 239 241
f 334 241 270
f 270 241 244
f 254 256 301
f 301 256 297
f 301 297 296
f 296 297 293
f 296 293 292
f 292 293 288
f 292 288 289
f 289 288 285
f 289 285 284
f 284 285 280
f 284 280 279
f 279 280 275
f 256 257 297
f 297 257 267
f 297 267 293
f 293 267 287
f 293 287 288
f 288 287 286
f 288 286 285
f 285 286 281
f 285 281 280
f 280 281 276
f 280 276 275
f 275 276 271
f 257 259 267
f 267 259 287
f 287 259 286
f 286 259 261
f 286 261 282
f 282 261 264
f 282 264 278
f 278 264 265
f 278 265 274
f 271 276 272
f 272 276 277
f 272 277 273
f 273 277 278
f 273 278 274
f 282 278 277
f 282 277 281
f 281 277 276
f 286 282 281
f 279 283 284
f 284 283 290
f 284 290 289
f 289 290 292
f 311 305 306
f 306 305 313
f 306 313 314
f 314 313 318
f 314 318 319
f 319 318 323
f 305 312 313
f 313 312 317
f 313 317 318
f 318 317 322
f 318 322 323
f 323 322 324
f 312 316 317
f 317 316 321
f 317 321 322
f 322 321 325
f 322 325 324
f 316 320 321
f 321 320 326
f 321 326 325
f 327 326 320
f 329 328 332
f 332 328 331
f 332 331 336
f 336 331 335
f 336 335 340
f 334 270 330
f 330 329 333
f 333 329 332
f 333 332 337
f 337 332 336
f 337 336 341
f 341 336 340
f 338 334 333
f 333 334 330
f 338 333 337
f 342 338 337
f 342 337 341
f 468 343 485
f 485 343 347
f 485 347 484
f 484 347 348
f 484 348 483
f 483 348 482
f 483 482 498
f 498 482 497
f 498 497 518
f 518 497 519
f 518 519 513
f 513 519 512
f 513 512 543
f 543 512 542
f 543 542 558
f 558 542 557
f 558 557 573
f 573 557 572
f 573 572 592
f 592 572 593
f 592 593 588
f 588 593 587
f 588 587 614
f 614 587 613
f 614 613 629
f 629 613 628
f 629 628 644
f 644 628 643
f 644 643 659
f 659 643 658
f 659 658 674
f 674 658 673
f 674 673 689
f 689 673 688
f 689 688 704
f 704 688 703
f 704 703 719
f 719 703 718
f 719 718 426
f 426 718 717
f 426 717 425
f 425 717 716
f 425 716 423
f 423 716 715
f 423 715 420
f 420 715 714
f 420 714 419
f 419 714 416
f 416 714 713
f 416 713 415
f 415 713 712
f 415 712 413
f 413 712 711
f 413 711 411
f 411 711 710
f 411 710 709
f 709 710 694
f 709 694 693
f 693 694 678
f 693 678 677
f 677 678 662
f 677 662 397
f 397 662 395
f 395 662 647
f 395 647 393
f 393 647 632
f 393 632 392
f 392 632 617
f 392 617 389
f 389 617 387
f 387 617 602
f 387 602 385
f 385 602 576
f 385 576 383
f 383 576 382
f 382 576 601
f 382 601 470
f 470 601 600
f 470 600 722
f 722 600 599
f 722 599 723
f 723 599 598
f 723 598 724
f 724 598 597
f 724 597 725
f 725 597 596
f 725 596 726
f 726 596 242
f 726 242 240
f 348 351 482
f 482 351 481
f 482 481 497
f 497 481 496
f 497 496 519
f 519 496 520
f 519 520 512
f 512 520 511
f 512 511 542
f 542 511 541
f 542 541 557
f 557 541 556
f 557 556 572
f 572 556 571
f 572 571 593
f 593 571 594
f 593 594 587
f 587 594 586
f 587 586 613
f 613 586 612
f 613 612 628
f 628 612 627
f 628 627 643
f 643 627 642
f 643 642 658
f 658 642 657
f 658 657 673
f 673 657 672
f 673 672 688
f 688 672 687
f 688 687 703
f 703 687 702
f 703 702 718
f 718 702 717
f 351 353 481
f 481 353 480
f 481 480 496
f 496 480 495
f 496 495 520
f 520 495 521
f 520 521 511
f 511 521 510
f 511 510 541
f 541 510 540
f 541 540 556
f 556 540 555
f 556 555 571
f 571 555 570
f 571 570 594
f 594 570 595
f 594 595 586
f 586 595 585
f 586 585 612
f 612 585 611
f 612 611 627
f 627 611 626
f 627 626 642
f 642 626 641
f 642 641 657
f 657 641 656
f 657 656 672
f 672 656 671
f 672 671 687
f 687 671 686
f 687 686 702
f 702 686 701
f 702 701 717
f 717 701 716
f 353 354 480
f 480 354 479
f 480 479 495
f 495 479 494
f 495 494 521
f 521 494 522
f 521 522 510
f 510 522 509
f 510 509 540
f 540 509 539
f 540 539 555
f 555 539 554
f 555 554 570
f 570 554 569
f 570 569 263
f 263 569 266
f 266 569 230
f 230 569 568
f 230 568 727
f 727 568 567
f 727 567 726
f 726 567 566
f 726 566 725
f 725 566 565
f 725 565 724
f 724 565 564
f 724 564 723
f 723 564 563
f 723 563 722
f 722 563 562
f 722 562 470
f 470 562 561
f 470 561 380
f 380 561 546
f 380 546 377
f 377 546 531
f 377 531 376
f 376 531 501
f 376 501 373
f 373 501 530
f 373 530 486
f 486 530 529
f 486 529 487
f 487 529 528
f 487 528 488
f 488 528 527
f 488 527 489
f 489 527 526
f 489 526 490
f 490 526 525
f 490 525 491
f 491 525 524
f 491 524 492
f 492 524 523
f 492 523 493
f 493 523 522
f 493 522 494
f 354 357 479
f 479 357 478
f 479 478 494
f 494 478 493
f 478 357 477
f 477 357 359
f 477 359 476
f 476 359 361
f 476 361 475
f 475 361 363
f 475 363 474
f 474 363 365
f 474 365 473
f 473 365 366
f 473 366 472
f 472 366 471
f 472 471 487
f 487 471 486
f 366 368 471
f 471 368 371
f 471 371 486
f 486 371 373
f 380 382 470
f 397 399 677
f 677 399 692
f 677 692 693
f 693 692 708
f 693 708 709
f 709 708 408
f 709 408 411
f 399 402 692
f 692 402 707
f 692 707 708
f 708 707 406
f 708 406 408
f 402 403 707
f 707 403 406
f 426 428 719
f 719 428 720
f 719 720 704
f 704 720 705
f 704 705 689
f 689 705 690
f 689 690 674
f 674 690 675
f 674 675 659
f 659 675 660
f 659 660 644
f 644 660 645
f 644 645 629
f 629 645 630
f 629 630 614
f 614 630 615
f 614 615 588
f 588 615 589
f 588 589 592
f 592 589 591
f 592 591 573
f 573 591 574
f 573 574 558
f 558 574 559
f 558 559 543
f 543 559 544
f 543 544 513
f 513 544 514
f 513 514 518
f 518 514 517
f 518 517 498
f 498 517 499
f 498 499 483
f 483 499 484
f 428 431 720
f 720 431 433
f 720 433 721
f 721 433 435
f 721 435 437
f 440 691 437
f 437 691 706
f 437 706 721
f 721 706 705
f 721 705 720
f 440 442 691
f 691 442 676
f 691 676 675
f 675 676 660
f 442 444 676
f 676 444 661
f 676 661 660
f 660 661 645
f 444 446 661
f 661 446 646
f 661 646 645
f 645 646 630
f 446 448 646
f 646 448 631
f 646 631 630
f 630 631 615
f 448 450 631
f 631 450 451
f 631 451 616
f 616 451 454
f 616 454 590
f 590 454 455
f 590 455 458
f 590 458 469
f 469 458 459
f 469 459 575
f 575 459 560
f 575 560 559
f 559 560 544
f 459 461 560
f 560 461 545
f 560 545 544
f 544 545 514
f 461 463 545
f 545 463 515
f 545 515 514
f 514 515 517
f 463 465 515
f 515 465 516
f 515 516 517
f 517 516 499
f 516 465 500
f 500 465 468
f 500 468 485
f 263 262 570
f 570 262 595
f 262 260 595
f 595 260 258
f 595 258 585
f 585 258 255
f 585 255 253
f 585 253 584
f 584 253 251
f 584 251 583
f 583 251 250
f 583 250 582
f 582 250 247
f 582 247 581
f 581 247 245
f 581 245 596
f 596 245 243
f 596 243 242
f 240 238 726
f 726 238 727
f 238 230 727
f 487 488 472
f 472 488 473
f 488 489 473
f 473 489 474
f 489 490 474
f 474 490 475
f 490 491 475
f 475 491 476
f 493 478 477
f 491 492 476
f 476 492 477
f 492 493 477
f 500 485 484
f 500 484 499
f 516 500 499
f 529 530 502
f 502 530 501
f 502 501 532
f 532 501 531
f 532 531 547
f 547 531 546
f 547 546 562
f 562 546 561
f 528 529 503
f 503 529 502
f 503 502 533
f 533 502 532
f 533 532 548
f 548 532 547
f 548 547 563
f 563 547 562
f 527 528 504
f 504 528 503
f 504 503 534
f 534 503 533
f 534 533 549
f 549 533 548
f 549 548 564
f 564 548 563
f 526 527 505
f 505 527 504
f 505 504 535
f 535 504 534
f 535 534 550
f 550 534 549
f 550 549 565
f 565 549 564
f 525 526 506
f 506 526 505
f 506 505 536
f 536 505 535
f 536 535 551
f 551 535 550
f 551 550 566
f 566 550 565
f 524 525 507
f 507 525 506
f 507 506 537
f 537 506 536
f 537 536 552
f 552 536 551
f 552 551 567
f 567 551 566
f 523 524 508
f 508 524 507
f 508 507 538
f 538 507 537
f 538 537 553
f 553 537 552
f 553 552 568
f 568 552 567
f 522 523 509
f 509 523 508
f 509 508 539
f 539 508 538
f 539 538 554
f 554 538 553
f 554 553 569
f 569 553 568
f 575 559 574
f 469 575 574
f 469 574 591
f 600 601 577
f 577 601 576
f 577 576 603
f 603 576 602
f 603 602 618
f 618 602 617
f 618 617 633
f 633 617 632
f 633 632 648
f 648 632 647
f 648 647 663
f 663 647 662
f 663 662 678
f 599 600 578
f 578 600 577
f 578 577 604
f 604 577 603
f 604 603 619
f 619 603 618
f 619 618 634
f 634 618 633
f 634 633 649
f 649 633 648
f 649 648 664
f 664 648 663
f 664 663 679
f 679 663 678
f 679 678 694
f 598 599 579
f 579 599 578
f 579 578 605
f 605 578 604
f 605 604 620
f 620 604 619
f 620 619 635
f 635 619 634
f 635 634 650
f 650 634 649
f 650 649 665
f 665 649 664
f 665 664 680
f 680 664 679
f 680 679 695
f 695 679 694
f 695 694 710
f 597 598 580
f 580 598 579
f 580 579 606
f 606 579 605
f 606 605 621
f 621 605 620
f 621 620 636
f 636 620 635
f 636 635 651
f 651 635 650
f 651 650 666
f 666 650 665
f 666 665 681
f 681 665 680
f 681 680 696
f 696 680 695
f 696 695 711
f 711 695 710
f 596 597 581
f 581 597 580
f 581 580 607
f 607 580 606
f 607 606 622
f 622 606 621
f 622 621 637
f 637 621 636
f 637 636 652
f 652 636 651
f 652 651 667
f 667 651 666
f 667 666 682
f 682 666 681
f 682 681 697
f 697 681 696
f 697 696 712
f 712 696 711
f 582 581 608
f 608 581 607
f 608 607 623
f 623 607 622
f 623 622 638
f 638 622 637
f 638 637 653
f 653 637 652
f 653 652 668
f 668 652 667
f 668 667 683
f 683 667 682
f 683 682 698
f 698 682 697
f 698 697 713
f 713 697 712
f 583 582 609
f 609 582 608
f 609 608 624
f 624 608 623
f 624 623 639
f 639 623 638
f 639 638 654
f 654 638 653
f 654 653 669
f 669 653 668
f 669 668 684
f 684 668 683
f 684 683 699
f 699 683 698
f 699 698 714
f 714 698 713
f 611 585 584
f 584 583 610
f 610 583 609
f 610 609 625
f 625 609 624
f 625 624 640
f 640 624 639
f 640 639 655
f 655 639 654
f 655 654 670
f 670 654 669
f 670 669 685
f 685 669 684
f 685 684 700
f 700 684 699
f 700 699 715
f 715 699 714
f 469 591 590
f 590 591 589
f 590 589 616
f 616 589 615
f 616 615 631
f 626 611 610
f 610 611 584
f 626 610 625
f 641 626 625
f 641 625 640
f 656 641 640
f 656 640 655
f 671 656 655
f 671 655 670
f 686 671 670
f 686 670 685
f 691 675 690
f 701 686 685
f 701 685 700
f 706 691 690
f 706 690 705
f 716 701 700
f 716 700 715
f 731 803 728
f 728 803 804
f 728 804 807
f 731 734 803
f 803 734 800
f 800 734 735
f 800 735 798
f 798 735 796
f 796 735 739
f 796 739 741
f 796 741 793
f 793 741 743
f 793 743 792
f 792 743 745
f 792 745 789
f 789 745 747
f 789 747 787
f 787 747 749
f 787 749 786
f 786 749 750
f 786 750 784
f 784 750 753
f 784 753 782
f 782 753 756
f 782 756 779
f 779 756 757
f 779 757 775
f 775 757 820
f 820 757 760
f 820 760 763
f 820 763 819
f 819 763 764
f 819 764 816
f 816 764 766
f 816 766 814
f 813 767 770
f 813 770 811
f 811 770 772
f 811 772 809
f 809 772 773
f 809 773 807
f 807 773 728
f 887 759 889
f 889 759 755
f 889 755 902
f 902 755 913
f 902 913 914
f 914 913 926
f 914 926 927
f 927 926 938
f 927 938 939
f 939 938 954
f 939 954 953
f 953 954 832
f 953 832 952
f 952 832 959
f 952 959 960
f 960 959 834
f 960 834 961
f 961 834 965
f 961 965 966
f 966 965 836
f 966 836 967
f 967 836 839
f 967 839 968
f 968 839 345
f 968 345 467
f 755 754 913
f 913 754 912
f 913 912 925
f 925 912 924
f 925 924 936
f 936 924 888
f 936 888 957
f 957 888 958
f 957 958 826
f 826 958 888
f 826 888 825
f 825 888 924
f 825 924 822
f 822 924 912
f 822 912 754
f 826 830 957
f 957 830 956
f 957 956 936
f 936 956 937
f 936 937 925
f 925 937 926
f 925 926 913
f 832 954 830
f 830 954 955
f 830 955 956
f 956 955 937
f 832 834 959
f 834 836 965
f 345 839 853
f 853 839 840
f 853 840 843
f 844 849 843
f 843 849 851
f 843 851 853
f 844 847 849
f 968 467 964
f 964 467 466
f 964 466 947
f 947 466 946
f 947 946 945
f 945 946 934
f 945 934 933
f 933 934 921
f 933 921 920
f 920 921 909
f 920 909 908
f 908 909 895
f 908 895 896
f 896 895 974
f 896 974 975
f 975 974 987
f 975 987 988
f 988 987 1000
f 988 1000 1001
f 1001 1000 1013
f 1001 1013 1014
f 1014 1013 1026
f 1014 1026 1027
f 1027 1026 1039
f 1027 1039 1040
f 1040 1039 1052
f 1040 1052 875
f 875 1052 873
f 873 1052 1064
f 873 1064 870
f 870 1064 1076
f 870 1076 868
f 868 1076 863
f 863 1076 1075
f 863 1075 861
f 861 1075 1074
f 861 1074 859
f 859 1074 1073
f 859 1073 1072
f 1072 1073 1060
f 1072 1060 1059
f 1059 1060 1047
f 1059 1047 1046
f 1046 1047 1034
f 1046 1034 1033
f 1033 1034 1021
f 1033 1021 1020
f 1020 1021 1008
f 1020 1008 1007
f 1007 1008 995
f 1007 995 994
f 994 995 982
f 994 982 981
f 981 982 969
f 981 969 452
f 452 969 453
f 453 969 891
f 453 891 456
f 456 891 890
f 456 890 457
f 457 890 460
f 460 890 923
f 460 923 935
f 935 923 922
f 935 922 934
f 934 922 921
f 466 464 946
f 946 464 462
f 946 462 935
f 935 462 460
f 452 449 981
f 981 449 993
f 981 993 994
f 994 993 1006
f 994 1006 1007
f 1007 1006 1019
f 1007 1019 1020
f 1020 1019 1032
f 1020 1032 1033
f 1033 1032 1045
f 1033 1045 1046
f 1046 1045 1058
f 1046 1058 1059
f 1059 1058 1071
f 1059 1071 1072
f 1072 1071 858
f 1072 858 859
f 449 447 993
f 993 447 1005
f 993 1005 1006
f 1006 1005 1018
f 1006 1018 1019
f 1019 1018 1031
f 1019 1031 1032
f 1032 1031 1044
f 1032 1044 1045
f 1045 1044 1057
f 1045 1057 1058
f 1058 1057 1070
f 1058 1070 1071
f 1071 1070 858
f 447 445 1005
f 1005 445 1017
f 1005 1017 1018
f 1018 1017 1030
f 1018 1030 1031
f 1031 1030 1043
f 1031 1043 1044
f 1044 1043 1056
f 1044 1056 1057
f 1057 1056 1069
f 1057 1069 1070
f 1070 1069 858
f 445 443 1017
f 1017 443 1029
f 1017 1029 1030
f 1030 1029 1042
f 1030 1042 1043
f 1043 1042 1055
f 1043 1055 1056
f 1056 1055 1068
f 1056 1068 1069
f 1069 1068 855
f 1069 855 858
f 443 441 1029
f 1029 441 1041
f 1029 1041 1042
f 1042 1041 1054
f 1042 1054 1055
f 1055 1054 1067
f 1055 1067 1068
f 1068 1067 855
f 441 439 1041
f 1041 439 1053
f 1041 1053 1054
f 1054 1053 1066
f 1054 1066 1067
f 1067 1066 855
f 439 438 1053
f 1053 438 1065
f 1053 1065 1066
f 1066 1065 855
f 438 436 1065
f 1065 436 855
f 875 877 1040
f 1040 877 1028
f 1040 1028 1027
f 1027 1028 1015
f 1027 1015 1014
f 1014 1015 1002
f 1014 1002 1001
f 1001 1002 989
f 1001 989 988
f 988 989 976
f 988 976 975
f 975 976 897
f 975 897 896
f 896 897 907
f 896 907 908
f 908 907 919
f 908 919 920
f 920 919 932
f 920 932 933
f 933 932 944
f 933 944 945
f 945 944 948
f 945 948 947
f 947 948 964
f 877 879 1028
f 1028 879 1016
f 1028 1016 1015
f 1015 1016 1003
f 1015 1003 1002
f 1002 1003 990
f 1002 990 989
f 989 990 977
f 989 977 976
f 976 977 898
f 976 898 897
f 897 898 906
f 897 906 907
f 907 906 918
f 907 918 919
f 919 918 931
f 919 931 932
f 932 931 943
f 932 943 944
f 944 943 949
f 944 949 948
f 948 949 963
f 948 963 964
f 964 963 968
f 879 881 1016
f 1016 881 1004
f 1016 1004 1003
f 1003 1004 991
f 1003 991 990
f 990 991 978
f 990 978 977
f 977 978 899
f 977 899 898
f 898 899 905
f 898 905 906
f 906 905 917
f 906 917 918
f 918 917 930
f 918 930 931
f 931 930 942
f 931 942 943
f 943 942 950
f 943 950 949
f 949 950 962
f 949 962 963
f 963 962 967
f 963 967 968
f 881 882 1004
f 1004 882 992
f 1004 992 991
f 991 992 979
f 991 979 978
f 978 979 900
f 978 900 899
f 899 900 904
f 899 904 905
f 905 904 916
f 905 916 917
f 917 916 929
f 917 929 930
f 930 929 941
f 930 941 942
f 942 941 951
f 942 951 950
f 950 951 961
f 950 961 962
f 962 961 966
f 962 966 967
f 882 885 992
f 992 885 980
f 992 980 979
f 979 980 901
f 979 901 900
f 900 901 903
f 900 903 904
f 904 903 915
f 904 915 916
f 916 915 928
f 916 928 929
f 929 928 940
f 929 940 941
f 941 940 952
f 941 952 951
f 951 952 960
f 951 960 961
f 980 885 889
f 889 885 887
f 891 892 890
f 890 892 911
f 890 911 923
f 923 911 922
f 892 893 911
f 911 893 910
f 911 910 922
f 922 910 921
f 892 891 970
f 970 891 969
f 970 969 982
f 893 894 910
f 910 894 909
f 910 909 921
f 893 892 971
f 971 892 970
f 971 970 983
f 983 970 982
f 983 982 995
f 909 894 895
f 895 894 973
f 895 973 974
f 974 973 986
f 974 986 987
f 987 986 999
f 987 999 1000
f 1000 999 1012
f 1000 1012 1013
f 1013 1012 1025
f 1013 1025 1026
f 1026 1025 1038
f 1026 1038 1039
f 1039 1038 1051
f 1039 1051 1052
f 1052 1051 1064
f 894 893 972
f 972 893 971
f 972 971 984
f 984 971 983
f 984 983 996
f 996 983 995
f 996 995 1008
f 903 901 902
f 902 901 889
f 901 980 889
f 915 903 914
f 914 903 902
f 928 915 927
f 927 915 914
f 938 926 937
f 940 928 939
f 939 928 927
f 946 935 934
f 954 938 955
f 955 938 937
f 952 940 953
f 953 940 939
f 894 972 973
f 973 972 985
f 973 985 986
f 986 985 998
f 986 998 999
f 999 998 1011
f 999 1011 1012
f 1012 1011 1024
f 1012 1024 1025
f 1025 1024 1037
f 1025 1037 1038
f 1038 1037 1050
f 1038 1050 1051
f 1051 1050 1063
f 1051 1063 1064
f 1064 1063 1076
f 985 972 984
f 985 984 997
f 997 984 996
f 997 996 1009
f 1009 996 1008
f 1009 1008 1021
f 985 997 998
f 998 997 1010
f 998 1010 1011
f 1011 1010 1023
f 1011 1023 1024
f 1024 1023 1036
f 1024 1036 1037
f 1037 1036 1049
f 1037 1049 1050
f 1050 1049 1062
f 1050 1062 1063
f 1063 1062 1075
f 1063 1075 1076
f 1010 997 1009
f 1010 1009 1022
f 1022 1009 1021
f 1022 1021 1034
f 1010 1022 1023
f 1023 1022 1035
f 1023 1035 1036
f 1036 1035 1048
f 1036 1048 1049
f 1049 1048 1061
f 1049 1061 1062
f 1062 1061 1074
f 1062 1074 1075
f 1035 1022 1034
f 1048 1035 1047
f 1047 1035 1034
f 1061 1048 1060
f 1060 1048 1047
f 1074 1061 1073
f 1073 1061 1060
f 823 752 1110
f 1110 752 751
f 1110 751 1109
f 1109 751 748
f 1109 748 1108
f 1108 748 746
f 1108 746 1107
f 1107 746 744
f 1107 744 742
f 1107 742 1106
f 1106 742 740
f 1106 740 1105
f 1105 740 737
f 1105 737 1078
f 1078 1080 1105
f 1105 1080 1111
f 1105 1111 1112
f 1112 1111 1118
f 1112 1118 1119
f 1119 1118 1127
f 1119 1127 1126
f 1126 1127 1098
f 1126 1098 1099
f 1080 1081 1111
f 1111 1081 1117
f 1111 1117 1118
f 1118 1117 1122
f 1118 1122 1127
f 1127 1122 1096
f 1127 1096 1129
f 1129 1096 1098
f 1129 1098 1127
f 1081 1084 1117
f 1117 1084 1128
f 1117 1128 1122
f 1122 1128 1123
f 1122 1123 1096
f 1096 1123 1131
f 1096 1131 1094
f 1094 1131 1132
f 1094 1132 1130
f 1130 1132 1086
f 1130 1086 1101
f 1101 1086 1087
f 1101 1087 1102
f 1102 1087 1091
f 1102 1091 1094
f 1128 1084 1103
f 1103 1084 1086
f 1103 1086 1132
f 1126 1099 1125
f 1125 1099 829
f 1125 829 1124
f 1124 829 1104
f 1124 1104 1121
f 1121 1104 824
f 1121 824 1115
f 1115 824 1116
f 1115 1116 823
f 823 1116 824
f 829 824 1104
f 1130 1101 1094
f 1094 1101 1102
f 1105 1112 1106
f 1106 1112 1113
f 1106 1113 1107
f 1107 1113 1114
f 1107 1114 1108
f 1108 1114 1115
f 1108 1115 1109
f 1109 1115 823
f 1109 823 1110
f 1112 1119 1113
f 1113 1119 1120
f 1113 1120 1114
f 1114 1120 1121
f 1114 1121 1115
f 1119 1126 1120
f 1120 1126 1125
f 1120 1125 1121
f 1121 1125 1124
f 1131 1123 1103
f 1103 1123 1128
f 1132 1131 1103
f 1166 795 1172
f 1172 795 794
f 1172 794 1167
f 1167 794 1185
f 1167 1185 1184
f 1184 1185 1168
f 1184 1168 1186
f 1186 1168 1191
f 1186 1191 1192
f 1192 1191 1199
f 1192 1199 1198
f 1198 1199 1169
f 1198 1169 1144
f 1144 1169 1142
f 1142 1169 1171
f 1142 1171 1138
f 1138 1171 1208
f 1138 1208 1207
f 1207 1208 1204
f 1207 1204 1203
f 1203 1204 1196
f 1203 1196 1195
f 1195 1196 1201
f 1195 1201 788
f 788 1201 1170
f 788 1170 790
f 790 1170 791
f 791 1170 1168
f 791 1168 794
f 794 1168 1185
f 788 785 1195
f 1195 785 1202
f 1195 1202 1203
f 1203 1202 1206
f 1203 1206 1207
f 1207 1206 1136
f 1207 1136 1138
f 785 783 1202
f 1202 783 1205
f 1202 1205 1206
f 1206 1205 1133
f 1206 1133 1136
f 783 780 1205
f 1205 780 1133
f 1146 1194 1144
f 1144 1194 1193
f 1144 1193 1198
f 1198 1193 1192
f 1148 1190 1146
f 1146 1190 1189
f 1146 1189 1188
f 1188 1189 1181
f 1188 1181 1182
f 1182 1181 1211
f 1182 1211 1210
f 1210 1211 1174
f 1210 1174 1173
f 1173 1174 1161
f 1173 1161 1163
f 1190 1148 1179
f 1179 1148 1149
f 1179 1149 1214
f 1214 1149 1178
f 1214 1178 1177
f 1177 1178 1158
f 1177 1158 1160
f 1153 1154 1149
f 1149 1154 1178
f 1154 1158 1178
f 1161 1174 1160
f 1160 1174 1175
f 1160 1175 1176
f 1176 1175 1212
f 1176 1212 1213
f 1213 1212 1180
f 1213 1180 1179
f 1179 1180 1190
f 1173 1163 1172
f 1172 1163 1166
f 1213 1179 1214
f 1173 1172 1209
f 1209 1172 1167
f 1209 1167 1184
f 1177 1160 1176
f 1212 1175 1211
f 1211 1175 1174
f 1214 1177 1213
f 1213 1177 1176
f 1189 1190 1180
f 1189 1180 1181
f 1181 1180 1212
f 1181 1212 1211
f 1182 1183 1187
f 1187 1183 1186
f 1187 1186 1192
f 1209 1184 1183
f 1183 1184 1186
f 1209 1183 1210
f 1210 1183 1182
f 1182 1187 1188
f 1188 1187 1192
f 1188 1192 1193
f 1168 1170 1191
f 1191 1170 1200
f 1191 1200 1199
f 1199 1200 1197
f 1199 1197 1169
f 1169 1197 1171
f 1146 1188 1193
f 1193 1194 1146
f 1201 1196 1200
f 1200 1196 1197
f 1171 1197 1204
f 1204 1197 1196
f 1170 1201 1200
f 1208 1171 1204
f 1209 1210 1173
f 1218 1274 1215
f 1215 1274 1277
f 1215 1277 1242
f 1242 1277 1298
f 1242 1298 1239
f 1239 1298 1296
f 1239 1296 1237
f 1237 1296 1294
f 1237 1294 1235
f 1235 1294 1292
f 1235 1292 1234
f 1234 1292 1290
f 1234 1290 1232
f 1232 1290 1288
f 1232 1288 1229
f 1229 1288 1271
f 1231 1270 1227
f 1227 1270 1286
f 1227 1286 1226
f 1226 1286 1284
f 1226 1284 1225
f 1225 1284 1282
f 1225 1282 1223
f 1223 1282 1280
f 1223 1280 1220
f 1220 1280 1278
f 1220 1278 1218
f 1218 1278 1274
f 1246 1299 1244
f 1244 1299 1276
f 1244 1276 1275
f 1275 1276 1277
f 1275 1277 1274
f 1299 1246 1297
f 1297 1246 1248
f 1297 1248 1295
f 1295 1248 1249
f 1295 1249 1293
f 1293 1249 1252
f 1293 1252 1291
f 1291 1252 1253
f 1291 1253 1289
f 1289 1253 1255
f 1289 1255 1272
f 1273 1257 1259
f 1273 1259 1287
f 1287 1259 1260
f 1287 1260 1285
f 1285 1260 1262
f 1285 1262 1283
f 1283 1262 1264
f 1283 1264 1281
f 1281 1264 1267
f 1281 1267 1279
f 1279 1267 1269
f 1279 1269 1275
f 1275 1269 1244
f 1270 1273 1286
f 1286 1273 1287
f 1286 1287 1284
f 1284 1287 1285
f 1284 1285 1282
f 1282 1285 1283
f 1282 1283 1280
f 1280 1283 1281
f 1280 1281 1278
f 1278 1281 1279
f 1278 1279 1274
f 1274 1279 1275
f 1272 1271 1289
f 1289 1271 1288
f 1289 1288 1291
f 1291 1288 1290
f 1291 1290 1293
f 1293 1290 1292
f 1293 1292 1295
f 1295 1292 1294
f 1295 1294 1297
f 1297 1294 1296
f 1297 1296 1299
f 1299 1296 1298
f 1299 1298 1276
f 1276 1298 1277
f 845 1236 848
f 848 1236 1234
f 848 1234 1319
f 1319 1234 1317
f 1317 1234 1233
f 1317 1233 1315
f 1315 1233 1313
f 1313 1233 1230
f 1313 1230 1310
f 1310 1230 1228
f 1310 1228 1308
f 1308 1228 1307
f 1307 1228 1226
f 1307 1226 1305
f 1305 1226 1302
f 1302 1226 1224
f 1302 1224 1301
f 1301 1224 1090
f 1090 1224 1222
f 1090 1222 1093
f 1093 1222 1221
f 1093 1221 1095
f 1095 1221 1097
f 1097 1221 1219
f 1097 1219 1100
f 1100 1219 1217
f 1100 1217 828
f 827 1216 1241
f 827 1241 831
f 831 1241 833
f 833 1241 1240
f 833 1240 835
f 835 1240 837
f 837 1240 1238
f 837 1238 838
f 838 1238 841
f 841 1238 842
f 842 1238 1236
f 842 1236 845
f 1243 1268 1245
f 1245 1268 1247
f 1247 1268 1266
f 1247 1266 1250
f 1250 1266 1265
f 1250 1265 1251
f 1251 1265 1263
f 1251 1263 1254
f 1254 1263 1261
f 1254 1261 1256
f 1256 1261 1258
f 1323 1372 1320
f 1320 1372 1369
f 1321 1368 1340
f 1340 1368 1396
f 1340 1396 1337
f 1337 1396 1394
f 1337 1394 1336
f 1336 1394 1392
f 1336 1392 1335
f 1335 1392 1390
f 1335 1390 1334
f 1334 1390 1388
f 1334 1388 1332
f 1332 1388 1386
f 1332 1386 1331
f 1331 1386 1384
f 1331 1384 1329
f 1329 1384 1382
f 1329 1382 1328
f 1328 1382 1380
f 1328 1380 1327
f 1327 1380 1378
f 1327 1378 1326
f 1326 1378 1376
f 1326 1376 1325
f 1325 1376 1374
f 1325 1374 1323
f 1323 1374 1372
f 1345 1397 1341
f 1341 1397 1370
f 1343 1371 1373
f 1373 1371 1369
f 1373 1369 1372
f 1397 1345 1395
f 1395 1345 1347
f 1395 1347 1393
f 1393 1347 1348
f 1393 1348 1391
f 1391 1348 1350
f 1391 1350 1389
f 1389 1350 1353
f 1389 1353 1387
f 1387 1353 1355
f 1387 1355 1385
f 1385 1355 1356
f 1385 1356 1383
f 1383 1356 1358
f 1383 1358 1381
f 1381 1358 1360
f 1381 1360 1379
f 1379 1360 1363
f 1379 1363 1377
f 1377 1363 1365
f 1377 1365 1375
f 1375 1365 1366
f 1375 1366 1373
f 1373 1366 1343
f 1368 1370 1396
f 1396 1370 1397
f 1396 1397 1394
f 1394 1397 1395
f 1394 1395 1392
f 1392 1395 1393
f 1392 1393 1390
f 1390 1393 1391
f 1390 1391 1388
f 1388 1391 1389
f 1388 1389 1386
f 1386 1389 1387
f 1386 1387 1384
f 1384 1387 1385
f 1384 1385 1382
f 1382 1385 1383
f 1382 1383 1380
f 1380 1383 1381
f 1380 1381 1378
f 1378 1381 1379
f 1378 1379 1376
f 1376 1379 1377
f 1376 1377 1374
f 1374 1377 1375
f 1374 1375 1372
f 1372 1375 1373
f 1399 1322 1139
f 1139 1322 1320
f 1139 1320 1140
f 1141 1321 1339
f 1141 1339 1143
f 1143 1339 1338
f 1143 1338 1145
f 1145 1338 1147
f 1147 1338 1336
f 1147 1336 1150
f 1150 1336 1335
f 1150 1335 1151
f 1151 1335 1438
f 1438 1335 1436
f 1436 1335 1334
f 1436 1334 1434
f 1434 1334 1432
f 1432 1334 1333
f 1432 1333 1429
f 1429 1333 1428
f 1428 1333 1331
f 1428 1331 1426
f 1426 1331 1424
f 1424 1331 1330
f 1424 1330 1422
f 1422 1330 1328
f 1422 1328 1420
f 1420 1328 1416
f 1416 1328 1327
f 1416 1327 1414
f 1414 1327 1412
f 1412 1327 1326
f 1412 1326 1410
f 1410 1326 1409
f 1409 1326 1406
f 1406 1326 1324
f 1406 1324 1405
f 1405 1324 1403
f 1403 1324 1401
f 1401 1324 1322
f 1401 1322 1399
f 1342 1367 1344
f 1344 1367 1364
f 1344 1364 1346
f 1346 1364 1362
f 1346 1362 1349
f 1349 1362 1361
f 1349 1361 1351
f 1351 1361 1359
f 1351 1359 1352
f 1352 1359 1357
f 1352 1357 1354
f 738 736 1077
f 1077 736 1554
f 1077 1554 1079
f 1079 1554 1555
f 1079 1555 1082
f 1082 1555 1556
f 1082 1556 1083
f 1083 1556 1557
f 1083 1557 1558
f 1558 1557 1564
f 1558 1564 1547
f 1547 1564 1584
f 1547 1584 1546
f 1546 1584 1631
f 1546 1631 1549
f 1549 1631 1630
f 1549 1630 1652
f 1652 1630 1629
f 1652 1629 1653
f 1653 1629 1628
f 1653 1628 1654
f 1654 1628 1627
f 1654 1627 1655
f 1655 1627 1626
f 1655 1626 1656
f 1656 1626 1625
f 1656 1625 1657
f 1657 1625 1624
f 1657 1624 1658
f 1658 1624 1623
f 1658 1623 1659
f 1659 1623 1622
f 1659 1622 1660
f 1660 1622 1621
f 1660 1621 1661
f 1661 1621 1620
f 1661 1620 1662
f 1662 1620 1619
f 1662 1619 1663
f 1663 1619 1618
f 1663 1618 1664
f 1664 1618 1617
f 1664 1617 1665
f 1665 1617 1616
f 1665 1616 1666
f 1666 1616 1615
f 1666 1615 1667
f 1667 1615 1614
f 1667 1614 1668
f 1668 1614 1613
f 1668 1613 1669
f 1669 1613 1550
f 1669 1550 1670
f 1670 1550 1473
f 1670 1473 1632
f 1632 1473 1476
f 1632 1476 1671
f 1671 1476 1478
f 1671 1478 1691
f 1691 1478 1480
f 1691 1480 1711
f 1711 1480 1482
f 1711 1482 1770
f 1770 1482 1731
f 1770 1731 1732
f 1732 1731 1772
f 1732 1772 1773
f 1773 1772 1793
f 1773 1793 1794
f 1794 1793 1813
f 1794 1813 1814
f 1814 1813 1834
f 1814 1834 1835
f 1835 1834 1884
f 1835 1884 1883
f 1883 1884 1856
f 1883 1856 1857
f 1857 1856 1909
f 1857 1909 1908
f 1908 1909 1897
f 1908 1897 1898
f 1898 1897 1519
f 1898 1519 1521
f 733 1559 736
f 736 1559 1560
f 736 1560 1554
f 1554 1560 1561
f 1554 1561 1555
f 1555 1561 1562
f 1555 1562 1556
f 1556 1562 1563
f 1556 1563 1557
f 1557 1563 1564
f 732 1585 733
f 733 1585 1578
f 733 1578 1579
f 1579 1578 1626
f 1579 1626 1627
f 1585 732 1599
f 1599 732 729
f 1599 729 1600
f 1600 729 1440
f 1600 1440 1601
f 1601 1440 1441
f 1601 1441 1602
f 1602 1441 1444
f 1602 1444 1603
f 1603 1444 1445
f 1603 1445 1604
f 1604 1445 1447
f 1604 1447 1605
f 1605 1447 1450
f 1605 1450 1606
f 1606 1450 1607
f 1606 1607 1592
f 1592 1607 1593
f 1592 1593 1571
f 1571 1593 1570
f 1571 1570 1618
f 1618 1570 1617
f 1450 1452 1607
f 1607 1452 1608
f 1607 1608 1593
f 1593 1608 1594
f 1593 1594 1570
f 1570 1594 1569
f 1570 1569 1617
f 1617 1569 1616
f 1452 1455 1608
f 1608 1455 1609
f 1608 1609 1594
f 1594 1609 1595
f 1594 1595 1569
f 1569 1595 1568
f 1569 1568 1616
f 1616 1568 1615
f 1455 1456 1609
f 1609 1456 1459
f 1609 1459 1610
f 1610 1459 1460
f 1610 1460 1611
f 1611 1460 1463
f 1611 1463 1464
f 1611 1464 1612
f 1612 1464 1466
f 1612 1466 1469
f 1472 1565 1469
f 1469 1565 1598
f 1469 1598 1612
f 1612 1598 1597
f 1612 1597 1611
f 1611 1597 1596
f 1611 1596 1610
f 1610 1596 1595
f 1610 1595 1609
f 1565 1472 1550
f 1550 1472 1473
f 1482 1484 1731
f 1731 1484 1771
f 1731 1771 1772
f 1772 1771 1792
f 1772 1792 1793
f 1793 1792 1812
f 1793 1812 1813
f 1813 1812 1833
f 1813 1833 1834
f 1834 1833 1885
f 1834 1885 1884
f 1884 1885 1855
f 1884 1855 1856
f 1856 1855 1910
f 1856 1910 1909
f 1909 1910 1896
f 1909 1896 1897
f 1897 1896 1518
f 1897 1518 1519
f 1484 1485 1771
f 1771 1485 1791
f 1771 1791 1792
f 1792 1791 1811
f 1792 1811 1812
f 1812 1811 1832
f 1812 1832 1833
f 1833 1832 1886
f 1833 1886 1885
f 1885 1886 1854
f 1885 1854 1855
f 1855 1854 1911
f 1855 1911 1910
f 1910 1911 1895
f 1910 1895 1896
f 1896 1895 1515
f 1896 1515 1518
f 1485 1487 1791
f 1791 1487 1810
f 1791 1810 1811
f 1811 1810 1831
f 1811 1831 1832
f 1832 1831 1887
f 1832 1887 1886
f 1886 1887 1853
f 1886 1853 1854
f 1854 1853 1912
f 1854 1912 1911
f 1911 1912 1894
f 1911 1894 1895
f 1895 1894 1515
f 1487 1489 1810
f 1810 1489 1830
f 1810 1830 1831
f 1831 1830 1888
f 1831 1888 1887
f 1887 1888 1852
f 1887 1852 1853
f 1853 1852 1913
f 1853 1913 1912
f 1912 1913 1893
f 1912 1893 1894
f 1894 1893 1512
f 1894 1512 1515
f 1830 1489 1552
f 1552 1489 1491
f 1552 1491 1850
f 1850 1491 1494
f 1850 1494 1916
f 1916 1494 1889
f 1916 1889 1890
f 1890 1889 1503
f 1890 1503 1505
f 1494 1495 1889
f 1889 1495 1500
f 1889 1500 1503
f 1495 1497 1500
f 1890 1505 1891
f 1891 1505 1507
f 1891 1507 1508
f 1891 1508 1892
f 1892 1508 1511
f 1892 1511 1893
f 1893 1511 1512
f 1898 1521 1899
f 1899 1521 1523
f 1899 1523 1900
f 1900 1523 1525
f 1900 1525 1901
f 1901 1525 806
f 1901 806 1902
f 1902 806 802
f 1902 802 1903
f 1903 802 801
f 1903 801 1863
f 1863 801 1864
f 1863 1864 1876
f 1876 1864 1875
f 1876 1875 1843
f 1843 1875 1844
f 1843 1844 1823
f 1823 1844 1824
f 1823 1824 1804
f 1804 1824 1805
f 1804 1805 1784
f 1784 1805 1785
f 1784 1785 1744
f 1744 1785 1745
f 1744 1745 1757
f 1757 1745 1756
f 1757 1756 1724
f 1724 1756 1725
f 1724 1725 1704
f 1704 1725 1705
f 1704 1705 1684
f 1684 1705 1685
f 1684 1685 1645
f 1645 1685 1646
f 1645 1646 1657
f 1657 1646 1656
f 1864 801 1553
f 1553 801 799
f 1553 799 1165
f 1165 799 797
f 1553 1165 1922
f 1922 1165 1164
f 1922 1164 1923
f 1923 1164 1162
f 1923 1162 1924
f 1924 1162 1159
f 1924 1159 1925
f 1925 1159 1157
f 1925 1157 1926
f 1926 1157 1155
f 1926 1155 1528
f 1529 1869 1528
f 1528 1869 1921
f 1528 1921 1926
f 1926 1921 1920
f 1926 1920 1925
f 1925 1920 1919
f 1925 1919 1924
f 1924 1919 1918
f 1924 1918 1923
f 1923 1918 1917
f 1923 1917 1922
f 1922 1917 1553
f 1531 1849 1529
f 1529 1849 1870
f 1529 1870 1869
f 1869 1870 1871
f 1869 1871 1868
f 1868 1871 1872
f 1868 1872 1867
f 1867 1872 1873
f 1867 1873 1866
f 1866 1873 1874
f 1866 1874 1865
f 1865 1874 1875
f 1865 1875 1864
f 1533 1551 1531
f 1531 1551 1829
f 1531 1829 1849
f 1849 1829 1828
f 1849 1828 1848
f 1848 1828 1827
f 1848 1827 1847
f 1847 1827 1826
f 1847 1826 1846
f 1846 1826 1825
f 1846 1825 1845
f 1845 1825 1824
f 1845 1824 1844
f 1551 1533 1790
f 1790 1533 1536
f 1790 1536 1750
f 1750 1536 1538
f 1750 1538 1751
f 1751 1538 1730
f 1751 1730 1729
f 1729 1730 1709
f 1729 1709 1708
f 1708 1709 1688
f 1708 1688 1687
f 1687 1688 1648
f 1687 1648 1647
f 1647 1648 1655
f 1647 1655 1656
f 1538 1539 1730
f 1730 1539 1710
f 1730 1710 1709
f 1709 1710 1689
f 1709 1689 1688
f 1688 1689 1649
f 1688 1649 1648
f 1648 1649 1654
f 1648 1654 1655
f 1539 1541 1710
f 1710 1541 1690
f 1710 1690 1689
f 1689 1690 1650
f 1689 1650 1649
f 1649 1650 1653
f 1649 1653 1654
f 1541 1544 1690
f 1690 1544 1651
f 1690 1651 1650
f 1650 1651 1652
f 1650 1652 1653
f 1651 1544 1549
f 1549 1544 1546
f 1547 1089 1558
f 1558 1089 1085
f 1558 1085 1083
f 1560 1559 1580
f 1580 1559 1579
f 1580 1579 1627
f 1561 1560 1581
f 1581 1560 1580
f 1581 1580 1628
f 1628 1580 1627
f 1562 1561 1582
f 1582 1561 1581
f 1582 1581 1629
f 1629 1581 1628
f 1584 1564 1563
f 1563 1562 1583
f 1583 1562 1582
f 1583 1582 1630
f 1630 1582 1629
f 1597 1598 1566
f 1566 1598 1565
f 1566 1565 1613
f 1613 1565 1550
f 1596 1597 1567
f 1567 1597 1566
f 1567 1566 1614
f 1614 1566 1613
f 1595 1596 1568
f 1568 1596 1567
f 1568 1567 1615
f 1615 1567 1614
f 1571 1572 1592
f 1592 1572 1591
f 1592 1591 1606
f 1606 1591 1605
f 1572 1573 1591
f 1591 1573 1590
f 1591 1590 1605
f 1605 1590 1604
f 1618 1619 1571
f 1571 1619 1572
f 1573 1574 1590
f 1590 1574 1589
f 1590 1589 1604
f 1604 1589 1603
f 1619 1620 1572
f 1572 1620 1573
f 1574 1575 1589
f 1589 1575 1588
f 1589 1588 1603
f 1603 1588 1602
f 1620 1621 1573
f 1573 1621 1574
f 1575 1576 1588
f 1588 1576 1587
f 1588 1587 1602
f 1602 1587 1601
f 1621 1622 1574
f 1574 1622 1575
f 1576 1577 1587
f 1587 1577 1586
f 1587 1586 1601
f 1601 1586 1600
f 1622 1623 1575
f 1575 1623 1576
f 1577 1578 1586
f 1586 1578 1585
f 1586 1585 1600
f 1600 1585 1599
f 1623 1624 1576
f 1576 1624 1577
f 1559 733 1579
f 1624 1625 1577
f 1577 1625 1578
f 1625 1626 1578
f 1631 1584 1583
f 1583 1584 1563
f 1631 1583 1630
f 1669 1670 1633
f 1633 1670 1632
f 1633 1632 1672
f 1672 1632 1671
f 1672 1671 1692
f 1692 1671 1691
f 1692 1691 1712
f 1712 1691 1711
f 1712 1711 1769
f 1769 1711 1770
f 1769 1770 1732
f 1668 1669 1634
f 1634 1669 1633
f 1634 1633 1673
f 1673 1633 1672
f 1673 1672 1693
f 1693 1672 1692
f 1693 1692 1713
f 1713 1692 1712
f 1713 1712 1768
f 1768 1712 1769
f 1768 1769 1733
f 1733 1769 1732
f 1733 1732 1773
f 1667 1668 1635
f 1635 1668 1634
f 1635 1634 1674
f 1674 1634 1673
f 1674 1673 1694
f 1694 1673 1693
f 1694 1693 1714
f 1714 1693 1713
f 1714 1713 1767
f 1767 1713 1768
f 1767 1768 1734
f 1734 1768 1733
f 1734 1733 1774
f 1774 1733 1773
f 1774 1773 1794
f 1666 1667 1636
f 1636 1667 1635
f 1636 1635 1675
f 1675 1635 1674
f 1675 1674 1695
f 1695 1674 1694
f 1695 1694 1715
f 1715 1694 1714
f 1715 1714 1766
f 1766 1714 1767
f 1766 1767 1735
f 1735 1767 1734
f 1735 1734 1775
f 1775 1734 1774
f 1775 1774 1795
f 1795 1774 1794
f 1795 1794 1814
f 1665 1666 1637
f 1637 1666 1636
f 1637 1636 1676
f 1676 1636 1675
f 1676 1675 1696
f 1696 1675 1695
f 1696 1695 1716
f 1716 1695 1715
f 1716 1715 1765
f 1765 1715 1766
f 1765 1766 1736
f 1736 1766 1735
f 1736 1735 1776
f 1776 1735 1775
f 1776 1775 1796
f 1796 1775 1795
f 1796 1795 1815
f 1815 1795 1814
f 1815 1814 1835
f 1664 1665 1638
f 1638 1665 1637
f 1638 1637 1677
f 1677 1637 1676
f 1677 1676 1697
f 1697 1676 1696
f 1697 1696 1717
f 1717 1696 1716
f 1717 1716 1764
f 1764 1716 1765
f 1764 1765 1737
f 1737 1765 1736
f 1737 1736 1777
f 1777 1736 1776
f 1777 1776 1797
f 1797 1776 1796
f 1797 1796 1816
f 1816 1796 1815
f 1816 1815 1836
f 1836 1815 1835
f 1836 1835 1883
f 1663 1664 1639
f 1639 1664 1638
f 1639 1638 1678
f 1678 1638 1677
f 1678 1677 1698
f 1698 1677 1697
f 1698 1697 1718
f 1718 1697 1717
f 1718 1717 1763
f 1763 1717 1764
f 1763 1764 1738
f 1738 1764 1737
f 1738 1737 1778
f 1778 1737 1777
f 1778 1777 1798
f 1798 1777 1797
f 1798 1797 1817
f 1817 1797 1816
f 1817 1816 1837
f 1837 1816 1836
f 1837 1836 1882
f 1882 1836 1883
f 1882 1883 1857
f 1662 1663 1640
f 1640 1663 1639
f 1640 1639 1679
f 1679 1639 1678
f 1679 1678 1699
f 1699 1678 1698
f 1699 1698 1719
f 1719 1698 1718
f 1719 1718 1762
f 1762 1718 1763
f 1762 1763 1739
f 1739 1763 1738
f 1739 1738 1779
f 1779 1738 1778
f 1779 1778 1799
f 1799 1778 1798
f 1799 1798 1818
f 1818 1798 1817
f 1818 1817 1838
f 1838 1817 1837
f 1838 1837 1881
f 1881 1837 1882
f 1881 1882 1858
f 1858 1882 1857
f 1858 1857 1908
f 1661 1662 1641
f 1641 1662 1640
f 1641 1640 1680
f 1680 1640 1679
f 1680 1679 1700
f 1700 1679 1699
f 1700 1699 1720
f 1720 1699 1719
f 1720 1719 1761
f 1761 1719 1762
f 1761 1762 1740
f 1740 1762 1739
f 1740 1739 1780
f 1780 1739 1779
f 1780 1779 1800
f 1800 1779 1799
f 1800 1799 1819
f 1819 1799 1818
f 1819 1818 1839
f 1839 1818 1838
f 1839 1838 1880
f 1880 1838 1881
f 1880 1881 1859
f 1859 1881 1858
f 1859 1858 1907
f 1907 1858 1908
f 1907 1908 1898
f 1660 1661 1642
f 1642 1661 1641
f 1642 1641 1681
f 1681 1641 1680
f 1681 1680 1701
f 1701 1680 1700
f 1701 1700 1721
f 1721 1700 1720
f 1721 1720 1760
f 1760 1720 1761
f 1760 1761 1741
f 1741 1761 1740
f 1741 1740 1781
f 1781 1740 1780
f 1781 1780 1801
f 1801 1780 1800
f 1801 1800 1820
f 1820 1800 1819
f 1820 1819 1840
f 1840 1819 1839
f 1840 1839 1879
f 1879 1839 1880
f 1879 1880 1860
f 1860 1880 1859
f 1860 1859 1906
f 1906 1859 1907
f 1906 1907 1899
f 1899 1907 1898
f 1659 1660 1643
f 1643 1660 1642
f 1643 1642 1682
f 1682 1642 1681
f 1682 1681 1702
f 1702 1681 1701
f 1702 1701 1722
f 1722 1701 1721
f 1722 1721 1759
f 1759 1721 1760
f 1759 1760 1742
f 1742 1760 1741
f 1742 1741 1782
f 1782 1741 1781
f 1782 1781 1802
f 1802 1781 1801
f 1802 1801 1821
f 1821 1801 1820
f 1821 1820 1841
f 1841 1820 1840
f 1841 1840 1878
f 1878 1840 1879
f 1878 1879 1861
f 1861 1879 1860
f 1861 1860 1905
f 1905 1860 1906
f 1905 1906 1900
f 1900 1906 1899
f 1658 1659 1644
f 1644 1659 1643
f 1644 1643 1683
f 1683 1643 1682
f 1683 1682 1703
f 1703 1682 1702
f 1703 1702 1723
f 1723 1702 1722
f 1723 1722 1758
f 1758 1722 1759
f 1758 1759 1743
f 1743 1759 1742
f 1743 1742 1783
f 1783 1742 1782
f 1783 1782 1803
f 1803 1782 1802
f 1803 1802 1822
f 1822 1802 1821
f 1822 1821 1842
f 1842 1821 1841
f 1842 1841 1877
f 1877 1841 1878
f 1877 1878 1862
f 1862 1878 1861
f 1862 1861 1904
f 1904 1861 1905
f 1904 1905 1901
f 1901 1905 1900
f 1657 1658 1645
f 1645 1658 1644
f 1645 1644 1684
f 1684 1644 1683
f 1684 1683 1704
f 1704 1683 1703
f 1704 1703 1724
f 1724 1703 1723
f 1724 1723 1757
f 1757 1723 1758
f 1757 1758 1744
f 1744 1758 1743
f 1744 1743 1784
f 1784 1743 1783
f 1784 1783 1804
f 1804 1783 1803
f 1804 1803 1823
f 1823 1803 1822
f 1823 1822 1843
f 1843 1822 1842
f 1843 1842 1876
f 1876 1842 1877
f 1876 1877 1863
f 1863 1877 1862
f 1863 1862 1903
f 1903 1862 1904
f 1903 1904 1902
f 1902 1904 1901
f 1656 1646 1647
f 1647 1646 1686
f 1647 1686 1687
f 1687 1686 1707
f 1687 1707 1708
f 1708 1707 1728
f 1708 1728 1729
f 1729 1728 1752
f 1729 1752 1751
f 1751 1752 1750
f 1686 1646 1685
f 1549 1652 1651
f 1686 1685 1706
f 1706 1685 1705
f 1706 1705 1726
f 1726 1705 1725
f 1726 1725 1755
f 1755 1725 1756
f 1755 1756 1746
f 1746 1756 1745
f 1746 1745 1786
f 1786 1745 1785
f 1786 1785 1806
f 1806 1785 1805
f 1806 1805 1825
f 1825 1805 1824
f 1686 1706 1707
f 1707 1706 1727
f 1707 1727 1728
f 1728 1727 1753
f 1728 1753 1752
f 1752 1753 1749
f 1752 1749 1750
f 1750 1749 1790
f 1727 1706 1726
f 1727 1726 1754
f 1754 1726 1755
f 1754 1755 1747
f 1747 1755 1746
f 1747 1746 1787
f 1787 1746 1786
f 1787 1786 1807
f 1807 1786 1806
f 1807 1806 1826
f 1826 1806 1825
f 1747 1748 1754
f 1754 1748 1753
f 1754 1753 1727
f 1753 1748 1749
f 1749 1748 1789
f 1749 1789 1790
f 1790 1789 1551
f 1748 1747 1788
f 1788 1747 1787
f 1788 1787 1808
f 1808 1787 1807
f 1808 1807 1827
f 1827 1807 1826
f 1748 1788 1789
f 1789 1788 1809
f 1789 1809 1551
f 1551 1809 1829
f 1809 1788 1808
f 1827 1828 1808
f 1808 1828 1809
f 1828 1829 1809
f 1875 1874 1844
f 1844 1874 1845
f 1874 1873 1845
f 1845 1873 1846
f 1873 1872 1846
f 1846 1872 1847
f 1870 1849 1848
f 1872 1871 1847
f 1847 1871 1848
f 1871 1870 1848
f 1850 1851 1552
f 1552 1851 1888
f 1552 1888 1830
f 1888 1851 1852
f 1852 1851 1914
f 1852 1914 1913
f 1913 1914 1892
f 1913 1892 1893
f 1851 1850 1915
f 1915 1850 1916
f 1915 1916 1890
f 1553 1917 1864
f 1864 1917 1865
f 1917 1918 1865
f 1865 1918 1866
f 1918 1919 1866
f 1866 1919 1867
f 1921 1869 1868
f 1919 1920 1867
f 1867 1920 1868
f 1920 1921 1868
f 1890 1891 1915
f 1915 1891 1914
f 1915 1914 1851
f 1891 1892 1914
f 1152 1437 1156
f 1156 1437 1527
f 1527 1437 1937
f 1527 1937 1530
f 1530 1937 1938
f 1530 1938 1939
f 1939 1938 1953
f 1939 1953 1954
f 1954 1953 1994
f 1954 1994 1993
f 1993 1994 1970
f 1993 1970 1971
f 1971 1970 2001
f 1971 2001 2002
f 2002 2001 2035
f 2002 2035 2034
f 2034 2035 2018
f 2034 2018 2019
f 2019 2018 2047
f 2019 2047 2048
f 2048 2047 2063
f 2048 2063 2064
f 2064 2063 2079
f 2064 2079 2080
f 2080 2079 2094
f 2080 2094 2095
f 2095 2094 2116
f 2095 2116 2115
f 2115 2116 2111
f 2115 2111 2112
f 2112 2111 2141
f 2112 2141 2142
f 2142 2141 2158
f 2142 2158 852
f 852 2158 854
f 854 2158 2157
f 854 2157 344
f 344 2157 346
f 346 2157 2156
f 346 2156 349
f 349 2156 2155
f 349 2155 350
f 350 2155 2154
f 350 2154 2153
f 2153 2154 2162
f 2153 2162 2163
f 2163 2162 2137
f 2163 2137 2136
f 2136 2137 2107
f 2136 2107 2106
f 2106 2107 2120
f 2106 2120 2121
f 2121 2120 2090
f 2121 2090 2089
f 2089 2090 2075
f 2089 2075 2074
f 2074 2075 2059
f 2074 2059 2058
f 2058 2059 2043
f 2058 2043 2042
f 2042 2043 2014
f 2042 2014 2013
f 2013 2014 2039
f 2013 2039 1934
f 1934 2039 1997
f 1934 1997 1430
f 1430 1997 1967
f 1430 1967 1431
f 1431 1967 1996
f 1431 1996 1433
f 1433 1996 1952
f 1433 1952 1435
f 1435 1952 1937
f 1435 1937 1437
f 1430 1427 1934
f 1934 1427 2012
f 1934 2012 2013
f 2013 2012 2041
f 2013 2041 2042
f 2042 2041 2057
f 2042 2057 2058
f 2058 2057 2073
f 2058 2073 2074
f 2074 2073 2088
f 2074 2088 2089
f 2089 2088 2122
f 2089 2122 2121
f 2121 2122 2105
f 2121 2105 2106
f 2106 2105 2135
f 2106 2135 2136
f 2136 2135 2164
f 2136 2164 2163
f 2163 2164 2152
f 2163 2152 2153
f 2153 2152 352
f 2153 352 350
f 1427 1425 2012
f 2012 1425 2040
f 2012 2040 2041
f 2041 2040 2056
f 2041 2056 2057
f 2057 2056 2072
f 2057 2072 2073
f 2073 2072 2087
f 2073 2087 2088
f 2088 2087 2123
f 2088 2123 2122
f 2122 2123 2104
f 2122 2104 2105
f 2105 2104 2134
f 2105 2134 2135
f 2135 2134 2165
f 2135 2165 2164
f 2164 2165 2151
f 2164 2151 2152
f 2152 2151 355
f 2152 355 352
f 1425 1423 2040
f 2040 1423 2055
f 2040 2055 2056
f 2056 2055 2071
f 2056 2071 2072
f 2072 2071 2086
f 2072 2086 2087
f 2087 2086 2124
f 2087 2124 2123
f 2123 2124 2103
f 2123 2103 2104
f 2104 2103 2133
f 2104 2133 2134
f 2134 2133 2166
f 2134 2166 2165
f 2165 2166 2150
f 2165 2150 2151
f 2151 2150 355
f 1423 1421 2055
f 2055 1421 2070
f 2055 2070 2071
f 2071 2070 2085
f 2071 2085 2086
f 2086 2085 2125
f 2086 2125 2124
f 2124 2125 2102
f 2124 2102 2103
f 2103 2102 2132
f 2103 2132 2133
f 2133 2132 2167
f 2133 2167 2166
f 2166 2167 2149
f 2166 2149 2150
f 2150 2149 358
f 2150 358 356
f 1421 1419 2070
f 2070 1419 1936
f 2070 1936 2085
f 2085 1936 2126
f 2085 2126 2125
f 2125 2126 2101
f 2125 2101 2102
f 2102 2101 2131
f 2102 2131 2132
f 2132 2131 2168
f 2132 2168 2167
f 2167 2168 2148
f 2167 2148 2149
f 2149 2148 358
f 1419 1418 1936
f 1936 1418 2127
f 1936 2127 2126
f 2126 2127 2100
f 2126 2100 2101
f 2101 2100 2130
f 2101 2130 2131
f 2131 2130 2169
f 2131 2169 2168
f 2168 2169 2147
f 2168 2147 2148
f 2148 2147 360
f 2148 360 358
f 2127 1418 2099
f 2099 1418 1927
f 2099 1927 2128
f 2128 1927 1929
f 2128 1929 2172
f 2172 1929 2143
f 2172 2143 2144
f 2144 2143 364
f 2144 364 2145
f 2145 364 362
f 2145 362 2146
f 2146 362 2147
f 2146 2147 2169
f 1929 1931 2143
f 2143 1931 367
f 2143 367 364
f 1931 369 367
f 362 360 2147
f 356 355 2150
f 852 850 2142
f 2142 850 2113
f 2142 2113 2112
f 2112 2113 2114
f 2112 2114 2115
f 2115 2114 2096
f 2115 2096 2095
f 2095 2096 2081
f 2095 2081 2080
f 2080 2081 2065
f 2080 2065 2064
f 2064 2065 2049
f 2064 2049 2048
f 2048 2049 2020
f 2048 2020 2019
f 2019 2020 2033
f 2019 2033 2034
f 2034 2033 2003
f 2034 2003 2002
f 2002 2003 1972
f 2002 1972 1971
f 1971 1972 1992
f 1971 1992 1993
f 1993 1992 1955
f 1993 1955 1954
f 1954 1955 1940
f 1954 1940 1939
f 1939 1940 1532
f 1939 1532 1530
f 850 846 2113
f 2113 846 1935
f 2113 1935 2114
f 2114 1935 2097
f 2114 2097 2096
f 2096 2097 2082
f 2096 2082 2081
f 2081 2082 2066
f 2081 2066 2065
f 2065 2066 2050
f 2065 2050 2049
f 2049 2050 2021
f 2049 2021 2020
f 2020 2021 2032
f 2020 2032 2033
f 2033 2032 2004
f 2033 2004 2003
f 2003 2004 1973
f 2003 1973 1972
f 1972 1973 1991
f 1972 1991 1992
f 1992 1991 1956
f 1992 1956 1955
f 1955 1956 1941
f 1955 1941 1940
f 1940 1941 1532
f 846 1318 1935
f 1935 1318 2098
f 1935 2098 2097
f 2097 2098 2083
f 2097 2083 2082
f 2082 2083 2067
f 2082 2067 2066
f 2066 2067 2051
f 2066 2051 2050
f 2050 2051 2022
f 2050 2022 2021
f 2021 2022 2031
f 2021 2031 2032
f 2032 2031 2005
f 2032 2005 2004
f 2004 2005 1974
f 2004 1974 1973
f 1973 1974 1990
f 1973 1990 1991
f 1991 1990 1957
f 1991 1957 1956
f 1956 1957 1942
f 1956 1942 1941
f 1941 1942 1534
f 1941 1534 1532
f 2098 1318 2084
f 2084 1318 1316
f 2084 1316 2069
f 2069 1316 1314
f 2069 1314 2054
f 2054 1314 1312
f 2054 1312 1311
f 1309 1933 1311
f 1311 1933 2026
f 1311 2026 2054
f 2054 2026 2025
f 2054 2025 2053
f 2053 2025 2024
f 2053 2024 2052
f 2052 2024 2023
f 2052 2023 2051
f 2051 2023 2022
f 1933 1309 2011
f 2011 1309 1306
f 2011 1306 1981
f 1981 1306 1304
f 1981 1304 1982
f 1982 1304 1966
f 1982 1966 1965
f 1965 1966 1950
f 1965 1950 1949
f 1949 1950 1545
f 1949 1545 1543
f 1304 1303 1966
f 1966 1303 1951
f 1966 1951 1950
f 1950 1951 1548
f 1950 1548 1545
f 1303 1300 1951
f 1951 1300 1092
f 1951 1092 1548
f 1548 1092 1088
f 1542 1947 1543
f 1543 1947 1948
f 1543 1948 1949
f 1949 1948 1964
f 1949 1964 1965
f 1965 1964 1983
f 1965 1983 1982
f 1982 1983 1981
f 1947 1542 1946
f 1946 1542 1540
f 1946 1540 1945
f 1945 1540 1944
f 1945 1944 1960
f 1960 1944 1959
f 1960 1959 1988
f 1988 1959 1989
f 1988 1989 1975
f 1975 1989 1974
f 1975 1974 2005
f 1540 1537 1944
f 1944 1537 1535
f 1944 1535 1943
f 1943 1535 1942
f 1943 1942 1957
f 1535 1534 1942
f 1953 1938 1952
f 1952 1938 1937
f 1944 1943 1958
f 1958 1943 1957
f 1958 1957 1990
f 1946 1945 1961
f 1961 1945 1960
f 1961 1960 1987
f 1987 1960 1988
f 1987 1988 1976
f 1976 1988 1975
f 1976 1975 2006
f 2006 1975 2005
f 2006 2005 2031
f 1947 1946 1962
f 1962 1946 1961
f 1962 1961 1986
f 1986 1961 1987
f 1986 1987 1977
f 1977 1987 1976
f 1977 1976 2007
f 2007 1976 2006
f 2007 2006 2030
f 2030 2006 2031
f 2030 2031 2022
f 1948 1947 1963
f 1963 1947 1962
f 1963 1962 1985
f 1985 1962 1986
f 1985 1986 1978
f 1978 1986 1977
f 1978 1977 2008
f 2008 1977 2007
f 2008 2007 2029
f 2029 2007 2030
f 2029 2030 2023
f 2023 2030 2022
f 1953 1952 1995
f 1995 1952 1996
f 1995 1996 1968
f 1968 1996 1967
f 1968 1967 1998
f 1998 1967 1997
f 1998 1997 2039
f 1989 1959 1958
f 1958 1959 1944
f 1989 1958 1990
f 1948 1963 1964
f 1964 1963 1984
f 1964 1984 1983
f 1983 1984 1980
f 1983 1980 1981
f 1981 1980 2011
f 1984 1963 1985
f 1968 1969 1995
f 1995 1969 1994
f 1995 1994 1953
f 1994 1969 1970
f 1970 1969 2000
f 1970 2000 2001
f 2001 2000 2036
f 2001 2036 2035
f 2035 2036 2017
f 2035 2017 2018
f 2018 2017 2046
f 2018 2046 2047
f 2047 2046 2062
f 2047 2062 2063
f 2063 2062 2078
f 2063 2078 2079
f 2079 2078 2093
f 2079 2093 2094
f 2094 2093 2117
f 2094 2117 2116
f 2116 2117 2110
f 2116 2110 2111
f 2111 2110 2140
f 2111 2140 2141
f 2141 2140 2159
f 2141 2159 2158
f 2158 2159 2157
f 1969 1968 1999
f 1999 1968 1998
f 1999 1998 2038
f 2038 1998 2039
f 2038 2039 2014
f 1989 1990 1974
f 1984 1985 1979
f 1979 1985 1978
f 1979 1978 2009
f 2009 1978 2008
f 2009 2008 2028
f 2028 2008 2029
f 2028 2029 2024
f 2024 2029 2023
f 1984 1979 1980
f 1980 1979 2010
f 1980 2010 2011
f 2011 2010 1933
f 2010 1979 2009
f 1969 1999 2000
f 2000 1999 2037
f 2000 2037 2036
f 2036 2037 2016
f 2036 2016 2017
f 2017 2016 2045
f 2017 2045 2046
f 2046 2045 2061
f 2046 2061 2062
f 2062 2061 2077
f 2062 2077 2078
f 2078 2077 2092
f 2078 2092 2093
f 2093 2092 2118
f 2093 2118 2117
f 2117 2118 2109
f 2117 2109 2110
f 2110 2109 2139
f 2110 2139 2140
f 2140 2139 2160
f 2140 2160 2159
f 2159 2160 2156
f 2159 2156 2157
f 2037 1999 2038
f 2010 2009 2027
f 2027 2009 2028
f 2027 2028 2025
f 2025 2028 2024
f 2037 2038 2015
f 2015 2038 2014
f 2015 2014 2043
f 2037 2015 2016
f 2016 2015 2044
f 2016 2044 2045
f 2045 2044 2060
f 2045 2060 2061
f 2061 2060 2076
f 2061 2076 2077
f 2077 2076 2091
f 2077 2091 2092
f 2092 2091 2119
f 2092 2119 2118
f 2118 2119 2108
f 2118 2108 2109
f 2109 2108 2138
f 2109 2138 2139
f 2139 2138 2161
f 2139 2161 2160
f 2160 2161 2155
f 2160 2155 2156
f 2044 2015 2043
f 2025 2026 2027
f 2027 2026 1933
f 2027 1933 2010
f 2060 2044 2059
f 2059 2044 2043
f 2051 2067 2052
f 2052 2067 2068
f 2052 2068 2053
f 2053 2068 2069
f 2053 2069 2054
f 2076 2060 2075
f 2075 2060 2059
f 2084 2069 2068
f 2084 2068 2083
f 2083 2068 2067
f 2091 2076 2090
f 2090 2076 2075
f 2098 2084 2083
f 2119 2091 2120
f 2120 2091 2090
f 2127 2099 2100
f 2100 2099 2129
f 2100 2129 2130
f 2130 2129 2170
f 2130 2170 2169
f 2169 2170 2146
f 2119 2120 2107
f 2119 2107 2108
f 2108 2107 2137
f 2108 2137 2138
f 2138 2137 2162
f 2138 2162 2161
f 2161 2162 2154
f 2161 2154 2155
f 2099 2128 2129
f 2129 2128 2171
f 2129 2171 2170
f 2170 2171 2145
f 2170 2145 2146
f 2172 2144 2171
f 2171 2144 2145
f 2128 2172 2171
f 730 774 1439
f 1439 774 2193
f 1439 2193 2248
f 2248 2193 2192
f 2248 2192 2247
f 2247 2192 2191
f 2247 2191 2246
f 2246 2191 2190
f 2246 2190 2245
f 2245 2190 2189
f 2245 2189 2244
f 2244 2189 2188
f 2244 2188 2184
f 2184 2188 886
f 2184 886 884
f 774 771 2193
f 2193 771 2192
f 771 769 2192
f 2192 769 2191
f 769 768 2191
f 2191 768 765
f 2191 765 2190
f 2190 765 762
f 2190 762 761
f 758 886 761
f 761 886 2188
f 761 2188 2189
f 883 2194 884
f 884 2194 2204
f 884 2204 2184
f 2184 2204 2203
f 2184 2203 2244
f 2244 2203 2202
f 2244 2202 2245
f 2245 2202 2201
f 2245 2201 2246
f 2246 2201 2200
f 2246 2200 2247
f 2247 2200 2183
f 2247 2183 2248
f 2248 2183 1439
f 2194 883 2205
f 2205 883 880
f 2205 880 2211
f 2211 880 878
f 2211 878 2212
f 2212 878 2217
f 2212 2217 2218
f 2218 2217 2223
f 2218 2223 2224
f 2224 2223 2230
f 2224 2230 2231
f 2231 2230 2239
f 2231 2239 2187
f 2187 2239 2238
f 2187 2238 1448
f 1448 2238 1451
f 1451 2238 2181
f 2181 2238 2237
f 2181 2237 2180
f 2180 2237 2236
f 2180 2236 2178
f 2178 2236 2235
f 2178 2235 2234
f 2234 2235 2242
f 2234 2242 2243
f 2243 2242 2227
f 2243 2227 872
f 872 2227 874
f 874 2227 2221
f 874 2221 876
f 876 2221 2222
f 876 2222 2216
f 2216 2222 2217
f 2216 2217 878
f 878 876 2216
f 2243 872 2233
f 2233 872 871
f 2233 871 2173
f 2173 871 865
f 2173 2176 2233
f 2233 2176 2234
f 2233 2234 2243
f 2176 2178 2234
f 1446 2186 1448
f 1448 2186 2226
f 1448 2226 2232
f 2232 2226 2225
f 2232 2225 2231
f 2231 2225 2224
f 2186 1446 2185
f 2185 1446 1443
f 2185 1443 2210
f 2210 1443 2199
f 2210 2199 2198
f 2198 2199 2200
f 2198 2200 2201
f 1443 1442 2199
f 2199 1442 2183
f 2199 2183 2200
f 1442 1439 2183
f 2231 2187 2232
f 2232 2187 1448
f 2190 761 2189
f 2203 2204 2195
f 2195 2204 2194
f 2195 2194 2206
f 2206 2194 2205
f 2206 2205 2212
f 2212 2205 2211
f 2202 2203 2196
f 2196 2203 2195
f 2196 2195 2207
f 2207 2195 2206
f 2207 2206 2213
f 2213 2206 2212
f 2213 2212 2218
f 2201 2202 2197
f 2197 2202 2196
f 2197 2196 2208
f 2208 2196 2207
f 2208 2207 2214
f 2214 2207 2213
f 2214 2213 2219
f 2219 2213 2218
f 2219 2218 2224
f 2201 2197 2198
f 2198 2197 2209
f 2198 2209 2210
f 2210 2209 2185
f 2209 2197 2208
f 2209 2208 2215
f 2215 2208 2214
f 2215 2214 2220
f 2220 2214 2219
f 2220 2219 2225
f 2225 2219 2224
f 2186 2185 2215
f 2215 2185 2209
f 2186 2215 2220
f 2223 2217 2222
f 2226 2186 2220
f 2226 2220 2225
f 2222 2221 2228
f 2228 2221 2227
f 2228 2227 2242
f 2223 2222 2229
f 2229 2222 2228
f 2229 2228 2241
f 2241 2228 2242
f 2241 2242 2235
f 2223 2229 2230
f 2230 2229 2240
f 2230 2240 2239
f 2239 2240 2237
f 2239 2237 2238
f 2240 2229 2241
f 2240 2241 2236
f 2236 2241 2235
f 2236 2237 2240
f 1513 2306 1516
f 1516 2306 2293
f 1516 2293 2291
f 2291 2293 2294
f 2291 2294 2290
f 2290 2294 2334
f 2290 2334 2344
f 2344 2334 2333
f 2344 2333 2343
f 2343 2333 2332
f 2343 2332 2342
f 2342 2332 2331
f 2342 2331 2341
f 2341 2331 2330
f 2341 2330 2340
f 2340 2330 2329
f 2340 2329 2339
f 2339 2329 2328
f 2339 2328 2338
f 2338 2328 2327
f 2338 2327 2337
f 2337 2327 2326
f 2337 2326 2336
f 2336 2326 2325
f 2336 2325 2335
f 2335 2325 2255
f 2335 2255 2258
f 1510 2304 1513
f 1513 2304 2305
f 1513 2305 2306
f 2306 2305 2293
f 1509 2302 1510
f 1510 2302 2303
f 1510 2303 2304
f 2304 2303 2314
f 2304 2314 2315
f 2315 2314 2324
f 2315 2324 2294
f 2294 2324 2334
f 2302 1509 2301
f 2301 1509 1506
f 2301 1506 2300
f 2300 1506 1504
f 2300 1504 2299
f 2299 1504 1502
f 2299 1502 2298
f 2298 1502 1501
f 2298 1501 2297
f 2297 1501 1498
f 2297 1498 2249
f 2297 2249 2307
f 2307 2249 2251
f 2307 2251 2316
f 2316 2251 2254
f 2316 2254 2325
f 2325 2254 2255
f 2260 2296 2258
f 2258 2296 2345
f 2258 2345 2335
f 2335 2345 2346
f 2335 2346 2336
f 2336 2346 2347
f 2336 2347 2337
f 2337 2347 2348
f 2337 2348 2338
f 2338 2348 2349
f 2338 2349 2339
f 2339 2349 2350
f 2339 2350 2340
f 2340 2350 2351
f 2340 2351 2341
f 2341 2351 2352
f 2341 2352 2342
f 2342 2352 2353
f 2342 2353 2343
f 2343 2353 2354
f 2343 2354 2344
f 2344 2354 2288
f 2344 2288 2290
f 2263 2355 2260
f 2260 2355 2374
f 2260 2374 2296
f 2296 2374 2373
f 2296 2373 2382
f 2382 2373 2372
f 2382 2372 2381
f 2381 2372 2371
f 2381 2371 2380
f 2380 2371 2370
f 2380 2370 2379
f 2379 2370 2369
f 2379 2369 2378
f 2378 2369 2368
f 2378 2368 2377
f 2377 2368 2367
f 2377 2367 2376
f 2376 2367 2366
f 2376 2366 2375
f 2375 2366 2365
f 2375 2365 2295
f 2295 2365 2285
f 2295 2285 2288
f 2263 2264 2355
f 2355 2264 2266
f 2355 2266 2356
f 2356 2266 2357
f 2356 2357 2373
f 2373 2357 2372
f 2266 2268 2357
f 2357 2268 2358
f 2357 2358 2372
f 2372 2358 2371
f 2268 2271 2358
f 2358 2271 2359
f 2358 2359 2371
f 2371 2359 2370
f 2271 2272 2359
f 2359 2272 2360
f 2359 2360 2370
f 2370 2360 2369
f 2360 2272 2361
f 2361 2272 2275
f 2361 2275 2362
f 2362 2275 2277
f 2362 2277 2363
f 2363 2277 2278
f 2363 2278 2364
f 2364 2278 2283
f 2364 2283 2365
f 2365 2283 2285
f 2288 2354 2295
f 2295 2354 2353
f 2295 2353 2375
f 2375 2353 2352
f 2375 2352 2376
f 2376 2352 2351
f 2376 2351 2377
f 2377 2351 2350
f 2377 2350 2378
f 2378 2350 2349
f 2378 2349 2379
f 2379 2349 2348
f 2379 2348 2380
f 2380 2348 2347
f 2380 2347 2381
f 2381 2347 2346
f 2381 2346 2382
f 2382 2346 2345
f 2382 2345 2296
f 2298 2297 2308
f 2308 2297 2307
f 2308 2307 2317
f 2317 2307 2316
f 2317 2316 2326
f 2326 2316 2325
f 2299 2298 2309
f 2309 2298 2308
f 2309 2308 2318
f 2318 2308 2317
f 2318 2317 2327
f 2327 2317 2326
f 2300 2299 2310
f 2310 2299 2309
f 2310 2309 2319
f 2319 2309 2318
f 2319 2318 2328
f 2328 2318 2327
f 2301 2300 2311
f 2311 2300 2310
f 2311 2310 2320
f 2320 2310 2319
f 2320 2319 2329
f 2329 2319 2328
f 2302 2301 2312
f 2312 2301 2311
f 2312 2311 2321
f 2321 2311 2320
f 2321 2320 2330
f 2330 2320 2329
f 2303 2302 2313
f 2313 2302 2312
f 2313 2312 2322
f 2322 2312 2321
f 2322 2321 2331
f 2331 2321 2330
f 2293 2305 2315
f 2315 2305 2304
f 2303 2313 2314
f 2314 2313 2323
f 2314 2323 2324
f 2324 2323 2333
f 2324 2333 2334
f 2323 2313 2322
f 2294 2293 2315
f 2331 2332 2322
f 2322 2332 2323
f 2332 2333 2323
f 2373 2374 2356
f 2356 2374 2355
f 2368 2369 2361
f 2361 2369 2360
f 2367 2368 2362
f 2362 2368 2361
f 2366 2367 2363
f 2363 2367 2362
f 2365 2366 2364
f 2364 2366 2363
f 2182 2425 1449
f 1449 2425 2426
f 1449 2426 2412
f 2412 2426 2425
f 2412 2425 2435
f 2435 2425 2424
f 2435 2424 2434
f 2434 2424 2423
f 2434 2423 2433
f 2433 2423 2422
f 2433 2422 2432
f 2432 2422 2421
f 2432 2421 2431
f 2431 2421 2420
f 2431 2420 2430
f 2430 2420 2419
f 2430 2419 2429
f 2429 2419 2418
f 2429 2418 2428
f 2428 2418 2417
f 2428 2417 2427
f 2427 2417 2384
f 2427 2384 2386
f 2179 2423 2182
f 2182 2423 2424
f 2182 2424 2425
f 2177 2421 2179
f 2179 2421 2422
f 2179 2422 2423
f 2421 2177 2420
f 2420 2177 2175
f 2420 2175 2419
f 2419 2175 2418
f 2175 2174 2418
f 2418 2174 2417
f 2174 866 2417
f 2417 866 2384
f 2427 2386 2414
f 2414 2386 2388
f 2414 2388 2463
f 2463 2388 2445
f 2463 2445 2446
f 2446 2445 2482
f 2446 2482 2481
f 2481 2482 2466
f 2481 2466 2467
f 2467 2466 2499
f 2467 2499 2498
f 2498 2499 2488
f 2498 2488 2489
f 2489 2488 2507
f 2489 2507 2508
f 2508 2507 2525
f 2508 2525 2524
f 2524 2525 2519
f 2524 2519 2520
f 2520 2519 2411
f 2520 2411 2521
f 2521 2411 1468
f 2521 1468 1465
f 2388 2390 2445
f 2445 2390 2483
f 2445 2483 2482
f 2482 2483 2465
f 2482 2465 2466
f 2466 2465 2500
f 2466 2500 2499
f 2499 2500 2487
f 2499 2487 2488
f 2488 2487 2506
f 2488 2506 2507
f 2507 2506 2526
f 2507 2526 2525
f 2525 2526 2518
f 2525 2518 2519
f 2519 2518 2409
f 2519 2409 2411
f 2391 2416 2390
f 2390 2416 2464
f 2390 2464 2483
f 2483 2464 2465
f 2416 2391 2484
f 2484 2391 2393
f 2484 2393 2502
f 2502 2393 2395
f 2502 2395 2531
f 2531 2395 2512
f 2531 2512 2513
f 2513 2512 2402
f 2513 2402 2514
f 2514 2402 2405
f 2514 2405 2515
f 2515 2405 2516
f 2515 2516 2528
f 2528 2516 2527
f 2528 2527 2505
f 2505 2527 2506
f 2505 2506 2487
f 2395 2399 2512
f 2512 2399 2401
f 2512 2401 2402
f 2405 2406 2516
f 2516 2406 2517
f 2516 2517 2527
f 2527 2517 2526
f 2527 2526 2506
f 2406 2409 2517
f 2517 2409 2518
f 2517 2518 2526
f 2521 1465 2522
f 2522 1465 1462
f 2522 1462 2511
f 2511 1462 1461
f 2511 1461 2493
f 2493 1461 1458
f 2493 1458 2415
f 2415 1458 1457
f 2415 1457 2473
f 2473 1457 2474
f 2473 2474 2475
f 2475 2474 2453
f 2475 2453 2452
f 2452 2453 2456
f 2452 2456 2457
f 2457 2456 2441
f 2457 2441 2440
f 2440 2441 2432
f 2440 2432 2431
f 1457 1454 2474
f 2474 1454 2454
f 2474 2454 2453
f 2453 2454 2455
f 2453 2455 2456
f 2456 2455 2442
f 2456 2442 2441
f 2441 2442 2433
f 2441 2433 2432
f 2454 1454 2413
f 2413 1454 1453
f 2413 1453 2444
f 2444 1453 1449
f 2444 1449 2412
f 2428 2427 2436
f 2436 2427 2414
f 2436 2414 2462
f 2462 2414 2463
f 2462 2463 2446
f 2429 2428 2437
f 2437 2428 2436
f 2437 2436 2461
f 2461 2436 2462
f 2461 2462 2447
f 2447 2462 2446
f 2447 2446 2481
f 2430 2429 2438
f 2438 2429 2437
f 2438 2437 2460
f 2460 2437 2461
f 2460 2461 2448
f 2448 2461 2447
f 2448 2447 2480
f 2480 2447 2481
f 2480 2481 2467
f 2431 2430 2439
f 2439 2430 2438
f 2439 2438 2459
f 2459 2438 2460
f 2459 2460 2449
f 2449 2460 2448
f 2449 2448 2479
f 2479 2448 2480
f 2479 2480 2468
f 2468 2480 2467
f 2468 2467 2498
f 2433 2442 2434
f 2434 2442 2443
f 2434 2443 2435
f 2435 2443 2444
f 2435 2444 2412
f 2431 2439 2440
f 2440 2439 2458
f 2440 2458 2457
f 2457 2458 2451
f 2457 2451 2452
f 2452 2451 2476
f 2452 2476 2475
f 2475 2476 2472
f 2475 2472 2473
f 2473 2472 2415
f 2458 2439 2459
f 2413 2444 2443
f 2413 2443 2455
f 2455 2443 2442
f 2458 2459 2450
f 2450 2459 2449
f 2450 2449 2478
f 2478 2449 2479
f 2478 2479 2469
f 2469 2479 2468
f 2469 2468 2497
f 2497 2468 2498
f 2497 2498 2489
f 2458 2450 2451
f 2451 2450 2477
f 2451 2477 2476
f 2476 2477 2471
f 2476 2471 2472
f 2472 2471 2494
f 2472 2494 2415
f 2415 2494 2493
f 2477 2450 2478
f 2413 2455 2454
f 2465 2464 2501
f 2501 2464 2416
f 2501 2416 2485
f 2485 2416 2484
f 2485 2484 2503
f 2503 2484 2502
f 2503 2502 2530
f 2530 2502 2531
f 2530 2531 2513
f 2477 2478 2470
f 2470 2478 2469
f 2470 2469 2496
f 2496 2469 2497
f 2496 2497 2490
f 2490 2497 2489
f 2490 2489 2508
f 2477 2470 2471
f 2471 2470 2495
f 2471 2495 2494
f 2494 2495 2492
f 2494 2492 2493
f 2493 2492 2511
f 2495 2470 2496
f 2485 2486 2501
f 2501 2486 2500
f 2501 2500 2465
f 2505 2487 2486
f 2486 2487 2500
f 2486 2485 2504
f 2504 2485 2503
f 2504 2503 2529
f 2529 2503 2530
f 2529 2530 2514
f 2514 2530 2513
f 2495 2496 2491
f 2491 2496 2490
f 2491 2490 2509
f 2509 2490 2508
f 2509 2508 2524
f 2495 2491 2492
f 2492 2491 2510
f 2492 2510 2511
f 2511 2510 2522
f 2510 2491 2509
f 2528 2505 2504
f 2504 2505 2486
f 2528 2504 2529
f 2510 2509 2523
f 2523 2509 2524
f 2523 2524 2520
f 2528 2529 2515
f 2515 2529 2514
f 2520 2521 2523
f 2523 2521 2522
f 2523 2522 2510
f 867 2532 2383
f 2383 2532 2614
f 2383 2614 2783
f 2783 2614 2613
f 2783 2613 2784
f 2784 2613 2612
f 2784 2612 2785
f 2785 2612 2611
f 2785 2611 2786
f 2786 2611 2610
f 2786 2610 2787
f 2787 2610 2609
f 2787 2609 2788
f 2788 2609 2608
f 2788 2608 2789
f 2789 2608 2607
f 2789 2607 2790
f 2790 2607 2606
f 2790 2606 2791
f 2791 2606 2605
f 2791 2605 2792
f 2792 2605 2604
f 2792 2604 2793
f 2793 2604 2603
f 2793 2603 2794
f 2794 2603 2602
f 2794 2602 2795
f 2795 2602 2601
f 2795 2601 2796
f 2796 2601 2600
f 2796 2600 2797
f 2797 2600 2599
f 2797 2599 2798
f 2798 2599 2594
f 2798 2594 2799
f 2799 2594 2276
f 2799 2276 2648
f 2648 2276 2615
f 2648 2615 2616
f 2616 2615 2801
f 2616 2801 2802
f 2802 2801 2818
f 2802 2818 2819
f 2819 2818 2678
f 2819 2678 2677
f 2677 2678 2652
f 2677 2652 2653
f 2653 2652 2777
f 2653 2777 2776
f 2776 2777 2709
f 2776 2709 2708
f 2708 2709 2689
f 2708 2689 2690
f 2690 2689 2724
f 2690 2724 2725
f 2725 2724 2742
f 2725 2742 2743
f 2743 2742 2760
f 2743 2760 2761
f 2761 2760 2584
f 2761 2584 2587
f 2532 2534 2614
f 2614 2534 2537
f 2614 2537 2613
f 2613 2537 2612
f 2537 2539 2612
f 2612 2539 2611
f 2539 2541 2611
f 2611 2541 2610
f 2541 2543 2610
f 2610 2543 2609
f 2543 2544 2609
f 2609 2544 2608
f 2544 2546 2608
f 2608 2546 2607
f 2546 2549 2607
f 2607 2549 2606
f 2606 2549 2605
f 2605 2549 2550
f 2605 2550 2604
f 2604 2550 2552
f 2604 2552 2603
f 2603 2552 2554
f 2603 2554 2602
f 2602 2554 2556
f 2602 2556 2601
f 2601 2556 2558
f 2601 2558 2600
f 2600 2558 2561
f 2600 2561 2599
f 2599 2561 2563
f 2599 2563 2594
f 2594 2563 2564
f 2594 2564 2282
f 2282 2276 2594
f 2276 2274 2615
f 2615 2274 2800
f 2615 2800 2801
f 2801 2800 2817
f 2801 2817 2818
f 2818 2817 2679
f 2818 2679 2678
f 2678 2679 2651
f 2678 2651 2652
f 2652 2651 2778
f 2652 2778 2777
f 2777 2778 2710
f 2777 2710 2709
f 2709 2710 2688
f 2709 2688 2689
f 2689 2688 2723
f 2689 2723 2724
f 2724 2723 2741
f 2724 2741 2742
f 2742 2741 2759
f 2742 2759 2760
f 2760 2759 2583
f 2760 2583 2584
f 2273 2598 2274
f 2274 2598 2681
f 2274 2681 2596
f 2596 2681 2680
f 2596 2680 2817
f 2817 2680 2679
f 2270 2682 2273
f 2273 2682 2715
f 2273 2715 2782
f 2782 2715 2714
f 2782 2714 2781
f 2781 2714 2713
f 2781 2713 2780
f 2780 2713 2712
f 2780 2712 2779
f 2779 2712 2711
f 2779 2711 2778
f 2778 2711 2710
f 2682 2270 2716
f 2716 2270 2269
f 2716 2269 2733
f 2733 2269 2267
f 2733 2267 2750
f 2750 2267 2265
f 2750 2265 2566
f 2566 2265 2261
f 2566 2568 2750
f 2750 2568 2751
f 2750 2751 2733
f 2733 2751 2734
f 2733 2734 2716
f 2716 2734 2717
f 2716 2717 2682
f 2682 2717 2683
f 2682 2683 2715
f 2715 2683 2714
f 2568 2570 2751
f 2751 2570 2752
f 2751 2752 2734
f 2734 2752 2735
f 2734 2735 2717
f 2717 2735 2718
f 2717 2718 2683
f 2683 2718 2684
f 2683 2684 2714
f 2714 2684 2713
f 2570 2573 2752
f 2752 2573 2753
f 2752 2753 2735
f 2735 2753 2736
f 2735 2736 2718
f 2718 2736 2719
f 2718 2719 2684
f 2684 2719 2685
f 2684 2685 2713
f 2713 2685 2712
f 2753 2573 2754
f 2754 2573 2575
f 2754 2575 2755
f 2755 2575 2577
f 2755 2577 2756
f 2756 2577 2578
f 2756 2578 2757
f 2757 2578 2581
f 2757 2581 2758
f 2758 2581 2759
f 2758 2759 2741
f 2581 2583 2759
f 2761 2587 2762
f 2762 2587 2588
f 2762 2588 2763
f 2763 2588 2591
f 2763 2591 2764
f 2764 2591 2593
f 2764 2593 2765
f 2765 2593 2766
f 2765 2766 2748
f 2748 2766 2749
f 2748 2749 2731
f 2731 2749 2732
f 2731 2732 2697
f 2697 2732 2698
f 2697 2698 2700
f 2700 2698 2699
f 2700 2699 2767
f 2767 2699 2597
f 2767 2597 2663
f 2663 2597 2664
f 2663 2664 2666
f 2666 2664 2665
f 2666 2665 2831
f 2831 2665 2816
f 2831 2816 2815
f 2815 2816 2595
f 2815 2595 2630
f 2630 2595 2631
f 2630 2631 2633
f 2633 2631 2632
f 2633 2632 2784
f 2784 2632 2783
f 2593 2397 2766
f 2766 2397 2396
f 2766 2396 2749
f 2749 2396 2394
f 2749 2394 2732
f 2732 2394 2392
f 2732 2392 2698
f 2698 2392 2389
f 2698 2389 2699
f 2699 2389 2597
f 2389 2387 2597
f 2597 2387 2664
f 2385 2595 2387
f 2387 2595 2816
f 2387 2816 2665
f 2383 2783 2385
f 2385 2783 2632
f 2385 2632 2631
f 2595 2385 2631
f 2664 2387 2665
f 2800 2274 2596
f 2273 2782 2598
f 2598 2782 2781
f 2598 2781 2649
f 2649 2781 2780
f 2649 2780 2650
f 2650 2780 2779
f 2650 2779 2651
f 2651 2779 2778
f 2616 2617 2647
f 2647 2617 2646
f 2647 2646 2798
f 2798 2646 2797
f 2617 2618 2646
f 2646 2618 2645
f 2646 2645 2797
f 2797 2645 2796
f 2616 2802 2617
f 2617 2802 2803
f 2617 2803 2618
f 2618 2803 2804
f 2618 2804 2619
f 2619 2804 2805
f 2619 2805 2620
f 2620 2805 2806
f 2620 2806 2621
f 2621 2806 2807
f 2621 2807 2622
f 2622 2807 2808
f 2622 2808 2623
f 2623 2808 2809
f 2623 2809 2624
f 2624 2809 2810
f 2624 2810 2625
f 2625 2810 2811
f 2625 2811 2626
f 2626 2811 2812
f 2626 2812 2627
f 2627 2812 2813
f 2627 2813 2628
f 2628 2813 2814
f 2628 2814 2629
f 2629 2814 2815
f 2629 2815 2630
f 2618 2619 2645
f 2645 2619 2644
f 2645 2644 2796
f 2796 2644 2795
f 2619 2620 2644
f 2644 2620 2643
f 2644 2643 2795
f 2795 2643 2794
f 2620 2621 2643
f 2643 2621 2642
f 2643 2642 2794
f 2794 2642 2793
f 2621 2622 2642
f 2642 2622 2641
f 2642 2641 2793
f 2793 2641 2792
f 2622 2623 2641
f 2641 2623 2640
f 2641 2640 2792
f 2792 2640 2791
f 2623 2624 2640
f 2640 2624 2639
f 2640 2639 2791
f 2791 2639 2790
f 2624 2625 2639
f 2639 2625 2638
f 2639 2638 2790
f 2790 2638 2789
f 2625 2626 2638
f 2638 2626 2637
f 2638 2637 2789
f 2789 2637 2788
f 2626 2627 2637
f 2637 2627 2636
f 2637 2636 2788
f 2788 2636 2787
f 2627 2628 2636
f 2636 2628 2635
f 2636 2635 2787
f 2787 2635 2786
f 2628 2629 2635
f 2635 2629 2634
f 2635 2634 2786
f 2786 2634 2785
f 2629 2630 2634
f 2634 2630 2633
f 2634 2633 2785
f 2785 2633 2784
f 2799 2648 2647
f 2647 2648 2616
f 2799 2647 2798
f 2680 2681 2649
f 2649 2681 2598
f 2679 2680 2650
f 2650 2680 2649
f 2650 2651 2679
f 2653 2654 2676
f 2676 2654 2675
f 2676 2675 2821
f 2821 2675 2822
f 2821 2822 2805
f 2805 2822 2806
f 2654 2655 2675
f 2675 2655 2674
f 2675 2674 2822
f 2822 2674 2823
f 2822 2823 2806
f 2806 2823 2807
f 2653 2776 2654
f 2654 2776 2775
f 2654 2775 2655
f 2655 2775 2774
f 2655 2774 2656
f 2656 2774 2773
f 2656 2773 2657
f 2657 2773 2772
f 2657 2772 2658
f 2658 2772 2771
f 2658 2771 2659
f 2659 2771 2770
f 2659 2770 2660
f 2660 2770 2769
f 2660 2769 2661
f 2661 2769 2768
f 2661 2768 2662
f 2662 2768 2767
f 2662 2767 2663
f 2655 2656 2674
f 2674 2656 2673
f 2674 2673 2823
f 2823 2673 2824
f 2823 2824 2807
f 2807 2824 2808
f 2656 2657 2673
f 2673 2657 2672
f 2673 2672 2824
f 2824 2672 2825
f 2824 2825 2808
f 2808 2825 2809
f 2657 2658 2672
f 2672 2658 2671
f 2672 2671 2825
f 2825 2671 2826
f 2825 2826 2809
f 2809 2826 2810
f 2658 2659 2671
f 2671 2659 2670
f 2671 2670 2826
f 2826 2670 2827
f 2826 2827 2810
f 2810 2827 2811
f 2659 2660 2670
f 2670 2660 2669
f 2670 2669 2827
f 2827 2669 2828
f 2827 2828 2811
f 2811 2828 2812
f 2660 2661 2669
f 2669 2661 2668
f 2669 2668 2828
f 2828 2668 2829
f 2828 2829 2812
f 2812 2829 2813
f 2661 2662 2668
f 2668 2662 2667
f 2668 2667 2829
f 2829 2667 2830
f 2829 2830 2813
f 2813 2830 2814
f 2662 2663 2667
f 2667 2663 2666
f 2667 2666 2830
f 2830 2666 2831
f 2830 2831 2814
f 2814 2831 2815
f 2653 2676 2677
f 2677 2676 2820
f 2677 2820 2819
f 2819 2820 2803
f 2819 2803 2802
f 2820 2676 2821
f 2817 2800 2596
f 2711 2712 2686
f 2686 2712 2685
f 2686 2685 2720
f 2720 2685 2719
f 2720 2719 2737
f 2737 2719 2736
f 2737 2736 2754
f 2754 2736 2753
f 2710 2711 2687
f 2687 2711 2686
f 2687 2686 2721
f 2721 2686 2720
f 2721 2720 2738
f 2738 2720 2737
f 2738 2737 2755
f 2755 2737 2754
f 2710 2687 2688
f 2688 2687 2722
f 2688 2722 2723
f 2723 2722 2740
f 2723 2740 2741
f 2741 2740 2758
f 2722 2687 2721
f 2690 2691 2707
f 2707 2691 2706
f 2707 2706 2774
f 2774 2706 2773
f 2691 2692 2706
f 2706 2692 2705
f 2706 2705 2773
f 2773 2705 2772
f 2690 2725 2691
f 2691 2725 2726
f 2691 2726 2692
f 2692 2726 2727
f 2692 2727 2693
f 2693 2727 2728
f 2693 2728 2694
f 2694 2728 2729
f 2694 2729 2695
f 2695 2729 2730
f 2695 2730 2696
f 2696 2730 2731
f 2696 2731 2697
f 2692 2693 2705
f 2705 2693 2704
f 2705 2704 2772
f 2772 2704 2771
f 2693 2694 2704
f 2704 2694 2703
f 2704 2703 2771
f 2771 2703 2770
f 2694 2695 2703
f 2703 2695 2702
f 2703 2702 2770
f 2770 2702 2769
f 2695 2696 2702
f 2702 2696 2701
f 2702 2701 2769
f 2769 2701 2768
f 2696 2697 2701
f 2701 2697 2700
f 2701 2700 2768
f 2768 2700 2767
f 2690 2707 2708
f 2708 2707 2775
f 2708 2775 2776
f 2775 2707 2774
f 2722 2721 2739
f 2739 2721 2738
f 2739 2738 2756
f 2756 2738 2755
f 2725 2743 2726
f 2726 2743 2744
f 2726 2744 2727
f 2727 2744 2745
f 2727 2745 2728
f 2728 2745 2746
f 2728 2746 2729
f 2729 2746 2747
f 2729 2747 2730
f 2730 2747 2748
f 2730 2748 2731
f 2722 2739 2740
f 2740 2739 2757
f 2740 2757 2758
f 2757 2739 2756
f 2743 2761 2744
f 2744 2761 2762
f 2744 2762 2745
f 2745 2762 2763
f 2745 2763 2746
f 2746 2763 2764
f 2746 2764 2747
f 2747 2764 2765
f 2747 2765 2748
f 2821 2805 2804
f 2821 2804 2820
f 2820 2804 2803
f 1134 781 2868
f 2868 781 778
f 2868 778 2882
f 2882 778 2861
f 2882 2861 2905
f 2905 2861 2904
f 2905 2904 2926
f 2926 2904 2927
f 2926 2927 2919
f 2919 2927 2918
f 2919 2918 2955
f 2955 2918 2956
f 2955 2956 2949
f 2949 2956 2948
f 2949 2948 3031
f 3031 2948 3032
f 3031 3032 3025
f 3025 3032 3024
f 3025 3024 3002
f 3002 3024 3003
f 3002 3003 2988
f 2988 3003 2989
f 2988 2989 2976
f 2976 2989 2975
f 2976 2975 386
f 386 2975 388
f 388 2975 2974
f 388 2974 390
f 390 2974 2973
f 390 2973 391
f 391 2973 2972
f 391 2972 394
f 394 2972 2971
f 394 2971 396
f 396 2971 2970
f 396 2970 398
f 398 2970 2969
f 398 2969 400
f 400 2969 2968
f 400 2968 401
f 401 2968 2967
f 401 2967 404
f 404 2967 2859
f 2859 2967 2998
f 2859 2998 3013
f 3013 2998 3012
f 3013 3012 2867
f 2867 3012 3015
f 2867 3015 3014
f 3014 3015 3041
f 3014 3041 2938
f 2938 3041 2939
f 2938 2939 2966
f 2966 2939 2965
f 2966 2965 2864
f 2864 2965 2909
f 2864 2909 2937
f 2937 2909 2936
f 2937 2936 2862
f 2862 2936 2895
f 2862 2895 2872
f 2872 2895 2873
f 2872 2873 2894
f 2894 2873 2893
f 2894 2893 2848
f 2848 2893 2846
f 2846 2893 2892
f 2846 2892 2844
f 2844 2892 2891
f 2844 2891 2842
f 2842 2891 2890
f 2842 2890 2840
f 2840 2890 2889
f 2840 2889 2838
f 2838 2889 2888
f 2838 2888 2837
f 2837 2888 2887
f 2837 2887 2835
f 2835 2887 2886
f 2835 2886 2885
f 2885 2886 2881
f 2885 2881 2861
f 2861 2881 2904
f 776 2833 778
f 778 2833 2861
f 2861 2833 2885
f 2885 2833 2835
f 2848 2281 2894
f 2894 2281 2850
f 2894 2850 2872
f 2872 2850 2852
f 2872 2852 2862
f 2862 2852 2854
f 2862 2854 2937
f 2937 2854 2864
f 2854 2857 2864
f 2864 2857 2966
f 2859 3014 2857
f 2857 3014 2938
f 2857 2938 2966
f 386 384 2976
f 2976 384 2977
f 2976 2977 2988
f 2988 2977 2987
f 2988 2987 3002
f 3002 2987 3001
f 3002 3001 3025
f 3025 3001 3026
f 3025 3026 3031
f 3031 3026 3030
f 3031 3030 2949
f 2949 3030 2950
f 2949 2950 2955
f 2955 2950 2954
f 2955 2954 2919
f 2919 2954 2920
f 2919 2920 2926
f 2926 2920 2925
f 2926 2925 2905
f 2905 2925 2906
f 2905 2906 2882
f 2882 2906 2883
f 2882 2883 2868
f 2868 2883 2869
f 2868 2869 1134
f 1134 2869 1135
f 1135 2869 2870
f 1135 2870 1137
f 1137 2870 2871
f 1137 2871 2860
f 2860 2871 2870
f 2860 2870 2884
f 2884 2870 2869
f 2884 2869 2883
f 384 381 2977
f 2977 381 379
f 2977 379 2978
f 2978 379 2979
f 2978 2979 2986
f 2986 2979 2985
f 2986 2985 3000
f 3000 2985 2999
f 3000 2999 3027
f 3027 2999 3028
f 3027 3028 3029
f 3029 3028 2865
f 3029 2865 2951
f 2951 2865 2952
f 2951 2952 2953
f 2953 2952 2863
f 2953 2863 2921
f 2921 2863 2922
f 2921 2922 2924
f 2924 2922 2923
f 2924 2923 2907
f 2907 2923 2908
f 2907 2908 2884
f 2884 2908 2860
f 379 378 2979
f 2979 378 2980
f 2979 2980 2985
f 2985 2980 2984
f 2985 2984 2999
f 2999 2984 2866
f 2999 2866 3028
f 3028 2866 1404
f 3028 1404 2865
f 2865 1404 1402
f 2865 1402 2952
f 2952 1402 2863
f 378 375 2980
f 2980 375 374
f 2980 374 2981
f 2981 374 372
f 2981 372 2982
f 2982 372 370
f 2982 370 1408
f 1408 370 1932
f 1408 1932 1411
f 1411 1932 1413
f 1413 1932 1930
f 1413 1930 1415
f 1415 1930 1928
f 1415 1928 1417
f 2982 1408 2983
f 2983 1408 1407
f 2983 1407 2866
f 2866 1407 1404
f 1402 1400 2863
f 2863 1400 2922
f 2922 1400 2923
f 2923 1400 1398
f 2923 1398 2908
f 2908 1398 2860
f 1398 1137 2860
f 3014 2859 2867
f 2867 2859 3013
f 2892 2893 2874
f 2874 2893 2873
f 2874 2873 2896
f 2896 2873 2895
f 2896 2895 2935
f 2935 2895 2936
f 2935 2936 2910
f 2910 2936 2909
f 2910 2909 2964
f 2964 2909 2965
f 2964 2965 2940
f 2940 2965 2939
f 2940 2939 3040
f 3040 2939 3041
f 3040 3041 3016
f 3016 3041 3015
f 3016 3015 3011
f 3011 3015 3012
f 3011 3012 2997
f 2997 3012 2998
f 2997 2998 2968
f 2968 2998 2967
f 2891 2892 2875
f 2875 2892 2874
f 2875 2874 2897
f 2897 2874 2896
f 2897 2896 2934
f 2934 2896 2935
f 2934 2935 2911
f 2911 2935 2910
f 2911 2910 2963
f 2963 2910 2964
f 2963 2964 2941
f 2941 2964 2940
f 2941 2940 3039
f 3039 2940 3040
f 3039 3040 3017
f 3017 3040 3016
f 3017 3016 3010
f 3010 3016 3011
f 3010 3011 2996
f 2996 3011 2997
f 2996 2997 2969
f 2969 2997 2968
f 2890 2891 2876
f 2876 2891 2875
f 2876 2875 2898
f 2898 2875 2897
f 2898 2897 2933
f 2933 2897 2934
f 2933 2934 2912
f 2912 2934 2911
f 2912 2911 2962
f 2962 2911 2963
f 2962 2963 2942
f 2942 2963 2941
f 2942 2941 3038
f 3038 2941 3039
f 3038 3039 3018
f 3018 3039 3017
f 3018 3017 3009
f 3009 3017 3010
f 3009 3010 2995
f 2995 3010 2996
f 2995 2996 2970
f 2970 2996 2969
f 2889 2890 2877
f 2877 2890 2876
f 2877 2876 2899
f 2899 2876 2898
f 2899 2898 2932
f 2932 2898 2933
f 2932 2933 2913
f 2913 2933 2912
f 2913 2912 2961
f 2961 2912 2962
f 2961 2962 2943
f 2943 2962 2942
f 2943 2942 3037
f 3037 2942 3038
f 3037 3038 3019
f 3019 3038 3018
f 3019 3018 3008
f 3008 3018 3009
f 3008 3009 2994
f 2994 3009 2995
f 2994 2995 2971
f 2971 2995 2970
f 2888 2889 2878
f 2878 2889 2877
f 2878 2877 2900
f 2900 2877 2899
f 2900 2899 2931
f 2931 2899 2932
f 2931 2932 2914
f 2914 2932 2913
f 2914 2913 2960
f 2960 2913 2961
f 2960 2961 2944
f 2944 2961 2943
f 2944 2943 3036
f 3036 2943 3037
f 3036 3037 3020
f 3020 3037 3019
f 3020 3019 3007
f 3007 3019 3008
f 3007 3008 2993
f 2993 3008 2994
f 2993 2994 2972
f 2972 2994 2971
f 2887 2888 2879
f 2879 2888 2878
f 2879 2878 2901
f 2901 2878 2900
f 2901 2900 2930
f 2930 2900 2931
f 2930 2931 2915
f 2915 2931 2914
f 2915 2914 2959
f 2959 2914 2960
f 2959 2960 2945
f 2945 2960 2944
f 2945 2944 3035
f 3035 2944 3036
f 3035 3036 3021
f 3021 3036 3020
f 3021 3020 3006
f 3006 3020 3007
f 3006 3007 2992
f 2992 3007 2993
f 2992 2993 2973
f 2973 2993 2972
f 2886 2887 2880
f 2880 2887 2879
f 2880 2879 2902
f 2902 2879 2901
f 2902 2901 2929
f 2929 2901 2930
f 2929 2930 2916
f 2916 2930 2915
f 2916 2915 2958
f 2958 2915 2959
f 2958 2959 2946
f 2946 2959 2945
f 2946 2945 3034
f 3034 2945 3035
f 3034 3035 3022
f 3022 3035 3021
f 3022 3021 3005
f 3005 3021 3006
f 3005 3006 2991
f 2991 3006 2992
f 2991 2992 2974
f 2974 2992 2973
f 2886 2880 2881
f 2881 2880 2903
f 2881 2903 2904
f 2904 2903 2927
f 2903 2880 2902
f 2907 2884 2883
f 2907 2883 2906
f 2903 2902 2928
f 2928 2902 2929
f 2928 2929 2917
f 2917 2929 2916
f 2917 2916 2957
f 2957 2916 2958
f 2957 2958 2947
f 2947 2958 2946
f 2947 2946 3033
f 3033 2946 3034
f 3033 3034 3023
f 3023 3034 3022
f 3023 3022 3004
f 3004 3022 3005
f 3004 3005 2990
f 2990 3005 2991
f 2990 2991 2974
f 2924 2907 2906
f 2924 2906 2925
f 2917 2918 2928
f 2928 2918 2927
f 2928 2927 2903
f 2918 2917 2956
f 2956 2917 2957
f 2956 2957 2948
f 2948 2957 2947
f 2948 2947 3032
f 3032 2947 3033
f 3032 3033 3024
f 3024 3033 3023
f 3024 3023 3003
f 3003 3023 3004
f 3003 3004 2989
f 2989 3004 2990
f 2989 2990 2975
f 2975 2990 2974
f 2924 2925 2921
f 2921 2925 2920
f 2921 2920 2953
f 2953 2920 2954
f 2953 2954 2951
f 2951 2954 2950
f 2951 2950 3029
f 3029 2950 3030
f 3029 3030 3027
f 3027 3030 3026
f 3027 3026 3000
f 3000 3026 3001
f 3000 3001 2986
f 2986 3001 2987
f 2986 2987 2978
f 2978 2987 2977
f 2980 2981 2984
f 2984 2981 2982
f 2984 2982 2983
f 2866 2984 2983
f 777 821 2832
f 2832 821 3044
f 2832 3044 2834
f 2834 3044 3045
f 2834 3045 3046
f 3046 3045 3056
f 3046 3056 3057
f 3057 3056 3067
f 3057 3067 3068
f 3068 3067 3078
f 3068 3078 3079
f 3079 3078 3097
f 3079 3097 3096
f 3096 3097 3089
f 3096 3089 3090
f 3090 3089 3109
f 3090 3109 3110
f 3110 3109 1514
f 3110 1514 3111
f 3111 1514 2292
f 3111 2292 3092
f 3092 2292 2289
f 3092 2289 3093
f 3093 2289 3043
f 3093 3043 3082
f 3082 3043 3072
f 3082 3072 3071
f 3071 3072 3061
f 3071 3061 3060
f 3060 3061 3050
f 3060 3050 3049
f 3049 3050 2843
f 3049 2843 2841
f 3044 821 3054
f 3054 821 818
f 3054 818 3064
f 3064 818 817
f 3064 817 3074
f 3074 817 3042
f 3074 3042 3101
f 3101 3042 3084
f 3101 3084 3085
f 3085 3084 3104
f 3085 3104 3105
f 3105 3104 1520
f 3105 1520 3106
f 3106 1520 1517
f 3106 1517 3107
f 3107 1517 3108
f 3107 3108 3088
f 3088 3108 3089
f 3088 3089 3097
f 817 815 3042
f 3042 815 812
f 3042 812 3083
f 3083 812 810
f 3083 810 3102
f 3102 810 808
f 3102 808 1526
f 1526 808 805
f 1526 1524 3102
f 3102 1524 3103
f 3102 3103 3083
f 3083 3103 3084
f 3083 3084 3042
f 1524 1522 3103
f 3103 1522 3104
f 3103 3104 3084
f 1522 1520 3104
f 1517 1514 3108
f 3108 1514 3109
f 3108 3109 3089
f 2289 2287 3043
f 3043 2287 3073
f 3043 3073 3072
f 3072 3073 3062
f 3072 3062 3061
f 3061 3062 3051
f 3061 3051 3050
f 3050 3051 2845
f 3050 2845 2843
f 2287 2286 3073
f 3073 2286 3063
f 3073 3063 3062
f 3062 3063 3052
f 3062 3052 3051
f 3051 3052 2847
f 3051 2847 2845
f 3063 2286 3053
f 3053 2286 2284
f 3053 2284 2849
f 2849 2284 2279
f 2849 2847 3053
f 3053 2847 3052
f 3053 3052 3063
f 3049 2841 3048
f 3048 2841 2839
f 3048 2839 3047
f 3047 2839 2836
f 3047 2836 3046
f 3046 2836 2834
f 3045 3044 3055
f 3055 3044 3054
f 3055 3054 3065
f 3065 3054 3064
f 3065 3064 3075
f 3075 3064 3074
f 3075 3074 3101
f 3046 3057 3047
f 3047 3057 3058
f 3047 3058 3048
f 3048 3058 3059
f 3048 3059 3049
f 3049 3059 3060
f 3045 3055 3056
f 3056 3055 3066
f 3056 3066 3067
f 3067 3066 3077
f 3067 3077 3078
f 3078 3077 3098
f 3078 3098 3097
f 3097 3098 3088
f 3066 3055 3065
f 3057 3068 3058
f 3058 3068 3069
f 3058 3069 3059
f 3059 3069 3070
f 3059 3070 3060
f 3060 3070 3071
f 3066 3065 3076
f 3076 3065 3075
f 3076 3075 3100
f 3100 3075 3101
f 3100 3101 3085
f 3068 3079 3069
f 3069 3079 3080
f 3069 3080 3070
f 3070 3080 3081
f 3070 3081 3071
f 3071 3081 3082
f 3066 3076 3077
f 3077 3076 3099
f 3077 3099 3098
f 3098 3099 3087
f 3098 3087 3088
f 3088 3087 3107
f 3099 3076 3100
f 3079 3096 3080
f 3080 3096 3095
f 3080 3095 3081
f 3081 3095 3094
f 3081 3094 3082
f 3082 3094 3093
f 3099 3100 3086
f 3086 3100 3085
f 3086 3085 3105
f 3099 3086 3087
f 3087 3086 3106
f 3087 3106 3107
f 3106 3086 3105
f 3095 3096 3090
f 3094 3095 3091
f 3091 3095 3090
f 3091 3090 3110
f 3093 3094 3092
f 3092 3094 3091
f 3092 3091 3111
f 3111 3091 3110
f 869 864 2533
f 2533 864 3121
f 2533 3121 2535
f 2535 3121 2536
f 2536 3121 3131
f 2536 3131 3141
f 3141 3131 3130
f 3141 3130 3140
f 3140 3130 3129
f 3140 3129 3139
f 3139 3129 3128
f 3139 3128 3138
f 3138 3128 3127
f 3138 3127 3137
f 3137 3127 3126
f 3137 3126 3136
f 3136 3126 3125
f 3136 3125 3135
f 3135 3125 3124
f 3135 3124 3134
f 3134 3124 3123
f 3134 3123 3133
f 3133 3123 3122
f 3133 3122 3132
f 3132 3122 430
f 3132 430 429
f 864 862 3121
f 3121 862 3120
f 3121 3120 3131
f 3131 3120 3130
f 3120 862 3119
f 3119 862 860
f 3119 860 3118
f 3118 860 857
f 3118 857 3117
f 3117 857 3116
f 3117 3116 3127
f 3127 3116 3126
f 3116 857 3115
f 3115 857 856
f 3115 856 3114
f 3114 856 3113
f 3114 3113 3124
f 3124 3113 3123
f 3113 856 3112
f 3112 856 434
f 3112 434 432
f 3112 432 3122
f 3122 432 430
f 3132 429 3142
f 3142 429 427
f 3142 427 3152
f 3152 427 424
f 3152 424 3162
f 3162 424 422
f 3162 422 3172
f 3172 422 421
f 3172 421 3182
f 3182 421 418
f 3182 418 3211
f 3211 418 3192
f 3211 3192 3193
f 3193 3192 3213
f 3193 3213 3214
f 3214 3213 3224
f 3214 3224 3225
f 3225 3224 3235
f 3225 3235 3236
f 3236 3235 3246
f 3236 3246 3247
f 3247 3246 3257
f 3247 3257 3258
f 3258 3257 3275
f 3258 3275 3274
f 3274 3275 3269
f 3274 3269 3270
f 3270 3269 2853
f 3270 2853 2851
f 418 417 3192
f 3192 417 3212
f 3192 3212 3213
f 3213 3212 3223
f 3213 3223 3224
f 3224 3223 3234
f 3224 3234 3235
f 3235 3234 3245
f 3235 3245 3246
f 3246 3245 3256
f 3246 3256 3257
f 3257 3256 3276
f 3257 3276 3275
f 3275 3276 3268
f 3275 3268 3269
f 3269 3268 2855
f 3269 2855 2853
f 417 414 3212
f 3212 414 3222
f 3212 3222 3223
f 3223 3222 3233
f 3223 3233 3234
f 3234 3233 3244
f 3234 3244 3245
f 3245 3244 3255
f 3245 3255 3256
f 3256 3255 3277
f 3256 3277 3276
f 3276 3277 3267
f 3276 3267 3268
f 3268 3267 2856
f 3268 2856 2855
f 414 412 3222
f 3222 412 3232
f 3222 3232 3233
f 3233 3232 3243
f 3233 3243 3244
f 3244 3243 3254
f 3244 3254 3255
f 3255 3254 3278
f 3255 3278 3277
f 3277 3278 3266
f 3277 3266 3267
f 3267 3266 2856
f 412 410 3232
f 3232 410 3242
f 3232 3242 3243
f 3243 3242 3253
f 3243 3253 3254
f 3254 3253 3279
f 3254 3279 3278
f 3278 3279 3265
f 3278 3265 3266
f 3266 3265 2856
f 410 409 3242
f 3242 409 3252
f 3242 3252 3253
f 3253 3252 3280
f 3253 3280 3279
f 3279 3280 3264
f 3279 3264 3265
f 3265 3264 2858
f 3265 2858 2856
f 409 407 3252
f 3252 407 3281
f 3252 3281 3280
f 3280 3281 3263
f 3280 3263 3264
f 3264 3263 2858
f 3281 407 3262
f 3262 407 405
f 3262 405 2858
f 2280 2565 2851
f 2851 2565 3271
f 2851 3271 3270
f 3270 3271 3273
f 3270 3273 3274
f 3274 3273 3259
f 3274 3259 3258
f 3258 3259 3248
f 3258 3248 3247
f 3247 3248 3237
f 3247 3237 3236
f 3236 3237 3226
f 3236 3226 3225
f 3225 3226 3215
f 3225 3215 3214
f 3214 3215 3194
f 3214 3194 3193
f 3193 3194 3210
f 3193 3210 3211
f 3211 3210 3182
f 2565 2562 3271
f 3271 2562 3272
f 3271 3272 3273
f 3273 3272 3260
f 3273 3260 3259
f 3259 3260 3249
f 3259 3249 3248
f 3248 3249 3238
f 3248 3238 3237
f 3237 3238 3227
f 3237 3227 3226
f 3226 3227 3216
f 3226 3216 3215
f 3215 3216 3195
f 3215 3195 3194
f 3194 3195 3209
f 3194 3209 3210
f 3210 3209 3183
f 3210 3183 3182
f 3182 3183 3172
f 2562 2560 3272
f 3272 2560 3261
f 3272 3261 3260
f 3260 3261 3250
f 3260 3250 3249
f 3249 3250 3239
f 3249 3239 3238
f 3238 3239 3228
f 3238 3228 3227
f 3227 3228 3217
f 3227 3217 3216
f 3216 3217 3196
f 3216 3196 3195
f 3195 3196 3208
f 3195 3208 3209
f 3209 3208 3184
f 3209 3184 3183
f 3183 3184 3173
f 3183 3173 3172
f 3172 3173 3162
f 2560 2559 3261
f 3261 2559 3251
f 3261 3251 3250
f 3250 3251 3240
f 3250 3240 3239
f 3239 3240 3229
f 3239 3229 3228
f 3228 3229 3218
f 3228 3218 3217
f 3217 3218 3197
f 3217 3197 3196
f 3196 3197 3207
f 3196 3207 3208
f 3208 3207 3185
f 3208 3185 3184
f 3184 3185 3174
f 3184 3174 3173
f 3173 3174 3163
f 3173 3163 3162
f 3162 3163 3152
f 2559 2557 3251
f 3251 2557 3241
f 3251 3241 3240
f 3240 3241 3230
f 3240 3230 3229
f 3229 3230 3219
f 3229 3219 3218
f 3218 3219 3198
f 3218 3198 3197
f 3197 3198 3206
f 3197 3206 3207
f 3207 3206 3186
f 3207 3186 3185
f 3185 3186 3175
f 3185 3175 3174
f 3174 3175 3164
f 3174 3164 3163
f 3163 3164 3153
f 3163 3153 3152
f 3152 3153 3142
f 2557 2555 3241
f 3241 2555 3231
f 3241 3231 3230
f 3230 3231 3220
f 3230 3220 3219
f 3219 3220 3199
f 3219 3199 3198
f 3198 3199 3205
f 3198 3205 3206
f 3206 3205 3187
f 3206 3187 3186
f 3186 3187 3176
f 3186 3176 3175
f 3175 3176 3165
f 3175 3165 3164
f 3164 3165 3154
f 3164 3154 3153
f 3153 3154 3143
f 3153 3143 3142
f 3142 3143 3132
f 2555 2553 3231
f 3231 2553 3221
f 3231 3221 3220
f 3220 3221 3200
f 3220 3200 3199
f 3199 3200 3204
f 3199 3204 3205
f 3205 3204 3188
f 3205 3188 3187
f 3187 3188 3177
f 3187 3177 3176
f 3176 3177 3166
f 3176 3166 3165
f 3165 3166 3155
f 3165 3155 3154
f 3154 3155 3144
f 3154 3144 3143
f 3143 3144 3133
f 3143 3133 3132
f 2553 2551 3221
f 3221 2551 3201
f 3221 3201 3200
f 3200 3201 3203
f 3200 3203 3204
f 3204 3203 3189
f 3204 3189 3188
f 3188 3189 3178
f 3188 3178 3177
f 3177 3178 3167
f 3177 3167 3166
f 3166 3167 3156
f 3166 3156 3155
f 3155 3156 3145
f 3155 3145 3144
f 3144 3145 3134
f 3144 3134 3133
f 2551 2548 3201
f 3201 2548 3202
f 3201 3202 3203
f 3203 3202 3190
f 3203 3190 3189
f 3189 3190 3179
f 3189 3179 3178
f 3178 3179 3168
f 3178 3168 3167
f 3167 3168 3157
f 3167 3157 3156
f 3156 3157 3146
f 3156 3146 3145
f 3145 3146 3135
f 3145 3135 3134
f 3202 2548 3191
f 3191 2548 2547
f 3191 2547 3181
f 3181 2547 2545
f 3181 2545 3171
f 3171 2545 2542
f 3171 2542 3161
f 3161 2542 2540
f 3161 2540 3151
f 3151 2540 2538
f 3151 2538 3141
f 3141 2538 2536
f 3123 3113 3112
f 3123 3112 3122
f 3126 3116 3115
f 3124 3125 3114
f 3114 3125 3115
f 3125 3126 3115
f 3127 3128 3117
f 3117 3128 3118
f 3130 3120 3119
f 3128 3129 3118
f 3118 3129 3119
f 3129 3130 3119
f 3135 3146 3136
f 3136 3146 3147
f 3136 3147 3137
f 3137 3147 3148
f 3137 3148 3138
f 3138 3148 3149
f 3138 3149 3139
f 3139 3149 3150
f 3139 3150 3140
f 3140 3150 3151
f 3140 3151 3141
f 3146 3157 3147
f 3147 3157 3158
f 3147 3158 3148
f 3148 3158 3159
f 3148 3159 3149
f 3149 3159 3160
f 3149 3160 3150
f 3150 3160 3161
f 3150 3161 3151
f 3157 3168 3158
f 3158 3168 3169
f 3158 3169 3159
f 3159 3169 3170
f 3159 3170 3160
f 3160 3170 3171
f 3160 3171 3161
f 3168 3179 3169
f 3169 3179 3180
f 3169 3180 3170
f 3170 3180 3181
f 3170 3181 3171
f 3191 3181 3180
f 3191 3180 3190
f 3190 3180 3179
f 3202 3191 3190
f 2858 3263 3262
f 3262 3263 3281
f 2400 2398 3305
f 3305 2398 2592
f 3305 2592 3304
f 3304 2592 2590
f 3304 2590 3303
f 3303 2590 2589
f 3303 2589 3302
f 3302 2589 3301
f 3302 3301 3327
f 3327 3301 3328
f 3327 3328 3320
f 3320 3328 3319
f 3320 3319 3355
f 3355 3319 3354
f 3355 3354 3377
f 3377 3354 3378
f 3377 3378 3371
f 3371 3378 3370
f 3371 3370 3413
f 3413 3370 3414
f 3413 3414 3406
f 3406 3414 3405
f 3406 3405 3466
f 3466 3405 3467
f 3466 3467 3449
f 3449 3467 3450
f 3449 3450 3442
f 3442 3450 3441
f 3442 3441 1474
f 1474 3441 1475
f 1475 3441 3440
f 1475 3440 3439
f 3439 3440 3452
f 3439 3452 3453
f 3453 3452 3470
f 3453 3470 3471
f 3471 3470 3401
f 3471 3401 3400
f 3400 3401 3419
f 3400 3419 3420
f 3420 3419 3364
f 3420 3364 3363
f 3363 3364 3385
f 3363 3385 3386
f 3386 3385 3346
f 3386 3346 3345
f 3345 3346 3310
f 3345 3310 3309
f 3309 3310 3338
f 3309 3338 3339
f 3339 3338 3290
f 3339 3290 3289
f 3289 3290 2569
f 3289 2569 2567
f 2589 2586 3301
f 3301 2586 3300
f 3301 3300 3328
f 3328 3300 3329
f 3328 3329 3319
f 3319 3329 3318
f 3319 3318 3354
f 3354 3318 3353
f 3354 3353 3378
f 3378 3353 3379
f 3378 3379 3370
f 3370 3379 3369
f 3370 3369 3414
f 3414 3369 3415
f 3414 3415 3405
f 3405 3415 3404
f 3405 3404 3467
f 3467 3404 3468
f 3467 3468 3450
f 3450 3468 3451
f 3450 3451 3441
f 3441 3451 3440
f 3300 2586 3299
f 3299 2586 2585
f 3299 2585 3298
f 3298 2585 2582
f 3298 2582 3297
f 3297 2582 2580
f 3297 2580 3296
f 3296 2580 3295
f 3296 3295 3333
f 3333 3295 3334
f 3333 3334 3314
f 3314 3334 3313
f 3314 3313 3349
f 3349 3313 3348
f 3349 3348 3383
f 3383 3348 3384
f 3383 3384 3365
f 3365 3384 3364
f 3365 3364 3419
f 2580 2579 3295
f 3295 2579 3294
f 3295 3294 3334
f 3334 3294 3335
f 3334 3335 3313
f 3313 3335 3312
f 3313 3312 3348
f 3348 3312 3347
f 3348 3347 3384
f 3384 3347 3385
f 3384 3385 3364
f 2579 2576 3294
f 3294 2576 3293
f 3294 3293 3335
f 3335 3293 3336
f 3335 3336 3312
f 3312 3336 3311
f 3312 3311 3347
f 3347 3311 3346
f 3347 3346 3385
f 2576 2574 3293
f 3293 2574 3292
f 3293 3292 3336
f 3336 3292 3337
f 3336 3337 3311
f 3311 3337 3310
f 3311 3310 3346
f 3292 2574 3291
f 3291 2574 2572
f 3291 2572 3290
f 3290 2572 2571
f 3290 2571 2569
f 3289 2567 3288
f 3288 2567 2262
f 3288 2262 2259
f 2257 3306 2259
f 2259 3306 3341
f 2259 3341 3288
f 3288 3341 3340
f 3288 3340 3289
f 3289 3340 3339
f 3306 2257 3283
f 3283 2257 2256
f 3283 2256 3391
f 3391 2256 3285
f 3391 3285 3358
f 3358 3285 3426
f 3358 3426 3425
f 3425 3426 3394
f 3425 3394 3395
f 3395 3394 3477
f 3395 3477 3476
f 3476 3477 3459
f 3476 3459 3458
f 3458 3459 3433
f 3458 3433 3434
f 3434 3433 1486
f 3434 1486 1483
f 2256 2253 3285
f 3285 2253 3427
f 3285 3427 3426
f 3426 3427 3393
f 3426 3393 3394
f 3394 3393 3478
f 3394 3478 3477
f 3477 3478 3460
f 3477 3460 3459
f 3459 3460 3432
f 3459 3432 3433
f 3433 3432 1488
f 3433 1488 1486
f 2252 3287 2253
f 2253 3287 3392
f 2253 3392 3427
f 3427 3392 3393
f 2250 3428 2252
f 2252 3428 3463
f 2252 3463 3287
f 3287 3463 3462
f 3287 3462 3479
f 3479 3462 3461
f 3479 3461 3478
f 3478 3461 3460
f 1499 1496 2250
f 2250 1496 3428
f 1496 1493 3428
f 3428 1493 3429
f 3428 3429 3463
f 3463 3429 3462
f 1493 1492 3429
f 3429 1492 3430
f 3429 3430 3462
f 3462 3430 3461
f 1492 1490 3430
f 3430 1490 3431
f 3430 3431 3461
f 3461 3431 3460
f 1490 1488 3431
f 3431 1488 3432
f 3431 3432 3460
f 3434 1483 3435
f 3435 1483 1481
f 3435 1481 3436
f 3436 1481 3437
f 3436 3437 3455
f 3455 3437 3454
f 3455 3454 3472
f 3472 3454 3471
f 3472 3471 3400
f 1481 1479 3437
f 3437 1479 3438
f 3437 3438 3454
f 3454 3438 3453
f 3454 3453 3471
f 1479 1477 3438
f 3438 1477 3439
f 3438 3439 3453
f 1477 1475 3439
f 1474 1471 3442
f 3442 1471 3443
f 3442 3443 3449
f 3449 3443 3448
f 3449 3448 3466
f 3466 3448 3465
f 3466 3465 3406
f 3406 3465 3407
f 3406 3407 3413
f 3413 3407 3412
f 3413 3412 3371
f 3371 3412 3372
f 3371 3372 3377
f 3377 3372 3376
f 3377 3376 3355
f 3355 3376 3356
f 3355 3356 3320
f 3320 3356 3321
f 3320 3321 3327
f 3327 3321 3326
f 3327 3326 3302
f 3302 3326 3303
f 1471 1470 3443
f 3443 1470 3444
f 3443 3444 3448
f 3448 3444 3447
f 3448 3447 3465
f 3465 3447 3464
f 3465 3464 3407
f 3407 3464 3408
f 3407 3408 3412
f 3412 3408 3411
f 3412 3411 3372
f 3372 3411 3373
f 3372 3373 3376
f 3376 3373 3375
f 3376 3375 3356
f 3356 3375 3357
f 3356 3357 3321
f 3321 3357 3322
f 3321 3322 3326
f 3326 3322 3325
f 3326 3325 3303
f 3303 3325 3304
f 3444 1470 3445
f 3445 1470 1467
f 3445 1467 2410
f 2408 3286 2410
f 2410 3286 3446
f 2410 3446 3445
f 3445 3446 3447
f 3445 3447 3444
f 2407 3284 2408
f 2408 3284 3410
f 2408 3410 3409
f 3409 3410 3411
f 3409 3411 3408
f 2404 3282 2407
f 2407 3282 3374
f 2407 3374 3284
f 3284 3374 3375
f 3284 3375 3373
f 3282 2404 3323
f 3323 2404 2403
f 3323 2403 3324
f 3324 2403 3305
f 3324 3305 3304
f 2403 2400 3305
f 2408 3409 3286
f 3286 3409 3408
f 3286 3408 3464
f 3337 3292 3291
f 3337 3291 3338
f 3338 3291 3290
f 3297 3296 3332
f 3332 3296 3333
f 3332 3333 3315
f 3315 3333 3314
f 3315 3314 3350
f 3350 3314 3349
f 3350 3349 3382
f 3382 3349 3383
f 3382 3383 3366
f 3366 3383 3365
f 3366 3365 3418
f 3418 3365 3419
f 3418 3419 3401
f 3298 3297 3331
f 3331 3297 3332
f 3331 3332 3316
f 3316 3332 3315
f 3316 3315 3351
f 3351 3315 3350
f 3351 3350 3381
f 3381 3350 3382
f 3381 3382 3367
f 3367 3382 3366
f 3367 3366 3417
f 3417 3366 3418
f 3417 3418 3402
f 3402 3418 3401
f 3402 3401 3470
f 3329 3300 3299
f 3299 3298 3330
f 3330 3298 3331
f 3330 3331 3317
f 3317 3331 3316
f 3317 3316 3352
f 3352 3316 3351
f 3352 3351 3380
f 3380 3351 3381
f 3380 3381 3368
f 3368 3381 3367
f 3368 3367 3416
f 3416 3367 3417
f 3416 3417 3403
f 3403 3417 3402
f 3403 3402 3469
f 3469 3402 3470
f 3469 3470 3452
f 3324 3304 3325
f 3340 3341 3307
f 3307 3341 3306
f 3307 3306 3342
f 3342 3306 3283
f 3342 3283 3390
f 3390 3283 3391
f 3390 3391 3358
f 3339 3340 3308
f 3308 3340 3307
f 3308 3307 3343
f 3343 3307 3342
f 3343 3342 3389
f 3389 3342 3390
f 3389 3390 3359
f 3359 3390 3358
f 3359 3358 3425
f 3339 3308 3309
f 3309 3308 3344
f 3309 3344 3345
f 3345 3344 3387
f 3345 3387 3386
f 3386 3387 3362
f 3386 3362 3363
f 3363 3362 3421
f 3363 3421 3420
f 3420 3421 3399
f 3420 3399 3400
f 3400 3399 3472
f 3344 3308 3343
f 3337 3338 3310
f 3317 3318 3330
f 3330 3318 3329
f 3330 3329 3299
f 3318 3317 3353
f 3353 3317 3352
f 3353 3352 3379
f 3379 3352 3380
f 3379 3380 3369
f 3369 3380 3368
f 3369 3368 3415
f 3415 3368 3416
f 3415 3416 3404
f 3404 3416 3403
f 3404 3403 3468
f 3468 3403 3469
f 3468 3469 3451
f 3451 3469 3452
f 3451 3452 3440
f 3324 3325 3323
f 3323 3325 3322
f 3323 3322 3282
f 3282 3322 3357
f 3282 3357 3374
f 3374 3357 3375
f 3344 3343 3388
f 3388 3343 3389
f 3388 3389 3360
f 3360 3389 3359
f 3360 3359 3424
f 3424 3359 3425
f 3424 3425 3395
f 3360 3361 3388
f 3388 3361 3387
f 3388 3387 3344
f 3387 3361 3362
f 3362 3361 3422
f 3362 3422 3421
f 3421 3422 3398
f 3421 3398 3399
f 3399 3398 3473
f 3399 3473 3472
f 3472 3473 3455
f 3361 3360 3423
f 3423 3360 3424
f 3423 3424 3396
f 3396 3424 3395
f 3396 3395 3476
f 3410 3284 3373
f 3410 3373 3411
f 3287 3479 3392
f 3392 3479 3393
f 3479 3478 3393
f 3396 3397 3423
f 3423 3397 3422
f 3423 3422 3361
f 3422 3397 3398
f 3398 3397 3474
f 3398 3474 3473
f 3473 3474 3456
f 3473 3456 3455
f 3455 3456 3436
f 3397 3396 3475
f 3475 3396 3476
f 3475 3476 3458
f 3434 3435 3457
f 3457 3435 3456
f 3457 3456 3474
f 3435 3436 3456
f 3464 3447 3446
f 3464 3446 3286
f 3475 3458 3457
f 3457 3458 3434
f 3475 3457 3474
f 3397 3475 3474
f 3483 3609 3481
f 3481 3609 3563
f 3482 3561 3565
f 3564 3562 3613
f 3564 3613 3615
f 3615 3613 3610
f 3615 3610 3614
f 3614 3610 3518
f 3614 3518 3521
f 3609 3483 3607
f 3607 3483 3485
f 3607 3485 3605
f 3605 3485 3487
f 3605 3487 3602
f 3602 3487 3600
f 3603 3601 3651
f 3651 3601 3649
f 3651 3649 3648
f 3648 3649 3644
f 3648 3644 3548
f 3548 3644 3547
f 3547 3644 3647
f 3547 3647 3642
f 3642 3647 3646
f 3642 3646 3643
f 3643 3646 3594
f 3643 3594 3592
f 3593 3595 3494
f 3593 3494 3495
f 3487 3489 3600
f 3600 3489 3598
f 3601 3599 3649
f 3649 3599 3645
f 3649 3645 3644
f 3644 3645 3647
f 3489 3491 3598
f 3598 3491 3597
f 3599 3596 3645
f 3645 3596 3646
f 3645 3646 3647
f 3491 3494 3597
f 3597 3494 3595
f 3596 3594 3646
f 3593 3495 3590
f 3590 3495 3498
f 3590 3498 3589
f 3589 3498 3499
f 3589 3499 3586
f 3586 3499 3584
f 3587 3585 3635
f 3635 3585 3633
f 3635 3633 3632
f 3632 3633 3628
f 3632 3628 3535
f 3535 3628 3533
f 3533 3628 3631
f 3533 3631 3626
f 3626 3631 3630
f 3626 3630 3627
f 3627 3630 3579
f 3627 3579 3576
f 3577 3578 3505
f 3577 3505 3507
f 3499 3502 3584
f 3584 3502 3583
f 3585 3582 3633
f 3633 3582 3629
f 3633 3629 3628
f 3628 3629 3631
f 3502 3503 3583
f 3583 3503 3581
f 3582 3580 3629
f 3629 3580 3630
f 3629 3630 3631
f 3503 3505 3581
f 3581 3505 3578
f 3580 3579 3630
f 3577 3507 3575
f 3575 3507 3509
f 3575 3509 3572
f 3572 3509 3512
f 3572 3512 3571
f 3571 3512 3568
f 3570 3569 3619
f 3619 3569 3617
f 3619 3617 3616
f 3616 3617 3614
f 3616 3614 3521
f 3512 3514 3568
f 3568 3514 3567
f 3569 3566 3617
f 3617 3566 3615
f 3617 3615 3614
f 3514 3515 3567
f 3567 3515 3565
f 3566 3564 3615
f 3515 3482 3565
f 3521 3523 3616
f 3616 3523 3618
f 3616 3618 3619
f 3619 3618 3621
f 3619 3621 3570
f 3570 3621 3573
f 3523 3525 3618
f 3618 3525 3620
f 3618 3620 3621
f 3621 3620 3623
f 3621 3623 3573
f 3573 3623 3574
f 3525 3527 3620
f 3620 3527 3622
f 3620 3622 3623
f 3623 3622 3625
f 3623 3625 3574
f 3574 3625 3576
f 3527 3529 3622
f 3622 3529 3624
f 3622 3624 3625
f 3625 3624 3627
f 3625 3627 3576
f 3529 3531 3624
f 3624 3531 3626
f 3624 3626 3627
f 3531 3533 3626
f 3535 3536 3632
f 3632 3536 3634
f 3632 3634 3635
f 3635 3634 3637
f 3635 3637 3587
f 3587 3637 3588
f 3536 3538 3634
f 3634 3538 3636
f 3634 3636 3637
f 3637 3636 3639
f 3637 3639 3588
f 3588 3639 3591
f 3538 3541 3636
f 3636 3541 3638
f 3636 3638 3639
f 3639 3638 3641
f 3639 3641 3591
f 3591 3641 3592
f 3541 3543 3638
f 3638 3543 3640
f 3638 3640 3641
f 3641 3640 3643
f 3641 3643 3592
f 3543 3544 3640
f 3640 3544 3642
f 3640 3642 3643
f 3544 3547 3642
f 3548 3551 3648
f 3648 3551 3650
f 3648 3650 3651
f 3651 3650 3653
f 3651 3653 3603
f 3603 3653 3604
f 3551 3552 3650
f 3650 3552 3652
f 3650 3652 3653
f 3653 3652 3655
f 3653 3655 3604
f 3604 3655 3606
f 3552 3554 3652
f 3652 3554 3654
f 3652 3654 3655
f 3655 3654 3657
f 3655 3657 3606
f 3606 3657 3608
f 3554 3557 3654
f 3654 3557 3656
f 3654 3656 3657
f 3657 3656 3659
f 3657 3659 3608
f 3608 3659 3560
f 3557 3559 3656
f 3656 3559 3658
f 3656 3658 3659
f 3659 3658 3612
f 3659 3612 3560
f 3559 3517 3658
f 3658 3517 3611
f 3658 3611 3612
f 3663 3748 3660
f 3660 3748 3749
f 3660 3749 3756
f 3756 3749 3696
f 3756 3696 3660
f 3665 3757 3663
f 3663 3757 3747
f 3663 3747 3748
f 3748 3747 3510
f 3748 3510 3508
f 3757 3665 3758
f 3758 3665 3667
f 3758 3667 3759
f 3759 3667 3743
f 3759 3743 3721
f 3667 3669 3743
f 3743 3669 3760
f 3743 3760 3720
f 3720 3760 3672
f 3669 3672 3760
f 3674 3765 3672
f 3672 3765 3761
f 3672 3761 3719
f 3675 3763 3674
f 3674 3763 3764
f 3674 3764 3765
f 3765 3764 3724
f 3763 3675 3762
f 3762 3675 3677
f 3762 3677 3728
f 3728 3677 3736
f 3727 3735 3789
f 3789 3735 3788
f 3789 3788 3488
f 3488 3788 3490
f 3490 3788 3735
f 3490 3735 3733
f 3734 3736 3679
f 3734 3679 3681
f 3677 3679 3736
f 3684 3766 3681
f 3681 3766 3726
f 3681 3726 3734
f 3733 3725 3492
f 3733 3492 3490
f 3766 3684 3767
f 3767 3684 3686
f 3767 3686 3768
f 3768 3686 3744
f 3768 3744 3708
f 3686 3687 3744
f 3744 3687 3769
f 3744 3769 3707
f 3687 3690 3769
f 3769 3690 3709
f 3692 3773 3690
f 3690 3773 3770
f 3690 3770 3710
f 3694 3771 3692
f 3692 3771 3772
f 3692 3772 3773
f 3773 3772 3711
f 3696 3774 3694
f 3694 3774 3755
f 3694 3755 3754
f 3754 3755 3750
f 3754 3750 3751
f 3751 3750 3780
f 3751 3780 3781
f 3781 3780 3504
f 3781 3504 3501
f 3516 3776 3480
f 3480 3776 3713
f 3513 3779 3516
f 3516 3779 3775
f 3516 3775 3776
f 3776 3775 3717
f 3511 3777 3513
f 3513 3777 3778
f 3513 3778 3779
f 3779 3778 3745
f 3779 3745 3718
f 3777 3511 3747
f 3747 3511 3510
f 3506 3750 3508
f 3508 3750 3749
f 3508 3749 3748
f 3750 3506 3780
f 3780 3506 3504
f 3500 3742 3501
f 3501 3742 3783
f 3501 3783 3782
f 3782 3783 3706
f 3782 3706 3752
f 3497 3741 3500
f 3500 3741 3703
f 3496 3787 3497
f 3497 3787 3784
f 3497 3784 3741
f 3741 3784 3704
f 3493 3785 3496
f 3496 3785 3786
f 3496 3786 3787
f 3787 3786 3730
f 3787 3730 3702
f 3785 3493 3725
f 3725 3493 3492
f 3789 3488 3792
f 3792 3488 3486
f 3792 3486 3793
f 3793 3486 3484
f 3793 3484 3794
f 3794 3484 3795
f 3794 3795 3723
f 3795 3484 3796
f 3796 3484 3480
f 3796 3480 3722
f 3712 3739 3791
f 3791 3739 3738
f 3791 3738 3790
f 3790 3738 3727
f 3790 3727 3789
f 3786 3785 3732
f 3732 3785 3725
f 3731 3726 3767
f 3767 3726 3766
f 3763 3762 3737
f 3737 3762 3728
f 3765 3716 3761
f 3759 3715 3745
f 3779 3714 3775
f 3796 3722 3795
f 3787 3699 3784
f 3500 3698 3742
f 3773 3697 3770
f 3768 3705 3729
f 3767 3768 3731
f 3731 3768 3729
f 3732 3730 3786
f 3764 3763 3740
f 3740 3763 3737
f 3740 3712 3764
f 3712 3791 3794
f 3794 3791 3790
f 3794 3790 3793
f 3793 3790 3789
f 3793 3789 3792
f 3700 3753 3752
f 3752 3753 3751
f 3752 3751 3781
f 3742 3701 3783
f 3753 3700 3772
f 3758 3759 3746
f 3746 3759 3745
f 3746 3745 3778
f 3757 3758 3747
f 3747 3758 3746
f 3747 3746 3777
f 3777 3746 3778
f 3696 3749 3755
f 3755 3749 3750
f 3754 3751 3753
f 3782 3752 3781
f 3754 3753 3772
f 3771 3694 3754
f 3774 3696 3755
f 3754 3772 3771
f 3501 3782 3781
f 3802 3539 3799
f 3799 3539 3537
f 3799 3537 3534
f 3805 3550 3802
f 3802 3550 3549
f 3802 3549 3546
f 3808 3519 3805
f 3805 3519 3558
f 3805 3558 3556
f 3799 3528 3808
f 3808 3528 3526
f 3808 3526 3524
f 3556 3555 3805
f 3805 3555 3553
f 3805 3553 3550
f 3546 3545 3802
f 3802 3545 3542
f 3802 3542 3540
f 3540 3539 3802
f 3534 3532 3799
f 3799 3532 3530
f 3799 3530 3528
f 3524 3522 3808
f 3808 3522 3520
f 3808 3520 3519
f 3812 3848 3810
f 3810 3848 3851
f 3810 3851 3842
f 3842 3851 3878
f 3842 3878 3840
f 3840 3878 3876
f 3840 3876 3838
f 3838 3876 3874
f 3838 3874 3837
f 3837 3874 3872
f 3837 3872 3835
f 3835 3872 3870
f 3835 3870 3833
f 3833 3870 3868
f 3833 3868 3831
f 3831 3868 3866
f 3831 3866 3828
f 3828 3866 3864
f 3828 3864 3827
f 3827 3864 3862
f 3827 3862 3825
f 3825 3862 3860
f 3825 3860 3823
f 3823 3860 3858
f 3823 3858 3820
f 3820 3858 3844
f 3820 3844 3817
f 3819 3845 3856
f 3819 3856 3816
f 3816 3856 3854
f 3816 3854 3814
f 3814 3854 3852
f 3814 3852 3812
f 3812 3852 3848
f 3695 3850 3661
f 3661 3850 3849
f 3661 3849 3662
f 3662 3849 3853
f 3662 3853 3664
f 3664 3853 3855
f 3664 3855 3666
f 3666 3855 3857
f 3666 3857 3668
f 3668 3857 3847
f 3668 3847 3670
f 3671 3846 3859
f 3671 3859 3673
f 3673 3859 3861
f 3673 3861 3676
f 3676 3861 3863
f 3676 3863 3678
f 3678 3863 3865
f 3678 3865 3680
f 3680 3865 3867
f 3680 3867 3682
f 3682 3867 3869
f 3682 3869 3683
f 3683 3869 3871
f 3683 3871 3685
f 3685 3871 3873
f 3685 3873 3688
f 3688 3873 3689
f 3689 3873 3875
f 3689 3875 3691
f 3691 3875 3877
f 3691 3877 3693
f 3693 3877 3879
f 3693 3879 3695
f 3695 3879 3850
f 3845 3847 3856
f 3856 3847 3857
f 3856 3857 3854
f 3854 3857 3855
f 3854 3855 3852
f 3852 3855 3853
f 3852 3853 3848
f 3848 3853 3849
f 3848 3849 3851
f 3851 3849 3850
f 3851 3850 3878
f 3878 3850 3879
f 3878 3879 3876
f 3876 3879 3877
f 3876 3877 3874
f 3874 3877 3875
f 3874 3875 3872
f 3872 3875 3873
f 3872 3873 3870
f 3870 3873 3871
f 3870 3871 3868
f 3868 3871 3869
f 3868 3869 3866
f 3866 3869 3867
f 3866 3867 3864
f 3864 3867 3865
f 3864 3865 3862
f 3862 3865 3863
f 3862 3863 3860
f 3860 3863 3861
f 3860 3861 3858
f 3858 3861 3859
f 3858 3859 3844
f 3844 3859 3846
f 3883 3811 3881
f 3881 3811 3809
f 3881 3809 3843
f 3811 3883 3813
f 3813 3883 3884
f 3813 3884 3815
f 3815 3884 3886
f 3815 3886 3818
f 3818 3886 3889
f 3818 3889 3821
f 3821 3889 3892
f 3821 3892 3822
f 3822 3892 3824
f 3824 3892 3894
f 3824 3894 3826
f 3826 3894 3896
f 3826 3896 3829
f 3829 3896 3898
f 3829 3898 3830
f 3830 3898 3899
f 3830 3899 3832
f 3832 3899 3834
f 3834 3899 3902
f 3834 3902 3836
f 3836 3902 3904
f 3836 3904 3839
f 3839 3904 3905
f 3839 3905 3841
f 3841 3905 3907
f 3841 3907 3843
f 3843 3907 3881
f 3911 3946 3910
f 3910 3946 3949
f 3910 3949 3937
f 3937 3949 3950
f 3937 3950 3935
f 3935 3950 3952
f 3935 3952 3932
f 3932 3952 3955
f 3932 3955 3957
f 3956 3954 3983
f 3956 3983 3986
f 3986 3983 3974
f 3986 3974 3987
f 3987 3974 3901
f 3987 3901 3984
f 3984 3901 3900
f 3984 3900 3988
f 3988 3900 3897
f 3988 3897 3990
f 3990 3897 3895
f 3990 3895 3992
f 3992 3895 3893
f 3992 3893 3994
f 3994 3893 3891
f 3994 3891 3996
f 3996 3891 3888
f 3996 3888 3970
f 3971 3890 3887
f 3971 3887 3998
f 3998 3887 3885
f 3998 3885 4000
f 4000 3885 3882
f 4000 3882 3978
f 3978 3882 3880
f 3978 3880 3975
f 3975 3880 3908
f 3975 3908 3979
f 3979 3908 3906
f 3979 3906 3981
f 3981 3906 3903
f 3981 3903 3974
f 3974 3903 3901
f 3946 3911 3944
f 3944 3911 3913
f 3944 3913 3942
f 3942 3913 3916
f 3942 3916 3938
f 3939 3915 3919
f 3939 3919 3968
f 3968 3919 3920
f 3968 3920 3967
f 3967 3920 3922
f 3967 3922 3965
f 3965 3922 3924
f 3965 3924 3962
f 3962 3924 3926
f 3962 3926 3961
f 3961 3926 3928
f 3961 3928 3958
f 3958 3928 3931
f 3958 3931 3957
f 3957 3931 3932
f 3941 3972 3943
f 3943 3972 3999
f 3943 3999 3945
f 3945 3999 4001
f 3945 4001 3947
f 3947 4001 3977
f 3947 3977 3948
f 3948 3977 3976
f 3948 3976 3951
f 3951 3976 3980
f 3951 3980 3953
f 3953 3980 3982
f 3953 3982 3954
f 3954 3982 3983
f 3940 3969 3997
f 3997 3969 3995
f 3997 3995 3994
f 3994 3995 3992
f 3956 3986 3959
f 3959 3986 3985
f 3959 3985 3960
f 3960 3985 3989
f 3960 3989 3963
f 3963 3989 3991
f 3963 3991 3964
f 3964 3991 3993
f 3964 3993 3966
f 3966 3993 3995
f 3966 3995 3969
f 3970 3973 3996
f 3996 3973 3997
f 3996 3997 3994
f 3973 3940 3997
f 3972 3971 3999
f 3999 3971 3998
f 3999 3998 4001
f 4001 3998 4000
f 4001 4000 3977
f 3977 4000 3978
f 3977 3978 3976
f 3976 3978 3975
f 3976 3975 3980
f 3980 3975 3979
f 3980 3979 3982
f 3982 3979 3981
f 3982 3981 3983
f 3983 3981 3974
f 3986 3987 3985
f 3985 3987 3984
f 3985 3984 3989
f 3989 3984 3988
f 3989 3988 3991
f 3991 3988 3990
f 3991 3990 3993
f 3993 3990 3992
f 3993 3992 3995
f 3936 4052 3909
f 3909 4052 4053
f 3909 4053 4059
f 4059 4053 4054
f 4059 4054 4058
f 4058 4054 4055
f 4058 4055 4057
f 4057 4055 4056
f 4057 4056 4013
f 3934 4060 3936
f 3936 4060 4051
f 3936 4051 4052
f 4052 4051 4107
f 4052 4107 4108
f 4108 4107 4087
f 4108 4087 4086
f 4086 4087 4095
f 4086 4095 4096
f 4096 4095 4103
f 4096 4103 4104
f 4104 4103 4118
f 4104 4118 4004
f 3933 4062 3934
f 3934 4062 4061
f 3934 4061 4060
f 4060 4061 4051
f 4062 3933 4049
f 4049 3933 3930
f 4049 3930 4064
f 4064 3930 4063
f 4064 4063 4029
f 3930 3929 4063
f 4063 3929 4071
f 4063 4071 4028
f 4071 3929 4070
f 4070 3929 3927
f 4070 3927 4069
f 4069 3927 3925
f 4069 3925 4068
f 4068 3925 4067
f 4068 4067 4040
f 4040 4067 4038
f 4041 4039 4080
f 4080 4039 4079
f 4080 4079 4122
f 4122 4079 4123
f 4122 4123 4115
f 4115 4123 4116
f 4115 4116 4101
f 4101 4116 4102
f 4101 4102 4094
f 4094 4102 4095
f 4094 4095 4087
f 3925 3923 4067
f 4067 3923 4066
f 4067 4066 4031
f 4031 4066 4036
f 4030 4037 4078
f 4078 4037 4035
f 4078 4035 4077
f 4077 4035 4015
f 3923 3921 4066
f 4066 3921 4065
f 4066 4065 4036
f 4036 4065 4034
f 4065 3921 4072
f 4072 3921 3918
f 4072 3918 4073
f 4073 3918 4048
f 4073 4048 4002
f 3918 3917 4048
f 4048 3917 4074
f 4048 4074 4012
f 3917 3914 4074
f 4074 3914 4076
f 4074 4076 4010
f 4076 3914 4075
f 4075 3914 3912
f 4075 3912 4058
f 4058 3912 4059
f 3912 3909 4059
f 4079 4039 4030
f 4031 4038 4067
f 4079 4030 4078
f 4033 4044 4070
f 4070 4044 4047
f 4070 4047 4071
f 4071 4047 4016
f 4032 4043 4081
f 4081 4043 4041
f 4081 4041 4080
f 4064 4023 4049
f 4049 4017 4062
f 4061 4018 4050
f 4050 4019 4105
f 4105 4019 4090
f 4090 4020 4091
f 4098 4021 4112
f 4112 4027 4119
f 4119 4025 4083
f 4083 4022 4046
f 4077 4009 4125
f 4125 4006 4118
f 4104 4005 4097
f 4084 4008 4111
f 4111 4013 4056
f 4057 4013 4076
f 4073 4011 4072
f 4072 4014 4065
f 4065 4007 4034
f 4069 4068 4042
f 4042 4068 4040
f 4070 4069 4033
f 4033 4069 4042
f 4083 4046 4045
f 4045 4032 4082
f 4082 4032 4081
f 4082 4081 4120
f 4120 4081 4121
f 4120 4121 4113
f 4113 4121 4114
f 4113 4114 4099
f 4099 4114 4100
f 4099 4100 4092
f 4092 4100 4093
f 4092 4093 4089
f 4089 4093 4088
f 4089 4088 4106
f 4106 4088 4107
f 4106 4107 4051
f 4091 4024 4098
f 4097 4003 4084
f 4062 4026 4061
f 4106 4051 4050
f 4050 4051 4061
f 4106 4050 4105
f 4052 4108 4053
f 4053 4108 4109
f 4053 4109 4054
f 4054 4109 4110
f 4054 4110 4055
f 4055 4110 4111
f 4055 4111 4056
f 4058 4057 4076
f 4075 4058 4076
f 4123 4079 4078
f 4078 4077 4124
f 4124 4077 4125
f 4124 4125 4117
f 4117 4125 4118
f 4117 4118 4103
f 4121 4081 4080
f 4121 4080 4122
f 4119 4083 4082
f 4082 4083 4045
f 4119 4082 4120
f 4084 4085 4097
f 4097 4085 4096
f 4097 4096 4104
f 4096 4085 4086
f 4086 4085 4109
f 4086 4109 4108
f 4111 4110 4084
f 4084 4110 4085
f 4110 4109 4085
f 4087 4088 4094
f 4094 4088 4093
f 4094 4093 4101
f 4101 4093 4100
f 4101 4100 4115
f 4115 4100 4114
f 4115 4114 4122
f 4122 4114 4121
f 4088 4087 4107
f 4089 4090 4092
f 4092 4090 4091
f 4092 4091 4099
f 4099 4091 4098
f 4099 4098 4113
f 4113 4098 4112
f 4113 4112 4120
f 4120 4112 4119
f 4106 4105 4089
f 4089 4105 4090
f 4103 4095 4102
f 4117 4103 4102
f 4117 4102 4116
f 4124 4117 4116
f 4124 4116 4123
f 4078 4124 4123
f 4130 4201 4127
f 4127 4201 4164
f 4126 4166 4162
f 4162 4166 4169
f 4162 4169 4161
f 4161 4169 4171
f 4161 4171 4158
f 4158 4171 4173
f 4158 4173 4157
f 4157 4173 4175
f 4157 4175 4155
f 4155 4175 4177
f 4155 4177 4152
f 4152 4177 4178
f 4152 4178 4151
f 4151 4178 4181
f 4151 4181 4148
f 4148 4181 4183
f 4148 4183 4147
f 4147 4183 4185
f 4147 4185 4144
f 4144 4185 4186
f 4144 4186 4142
f 4142 4186 4188
f 4142 4188 4140
f 4140 4188 4191
f 4140 4191 4137
f 4137 4191 4193
f 4137 4193 4135
f 4135 4193 4194
f 4135 4194 4133
f 4133 4194 4197
f 4133 4197 4131
f 4131 4197 4199
f 4131 4199 4130
f 4130 4199 4201
f 4206 4276 4204
f 4204 4276 4241
f 4202 4240 4239
f 4239 4240 4244
f 4239 4244 4236
f 4236 4244 4246
f 4236 4246 4235
f 4235 4246 4249
f 4235 4249 4233
f 4233 4249 4250
f 4233 4250 4231
f 4231 4250 4253
f 4231 4253 4228
f 4228 4253 4254
f 4228 4254 4227
f 4227 4254 4257
f 4227 4257 4224
f 4224 4257 4259
f 4224 4259 4221
f 4221 4259 4261
f 4221 4261 4219
f 4219 4261 4262
f 4219 4262 4217
f 4217 4262 4264
f 4217 4264 4215
f 4215 4264 4267
f 4215 4267 4214
f 4214 4267 4269
f 4214 4269 4212
f 4212 4269 4271
f 4212 4271 4210
f 4210 4271 4273
f 4210 4273 4208
f 4208 4273 4274
f 4208 4274 4206
f 4206 4274 4276
f 4238 4279 4203
f 4203 4279 4280
f 4203 4280 4205
f 4205 4280 4282
f 4205 4282 4207
f 4207 4282 4284
f 4207 4284 4209
f 4209 4284 4287
f 4209 4287 4211
f 4211 4287 4289
f 4211 4289 4213
f 4213 4289 4291
f 4213 4291 4216
f 4216 4291 4293
f 4216 4293 4218
f 4218 4293 4294
f 4218 4294 4220
f 4220 4294 4296
f 4220 4296 4223
f 4222 4298 4299
f 4222 4299 4225
f 4225 4299 4301
f 4225 4301 4226
f 4226 4301 4304
f 4226 4304 4229
f 4229 4304 4305
f 4229 4305 4230
f 4230 4305 4307
f 4230 4307 4232
f 4232 4307 4309
f 4232 4309 4234
f 4234 4309 4311
f 4234 4311 4237
f 4237 4311 4313
f 4237 4313 4238
f 4238 4313 4279
f 4320 4323 4317
f 4317 4323 4409
f 4409 4323 4288
f 4409 4288 4407
f 4407 4288 4286
f 4407 4286 3801
f 3801 4286 4358
f 3801 4358 4360
f 4325 4292 4323
f 4323 4292 4290
f 4323 4290 4288
f 4328 4297 4325
f 4325 4297 4295
f 4325 4295 4292
f 4330 4302 4328
f 4328 4302 4300
f 4328 4300 4297
f 4302 4330 4303
f 4303 4330 4332
f 4303 4332 4306
f 4306 4332 4334
f 4306 4334 4336
f 4306 4336 4308
f 4308 4336 4338
f 4308 4338 4339
f 4308 4339 4310
f 4310 4339 4342
f 4310 4342 4312
f 4312 4342 4344
f 4312 4344 4314
f 4314 4344 4346
f 4314 4346 4278
f 4278 4346 4348
f 4278 4348 4281
f 4281 4348 4350
f 4281 4350 4352
f 4281 4352 4283
f 4283 4352 4354
f 4283 4354 4357
f 4283 4357 4285
f 4285 4357 4358
f 4285 4358 4286
f 4360 4363 3801
f 3801 4363 4365
f 3801 4365 4379
f 4379 4365 4368
f 4379 4368 4369
f 4379 4369 4377
f 4377 4369 4371
f 4377 4371 4375
f 4375 4371 4373
f 4379 4381 3801
f 3801 4381 4383
f 3801 4383 3803
f 3803 4383 4386
f 3803 4386 4387
f 4389 4391 4387
f 4387 4391 3803
f 4391 4394 3803
f 3803 4394 4395
f 3803 4395 4404
f 4404 4395 4402
f 4402 4395 4400
f 4277 4446 4242
f 4242 4446 4411
f 4242 4411 4243
f 4243 4411 4413
f 4245 4414 4247
f 4247 4414 4416
f 4247 4416 4248
f 4248 4416 4417
f 4248 4417 4251
f 4251 4417 4419
f 4251 4419 4252
f 4252 4419 4421
f 4252 4421 4255
f 4255 4421 4423
f 4255 4423 4256
f 4256 4423 4425
f 4256 4425 4258
f 4258 4425 4428
f 4258 4428 4260
f 4260 4428 4429
f 4260 4429 4263
f 4263 4429 4432
f 4263 4432 4265
f 4265 4432 4434
f 4265 4434 4266
f 4266 4434 4435
f 4266 4435 4268
f 4268 4435 4437
f 4268 4437 4270
f 4270 4437 4439
f 4270 4439 4272
f 4272 4439 4442
f 4272 4442 4275
f 4275 4442 4444
f 4275 4444 4277
f 4277 4444 4446
f 4450 4462 4448
f 4448 4462 4464
f 4448 4464 4524
f 4524 4464 4484
f 4524 4484 4486
f 4450 4453 4462
f 4462 4453 4456
f 4462 4456 4460
f 4460 4456 4457
f 4464 4465 4484
f 4484 4465 4467
f 4484 4467 4481
f 4481 4467 4480
f 4480 4467 4478
f 4478 4467 4469
f 4478 4469 4475
f 4475 4469 4472
f 4475 4472 4473
f 4524 4486 4440
f 4440 4486 4489
f 4440 4489 4441
f 4441 4489 4490
f 4441 4490 4443
f 4443 4490 4493
f 4443 4493 4494
f 4443 4494 4445
f 4445 4494 4497
f 4445 4497 4499
f 4445 4499 4410
f 4410 4499 4500
f 4410 4500 4412
f 4412 4500 4504
f 4412 4504 4415
f 4415 4504 4506
f 4415 4506 4418
f 4418 4506 4508
f 4418 4508 4420
f 4420 4508 4510
f 4420 4510 4511
f 4420 4511 4422
f 4422 4511 4514
f 4422 4514 4515
f 4422 4515 4424
f 4424 4515 4517
f 4424 4517 4426
f 4426 4517 4519
f 4426 4519 4427
f 4427 4519 4430
f 4430 4519 4521
f 4430 4521 4431
f 4431 4521 4433
f 4433 4521 4524
f 4433 4524 4436
f 4436 4524 4438
f 4438 4524 4440
f 4528 4531 4544
f 4544 4531 4534
f 4544 4534 4542
f 4542 4534 4536
f 4542 4536 4540
f 4540 4536 4526
f 4540 4526 4538
f 4538 4526 4522
f 4523 4520 4539
f 4539 4520 4541
f 4541 4520 4574
f 4541 4574 4543
f 4543 4574 4575
f 4543 4575 4545
f 4545 4575 4573
f 4545 4573 4527
f 4574 4520 4576
f 4576 4520 4518
f 4576 4518 4578
f 4578 4518 4516
f 4578 4516 4580
f 4580 4516 4513
f 4580 4513 4582
f 4582 4513 4512
f 4582 4512 4584
f 4584 4512 4509
f 4584 4509 4586
f 4586 4509 4507
f 4586 4507 4588
f 4588 4507 4505
f 4588 4505 4590
f 4590 4505 4503
f 4590 4503 4592
f 4592 4503 4501
f 4592 4501 4546
f 4592 4546 4593
f 4593 4546 4548
f 4593 4548 4554
f 4554 4548 4552
f 4554 4556 4593
f 4593 4556 4591
f 4593 4591 4592
f 4592 4591 4590
f 4556 4559 4591
f 4591 4559 4589
f 4591 4589 4590
f 4590 4589 4588
f 4559 4561 4589
f 4589 4561 4587
f 4589 4587 4588
f 4588 4587 4586
f 4561 4563 4587
f 4587 4563 4585
f 4587 4585 4586
f 4586 4585 4584
f 4563 4564 4585
f 4585 4564 4583
f 4585 4583 4584
f 4584 4583 4582
f 4564 4566 4583
f 4583 4566 4581
f 4583 4581 4582
f 4582 4581 4580
f 4566 4568 4581
f 4581 4568 4579
f 4581 4579 4580
f 4580 4579 4578
f 4568 4571 4579
f 4579 4571 4577
f 4579 4577 4578
f 4578 4577 4576
f 4571 4573 4577
f 4577 4573 4575
f 4577 4575 4576
f 4576 4575 4574
f 4487 4483 4619
f 4619 4483 4594
f 4619 4594 4618
f 4618 4594 4597
f 4618 4597 4617
f 4617 4597 4616
f 4617 4616 4621
f 4621 4616 4620
f 4621 4620 4625
f 4625 4620 4624
f 4625 4624 4629
f 4629 4624 4628
f 4629 4628 4633
f 4633 4628 4632
f 4633 4632 4637
f 4637 4632 4636
f 4637 4636 4641
f 4641 4636 4640
f 4641 4640 4549
f 4549 4640 4551
f 4551 4640 4614
f 4614 4640 4612
f 4612 4640 4636
f 4612 4636 4611
f 4611 4636 4632
f 4611 4632 4608
f 4608 4632 4628
f 4608 4628 4606
f 4606 4628 4624
f 4606 4624 4604
f 4604 4624 4620
f 4604 4620 4603
f 4603 4620 4616
f 4603 4616 4601
f 4601 4616 4597
f 4641 4549 4642
f 4642 4549 4547
f 4642 4547 4643
f 4643 4547 4502
f 4643 4502 4498
f 4643 4498 4639
f 4639 4498 4496
f 4639 4496 4635
f 4635 4496 4495
f 4635 4495 4631
f 4631 4495 4492
f 4631 4492 4627
f 4627 4492 4491
f 4627 4491 4623
f 4623 4491 4488
f 4623 4488 4619
f 4619 4488 4487
f 4623 4619 4618
f 4618 4617 4622
f 4622 4617 4621
f 4622 4621 4626
f 4626 4621 4625
f 4626 4625 4630
f 4630 4625 4629
f 4630 4629 4634
f 4634 4629 4633
f 4634 4633 4638
f 4638 4633 4637
f 4638 4637 4642
f 4642 4637 4641
f 4627 4623 4622
f 4622 4623 4618
f 4627 4622 4626
f 4631 4627 4626
f 4631 4626 4630
f 4635 4631 4630
f 4635 4630 4634
f 4639 4635 4634
f 4639 4634 4638
f 4643 4639 4638
f 4643 4638 4642
f 4461 4459 4679
f 4679 4459 4644
f 4679 4644 4678
f 4678 4644 4647
f 4678 4647 4677
f 4677 4647 4676
f 4677 4676 4681
f 4681 4676 4680
f 4681 4680 4685
f 4685 4680 4684
f 4685 4684 4689
f 4689 4684 4688
f 4689 4688 4693
f 4693 4688 4692
f 4693 4692 4697
f 4697 4692 4696
f 4697 4696 4701
f 4701 4696 4700
f 4701 4700 4705
f 4705 4700 4704
f 4705 4704 4709
f 4709 4704 4708
f 4709 4708 4713
f 4713 4708 4712
f 4713 4712 4717
f 4717 4712 4716
f 4717 4716 4596
f 4596 4716 4674
f 4596 4674 4599
f 4647 4651 4676
f 4676 4651 4652
f 4676 4652 4680
f 4680 4652 4655
f 4680 4655 4684
f 4684 4655 4656
f 4684 4656 4688
f 4688 4656 4659
f 4688 4659 4660
f 4688 4660 4692
f 4692 4660 4662
f 4692 4662 4696
f 4696 4662 4664
f 4696 4664 4700
f 4700 4664 4666
f 4700 4666 4704
f 4704 4666 4669
f 4704 4669 4708
f 4708 4669 4671
f 4708 4671 4712
f 4712 4671 4672
f 4712 4672 4716
f 4716 4672 4674
f 4717 4596 4718
f 4718 4596 4595
f 4718 4595 4719
f 4719 4595 4485
f 4719 4485 4482
f 4482 4479 4719
f 4719 4479 4715
f 4719 4715 4714
f 4714 4715 4710
f 4714 4710 4709
f 4709 4710 4705
f 4479 4477 4715
f 4715 4477 4711
f 4715 4711 4710
f 4710 4711 4706
f 4710 4706 4705
f 4705 4706 4701
f 4477 4476 4711
f 4711 4476 4707
f 4711 4707 4706
f 4706 4707 4702
f 4706 4702 4701
f 4701 4702 4697
f 4476 4474 4707
f 4707 4474 4703
f 4707 4703 4702
f 4702 4703 4698
f 4702 4698 4697
f 4697 4698 4693
f 4474 4471 4703
f 4703 4471 4699
f 4703 4699 4698
f 4698 4699 4694
f 4698 4694 4693
f 4693 4694 4689
f 4471 4470 4699
f 4699 4470 4695
f 4699 4695 4694
f 4694 4695 4690
f 4694 4690 4689
f 4689 4690 4685
f 4470 4468 4695
f 4695 4468 4691
f 4695 4691 4690
f 4690 4691 4686
f 4690 4686 4685
f 4685 4686 4681
f 4468 4466 4691
f 4691 4466 4687
f 4691 4687 4686
f 4686 4687 4682
f 4686 4682 4681
f 4681 4682 4677
f 4466 4463 4687
f 4687 4463 4683
f 4687 4683 4682
f 4682 4683 4678
f 4682 4678 4677
f 4463 4461 4683
f 4683 4461 4679
f 4683 4679 4678
f 4714 4709 4713
f 4717 4718 4713
f 4713 4718 4714
f 4718 4719 4714
f 4454 4451 4736
f 4736 4451 4720
f 4736 4720 4735
f 4735 4720 4722
f 4735 4722 4734
f 4734 4722 4733
f 4734 4733 4738
f 4738 4733 4737
f 4738 4737 4742
f 4742 4737 4741
f 4742 4741 4646
f 4646 4741 4649
f 4649 4741 4732
f 4732 4741 4729
f 4729 4741 4737
f 4729 4737 4727
f 4727 4737 4733
f 4727 4733 4724
f 4724 4733 4722
f 4742 4646 4743
f 4743 4646 4645
f 4743 4645 4744
f 4744 4645 4459
f 4744 4459 4458
f 4744 4458 4740
f 4740 4458 4455
f 4740 4455 4736
f 4736 4455 4454
f 4740 4736 4735
f 4735 4734 4739
f 4739 4734 4738
f 4739 4738 4743
f 4743 4738 4742
f 4744 4740 4739
f 4739 4740 4735
f 4744 4739 4743
f 4452 4447 4721
f 4721 4447 4746
f 4721 4746 4723
f 4723 4746 4747
f 4723 4747 4725
f 4725 4747 4749
f 4754 4757 4791
f 4791 4757 4792
f 4791 4792 4789
f 4789 4792 4793
f 4789 4793 4787
f 4787 4793 4327
f 4787 4327 4784
f 4784 4327 4326
f 4792 4757 4794
f 4794 4757 4759
f 4794 4759 4796
f 4796 4759 4761
f 4796 4761 4798
f 4798 4761 4762
f 4798 4762 4800
f 4800 4762 4765
f 4800 4765 4802
f 4802 4765 4767
f 4802 4767 4804
f 4804 4767 4769
f 4804 4769 4806
f 4806 4769 4771
f 4806 4771 4808
f 4808 4771 4772
f 4808 4772 4810
f 4810 4772 4774
f 4810 4774 4781
f 4781 4774 4778
f 4781 4783 4810
f 4810 4783 4811
f 4810 4811 4808
f 4808 4811 4809
f 4808 4809 4806
f 4806 4809 4807
f 4806 4807 4804
f 4804 4807 4805
f 4804 4805 4802
f 4802 4805 4803
f 4802 4803 4800
f 4800 4803 4801
f 4800 4801 4798
f 4798 4801 4799
f 4798 4799 4796
f 4796 4799 4797
f 4796 4797 4794
f 4794 4797 4795
f 4794 4795 4792
f 4792 4795 4793
f 4783 4345 4811
f 4811 4345 4343
f 4811 4343 4809
f 4809 4343 4341
f 4809 4341 4807
f 4807 4341 4340
f 4807 4340 4805
f 4805 4340 4337
f 4805 4337 4803
f 4803 4337 4335
f 4803 4335 4801
f 4801 4335 4333
f 4801 4333 4799
f 4799 4333 4331
f 4799 4331 4797
f 4797 4331 4329
f 4797 4329 4795
f 4795 4329 4327
f 4795 4327 4793
f 4349 4347 4837
f 4837 4347 4782
f 4837 4782 4836
f 4836 4782 4780
f 4836 4780 4835
f 4835 4780 4834
f 4835 4834 4839
f 4839 4834 4838
f 4839 4838 4843
f 4843 4838 4842
f 4843 4842 4847
f 4847 4842 4846
f 4847 4846 4851
f 4851 4846 4850
f 4851 4850 4855
f 4855 4850 4854
f 4855 4854 4859
f 4859 4854 4858
f 4859 4858 4831
f 4831 4858 4829
f 4829 4858 4825
f 4825 4858 4822
f 4822 4858 4854
f 4822 4854 4820
f 4820 4854 4850
f 4820 4850 4818
f 4818 4850 4846
f 4818 4846 4817
f 4817 4846 4842
f 4817 4842 4814
f 4814 4842 4838
f 4814 4838 4813
f 4813 4838 4834
f 4813 4834 4776
f 4776 4834 4780
f 4859 4831 4860
f 4860 4831 4833
f 4860 4833 4861
f 4861 4833 4364
f 4861 4364 4361
f 4861 4361 4857
f 4857 4361 4359
f 4857 4359 4853
f 4853 4359 4356
f 4853 4356 4849
f 4849 4356 4355
f 4849 4355 4845
f 4845 4355 4353
f 4845 4353 4841
f 4841 4353 4351
f 4841 4351 4837
f 4837 4351 4349
f 4841 4837 4836
f 4836 4835 4840
f 4840 4835 4839
f 4840 4839 4844
f 4844 4839 4843
f 4844 4843 4848
f 4848 4843 4847
f 4848 4847 4852
f 4852 4847 4851
f 4852 4851 4856
f 4856 4851 4855
f 4856 4855 4860
f 4860 4855 4859
f 4845 4841 4840
f 4840 4841 4836
f 4845 4840 4844
f 4849 4845 4844
f 4849 4844 4848
f 4853 4849 4848
f 4853 4848 4852
f 4857 4853 4852
f 4857 4852 4856
f 4861 4857 4856
f 4861 4856 4860
f 4892 4863 4897
f 4897 4863 4866
f 4897 4866 4896
f 4896 4866 4869
f 4896 4869 4895
f 4895 4869 4894
f 4895 4894 4899
f 4899 4894 4898
f 4899 4898 4903
f 4903 4898 4902
f 4903 4902 4907
f 4907 4902 4906
f 4907 4906 4911
f 4911 4906 4910
f 4911 4910 4915
f 4915 4910 4914
f 4915 4914 4919
f 4919 4914 4918
f 4919 4918 4923
f 4923 4918 4922
f 4923 4922 4927
f 4927 4922 4926
f 4927 4926 4931
f 4931 4926 4930
f 4931 4930 4935
f 4935 4930 4934
f 4935 4934 4832
f 4832 4934 4366
f 4832 4366 4362
f 4869 4388 4894
f 4894 4388 4385
f 4894 4385 4898
f 4898 4385 4384
f 4898 4384 4902
f 4902 4384 4382
f 4902 4382 4906
f 4906 4382 4380
f 4906 4380 4910
f 4910 4380 4378
f 4910 4378 4914
f 4914 4378 4376
f 4914 4376 4918
f 4918 4376 4374
f 4918 4374 4922
f 4922 4374 4372
f 4922 4372 4926
f 4926 4372 4370
f 4926 4370 4930
f 4930 4370 4367
f 4930 4367 4934
f 4934 4367 4366
f 4935 4832 4936
f 4936 4832 4830
f 4936 4830 4937
f 4937 4830 4826
f 4937 4826 4871
f 4871 4873 4937
f 4937 4873 4933
f 4937 4933 4932
f 4932 4933 4928
f 4932 4928 4927
f 4927 4928 4923
f 4873 4875 4933
f 4933 4875 4929
f 4933 4929 4928
f 4928 4929 4924
f 4928 4924 4923
f 4923 4924 4919
f 4875 4877 4929
f 4929 4877 4925
f 4929 4925 4924
f 4924 4925 4920
f 4924 4920 4919
f 4919 4920 4915
f 4877 4879 4925
f 4925 4879 4921
f 4925 4921 4920
f 4920 4921 4916
f 4920 4916 4915
f 4915 4916 4911
f 4879 4881 4921
f 4921 4881 4917
f 4921 4917 4916
f 4916 4917 4912
f 4916 4912 4911
f 4911 4912 4907
f 4881 4883 4917
f 4917 4883 4913
f 4917 4913 4912
f 4912 4913 4908
f 4912 4908 4907
f 4907 4908 4903
f 4883 4885 4913
f 4913 4885 4909
f 4913 4909 4908
f 4908 4909 4904
f 4908 4904 4903
f 4903 4904 4899
f 4885 4887 4909
f 4909 4887 4889
f 4909 4889 4905
f 4905 4889 4891
f 4905 4891 4901
f 4901 4891 4892
f 4901 4892 4897
f 4901 4897 4896
f 4896 4895 4900
f 4900 4895 4899
f 4900 4899 4904
f 4905 4901 4900
f 4900 4901 4896
f 4905 4900 4904
f 4909 4905 4904
f 4932 4927 4931
f 4935 4936 4931
f 4931 4936 4932
f 4936 4937 4932
f 4390 4388 4954
f 4954 4388 4868
f 4954 4868 4953
f 4953 4868 4867
f 4953 4867 4952
f 4952 4867 4951
f 4952 4951 4956
f 4956 4951 4955
f 4956 4955 4960
f 4960 4955 4959
f 4960 4959 4947
f 4947 4959 4945
f 4945 4959 4942
f 4942 4959 4940
f 4940 4959 4955
f 4940 4955 4939
f 4939 4955 4951
f 4939 4951 4862
f 4862 4951 4867
f 4960 4947 4961
f 4961 4947 4949
f 4961 4949 4962
f 4962 4949 4396
f 4962 4396 4393
f 4962 4393 4958
f 4958 4393 4392
f 4958 4392 4954
f 4954 4392 4390
f 4958 4954 4953
f 4953 4952 4957
f 4957 4952 4956
f 4957 4956 4961
f 4961 4956 4960
f 4962 4958 4957
f 4957 4958 4953
f 4962 4957 4961
f 4944 4965 4948
f 4948 4965 4966
f 4948 4966 4950
f 4950 4966 4968
f 4950 4968 4401
f 4401 4968 4971
f 4401 4397 4950
f 4324 4322 4785
f 4785 4322 4786
f 4786 4322 4973
f 4786 4973 4788
f 4788 4973 4976
f 4788 4976 4790
f 4790 4976 4979
f 4790 4979 4752
f 4726 4750 4946
f 4946 4750 4963
f 4650 4731 4864
f 4864 4731 4938
f 4938 4731 4730
f 4938 4730 4941
f 4941 4730 4728
f 4941 4728 4943
f 4943 4728 4724
f 4943 4724 4945
f 4600 4675 4827
f 4827 4675 4870
f 4870 4675 4673
f 4870 4673 4872
f 4872 4673 4670
f 4872 4670 4874
f 4874 4670 4668
f 4874 4668 4876
f 4876 4668 4667
f 4876 4667 4878
f 4878 4667 4665
f 4878 4665 4880
f 4880 4665 4663
f 4880 4663 4882
f 4882 4663 4661
f 4882 4661 4884
f 4884 4661 4658
f 4884 4658 4886
f 4886 4658 4657
f 4886 4657 4888
f 4888 4657 4654
f 4888 4654 4890
f 4890 4654 4653
f 4890 4653 4893
f 4893 4653 4648
f 4893 4648 4865
f 4550 4615 4779
f 4779 4615 4812
f 4812 4615 4613
f 4812 4613 4815
f 4815 4613 4610
f 4815 4610 4816
f 4816 4610 4609
f 4816 4609 4819
f 4819 4609 4607
f 4819 4607 4821
f 4821 4607 4605
f 4821 4605 4823
f 4823 4605 4602
f 4823 4602 4824
f 4824 4602 4828
f 4828 4602 4598
f 4753 4530 4756
f 4756 4530 4572
f 4756 4572 4758
f 4758 4572 4570
f 4758 4570 4760
f 4760 4570 4569
f 4760 4569 4763
f 4763 4569 4567
f 4763 4567 4764
f 4764 4567 4565
f 4764 4565 4766
f 4766 4565 4562
f 4766 4562 4768
f 4768 4562 4560
f 4768 4560 4770
f 4770 4560 4558
f 4770 4558 4773
f 4773 4558 4557
f 4773 4557 4775
f 4775 4557 4555
f 4775 4555 4777
f 4777 4555 4553
f 4532 4529 4977
f 4977 4529 4755
f 4200 5015 4165
f 4165 5015 4981
f 4165 4981 4167
f 4167 4981 4984
f 4168 4983 4170
f 4170 4983 4985
f 4170 4985 4172
f 4172 4985 4988
f 4172 4988 4174
f 4174 4988 4989
f 4174 4989 4176
f 4176 4989 4992
f 4176 4992 4179
f 4179 4992 4993
f 4179 4993 4180
f 4180 4993 4996
f 4180 4996 4182
f 4182 4996 4998
f 4182 4998 4184
f 4184 4998 5000
f 4184 5000 4187
f 4187 5000 5001
f 4187 5001 4189
f 4189 5001 5004
f 4189 5004 4190
f 4190 5004 5006
f 4190 5006 4192
f 4192 5006 5008
f 4192 5008 4195
f 4195 5008 5009
f 4195 5009 4196
f 4196 5009 5012
f 4196 5012 4198
f 4198 5012 5013
f 4198 5013 4200
f 4200 5013 5015
f 3807 5039 3798
f 3798 5039 5041
f 3798 5041 5042
f 5017 5025 3807
f 3807 5025 5028
f 3807 5028 5030
f 5017 5019 5025
f 5025 5019 5024
f 5033 5035 5030
f 5030 5035 3807
f 5035 5036 3807
f 3807 5036 5039
f 5045 5053 5042
f 5042 5053 5055
f 5042 5055 5057
f 5053 5045 5050
f 5050 5045 5046
f 5050 5046 5049
f 5042 5057 3798
f 3798 5057 5058
f 3798 5058 5062
f 5062 5064 3798
f 3798 5064 5010
f 3798 5010 5110
f 5110 5010 5007
f 5110 5007 5109
f 5109 5007 5101
f 5109 5101 5105
f 5105 5101 5102
f 5010 5064 5011
f 5011 5064 5066
f 5011 5066 5014
f 5014 5066 5067
f 5014 5067 5069
f 5014 5069 5016
f 5016 5069 5072
f 5016 5072 5073
f 5016 5073 4980
f 4980 5073 5076
f 4980 5076 4982
f 4982 5076 5079
f 4982 5079 4986
f 4986 5079 5081
f 4986 5081 4987
f 4987 5081 5083
f 4987 5083 4990
f 4990 5083 5085
f 4990 5085 5087
f 4990 5087 4991
f 4991 5087 5089
f 4991 5089 5091
f 4991 5091 4994
f 4994 5091 5093
f 4994 5093 4995
f 4995 5093 5095
f 4995 5095 4997
f 4997 5095 4999
f 4999 5095 5098
f 4999 5098 5002
f 5002 5098 5003
f 5003 5098 5101
f 5003 5101 5005
f 5005 5101 5007
f 4163 5112 4128
f 4128 5112 5114
f 4128 5114 4129
f 4129 5114 5117
f 4129 5117 4132
f 4132 5117 5119
f 4132 5119 4134
f 4134 5119 5121
f 4134 5121 4136
f 4136 5121 5123
f 4136 5123 4138
f 4138 5123 5125
f 4138 5125 4139
f 4139 5125 5126
f 4139 5126 4141
f 4141 5126 5129
f 4141 5129 4143
f 4143 5129 5132
f 4143 5132 4146
f 4145 5131 5134
f 4145 5134 4149
f 4149 5134 5135
f 4149 5135 4150
f 4150 5135 5138
f 4150 5138 4153
f 4153 5138 5139
f 4153 5139 4154
f 4154 5139 5142
f 4154 5142 4156
f 4156 5142 5144
f 4156 5144 4159
f 4159 5144 5145
f 4159 5145 4160
f 4160 5145 5148
f 4160 5148 4163
f 4163 5148 5112
f 5227 5150 5219
f 5219 5150 5152
f 5219 5152 5217
f 5217 5152 5157
f 5217 5157 5198
f 5198 5157 5194
f 5194 5157 5120
f 5194 5120 5192
f 5192 5120 5118
f 5192 5118 5190
f 5190 5118 5116
f 5190 5116 5188
f 5188 5116 5187
f 5187 5116 5115
f 5187 5115 5184
f 5184 5115 5182
f 5182 5115 5113
f 5182 5113 5181
f 5181 5113 5147
f 5181 5147 5177
f 5177 5147 5146
f 5177 5146 5176
f 5176 5146 5143
f 5176 5143 5174
f 5174 5143 5141
f 5174 5141 5172
f 5172 5141 5169
f 5169 5141 5140
f 5169 5140 5167
f 5167 5140 5165
f 5165 5140 5137
f 5165 5137 5164
f 5164 5137 5136
f 5164 5136 5161
f 5161 5136 5133
f 5161 5133 5130
f 5158 5127 5157
f 5157 5127 5124
f 5157 5124 5122
f 5161 5130 5158
f 5158 5130 5128
f 5158 5128 5127
f 5200 5213 5198
f 5198 5213 5216
f 5198 5216 5217
f 5200 5202 5213
f 5213 5202 5204
f 5213 5204 5212
f 5212 5204 5205
f 5212 5205 5209
f 5209 5205 5207
f 5227 5219 5226
f 5226 5219 5222
f 5226 5222 5224
f 5122 5120 5157
f 5107 4315 5108
f 5108 4315 4408
f 5108 4408 5111
f 5111 4408 4406
f 5111 4406 3797
f 3797 4406 3800
f 5106 5103 4316
f 4316 5103 4319
f 3806 3804 5018
f 5018 3804 4405
f 5018 4405 5020
f 5020 4405 4403
f 5020 4403 5022
f 5022 4403 4399
f 4398 4970 5023
f 5023 4970 5229
f 5235 5236 5249
f 5249 5236 5240
f 5249 5240 5248
f 5248 5240 5242
f 5248 5242 5245
f 5245 5242 5099
f 5245 5099 5243
f 5243 5099 5096
f 5097 5094 5244
f 5244 5094 5246
f 5246 5094 5279
f 5246 5279 5247
f 5247 5279 5280
f 5247 5280 5250
f 5250 5280 5277
f 5250 5277 5234
f 5279 5094 5281
f 5281 5094 5092
f 5281 5092 5283
f 5283 5092 5090
f 5283 5090 5285
f 5285 5090 5088
f 5285 5088 5287
f 5287 5088 5086
f 5287 5086 5289
f 5289 5086 5084
f 5289 5084 5291
f 5291 5084 5082
f 5291 5082 5293
f 5293 5082 5080
f 5293 5080 5295
f 5295 5080 5078
f 5295 5078 5297
f 5297 5078 5075
f 5297 5075 5252
f 5297 5252 5298
f 5298 5252 5254
f 5298 5254 5259
f 5259 5254 5256
f 5259 5261 5298
f 5298 5261 5296
f 5298 5296 5297
f 5297 5296 5295
f 5261 5264 5296
f 5296 5264 5294
f 5296 5294 5295
f 5295 5294 5293
f 5264 5266 5294
f 5294 5266 5292
f 5294 5292 5293
f 5293 5292 5291
f 5266 5268 5292
f 5292 5268 5290
f 5292 5290 5291
f 5291 5290 5289
f 5268 5269 5290
f 5290 5269 5288
f 5290 5288 5289
f 5289 5288 5287
f 5269 5271 5288
f 5288 5271 5286
f 5288 5286 5287
f 5287 5286 5285
f 5271 5274 5286
f 5286 5274 5284
f 5286 5284 5285
f 5285 5284 5283
f 5274 5275 5284
f 5284 5275 5282
f 5284 5282 5283
f 5283 5282 5281
f 5275 5277 5282
f 5282 5277 5280
f 5282 5280 5281
f 5281 5280 5279
f 5061 5060 5324
f 5324 5060 5300
f 5324 5300 5323
f 5323 5300 5302
f 5323 5302 5322
f 5322 5302 5321
f 5322 5321 5326
f 5326 5321 5325
f 5326 5325 5330
f 5330 5325 5329
f 5330 5329 5334
f 5334 5329 5333
f 5334 5333 5338
f 5338 5333 5337
f 5338 5337 5342
f 5342 5337 5341
f 5342 5341 5346
f 5346 5341 5345
f 5346 5345 5253
f 5253 5345 5258
f 5258 5345 5319
f 5319 5345 5317
f 5317 5345 5341
f 5317 5341 5315
f 5315 5341 5337
f 5315 5337 5314
f 5314 5337 5333
f 5314 5333 5311
f 5311 5333 5329
f 5311 5329 5310
f 5310 5329 5325
f 5310 5325 5308
f 5308 5325 5321
f 5308 5321 5306
f 5306 5321 5302
f 5346 5253 5347
f 5347 5253 5251
f 5347 5251 5348
f 5348 5251 5077
f 5348 5077 5074
f 5348 5074 5344
f 5344 5074 5071
f 5344 5071 5340
f 5340 5071 5070
f 5340 5070 5336
f 5336 5070 5068
f 5336 5068 5332
f 5332 5068 5065
f 5332 5065 5328
f 5328 5065 5063
f 5328 5063 5324
f 5324 5063 5061
f 5328 5324 5323
f 5323 5322 5327
f 5327 5322 5326
f 5327 5326 5331
f 5331 5326 5330
f 5331 5330 5335
f 5335 5330 5334
f 5335 5334 5339
f 5339 5334 5338
f 5339 5338 5343
f 5343 5338 5342
f 5343 5342 5347
f 5347 5342 5346
f 5332 5328 5327
f 5327 5328 5323
f 5332 5327 5331
f 5336 5332 5331
f 5336 5331 5335
f 5340 5336 5335
f 5340 5335 5339
f 5344 5340 5339
f 5344 5339 5343
f 5348 5344 5343
f 5348 5343 5347
f 5037 5034 5384
f 5384 5034 5350
f 5384 5350 5383
f 5383 5350 5351
f 5383 5351 5382
f 5382 5351 5381
f 5382 5381 5386
f 5386 5381 5385
f 5386 5385 5390
f 5390 5385 5389
f 5390 5389 5394
f 5394 5389 5393
f 5394 5393 5398
f 5398 5393 5397
f 5398 5397 5402
f 5402 5397 5401
f 5402 5401 5406
f 5406 5401 5405
f 5406 5405 5410
f 5410 5405 5409
f 5410 5409 5414
f 5414 5409 5413
f 5414 5413 5418
f 5418 5413 5417
f 5418 5417 5422
f 5422 5417 5421
f 5422 5421 5301
f 5301 5421 5379
f 5301 5379 5305
f 5351 5356 5381
f 5381 5356 5358
f 5381 5358 5385
f 5385 5358 5360
f 5385 5360 5389
f 5389 5360 5361
f 5389 5361 5393
f 5393 5361 5363
f 5393 5363 5365
f 5393 5365 5397
f 5397 5365 5368
f 5397 5368 5401
f 5401 5368 5369
f 5401 5369 5405
f 5405 5369 5371
f 5405 5371 5409
f 5409 5371 5374
f 5409 5374 5413
f 5413 5374 5376
f 5413 5376 5417
f 5417 5376 5377
f 5417 5377 5421
f 5421 5377 5379
f 5422 5301 5423
f 5423 5301 5299
f 5423 5299 5424
f 5424 5299 5059
f 5424 5059 5056
f 5056 5054 5424
f 5424 5054 5420
f 5424 5420 5419
f 5419 5420 5415
f 5419 5415 5414
f 5414 5415 5410
f 5054 5052 5420
f 5420 5052 5416
f 5420 5416 5415
f 5415 5416 5411
f 5415 5411 5410
f 5410 5411 5406
f 5052 5051 5416
f 5416 5051 5412
f 5416 5412 5411
f 5411 5412 5407
f 5411 5407 5406
f 5406 5407 5402
f 5051 5048 5412
f 5412 5048 5408
f 5412 5408 5407
f 5407 5408 5403
f 5407 5403 5402
f 5402 5403 5398
f 5048 5047 5408
f 5408 5047 5404
f 5408 5404 5403
f 5403 5404 5399
f 5403 5399 5398
f 5398 5399 5394
f 5047 5044 5404
f 5404 5044 5400
f 5404 5400 5399
f 5399 5400 5395
f 5399 5395 5394
f 5394 5395 5390
f 5044 5043 5400
f 5400 5043 5396
f 5400 5396 5395
f 5395 5396 5391
f 5395 5391 5390
f 5390 5391 5386
f 5043 5040 5396
f 5396 5040 5392
f 5396 5392 5391
f 5391 5392 5387
f 5391 5387 5386
f 5386 5387 5382
f 5040 5038 5392
f 5392 5038 5388
f 5392 5388 5387
f 5387 5388 5383
f 5387 5383 5382
f 5038 5037 5388
f 5388 5037 5384
f 5388 5384 5383
f 5419 5414 5418
f 5422 5423 5418
f 5418 5423 5419
f 5423 5424 5419
f 5029 5027 5441
f 5441 5027 5426
f 5441 5426 5440
f 5440 5426 5427
f 5440 5427 5439
f 5439 5427 5438
f 5439 5438 5443
f 5443 5438 5442
f 5443 5442 5447
f 5447 5442 5446
f 5447 5446 5352
f 5352 5446 5353
f 5353 5446 5436
f 5436 5446 5435
f 5435 5446 5442
f 5435 5442 5433
f 5433 5442 5438
f 5433 5438 5431
f 5431 5438 5427
f 5447 5352 5448
f 5448 5352 5349
f 5448 5349 5449
f 5449 5349 5034
f 5449 5034 5032
f 5449 5032 5445
f 5445 5032 5031
f 5445 5031 5441
f 5441 5031 5029
f 5445 5441 5440
f 5440 5439 5444
f 5444 5439 5443
f 5444 5443 5448
f 5448 5443 5447
f 5449 5445 5444
f 5444 5445 5440
f 5449 5444 5448
f 5231 5451 5021
f 5021 5451 5425
f 5021 5425 5026
f 5425 5451 5428
f 5428 5451 5452
f 5428 5452 5429
f 5429 5452 5455
f 5459 5461 5496
f 5496 5461 5497
f 5496 5497 5494
f 5494 5497 5498
f 5494 5498 5491
f 5491 5498 5162
f 5491 5162 5489
f 5489 5162 5159
f 5497 5461 5499
f 5499 5461 5463
f 5499 5463 5501
f 5501 5463 5466
f 5501 5466 5503
f 5503 5466 5467
f 5503 5467 5505
f 5505 5467 5470
f 5505 5470 5507
f 5507 5470 5472
f 5507 5472 5509
f 5509 5472 5474
f 5509 5474 5511
f 5511 5474 5476
f 5511 5476 5513
f 5513 5476 5477
f 5513 5477 5515
f 5515 5477 5480
f 5515 5480 5486
f 5486 5480 5481
f 5486 5487 5515
f 5515 5487 5516
f 5515 5516 5513
f 5513 5516 5514
f 5513 5514 5511
f 5511 5514 5512
f 5511 5512 5509
f 5509 5512 5510
f 5509 5510 5507
f 5507 5510 5508
f 5507 5508 5505
f 5505 5508 5506
f 5505 5506 5503
f 5503 5506 5504
f 5503 5504 5501
f 5501 5504 5502
f 5501 5502 5499
f 5499 5502 5500
f 5499 5500 5497
f 5497 5500 5498
f 5487 5180 5516
f 5516 5180 5178
f 5516 5178 5514
f 5514 5178 5175
f 5514 5175 5512
f 5512 5175 5173
f 5512 5173 5510
f 5510 5173 5171
f 5510 5171 5508
f 5508 5171 5170
f 5508 5170 5506
f 5506 5170 5168
f 5506 5168 5504
f 5504 5168 5166
f 5504 5166 5502
f 5502 5166 5163
f 5502 5163 5500
f 5500 5163 5162
f 5500 5162 5498
f 5183 5179 5542
f 5542 5179 5488
f 5542 5488 5541
f 5541 5488 5485
f 5541 5485 5540
f 5540 5485 5539
f 5540 5539 5544
f 5544 5539 5543
f 5544 5543 5548
f 5548 5543 5547
f 5548 5547 5552
f 5552 5547 5551
f 5552 5551 5556
f 5556 5551 5555
f 5556 5555 5560
f 5560 5555 5559
f 5560 5559 5564
f 5564 5559 5563
f 5564 5563 5536
f 5536 5563 5532
f 5532 5563 5529
f 5529 5563 5527
f 5527 5563 5559
f 5527 5559 5525
f 5525 5559 5555
f 5525 5555 5523
f 5523 5555 5551
f 5523 5551 5521
f 5521 5551 5547
f 5521 5547 5519
f 5519 5547 5543
f 5519 5543 5517
f 5517 5543 5539
f 5517 5539 5484
f 5484 5539 5485
f 5564 5536 5565
f 5565 5536 5537
f 5565 5537 5566
f 5566 5537 5197
f 5566 5197 5195
f 5566 5195 5562
f 5562 5195 5193
f 5562 5193 5558
f 5558 5193 5191
f 5558 5191 5554
f 5554 5191 5189
f 5554 5189 5550
f 5550 5189 5186
f 5550 5186 5546
f 5546 5186 5185
f 5546 5185 5542
f 5542 5185 5183
f 5546 5542 5541
f 5541 5540 5545
f 5545 5540 5544
f 5545 5544 5549
f 5549 5544 5548
f 5549 5548 5553
f 5553 5548 5552
f 5553 5552 5557
f 5557 5552 5556
f 5557 5556 5561
f 5561 5556 5560
f 5561 5560 5565
f 5565 5560 5564
f 5550 5546 5545
f 5545 5546 5541
f 5550 5545 5549
f 5554 5550 5549
f 5554 5549 5553
f 5558 5554 5553
f 5558 5553 5557
f 5562 5558 5557
f 5562 5557 5561
f 5566 5562 5561
f 5566 5561 5565
f 5597 5567 5602
f 5602 5567 5571
f 5602 5571 5601
f 5601 5571 5573
f 5601 5573 5600
f 5600 5573 5599
f 5600 5599 5604
f 5604 5599 5603
f 5604 5603 5608
f 5608 5603 5607
f 5608 5607 5612
f 5612 5607 5611
f 5612 5611 5616
f 5616 5611 5615
f 5616 5615 5620
f 5620 5615 5619
f 5620 5619 5624
f 5624 5619 5623
f 5624 5623 5628
f 5628 5623 5627
f 5628 5627 5632
f 5632 5627 5631
f 5632 5631 5636
f 5636 5631 5635
f 5636 5635 5640
f 5640 5635 5639
f 5640 5639 5538
f 5538 5639 5199
f 5538 5199 5196
f 5573 5221 5599
f 5599 5221 5220
f 5599 5220 5603
f 5603 5220 5218
f 5603 5218 5607
f 5607 5218 5215
f 5607 5215 5611
f 5611 5215 5214
f 5611 5214 5615
f 5615 5214 5211
f 5615 5211 5619
f 5619 5211 5210
f 5619 5210 5623
f 5623 5210 5208
f 5623 5208 5627
f 5627 5208 5206
f 5627 5206 5631
f 5631 5206 5203
f 5631 5203 5635
f 5635 5203 5201
f 5635 5201 5639
f 5639 5201 5199
f 5640 5538 5641
f 5641 5538 5535
f 5641 5535 5642
f 5642 5535 5533
f 5642 5533 5575
f 5575 5577 5642
f 5642 5577 5638
f 5642 5638 5637
f 5637 5638 5633
f 5637 5633 5632
f 5632 5633 5628
f 5577 5579 5638
f 5638 5579 5634
f 5638 5634 5633
f 5633 5634 5629
f 5633 5629 5628
f 5628 5629 5624
f 5579 5582 5634
f 5634 5582 5630
f 5634 5630 5629
f 5629 5630 5625
f 5629 5625 5624
f 5624 5625 5620
f 5582 5584 5630
f 5630 5584 5626
f 5630 5626 5625
f 5625 5626 5621
f 5625 5621 5620
f 5620 5621 5616
f 5584 5585 5626
f 5626 5585 5622
f 5626 5622 5621
f 5621 5622 5617
f 5621 5617 5616
f 5616 5617 5612
f 5585 5588 5622
f 5622 5588 5618
f 5622 5618 5617
f 5617 5618 5613
f 5617 5613 5612
f 5612 5613 5608
f 5588 5590 5618
f 5618 5590 5614
f 5618 5614 5613
f 5613 5614 5609
f 5613 5609 5608
f 5608 5609 5604
f 5590 5592 5614
f 5614 5592 5593
f 5614 5593 5610
f 5610 5593 5595
f 5610 5595 5606
f 5606 5595 5597
f 5606 5597 5602
f 5606 5602 5601
f 5601 5600 5605
f 5605 5600 5604
f 5605 5604 5609
f 5610 5606 5605
f 5605 5606 5601
f 5610 5605 5609
f 5614 5610 5609
f 5637 5632 5636
f 5640 5641 5636
f 5636 5641 5637
f 5641 5642 5637
f 5223 5221 5659
f 5659 5221 5574
f 5659 5574 5658
f 5658 5574 5572
f 5658 5572 5657
f 5657 5572 5656
f 5657 5656 5661
f 5661 5656 5660
f 5661 5660 5665
f 5665 5660 5664
f 5665 5664 5652
f 5652 5664 5650
f 5650 5664 5648
f 5648 5664 5645
f 5645 5664 5660
f 5645 5660 5643
f 5643 5660 5656
f 5643 5656 5568
f 5568 5656 5572
f 5665 5652 5666
f 5666 5652 5654
f 5666 5654 5667
f 5667 5654 5149
f 5667 5149 5228
f 5667 5228 5663
f 5663 5228 5225
f 5663 5225 5659
f 5659 5225 5223
f 5663 5659 5658
f 5658 5657 5662
f 5662 5657 5661
f 5662 5661 5666
f 5666 5661 5665
f 5667 5663 5662
f 5662 5663 5658
f 5667 5662 5666
f 5649 5669 5653
f 5653 5669 5671
f 5653 5671 5655
f 5655 5671 5674
f 5655 5674 5151
f 5151 5674 5153
f 5160 5155 5490
f 5490 5155 5492
f 5492 5155 5675
f 5492 5675 5493
f 5493 5675 5678
f 5493 5678 5495
f 5495 5678 5680
f 5495 5680 5458
f 5430 5456 5651
f 5651 5456 5668
f 5355 5437 5570
f 5570 5437 5644
f 5644 5437 5434
f 5644 5434 5646
f 5646 5434 5432
f 5646 5432 5647
f 5647 5432 5431
f 5647 5431 5650
f 5303 5380 5531
f 5531 5380 5576
f 5576 5380 5378
f 5576 5378 5578
f 5578 5378 5375
f 5578 5375 5580
f 5580 5375 5373
f 5580 5373 5581
f 5581 5373 5372
f 5581 5372 5583
f 5583 5372 5370
f 5583 5370 5586
f 5586 5370 5367
f 5586 5367 5587
f 5587 5367 5366
f 5587 5366 5589
f 5589 5366 5364
f 5589 5364 5591
f 5591 5364 5362
f 5591 5362 5594
f 5594 5362 5359
f 5594 5359 5596
f 5596 5359 5357
f 5596 5357 5598
f 5598 5357 5354
f 5598 5354 5569
f 5673 5672 5154
f 5154 5672 5670
f 5154 5670 5454
f 5154 5454 5230
f 5230 5454 5453
f 5230 5453 5450
f 4972 4318 5230
f 5230 4318 5104
f 5230 5104 5154
f 5154 5104 5156
f 5156 5104 5100
f 5156 5100 5237
f 5237 5100 5239
f 5239 5100 5241
f 4969 4967 4972
f 4972 4967 4964
f 4972 4964 4751
f 4972 4751 4449
f 4449 4751 4748
f 4449 4748 4745
f 4972 4449 4318
f 4318 4449 4525
f 4318 4525 4321
f 4321 4525 4533
f 4321 4533 4978
f 4537 4535 4525
f 4525 4535 4533
f 4978 4975 4321
f 4321 4975 4974
f 5237 5679 5156
f 5156 5679 5677
f 5156 5677 5676
f 5255 5320 5482
f 5482 5320 5518
f 5518 5320 5318
f 5518 5318 5520
f 5520 5318 5316
f 5520 5316 5522
f 5522 5316 5313
f 5522 5313 5524
f 5524 5313 5312
f 5524 5312 5526
f 5526 5312 5309
f 5526 5309 5528
f 5528 5309 5307
f 5528 5307 5530
f 5530 5307 5534
f 5534 5307 5304
f 5460 5232 5462
f 5462 5232 5278
f 5462 5278 5464
f 5464 5278 5276
f 5464 5276 5465
f 5465 5276 5273
f 5465 5273 5468
f 5468 5273 5272
f 5468 5272 5469
f 5469 5272 5270
f 5469 5270 5471
f 5471 5270 5267
f 5471 5267 5473
f 5473 5267 5265
f 5473 5265 5475
f 5475 5265 5263
f 5475 5263 5478
f 5478 5263 5262
f 5478 5262 5479
f 5479 5262 5260
f 5479 5260 5483
f 5483 5260 5257
f 5238 5233 5681
f 5681 5233 5457
f 5685 5732 5683
f 5683 5732 5734
f 5683 5734 5729
f 5729 5734 5735
f 5729 5735 5726
f 5726 5735 5736
f 5726 5736 5724
f 5724 5736 5737
f 5724 5737 5738
f 5738 5737 5774
f 5738 5774 5733
f 5733 5774 5740
f 5733 5740 5720
f 5720 5740 5741
f 5720 5741 5749
f 5749 5741 5742
f 5749 5742 5748
f 5748 5742 5743
f 5748 5743 5747
f 5747 5743 5744
f 5747 5744 5746
f 5746 5744 5745
f 5746 5745 5731
f 5731 5745 5685
f 5731 5685 5688
f 5690 5751 5688
f 5688 5751 5762
f 5688 5762 5731
f 5731 5762 5761
f 5731 5761 5746
f 5746 5761 5760
f 5746 5760 5747
f 5747 5760 5759
f 5747 5759 5748
f 5748 5759 5758
f 5748 5758 5718
f 5718 5758 5757
f 5718 5757 5715
f 5715 5757 5758
f 5715 5758 5755
f 5755 5758 5759
f 5755 5759 5754
f 5754 5759 5760
f 5754 5760 5753
f 5753 5760 5761
f 5753 5761 5752
f 5752 5761 5762
f 5752 5762 5751
f 5751 5690 5730
f 5730 5690 5693
f 5730 5693 5773
f 5773 5693 5694
f 5773 5694 5772
f 5772 5694 5697
f 5772 5697 5771
f 5771 5697 5698
f 5771 5698 5701
f 5771 5701 5770
f 5770 5701 5702
f 5770 5702 5769
f 5769 5702 5705
f 5769 5705 5768
f 5768 5705 5710
f 5768 5710 5711
f 5768 5711 5767
f 5767 5711 5714
f 5767 5714 5756
f 5756 5714 5715
f 5756 5715 5755
f 5720 5750 5718
f 5718 5750 5749
f 5718 5749 5748
f 5720 5722 5733
f 5733 5722 5739
f 5733 5739 5738
f 5738 5739 5722
f 5738 5722 5724
f 5685 5745 5732
f 5732 5745 5744
f 5732 5744 5777
f 5777 5744 5743
f 5777 5743 5776
f 5776 5743 5742
f 5776 5742 5775
f 5775 5742 5741
f 5775 5741 5774
f 5774 5741 5740
f 5732 5777 5734
f 5734 5777 5735
f 5777 5776 5735
f 5735 5776 5736
f 5776 5775 5736
f 5736 5775 5737
f 5775 5774 5737
f 5749 5750 5720
f 5752 5751 5763
f 5763 5751 5730
f 5763 5730 5772
f 5772 5730 5773
f 5753 5752 5764
f 5764 5752 5763
f 5764 5763 5771
f 5771 5763 5772
f 5754 5753 5765
f 5765 5753 5764
f 5765 5764 5770
f 5770 5764 5771
f 5767 5756 5755
f 5755 5754 5766
f 5766 5754 5765
f 5766 5765 5769
f 5769 5765 5770
f 5768 5767 5766
f 5766 5767 5755
f 5768 5766 5769
f 5778 5826 5691
f 5691 5826 5827
f 5691 5827 5695
f 5695 5827 5835
f 5695 5835 5696
f 5696 5835 5843
f 5696 5843 5699
f 5699 5843 5700
f 5700 5843 5851
f 5700 5851 5819
f 5819 5851 5850
f 5819 5850 5868
f 5868 5850 5849
f 5868 5849 5869
f 5869 5849 5848
f 5869 5848 5870
f 5870 5848 5847
f 5870 5847 5871
f 5871 5847 5846
f 5871 5846 5872
f 5872 5846 5845
f 5872 5845 5873
f 5873 5845 5844
f 5873 5844 5818
f 5818 5844 5795
f 5818 5795 5798
f 5826 5778 5825
f 5825 5778 5781
f 5825 5781 5824
f 5824 5781 5783
f 5824 5783 5823
f 5823 5783 5785
f 5823 5785 5822
f 5822 5785 5821
f 5822 5821 5830
f 5830 5821 5829
f 5830 5829 5838
f 5838 5829 5837
f 5838 5837 5846
f 5846 5837 5845
f 5785 5787 5821
f 5821 5787 5820
f 5821 5820 5829
f 5829 5820 5828
f 5829 5828 5837
f 5837 5828 5792
f 5837 5792 5836
f 5836 5792 5793
f 5836 5793 5795
f 5787 5790 5820
f 5820 5790 5828
f 5790 5792 5828
f 5800 5852 5798
f 5798 5852 5867
f 5798 5867 5818
f 5818 5867 5866
f 5818 5866 5873
f 5873 5866 5865
f 5873 5865 5872
f 5872 5865 5855
f 5872 5855 5871
f 5871 5855 5864
f 5871 5864 5870
f 5870 5864 5863
f 5870 5863 5869
f 5869 5863 5862
f 5869 5862 5868
f 5868 5862 5861
f 5868 5861 5819
f 5819 5861 5703
f 5819 5703 5700
f 5801 5806 5800
f 5800 5806 5852
f 5806 5809 5852
f 5852 5809 5853
f 5852 5853 5867
f 5867 5853 5866
f 5853 5809 5854
f 5854 5809 5811
f 5854 5811 5856
f 5856 5811 5855
f 5856 5855 5865
f 5813 5857 5811
f 5811 5857 5864
f 5811 5864 5855
f 5813 5814 5857
f 5857 5814 5858
f 5857 5858 5864
f 5864 5858 5863
f 5814 5816 5858
f 5858 5816 5859
f 5858 5859 5863
f 5863 5859 5862
f 5859 5816 5860
f 5860 5816 5706
f 5860 5706 5704
f 5860 5704 5861
f 5861 5704 5703
f 5823 5822 5831
f 5831 5822 5830
f 5831 5830 5839
f 5839 5830 5838
f 5839 5838 5847
f 5847 5838 5846
f 5824 5823 5832
f 5832 5823 5831
f 5832 5831 5840
f 5840 5831 5839
f 5840 5839 5848
f 5848 5839 5847
f 5825 5824 5833
f 5833 5824 5832
f 5833 5832 5841
f 5841 5832 5840
f 5841 5840 5849
f 5849 5840 5848
f 5835 5827 5826
f 5826 5825 5834
f 5834 5825 5833
f 5834 5833 5842
f 5842 5833 5841
f 5842 5841 5850
f 5850 5841 5849
f 5843 5835 5834
f 5834 5835 5826
f 5843 5834 5842
f 5845 5837 5836
f 5844 5845 5836
f 5851 5843 5842
f 5851 5842 5850
f 5795 5844 5836
f 5865 5866 5854
f 5854 5866 5853
f 5854 5856 5865
f 5861 5862 5860
f 5860 5862 5859
f 5878 5924 5874
f 5874 5924 5926
f 5874 5926 5921
f 5921 5926 5927
f 5921 5927 5918
f 5918 5927 5928
f 5918 5928 5917
f 5917 5928 5929
f 5917 5929 5930
f 5930 5929 5966
f 5930 5966 5925
f 5925 5966 5932
f 5925 5932 5911
f 5911 5932 5933
f 5911 5933 5941
f 5941 5933 5934
f 5941 5934 5940
f 5940 5934 5935
f 5940 5935 5939
f 5939 5935 5936
f 5939 5936 5938
f 5938 5936 5937
f 5938 5937 5923
f 5923 5937 5878
f 5923 5878 5880
f 5882 5943 5880
f 5880 5943 5954
f 5880 5954 5923
f 5923 5954 5953
f 5923 5953 5938
f 5938 5953 5952
f 5938 5952 5939
f 5939 5952 5951
f 5939 5951 5940
f 5940 5951 5950
f 5940 5950 5910
f 5910 5950 5949
f 5910 5949 5908
f 5908 5949 5950
f 5908 5950 5947
f 5947 5950 5951
f 5947 5951 5946
f 5946 5951 5952
f 5946 5952 5945
f 5945 5952 5953
f 5945 5953 5944
f 5944 5953 5954
f 5944 5954 5943
f 5943 5882 5922
f 5922 5882 5883
f 5922 5883 5965
f 5965 5883 5887
f 5965 5887 5964
f 5964 5887 5889
f 5964 5889 5963
f 5963 5889 5890
f 5963 5890 5892
f 5963 5892 5962
f 5962 5892 5894
f 5962 5894 5961
f 5961 5894 5897
f 5961 5897 5960
f 5960 5897 5901
f 5960 5901 5904
f 5960 5904 5959
f 5959 5904 5905
f 5959 5905 5948
f 5948 5905 5908
f 5948 5908 5947
f 5911 5942 5910
f 5910 5942 5941
f 5910 5941 5940
f 5911 5913 5925
f 5925 5913 5931
f 5925 5931 5930
f 5930 5931 5913
f 5930 5913 5917
f 5878 5937 5924
f 5924 5937 5936
f 5924 5936 5969
f 5969 5936 5935
f 5969 5935 5968
f 5968 5935 5934
f 5968 5934 5967
f 5967 5934 5933
f 5967 5933 5966
f 5966 5933 5932
f 5924 5969 5926
f 5926 5969 5927
f 5969 5968 5927
f 5927 5968 5928
f 5968 5967 5928
f 5928 5967 5929
f 5967 5966 5929
f 5941 5942 5911
f 5944 5943 5955
f 5955 5943 5922
f 5955 5922 5964
f 5964 5922 5965
f 5945 5944 5956
f 5956 5944 5955
f 5956 5955 5963
f 5963 5955 5964
f 5946 5945 5957
f 5957 5945 5956
f 5957 5956 5962
f 5962 5956 5963
f 5959 5948 5947
f 5947 5946 5958
f 5958 5946 5957
f 5958 5957 5961
f 5961 5957 5962
f 5960 5959 5958
f 5958 5959 5947
f 5960 5958 5961
f 5971 6011 5885
f 5885 6011 6013
f 5885 6013 5886
f 5886 6013 6014
f 5886 6014 5888
f 5888 6014 6015
f 5888 6015 5891
f 5891 6015 5893
f 5893 6015 6016
f 5893 6016 5895
f 5895 6016 6017
f 5895 6017 6018
f 6018 6017 6057
f 6018 6057 6009
f 6009 6057 6012
f 6009 6012 6007
f 6007 6012 6024
f 6007 6024 6023
f 6023 6024 6025
f 6023 6025 6026
f 6026 6025 6055
f 6026 6055 6054
f 6054 6055 6015
f 6054 6015 6014
f 5973 6019 5971
f 5971 6019 6029
f 5971 6029 6011
f 6011 6029 6028
f 6011 6028 6053
f 6053 6028 6027
f 6053 6027 6054
f 6054 6027 6026
f 6019 5973 6030
f 6030 5973 5975
f 6030 5975 6036
f 6036 5975 5976
f 6036 5976 6010
f 6010 5976 5978
f 6010 5978 6052
f 6052 5978 5981
f 6052 5981 6051
f 6051 5981 5983
f 6051 5983 6050
f 6050 5983 5985
f 6050 5985 5988
f 6050 5988 6049
f 6049 5988 5989
f 6049 5989 6048
f 6048 5989 5992
f 6048 5992 6047
f 6047 5992 5994
f 6047 5994 5999
f 6047 5999 6046
f 6046 5999 6001
f 6046 6001 6041
f 6041 6001 6003
f 6041 6003 6035
f 6035 6003 6005
f 6035 6005 6007
f 6009 5898 6018
f 6018 5898 5896
f 6018 5896 5895
f 6011 6053 6013
f 6013 6053 6014
f 6053 6054 6014
f 6015 6055 6016
f 6016 6055 6056
f 6016 6056 6017
f 6017 6056 6057
f 6028 6029 6020
f 6020 6029 6019
f 6020 6019 6031
f 6031 6019 6030
f 6031 6030 6037
f 6037 6030 6036
f 6037 6036 6042
f 6042 6036 6010
f 6042 6010 6051
f 6051 6010 6052
f 6027 6028 6021
f 6021 6028 6020
f 6021 6020 6032
f 6032 6020 6031
f 6032 6031 6038
f 6038 6031 6037
f 6038 6037 6043
f 6043 6037 6042
f 6043 6042 6050
f 6050 6042 6051
f 6026 6027 6022
f 6022 6027 6021
f 6022 6021 6033
f 6033 6021 6032
f 6033 6032 6039
f 6039 6032 6038
f 6039 6038 6044
f 6044 6038 6043
f 6044 6043 6049
f 6049 6043 6050
f 6026 6022 6023
f 6023 6022 6034
f 6023 6034 6007
f 6007 6034 6035
f 6034 6022 6033
f 6024 6012 6025
f 6025 6012 6056
f 6025 6056 6055
f 6057 6056 6012
f 6041 6035 6034
f 6034 6033 6040
f 6040 6033 6039
f 6040 6039 6045
f 6045 6039 6044
f 6045 6044 6048
f 6048 6044 6049
f 6046 6041 6040
f 6040 6041 6034
f 6046 6040 6045
f 6047 6046 6045
f 6047 6045 6048
f 6060 6061 6220
f 6220 6061 6226
f 6220 6226 6219
f 6219 6226 6227
f 6219 6227 6217
f 6217 6227 6228
f 6217 6228 6229
f 6229 6228 6287
f 6229 6287 6286
f 6286 6287 6294
f 6286 6294 6295
f 6295 6294 6382
f 6295 6382 6381
f 6381 6382 6329
f 6381 6329 6330
f 6330 6329 6395
f 6330 6395 6396
f 6396 6395 6478
f 6396 6478 6477
f 6477 6478 6444
f 6477 6444 6443
f 6443 6444 6096
f 6443 6096 6099
f 6226 6061 6223
f 6223 6061 6064
f 6223 6064 6290
f 6290 6064 6066
f 6290 6066 6387
f 6387 6066 6323
f 6387 6323 6324
f 6324 6323 6389
f 6324 6389 6390
f 6390 6389 6484
f 6390 6484 6483
f 6483 6484 6450
f 6483 6450 6449
f 6449 6450 6085
f 6449 6085 6087
f 6066 6068 6323
f 6323 6068 6388
f 6323 6388 6389
f 6389 6388 6485
f 6389 6485 6484
f 6484 6485 6451
f 6484 6451 6450
f 6450 6451 6083
f 6450 6083 6085
f 6388 6068 6225
f 6225 6068 6070
f 6225 6070 6453
f 6453 6070 6077
f 6453 6077 6078
f 6070 6075 6077
f 6453 6078 6452
f 6452 6078 6080
f 6452 6080 6451
f 6451 6080 6083
f 6449 6087 6448
f 6448 6087 6088
f 6448 6088 6447
f 6447 6088 6090
f 6447 6090 6446
f 6446 6090 6093
f 6446 6093 6445
f 6445 6093 6095
f 6445 6095 6444
f 6444 6095 6096
f 6443 6099 6442
f 6442 6099 6100
f 6442 6100 6441
f 6441 6100 6102
f 6441 6102 6440
f 6440 6102 6104
f 6440 6104 6439
f 6439 6104 6107
f 6439 6107 6438
f 6438 6107 6108
f 6438 6108 6437
f 6437 6108 6111
f 6437 6111 6436
f 6436 6111 6113
f 6436 6113 6435
f 6435 6113 6115
f 6435 6115 6434
f 6434 6115 6116
f 6434 6116 6433
f 6433 6116 6118
f 6433 6118 6432
f 6432 6118 6121
f 6432 6121 6431
f 6431 6121 6122
f 6431 6122 6430
f 6430 6122 6125
f 6430 6125 6429
f 6429 6125 6126
f 6429 6126 6128
f 6429 6128 6428
f 6428 6128 6130
f 6428 6130 6427
f 6427 6130 6132
f 6427 6132 6426
f 6426 6132 6425
f 6426 6425 6459
f 6459 6425 6458
f 6459 6458 6415
f 6415 6458 6416
f 6415 6416 6350
f 6350 6416 6351
f 6350 6351 6360
f 6360 6351 6359
f 6360 6359 6317
f 6317 6359 6318
f 6317 6318 6263
f 6263 6318 6262
f 6263 6262 6253
f 6253 6262 6254
f 6253 6254 6165
f 6165 6254 6162
f 6162 6254 6255
f 6162 6255 6256
f 6256 6255 6260
f 6256 6260 6259
f 6259 6260 6158
f 6259 6158 6222
f 6222 6158 6159
f 6222 6159 6258
f 6258 6159 6257
f 6258 6257 6222
f 6222 6257 6259
f 6132 6135 6425
f 6425 6135 6424
f 6425 6424 6458
f 6458 6424 6457
f 6458 6457 6416
f 6416 6457 6417
f 6416 6417 6351
f 6351 6417 6352
f 6351 6352 6359
f 6359 6352 6358
f 6359 6358 6318
f 6318 6358 6319
f 6318 6319 6262
f 6262 6319 6261
f 6262 6261 6254
f 6254 6261 6255
f 6135 6137 6424
f 6424 6137 6423
f 6424 6423 6457
f 6457 6423 6456
f 6457 6456 6417
f 6417 6456 6418
f 6417 6418 6352
f 6352 6418 6353
f 6352 6353 6358
f 6358 6353 6357
f 6358 6357 6319
f 6319 6357 6320
f 6319 6320 6261
f 6261 6320 6260
f 6261 6260 6255
f 6137 6139 6423
f 6423 6139 6141
f 6423 6141 6422
f 6422 6141 6143
f 6422 6143 6421
f 6421 6143 6148
f 6421 6148 6150
f 6421 6150 6454
f 6454 6150 6151
f 6454 6151 6420
f 6420 6151 6224
f 6420 6224 6354
f 6354 6224 6154
f 6354 6154 6353
f 6353 6154 6357
f 6151 6154 6224
f 6155 6355 6154
f 6154 6355 6356
f 6154 6356 6357
f 6357 6356 6155
f 6357 6155 6320
f 6320 6155 6321
f 6320 6321 6158
f 6158 6321 6322
f 6158 6322 6155
f 6155 6322 6321
f 6257 6159 6256
f 6256 6159 6162
f 6165 6167 6253
f 6253 6167 6252
f 6253 6252 6263
f 6263 6252 6264
f 6263 6264 6317
f 6317 6264 6316
f 6317 6316 6360
f 6360 6316 6361
f 6360 6361 6350
f 6350 6361 6349
f 6350 6349 6415
f 6415 6349 6414
f 6415 6414 6459
f 6459 6414 6460
f 6459 6460 6426
f 6426 6460 6427
f 6167 6168 6252
f 6252 6168 6251
f 6252 6251 6264
f 6264 6251 6265
f 6264 6265 6316
f 6316 6265 6315
f 6316 6315 6361
f 6361 6315 6362
f 6361 6362 6349
f 6349 6362 6348
f 6349 6348 6414
f 6414 6348 6413
f 6414 6413 6460
f 6460 6413 6461
f 6460 6461 6427
f 6427 6461 6428
f 6168 6171 6251
f 6251 6171 6250
f 6251 6250 6265
f 6265 6250 6266
f 6265 6266 6315
f 6315 6266 6314
f 6315 6314 6362
f 6362 6314 6363
f 6362 6363 6348
f 6348 6363 6347
f 6348 6347 6413
f 6413 6347 6412
f 6413 6412 6461
f 6461 6412 6462
f 6461 6462 6428
f 6428 6462 6429
f 6171 6172 6250
f 6250 6172 6249
f 6250 6249 6266
f 6266 6249 6267
f 6266 6267 6314
f 6314 6267 6313
f 6314 6313 6363
f 6363 6313 6364
f 6363 6364 6347
f 6347 6364 6346
f 6347 6346 6412
f 6412 6346 6411
f 6412 6411 6462
f 6462 6411 6463
f 6462 6463 6429
f 6429 6463 6430
f 6172 6175 6249
f 6249 6175 6248
f 6249 6248 6267
f 6267 6248 6268
f 6267 6268 6313
f 6313 6268 6312
f 6313 6312 6364
f 6364 6312 6365
f 6364 6365 6346
f 6346 6365 6345
f 6346 6345 6411
f 6411 6345 6410
f 6411 6410 6463
f 6463 6410 6464
f 6463 6464 6430
f 6430 6464 6431
f 6175 6177 6248
f 6248 6177 6247
f 6248 6247 6268
f 6268 6247 6269
f 6268 6269 6312
f 6312 6269 6311
f 6312 6311 6365
f 6365 6311 6366
f 6365 6366 6345
f 6345 6366 6344
f 6345 6344 6410
f 6410 6344 6409
f 6410 6409 6464
f 6464 6409 6465
f 6464 6465 6431
f 6431 6465 6432
f 6177 6179 6247
f 6247 6179 6246
f 6247 6246 6269
f 6269 6246 6270
f 6269 6270 6311
f 6311 6270 6310
f 6311 6310 6366
f 6366 6310 6367
f 6366 6367 6344
f 6344 6367 6343
f 6344 6343 6409
f 6409 6343 6408
f 6409 6408 6465
f 6465 6408 6466
f 6465 6466 6432
f 6432 6466 6433
f 6179 6181 6246
f 6246 6181 6245
f 6246 6245 6270
f 6270 6245 6271
f 6270 6271 6310
f 6310 6271 6309
f 6310 6309 6367
f 6367 6309 6368
f 6367 6368 6343
f 6343 6368 6342
f 6343 6342 6408
f 6408 6342 6407
f 6408 6407 6466
f 6466 6407 6467
f 6466 6467 6433
f 6433 6467 6434
f 6181 6183 6245
f 6245 6183 6244
f 6245 6244 6271
f 6271 6244 6272
f 6271 6272 6309
f 6309 6272 6308
f 6309 6308 6368
f 6368 6308 6369
f 6368 6369 6342
f 6342 6369 6341
f 6342 6341 6407
f 6407 6341 6406
f 6407 6406 6467
f 6467 6406 6468
f 6467 6468 6434
f 6434 6468 6435
f 6183 6184 6244
f 6244 6184 6243
f 6244 6243 6272
f 6272 6243 6273
f 6272 6273 6308
f 6308 6273 6307
f 6308 6307 6369
f 6369 6307 6370
f 6369 6370 6341
f 6341 6370 6340
f 6341 6340 6406
f 6406 6340 6405
f 6406 6405 6468
f 6468 6405 6469
f 6468 6469 6435
f 6435 6469 6436
f 6184 6186 6243
f 6243 6186 6242
f 6243 6242 6273
f 6273 6242 6274
f 6273 6274 6307
f 6307 6274 6306
f 6307 6306 6370
f 6370 6306 6371
f 6370 6371 6340
f 6340 6371 6339
f 6340 6339 6405
f 6405 6339 6404
f 6405 6404 6469
f 6469 6404 6470
f 6469 6470 6436
f 6436 6470 6437
f 6186 6188 6242
f 6242 6188 6241
f 6242 6241 6274
f 6274 6241 6275
f 6274 6275 6306
f 6306 6275 6305
f 6306 6305 6371
f 6371 6305 6372
f 6371 6372 6339
f 6339 6372 6338
f 6339 6338 6404
f 6404 6338 6403
f 6404 6403 6470
f 6470 6403 6471
f 6470 6471 6437
f 6437 6471 6438
f 6188 6191 6241
f 6241 6191 6240
f 6241 6240 6275
f 6275 6240 6276
f 6275 6276 6305
f 6305 6276 6304
f 6305 6304 6372
f 6372 6304 6373
f 6372 6373 6338
f 6338 6373 6337
f 6338 6337 6403
f 6403 6337 6402
f 6403 6402 6471
f 6471 6402 6472
f 6471 6472 6438
f 6438 6472 6439
f 6191 6193 6240
f 6240 6193 6239
f 6240 6239 6276
f 6276 6239 6277
f 6276 6277 6304
f 6304 6277 6303
f 6304 6303 6373
f 6373 6303 6374
f 6373 6374 6337
f 6337 6374 6336
f 6337 6336 6402
f 6402 6336 6401
f 6402 6401 6472
f 6472 6401 6473
f 6472 6473 6439
f 6439 6473 6440
f 6193 6194 6239
f 6239 6194 6238
f 6239 6238 6277
f 6277 6238 6278
f 6277 6278 6303
f 6303 6278 6302
f 6303 6302 6374
f 6374 6302 6375
f 6374 6375 6336
f 6336 6375 6335
f 6336 6335 6401
f 6401 6335 6400
f 6401 6400 6473
f 6473 6400 6474
f 6473 6474 6440
f 6440 6474 6441
f 6194 6196 6238
f 6238 6196 6237
f 6238 6237 6278
f 6278 6237 6279
f 6278 6279 6302
f 6302 6279 6301
f 6302 6301 6375
f 6375 6301 6376
f 6375 6376 6335
f 6335 6376 6334
f 6335 6334 6400
f 6400 6334 6399
f 6400 6399 6474
f 6474 6399 6475
f 6474 6475 6441
f 6441 6475 6442
f 6196 6199 6237
f 6237 6199 6236
f 6237 6236 6279
f 6279 6236 6280
f 6279 6280 6301
f 6301 6280 6300
f 6301 6300 6376
f 6376 6300 6377
f 6376 6377 6334
f 6334 6377 6333
f 6334 6333 6399
f 6399 6333 6398
f 6399 6398 6475
f 6475 6398 6476
f 6475 6476 6442
f 6442 6476 6443
f 6199 6201 6236
f 6236 6201 6235
f 6236 6235 6280
f 6280 6235 6281
f 6280 6281 6300
f 6300 6281 6299
f 6300 6299 6377
f 6377 6299 6378
f 6377 6378 6333
f 6333 6378 6332
f 6333 6332 6398
f 6398 6332 6397
f 6398 6397 6476
f 6476 6397 6477
f 6476 6477 6443
f 6201 6203 6235
f 6235 6203 6234
f 6235 6234 6281
f 6281 6234 6282
f 6281 6282 6299
f 6299 6282 6298
f 6299 6298 6378
f 6378 6298 6379
f 6378 6379 6332
f 6332 6379 6331
f 6332 6331 6397
f 6397 6331 6396
f 6397 6396 6477
f 6203 6205 6234
f 6234 6205 6233
f 6234 6233 6282
f 6282 6233 6283
f 6282 6283 6298
f 6298 6283 6297
f 6298 6297 6379
f 6379 6297 6380
f 6379 6380 6331
f 6331 6380 6330
f 6331 6330 6396
f 6205 6207 6233
f 6233 6207 6232
f 6233 6232 6283
f 6283 6232 6284
f 6283 6284 6297
f 6297 6284 6296
f 6297 6296 6380
f 6380 6296 6381
f 6380 6381 6330
f 6207 6209 6232
f 6232 6209 6231
f 6232 6231 6284
f 6284 6231 6285
f 6284 6285 6296
f 6296 6285 6295
f 6296 6295 6381
f 6209 6210 6231
f 6231 6210 6230
f 6231 6230 6285
f 6285 6230 6286
f 6285 6286 6295
f 6210 6212 6230
f 6230 6212 6229
f 6230 6229 6286
f 6212 6215 6229
f 6229 6215 6217
f 6227 6226 6289
f 6289 6226 6223
f 6289 6223 6291
f 6291 6223 6290
f 6291 6290 6386
f 6386 6290 6387
f 6386 6387 6324
f 6228 6227 6288
f 6288 6227 6289
f 6288 6289 6292
f 6292 6289 6291
f 6292 6291 6385
f 6385 6291 6386
f 6385 6386 6325
f 6325 6386 6324
f 6325 6324 6390
f 6259 6257 6256
f 6320 6158 6260
f 6287 6288 6293
f 6293 6288 6292
f 6293 6292 6384
f 6384 6292 6385
f 6384 6385 6326
f 6326 6385 6325
f 6326 6325 6391
f 6391 6325 6390
f 6391 6390 6483
f 6288 6287 6228
f 6287 6293 6294
f 6294 6293 6383
f 6294 6383 6382
f 6382 6383 6328
f 6382 6328 6329
f 6329 6328 6394
f 6329 6394 6395
f 6395 6394 6479
f 6395 6479 6478
f 6478 6479 6445
f 6478 6445 6444
f 6383 6293 6384
f 6383 6384 6327
f 6327 6384 6326
f 6327 6326 6392
f 6392 6326 6391
f 6392 6391 6482
f 6482 6391 6483
f 6482 6483 6449
f 6383 6327 6328
f 6328 6327 6393
f 6328 6393 6394
f 6394 6393 6480
f 6394 6480 6479
f 6479 6480 6446
f 6479 6446 6445
f 6393 6327 6392
f 6354 6353 6419
f 6419 6353 6418
f 6419 6418 6455
f 6455 6418 6456
f 6455 6456 6422
f 6422 6456 6423
f 6155 6356 6355
f 6393 6392 6481
f 6481 6392 6482
f 6481 6482 6448
f 6448 6482 6449
f 6454 6420 6419
f 6419 6420 6354
f 6454 6419 6455
f 6455 6422 6421
f 6455 6421 6454
f 6481 6448 6447
f 6481 6447 6480
f 6480 6447 6446
f 6225 6453 6452
f 6225 6452 6485
f 6485 6452 6451
f 6393 6481 6480
f 6388 6225 6485
f 6486 6491 6569
f 6569 6491 6590
f 6569 6590 6568
f 6568 6590 6610
f 6568 6610 6609
f 6609 6610 6611
f 6609 6611 6608
f 6608 6611 6612
f 6608 6612 6607
f 6607 6612 6613
f 6607 6613 6606
f 6606 6613 6614
f 6606 6614 6605
f 6605 6614 6615
f 6605 6615 6604
f 6604 6615 6584
f 6604 6584 6603
f 6603 6584 6616
f 6603 6616 6602
f 6602 6616 6617
f 6602 6617 6601
f 6601 6617 6618
f 6601 6618 6600
f 6600 6618 6619
f 6600 6619 6599
f 6599 6619 6620
f 6599 6620 6598
f 6598 6620 6621
f 6598 6621 6597
f 6597 6621 6622
f 6597 6622 6596
f 6596 6622 6623
f 6596 6623 6595
f 6595 6623 6624
f 6595 6624 6594
f 6594 6624 6625
f 6594 6625 6593
f 6593 6625 6626
f 6593 6626 6592
f 6592 6626 6627
f 6592 6627 6591
f 6591 6627 5817
f 6591 5817 5815
f 6590 6491 6589
f 6589 6491 6493
f 6589 6493 6588
f 6588 6493 6495
f 6588 6495 6587
f 6587 6495 6586
f 6587 6586 6613
f 6613 6586 6614
f 6495 6497 6586
f 6586 6497 6585
f 6586 6585 6614
f 6614 6585 6615
f 6497 6500 6585
f 6585 6500 6501
f 6585 6501 6583
f 6583 6501 6504
f 6583 6504 6584
f 6584 6504 6616
f 6616 6504 6582
f 6582 6504 6506
f 6582 6506 6581
f 6581 6506 6508
f 6581 6508 6580
f 6580 6508 6509
f 6580 6509 6579
f 6579 6509 6511
f 6579 6511 6578
f 6578 6511 6513
f 6578 6513 6577
f 6577 6513 6516
f 6577 6516 6576
f 6576 6516 6517
f 6576 6517 6575
f 6575 6517 6574
f 6575 6574 6623
f 6623 6574 6624
f 6517 6520 6574
f 6574 6520 6573
f 6574 6573 6624
f 6624 6573 6625
f 6520 6521 6573
f 6573 6521 6572
f 6573 6572 6625
f 6625 6572 6626
f 6521 6523 6572
f 6572 6523 6571
f 6572 6571 6626
f 6626 6571 6627
f 6523 5709 6571
f 6571 5709 5817
f 6571 5817 6627
f 5812 6628 5815
f 5815 6628 6629
f 5815 6629 6592
f 6592 6629 6630
f 6592 6630 6593
f 6593 6630 6631
f 6593 6631 6594
f 6594 6631 6632
f 6594 6632 6595
f 6595 6632 6633
f 6595 6633 6596
f 6596 6633 6634
f 6596 6634 6597
f 6597 6634 6635
f 6597 6635 6598
f 6598 6635 6636
f 6598 6636 6599
f 6599 6636 6637
f 6599 6637 6600
f 6600 6637 6638
f 6600 6638 6601
f 6601 6638 6639
f 6601 6639 6602
f 6602 6639 6640
f 6602 6640 6603
f 6603 6640 6641
f 6603 6641 6604
f 6604 6641 6642
f 6604 6642 6605
f 6605 6642 6643
f 6605 6643 6606
f 6606 6643 6644
f 6606 6644 6607
f 6607 6644 6645
f 6607 6645 6608
f 6608 6645 6565
f 6608 6565 6609
f 6609 6565 6568
f 5812 5810 6628
f 6628 5810 6629
f 5808 6647 5810
f 5810 6647 6648
f 5810 6648 6629
f 6629 6648 6649
f 6629 6649 6630
f 6630 6649 6650
f 6630 6650 6631
f 6631 6650 6651
f 6631 6651 6632
f 6632 6651 6652
f 6632 6652 6633
f 6633 6652 6653
f 6633 6653 6634
f 6634 6653 6654
f 6634 6654 6635
f 6635 6654 6655
f 6635 6655 6636
f 6636 6655 6656
f 6636 6656 6637
f 6637 6656 6657
f 6637 6657 6638
f 6638 6657 6658
f 6638 6658 6639
f 6639 6658 6659
f 6639 6659 6640
f 6640 6659 6660
f 6640 6660 6641
f 6641 6660 6661
f 6641 6661 6642
f 6642 6661 6662
f 6642 6662 6643
f 6643 6662 6663
f 6643 6663 6644
f 6644 6663 6664
f 6644 6664 6645
f 6645 6664 6561
f 6645 6561 6646
f 6646 6561 6563
f 6646 6563 6565
f 5807 6666 5808
f 5808 6666 6703
f 5808 6703 6647
f 6647 6703 6702
f 6647 6702 6648
f 6648 6702 6701
f 6648 6701 6649
f 6649 6701 6700
f 6649 6700 6650
f 6650 6700 6699
f 6650 6699 6651
f 6651 6699 6698
f 6651 6698 6652
f 6652 6698 6697
f 6652 6697 6653
f 6653 6697 6696
f 6653 6696 6654
f 6654 6696 6695
f 6654 6695 6655
f 6655 6695 6694
f 6655 6694 6656
f 6656 6694 6693
f 6656 6693 6657
f 6657 6693 6677
f 6657 6677 6658
f 6658 6677 6692
f 6658 6692 6659
f 6659 6692 6691
f 6659 6691 6660
f 6660 6691 6690
f 6660 6690 6661
f 6661 6690 6689
f 6661 6689 6662
f 6662 6689 6688
f 6662 6688 6663
f 6663 6688 6687
f 6663 6687 6664
f 6664 6687 6686
f 6664 6686 6665
f 6665 6686 6560
f 6665 6560 6561
f 5807 5802 6666
f 6666 5802 6526
f 6666 6526 6667
f 6667 6526 6668
f 6667 6668 6702
f 6702 6668 6701
f 6526 6527 6668
f 6668 6527 6669
f 6668 6669 6701
f 6701 6669 6700
f 6527 6530 6669
f 6669 6530 6670
f 6669 6670 6700
f 6700 6670 6699
f 6670 6530 6671
f 6671 6530 6532
f 6671 6532 6672
f 6672 6532 6534
f 6672 6534 6673
f 6673 6534 6536
f 6673 6536 6674
f 6674 6536 6537
f 6674 6537 6675
f 6675 6537 6540
f 6675 6540 6676
f 6676 6540 6541
f 6676 6541 6678
f 6678 6541 6543
f 6678 6543 6677
f 6677 6543 6692
f 6692 6543 6679
f 6679 6543 6546
f 6679 6546 6680
f 6680 6546 6548
f 6680 6548 6550
f 6680 6550 6681
f 6681 6550 6551
f 6681 6551 6682
f 6682 6551 6683
f 6682 6683 6689
f 6689 6683 6688
f 6551 6553 6683
f 6683 6553 6684
f 6683 6684 6688
f 6688 6684 6687
f 6553 6556 6684
f 6684 6556 6557
f 6684 6557 6685
f 6685 6557 6145
f 6685 6145 6560
f 6560 6686 6685
f 6685 6686 6687
f 6685 6687 6684
f 6623 6622 6575
f 6575 6622 6576
f 6622 6621 6576
f 6576 6621 6577
f 6621 6620 6577
f 6577 6620 6578
f 6620 6619 6578
f 6578 6619 6579
f 6619 6618 6579
f 6579 6618 6580
f 6616 6582 6581
f 6618 6617 6580
f 6580 6617 6581
f 6617 6616 6581
f 6615 6585 6583
f 6584 6615 6583
f 6613 6612 6587
f 6587 6612 6588
f 6610 6590 6589
f 6612 6611 6588
f 6588 6611 6589
f 6611 6610 6589
f 5815 6592 6591
f 6645 6646 6565
f 6664 6665 6561
f 6702 6703 6667
f 6667 6703 6666
f 6698 6699 6671
f 6671 6699 6670
f 6697 6698 6672
f 6672 6698 6671
f 6696 6697 6673
f 6673 6697 6672
f 6695 6696 6674
f 6674 6696 6673
f 6694 6695 6675
f 6675 6695 6674
f 6693 6694 6676
f 6676 6694 6675
f 6677 6693 6678
f 6678 6693 6676
f 6691 6692 6680
f 6680 6692 6679
f 6690 6691 6681
f 6681 6691 6680
f 6689 6690 6682
f 6682 6690 6681
f 6707 6775 6706
f 6706 6775 6776
f 6706 6776 6767
f 6767 6776 6777
f 6767 6777 6765
f 6765 6777 6800
f 6765 6800 6778
f 6778 6800 6812
f 6778 6812 6813
f 6813 6812 6845
f 6813 6845 6844
f 6844 6845 6831
f 6844 6831 6832
f 6832 6831 6866
f 6832 6866 6867
f 6867 6866 6884
f 6867 6884 6885
f 6885 6884 6902
f 6885 6902 6903
f 6903 6902 6920
f 6903 6920 6921
f 6921 6920 6938
f 6921 6938 6939
f 6939 6938 6956
f 6939 6956 6542
f 6542 6956 6544
f 6544 6956 6955
f 6544 6955 6972
f 6972 6955 6954
f 6972 6954 6971
f 6971 6954 6953
f 6971 6953 6970
f 6970 6953 6952
f 6970 6952 6969
f 6969 6952 6951
f 6969 6951 6968
f 6968 6951 6950
f 6968 6950 6967
f 6967 6950 6949
f 6967 6949 6966
f 6966 6949 6948
f 6966 6948 6965
f 6965 6948 6947
f 6965 6947 6964
f 6964 6947 6946
f 6964 6946 6963
f 6963 6946 6945
f 6963 6945 6962
f 6962 6945 6944
f 6962 6944 6961
f 6961 6944 6943
f 6961 6943 6960
f 6960 6943 6942
f 6960 6942 6959
f 6959 6942 6941
f 6959 6941 6958
f 6958 6941 6503
f 6958 6503 6957
f 6957 6503 6502
f 6957 6502 6958
f 6958 6502 6975
f 6958 6975 6976
f 6976 6975 6992
f 6976 6992 6993
f 6993 6992 7036
f 6993 7036 7035
f 7035 7036 7010
f 7035 7010 7011
f 7011 7010 7045
f 7011 7045 7046
f 7046 7045 7063
f 7046 7063 7064
f 7064 7063 6730
f 7064 6730 6733
f 6775 6707 6774
f 6774 6707 6710
f 6774 6710 6773
f 6773 6710 6712
f 6773 6712 6772
f 6772 6712 6713
f 6772 6713 6771
f 6771 6713 6716
f 6771 6716 6770
f 6770 6716 5707
f 6770 5707 6524
f 6770 6524 6793
f 6793 6524 6522
f 6793 6522 6804
f 6804 6522 6519
f 6804 6519 6854
f 6854 6519 6821
f 6854 6821 6822
f 6822 6821 6856
f 6822 6856 6857
f 6857 6856 6874
f 6857 6874 6875
f 6875 6874 6892
f 6875 6892 6893
f 6893 6892 6910
f 6893 6910 6911
f 6911 6910 6928
f 6911 6928 6929
f 6929 6928 6946
f 6929 6946 6947
f 6519 6518 6821
f 6821 6518 6855
f 6821 6855 6856
f 6856 6855 6873
f 6856 6873 6874
f 6874 6873 6891
f 6874 6891 6892
f 6892 6891 6909
f 6892 6909 6910
f 6910 6909 6927
f 6910 6927 6928
f 6928 6927 6945
f 6928 6945 6946
f 6518 6515 6855
f 6855 6515 6872
f 6855 6872 6873
f 6873 6872 6890
f 6873 6890 6891
f 6891 6890 6908
f 6891 6908 6909
f 6909 6908 6926
f 6909 6926 6927
f 6927 6926 6944
f 6927 6944 6945
f 6515 6514 6872
f 6872 6514 6889
f 6872 6889 6890
f 6890 6889 6907
f 6890 6907 6908
f 6908 6907 6925
f 6908 6925 6926
f 6926 6925 6943
f 6926 6943 6944
f 6514 6512 6889
f 6889 6512 6906
f 6889 6906 6907
f 6907 6906 6924
f 6907 6924 6925
f 6925 6924 6942
f 6925 6942 6943
f 6512 6510 6906
f 6906 6510 6923
f 6906 6923 6924
f 6924 6923 6941
f 6924 6941 6942
f 6510 6507 6923
f 6923 6507 6505
f 6923 6505 6940
f 6940 6505 6503
f 6940 6503 6941
f 6975 6502 6974
f 6974 6502 6499
f 6974 6499 6769
f 6769 6499 6498
f 6769 6498 6496
f 6494 7006 6496
f 6496 7006 7039
f 6496 7039 6769
f 6769 7039 7038
f 6769 7038 6991
f 6991 7038 7037
f 6991 7037 6992
f 6992 7037 7036
f 7006 6494 7040
f 7040 6494 6492
f 7040 6492 7057
f 7057 6492 6490
f 7057 6490 6718
f 6718 6720 7057
f 7057 6720 7058
f 7057 7058 7040
f 7040 7058 7041
f 7040 7041 7006
f 7006 7041 7007
f 7006 7007 7039
f 7039 7007 7038
f 6720 6722 7058
f 7058 6722 7059
f 7058 7059 7041
f 7041 7059 7042
f 7041 7042 7007
f 7007 7042 7008
f 7007 7008 7038
f 7038 7008 7037
f 6722 6724 7059
f 7059 6724 7060
f 7059 7060 7042
f 7042 7060 7043
f 7042 7043 7008
f 7008 7043 7009
f 7008 7009 7037
f 7037 7009 7036
f 6724 6726 7060
f 7060 6726 7061
f 7060 7061 7043
f 7043 7061 7044
f 7043 7044 7009
f 7009 7044 7010
f 7009 7010 7036
f 6726 6727 7061
f 7061 6727 7062
f 7061 7062 7044
f 7044 7062 7045
f 7044 7045 7010
f 6727 6730 7062
f 7062 6730 7063
f 7062 7063 7045
f 6734 7073 6733
f 6733 7073 7048
f 6733 7048 7047
f 7047 7048 7013
f 7047 7013 7012
f 7012 7013 7033
f 7012 7033 7034
f 7034 7033 6995
f 7034 6995 6994
f 6994 6995 6978
f 6994 6978 6977
f 6977 6978 6960
f 6977 6960 6959
f 6738 7065 6734
f 6734 7065 7049
f 6734 7049 7048
f 7048 7049 7014
f 7048 7014 7013
f 7013 7014 7032
f 7013 7032 7033
f 7033 7032 6996
f 7033 6996 6995
f 6995 6996 6979
f 6995 6979 6978
f 6978 6979 6961
f 6978 6961 6960
f 6739 7072 6738
f 6738 7072 7051
f 6738 7051 7050
f 7050 7051 7016
f 7050 7016 7015
f 7015 7016 7030
f 7015 7030 7031
f 7031 7030 6998
f 7031 6998 6997
f 6997 6998 6981
f 6997 6981 6980
f 6980 6981 6963
f 6980 6963 6962
f 6742 7071 6739
f 6739 7071 7052
f 6739 7052 7051
f 7051 7052 7017
f 7051 7017 7016
f 7016 7017 7029
f 7016 7029 7030
f 7030 7029 6999
f 7030 6999 6998
f 6998 6999 6982
f 6998 6982 6981
f 6981 6982 6964
f 6981 6964 6963
f 6744 7070 6742
f 6742 7070 7053
f 6742 7053 7052
f 7052 7053 7018
f 7052 7018 7017
f 7017 7018 7028
f 7017 7028 7029
f 7029 7028 7000
f 7029 7000 6999
f 6999 7000 6983
f 6999 6983 6982
f 6982 6983 6965
f 6982 6965 6964
f 6746 7067 6744
f 6744 7067 7054
f 6744 7054 7053
f 7053 7054 7019
f 7053 7019 7018
f 7018 7019 7027
f 7018 7027 7028
f 7028 7027 7001
f 7028 7001 7000
f 7000 7001 6984
f 7000 6984 6983
f 6983 6984 6966
f 6983 6966 6965
f 7067 6746 7068
f 7068 6746 6747
f 7068 6747 7069
f 7069 6747 6147
f 7069 6147 6558
f 7069 6558 7056
f 7056 6558 6555
f 7056 6555 6554
f 7056 6554 7022
f 7022 6554 6552
f 7022 6552 7023
f 7023 6552 6768
f 7023 6768 7005
f 7005 6768 6989
f 7005 6989 6988
f 6988 6989 6971
f 6988 6971 6970
f 6552 6549 6768
f 6768 6549 6547
f 6768 6547 6990
f 6990 6547 6545
f 6990 6545 6989
f 6989 6545 6972
f 6989 6972 6971
f 6972 6545 6973
f 6973 6545 6544
f 6973 6544 6972
f 6542 6539 6939
f 6939 6539 6922
f 6939 6922 6921
f 6921 6922 6904
f 6921 6904 6903
f 6903 6904 6886
f 6903 6886 6885
f 6885 6886 6868
f 6885 6868 6867
f 6867 6868 6833
f 6867 6833 6832
f 6832 6833 6843
f 6832 6843 6844
f 6844 6843 6814
f 6844 6814 6813
f 6813 6814 6780
f 6813 6780 6778
f 6778 6780 6762
f 6778 6762 6792
f 6792 6762 6765
f 6792 6765 6778
f 6539 6538 6922
f 6922 6538 6905
f 6922 6905 6904
f 6904 6905 6887
f 6904 6887 6886
f 6886 6887 6869
f 6886 6869 6868
f 6868 6869 6834
f 6868 6834 6833
f 6833 6834 6842
f 6833 6842 6843
f 6843 6842 6815
f 6843 6815 6814
f 6814 6815 6801
f 6814 6801 6780
f 6780 6801 6779
f 6780 6779 6762
f 6762 6779 6761
f 6761 6779 6781
f 6761 6781 6801
f 6801 6781 6779
f 6538 6535 6905
f 6905 6535 6888
f 6905 6888 6887
f 6887 6888 6870
f 6887 6870 6869
f 6869 6870 6835
f 6869 6835 6834
f 6834 6835 6841
f 6834 6841 6842
f 6842 6841 6816
f 6842 6816 6815
f 6815 6816 6782
f 6815 6782 6801
f 6801 6782 6761
f 6535 6533 6888
f 6888 6533 6871
f 6888 6871 6870
f 6870 6871 6836
f 6870 6836 6835
f 6835 6836 6840
f 6835 6840 6841
f 6841 6840 6817
f 6841 6817 6816
f 6816 6817 6783
f 6816 6783 6782
f 6782 6783 6757
f 6782 6757 6791
f 6791 6757 6761
f 6791 6761 6782
f 6533 6531 6871
f 6871 6531 6837
f 6871 6837 6836
f 6836 6837 6839
f 6836 6839 6840
f 6840 6839 6818
f 6840 6818 6817
f 6817 6818 6784
f 6817 6784 6783
f 6783 6784 6755
f 6783 6755 6790
f 6790 6755 6757
f 6790 6757 6783
f 6531 6529 6837
f 6837 6529 6838
f 6837 6838 6839
f 6839 6838 6819
f 6839 6819 6818
f 6818 6819 6786
f 6818 6786 6784
f 6784 6786 6753
f 6784 6753 6789
f 6789 6753 6755
f 6789 6755 6784
f 6529 6528 6838
f 6838 6528 6820
f 6838 6820 6819
f 6819 6820 6802
f 6819 6802 6786
f 6786 6802 6785
f 6786 6785 6753
f 6753 6785 6751
f 6751 6785 6787
f 6751 6787 6788
f 6788 6787 6803
f 6788 6803 6525
f 6525 6803 6820
f 6525 6820 6528
f 6525 5803 6788
f 6788 5803 6749
f 6788 6749 6751
f 6802 6820 6803
f 6771 6770 6794
f 6794 6770 6793
f 6794 6793 6805
f 6805 6793 6804
f 6805 6804 6853
f 6853 6804 6854
f 6853 6854 6822
f 6772 6771 6795
f 6795 6771 6794
f 6795 6794 6806
f 6806 6794 6805
f 6806 6805 6852
f 6852 6805 6853
f 6852 6853 6823
f 6823 6853 6822
f 6823 6822 6857
f 6773 6772 6796
f 6796 6772 6795
f 6796 6795 6807
f 6807 6795 6806
f 6807 6806 6851
f 6851 6806 6852
f 6851 6852 6824
f 6824 6852 6823
f 6824 6823 6858
f 6858 6823 6857
f 6858 6857 6875
f 6774 6773 6797
f 6797 6773 6796
f 6797 6796 6808
f 6808 6796 6807
f 6808 6807 6850
f 6850 6807 6851
f 6850 6851 6825
f 6825 6851 6824
f 6825 6824 6859
f 6859 6824 6858
f 6859 6858 6876
f 6876 6858 6875
f 6876 6875 6893
f 6775 6774 6798
f 6798 6774 6797
f 6798 6797 6809
f 6809 6797 6808
f 6809 6808 6849
f 6849 6808 6850
f 6849 6850 6826
f 6826 6850 6825
f 6826 6825 6860
f 6860 6825 6859
f 6860 6859 6877
f 6877 6859 6876
f 6877 6876 6894
f 6894 6876 6893
f 6894 6893 6911
f 6800 6777 6776
f 6776 6775 6799
f 6799 6775 6798
f 6799 6798 6810
f 6810 6798 6809
f 6810 6809 6848
f 6848 6809 6849
f 6848 6849 6827
f 6827 6849 6826
f 6827 6826 6861
f 6861 6826 6860
f 6861 6860 6878
f 6878 6860 6877
f 6878 6877 6895
f 6895 6877 6894
f 6895 6894 6912
f 6912 6894 6911
f 6912 6911 6929
f 6803 6787 6802
f 6802 6787 6785
f 6776 6799 6800
f 6800 6799 6811
f 6800 6811 6812
f 6812 6811 6846
f 6812 6846 6845
f 6845 6846 6830
f 6845 6830 6831
f 6831 6830 6865
f 6831 6865 6866
f 6866 6865 6883
f 6866 6883 6884
f 6884 6883 6901
f 6884 6901 6902
f 6902 6901 6919
f 6902 6919 6920
f 6920 6919 6937
f 6920 6937 6938
f 6938 6937 6955
f 6938 6955 6956
f 6811 6799 6810
f 6811 6810 6847
f 6847 6810 6848
f 6847 6848 6828
f 6828 6848 6827
f 6828 6827 6862
f 6862 6827 6861
f 6862 6861 6879
f 6879 6861 6878
f 6879 6878 6896
f 6896 6878 6895
f 6896 6895 6913
f 6913 6895 6912
f 6913 6912 6930
f 6930 6912 6929
f 6930 6929 6947
f 6828 6829 6847
f 6847 6829 6846
f 6847 6846 6811
f 6846 6829 6830
f 6830 6829 6864
f 6830 6864 6865
f 6865 6864 6882
f 6865 6882 6883
f 6883 6882 6900
f 6883 6900 6901
f 6901 6900 6918
f 6901 6918 6919
f 6919 6918 6936
f 6919 6936 6937
f 6937 6936 6954
f 6937 6954 6955
f 6829 6828 6863
f 6863 6828 6862
f 6863 6862 6880
f 6880 6862 6879
f 6880 6879 6897
f 6897 6879 6896
f 6897 6896 6914
f 6914 6896 6913
f 6914 6913 6931
f 6931 6913 6930
f 6931 6930 6948
f 6948 6930 6947
f 6829 6863 6864
f 6864 6863 6881
f 6864 6881 6882
f 6882 6881 6899
f 6882 6899 6900
f 6900 6899 6917
f 6900 6917 6918
f 6918 6917 6935
f 6918 6935 6936
f 6936 6935 6953
f 6936 6953 6954
f 6881 6863 6880
f 6881 6880 6898
f 6898 6880 6897
f 6898 6897 6915
f 6915 6897 6914
f 6915 6914 6932
f 6932 6914 6931
f 6932 6931 6949
f 6949 6931 6948
f 6881 6898 6899
f 6899 6898 6916
f 6899 6916 6917
f 6917 6916 6934
f 6917 6934 6935
f 6935 6934 6952
f 6935 6952 6953
f 6916 6898 6915
f 6916 6915 6933
f 6933 6915 6932
f 6933 6932 6950
f 6950 6932 6949
f 6940 6941 6923
f 6916 6933 6934
f 6934 6933 6951
f 6934 6951 6952
f 6951 6933 6950
f 6977 6959 6976
f 6976 6959 6958
f 6980 6962 6979
f 6979 6962 6961
f 6966 6984 6967
f 6967 6984 6985
f 6967 6985 6968
f 6968 6985 6986
f 6968 6986 6969
f 6969 6986 6987
f 6969 6987 6970
f 6970 6987 6988
f 6769 6991 6974
f 6974 6991 6975
f 6991 6992 6975
f 6994 6977 6993
f 6993 6977 6976
f 6997 6980 6996
f 6996 6980 6979
f 6984 7001 6985
f 6985 7001 7002
f 6985 7002 6986
f 6986 7002 7003
f 6986 7003 6987
f 6987 7003 7004
f 6987 7004 6988
f 6988 7004 7005
f 6768 6990 6989
f 7034 6994 7035
f 7035 6994 6993
f 7031 6997 7032
f 7032 6997 6996
f 7001 7027 7002
f 7002 7027 7026
f 7002 7026 7003
f 7003 7026 7025
f 7003 7025 7004
f 7004 7025 7024
f 7004 7024 7005
f 7005 7024 7023
f 7034 7035 7011
f 7034 7011 7012
f 7012 7011 7046
f 7012 7046 7047
f 7047 7046 7064
f 7047 7064 6733
f 7031 7032 7014
f 7031 7014 7015
f 7015 7014 7049
f 7015 7049 7050
f 7050 7049 7066
f 7050 7066 6738
f 6738 7066 7065
f 7026 7027 7019
f 7025 7026 7020
f 7020 7026 7019
f 7020 7019 7054
f 7024 7025 7021
f 7021 7025 7020
f 7021 7020 7055
f 7055 7020 7054
f 7055 7054 7068
f 7068 7054 7067
f 7023 7024 7022
f 7022 7024 7021
f 7022 7021 7056
f 7056 7021 7055
f 7056 7055 7069
f 7069 7055 7068
f 7073 6734 7048
f 7065 7066 7049
f 7072 6739 7051
f 7071 6742 7052
f 7070 6744 7053
f 7079 7081 7076
f 7076 7081 7190
f 7076 7190 7156
f 7156 7190 7189
f 7156 7189 7223
f 7223 7189 7188
f 7223 7188 7222
f 7222 7188 7187
f 7222 7187 7221
f 7221 7187 7186
f 7221 7186 7220
f 7220 7186 7185
f 7220 7185 7219
f 7219 7185 7184
f 7219 7184 7218
f 7218 7184 7183
f 7218 7183 7217
f 7217 7183 7182
f 7217 7182 7216
f 7216 7182 7181
f 7216 7181 7215
f 7215 7181 7180
f 7215 7180 7214
f 7214 7180 7179
f 7214 7179 7213
f 7213 7179 7178
f 7213 7178 7212
f 7212 7178 7177
f 7212 7177 7211
f 7211 7177 7176
f 7211 7176 7210
f 7210 7176 7175
f 7210 7175 7209
f 7209 7175 7174
f 7209 7174 7208
f 7208 7174 7173
f 7208 7173 7207
f 7207 7173 7172
f 7207 7172 7206
f 7206 7172 7171
f 7206 7171 7205
f 7205 7171 7170
f 7205 7170 7204
f 7204 7170 7169
f 7204 7169 7203
f 7203 7169 7168
f 7203 7168 7202
f 7202 7168 7167
f 7202 7167 7201
f 7201 7167 7166
f 7201 7166 7200
f 7200 7166 7165
f 7200 7165 7199
f 7199 7165 7164
f 7199 7164 7198
f 7198 7164 7163
f 7198 7163 7197
f 7197 7163 7162
f 7197 7162 7196
f 7196 7162 7161
f 7196 7161 7195
f 7195 7161 7160
f 7195 7160 7194
f 7194 7160 7159
f 7194 7159 7193
f 7193 7159 7158
f 7193 7158 7192
f 7192 7158 7157
f 7192 7157 7191
f 7191 7157 6570
f 7191 6570 6567
f 7190 7081 7189
f 7189 7081 7083
f 7189 7083 7188
f 7188 7083 7084
f 7188 7084 7187
f 7187 7084 7086
f 7187 7086 7186
f 7186 7086 7088
f 7186 7088 7185
f 7185 7088 7090
f 7185 7090 7184
f 7184 7090 7092
f 7184 7092 7183
f 7183 7092 7094
f 7183 7094 7182
f 7182 7094 7097
f 7182 7097 7181
f 7181 7097 7099
f 7181 7099 7180
f 7180 7099 7101
f 7180 7101 7179
f 7179 7101 7102
f 7179 7102 7104
f 7179 7104 7178
f 7178 7104 7107
f 7178 7107 7177
f 7177 7107 7109
f 7177 7109 7176
f 7176 7109 7110
f 7176 7110 7175
f 7175 7110 7113
f 7175 7113 7174
f 7174 7113 7115
f 7174 7115 7173
f 7173 7115 7116
f 7173 7116 7119
f 7173 7119 7172
f 7172 7119 7121
f 7172 7121 7171
f 7171 7121 7122
f 7171 7122 7170
f 7170 7122 7125
f 7170 7125 7169
f 7169 7125 7127
f 7169 7127 7168
f 7168 7127 7128
f 7168 7128 7167
f 7167 7128 7131
f 7167 7131 7132
f 7167 7132 7166
f 7166 7132 7134
f 7166 7134 7165
f 7165 7134 7137
f 7165 7137 7164
f 7164 7137 7139
f 7164 7139 7163
f 7163 7139 7141
f 7163 7141 7162
f 7162 7141 7161
f 7141 7143 7161
f 7161 7143 7160
f 7160 7143 7159
f 7159 7143 7144
f 7159 7144 7158
f 7158 7144 7147
f 7158 7147 7148
f 7158 7148 7157
f 7157 7148 6489
f 7157 6489 6570
f 7191 6567 7224
f 7224 6567 6566
f 7224 6566 7225
f 7225 6566 7260
f 7225 7260 7226
f 7226 7260 7261
f 7226 7261 7227
f 7227 7261 7262
f 7227 7262 7228
f 7228 7262 7263
f 7228 7263 7229
f 7229 7263 7264
f 7229 7264 7230
f 7230 7264 7265
f 7230 7265 7231
f 7231 7265 7266
f 7231 7266 7232
f 7232 7266 7267
f 7232 7267 7233
f 7233 7267 7268
f 7233 7268 7234
f 7234 7268 7269
f 7234 7269 7235
f 7235 7269 7270
f 7235 7270 7236
f 7236 7270 7271
f 7236 7271 7237
f 7237 7271 7272
f 7237 7272 7238
f 7238 7272 7273
f 7238 7273 7239
f 7239 7273 7274
f 7239 7274 7240
f 7240 7274 7275
f 7240 7275 7241
f 7241 7275 7276
f 7241 7276 7242
f 7242 7276 7277
f 7242 7277 7243
f 7243 7277 7278
f 7243 7278 7244
f 7244 7278 7279
f 7244 7279 7245
f 7245 7279 7280
f 7245 7280 7246
f 7246 7280 7281
f 7246 7281 7247
f 7247 7281 7282
f 7247 7282 7248
f 7248 7282 7283
f 7248 7283 7249
f 7249 7283 7284
f 7249 7284 7250
f 7250 7284 7285
f 7250 7285 7251
f 7251 7285 7286
f 7251 7286 7252
f 7252 7286 7287
f 7252 7287 7253
f 7253 7287 7288
f 7253 7288 7254
f 7254 7288 7289
f 7254 7289 7255
f 7255 7289 7290
f 7255 7290 7256
f 7256 7290 7291
f 7256 7291 7257
f 7257 7291 7154
f 7257 7154 7156
f 7156 7154 7076
f 6564 7258 6566
f 6566 7258 7259
f 6566 7259 7260
f 7260 7259 7294
f 7260 7294 7295
f 7295 7294 7388
f 7295 7388 7387
f 7387 7388 7330
f 7387 7330 7331
f 7331 7330 6134
f 7331 6134 6133
f 6564 6562 7258
f 7258 6562 7259
f 6559 7292 6562
f 6562 7292 7293
f 6562 7293 7259
f 7259 7293 7294
f 6144 7326 6559
f 6559 7326 7391
f 6559 7391 7292
f 7292 7391 7390
f 7292 7390 7293
f 7293 7390 7389
f 7293 7389 7294
f 7294 7389 7388
f 6144 6142 7326
f 7326 6142 6140
f 7326 6140 7327
f 7327 6140 6138
f 7327 6138 7328
f 7328 6138 6136
f 7328 6136 7329
f 7329 6136 7330
f 7329 7330 7388
f 6136 6134 7330
f 6131 7333 6133
f 6133 7333 7332
f 6133 7332 7331
f 7331 7332 7386
f 7331 7386 7387
f 7387 7386 7296
f 7387 7296 7295
f 7295 7296 7261
f 7295 7261 7260
f 7333 6131 7334
f 7334 6131 6129
f 7334 6129 7335
f 7335 6129 6127
f 7335 6127 6124
f 7335 6124 7336
f 7336 6124 6123
f 7336 6123 7337
f 7337 6123 6120
f 7337 6120 7338
f 7338 6120 6119
f 7338 6119 7339
f 7339 6119 6117
f 7339 6117 7340
f 7340 6117 6114
f 7340 6114 7341
f 7341 6114 6112
f 7341 6112 6110
f 7341 6110 7342
f 7342 6110 6109
f 7342 6109 7343
f 7343 6109 6106
f 7343 6106 7344
f 7344 6106 6105
f 7344 6105 7345
f 7345 6105 6103
f 7345 6103 7346
f 7346 6103 6101
f 7346 6101 6098
f 7346 6098 7347
f 7347 6098 6097
f 7347 6097 7348
f 7348 6097 6094
f 7348 6094 7349
f 7349 6094 6092
f 7349 6092 7350
f 7350 6092 6091
f 7350 6091 7351
f 7351 6091 6089
f 7351 6089 7352
f 7352 6089 6086
f 7352 6086 7353
f 7353 6086 6084
f 7353 6084 7354
f 7354 6084 6082
f 7354 6082 7355
f 7355 6082 6081
f 7355 6081 7356
f 7356 6081 6079
f 7356 6079 7357
f 7357 6079 6076
f 7357 6076 7358
f 7358 6076 6073
f 7358 6073 7359
f 7359 6073 7151
f 7359 7151 7324
f 7324 7151 7325
f 7324 7325 7290
f 7290 7325 7153
f 7290 7153 7291
f 7291 7153 7154
f 7151 7153 7325
f 7224 7225 7191
f 7191 7225 7192
f 7225 7226 7192
f 7192 7226 7193
f 7226 7227 7193
f 7193 7227 7194
f 7227 7228 7194
f 7194 7228 7195
f 7228 7229 7195
f 7195 7229 7196
f 7229 7230 7196
f 7196 7230 7197
f 7230 7231 7197
f 7197 7231 7198
f 7231 7232 7198
f 7198 7232 7199
f 7232 7233 7199
f 7199 7233 7200
f 7233 7234 7200
f 7200 7234 7201
f 7234 7235 7201
f 7201 7235 7202
f 7235 7236 7202
f 7202 7236 7203
f 7236 7237 7203
f 7203 7237 7204
f 7237 7238 7204
f 7204 7238 7205
f 7238 7239 7205
f 7205 7239 7206
f 7239 7240 7206
f 7206 7240 7207
f 7240 7241 7207
f 7207 7241 7208
f 7241 7242 7208
f 7208 7242 7209
f 7242 7243 7209
f 7209 7243 7210
f 7243 7244 7210
f 7210 7244 7211
f 7244 7245 7211
f 7211 7245 7212
f 7245 7246 7212
f 7212 7246 7213
f 7246 7247 7213
f 7213 7247 7214
f 7247 7248 7214
f 7214 7248 7215
f 7248 7249 7215
f 7215 7249 7216
f 7249 7250 7216
f 7216 7250 7217
f 7250 7251 7217
f 7217 7251 7218
f 7251 7252 7218
f 7218 7252 7219
f 7252 7253 7219
f 7219 7253 7220
f 7253 7254 7220
f 7220 7254 7221
f 7254 7255 7221
f 7221 7255 7222
f 7257 7156 7223
f 7255 7256 7222
f 7222 7256 7223
f 7256 7257 7223
f 7261 7296 7262
f 7262 7296 7297
f 7262 7297 7263
f 7263 7297 7298
f 7263 7298 7264
f 7264 7298 7299
f 7264 7299 7265
f 7265 7299 7300
f 7265 7300 7266
f 7266 7300 7301
f 7266 7301 7267
f 7267 7301 7302
f 7267 7302 7268
f 7268 7302 7303
f 7268 7303 7269
f 7269 7303 7304
f 7269 7304 7270
f 7270 7304 7305
f 7270 7305 7271
f 7271 7305 7306
f 7271 7306 7272
f 7272 7306 7307
f 7272 7307 7273
f 7273 7307 7308
f 7273 7308 7274
f 7274 7308 7309
f 7274 7309 7275
f 7275 7309 7310
f 7275 7310 7276
f 7276 7310 7311
f 7276 7311 7277
f 7277 7311 7312
f 7277 7312 7278
f 7278 7312 7313
f 7278 7313 7279
f 7279 7313 7314
f 7279 7314 7280
f 7280 7314 7315
f 7280 7315 7281
f 7281 7315 7316
f 7281 7316 7282
f 7282 7316 7317
f 7282 7317 7283
f 7283 7317 7318
f 7283 7318 7284
f 7284 7318 7319
f 7284 7319 7285
f 7285 7319 7320
f 7285 7320 7286
f 7286 7320 7321
f 7286 7321 7287
f 7287 7321 7322
f 7287 7322 7288
f 7288 7322 7323
f 7288 7323 7289
f 7289 7323 7324
f 7289 7324 7290
f 7296 7386 7297
f 7297 7386 7385
f 7297 7385 7298
f 7298 7385 7384
f 7298 7384 7299
f 7299 7384 7383
f 7299 7383 7300
f 7300 7383 7382
f 7300 7382 7301
f 7301 7382 7381
f 7301 7381 7302
f 7302 7381 7380
f 7302 7380 7303
f 7303 7380 7379
f 7303 7379 7304
f 7304 7379 7378
f 7304 7378 7305
f 7305 7378 7377
f 7305 7377 7306
f 7306 7377 7376
f 7306 7376 7307
f 7307 7376 7375
f 7307 7375 7308
f 7308 7375 7374
f 7308 7374 7309
f 7309 7374 7373
f 7309 7373 7310
f 7310 7373 7372
f 7310 7372 7311
f 7311 7372 7371
f 7311 7371 7312
f 7312 7371 7370
f 7312 7370 7313
f 7313 7370 7369
f 7313 7369 7314
f 7314 7369 7368
f 7314 7368 7315
f 7315 7368 7367
f 7315 7367 7316
f 7316 7367 7366
f 7316 7366 7317
f 7317 7366 7365
f 7317 7365 7318
f 7318 7365 7364
f 7318 7364 7319
f 7319 7364 7363
f 7319 7363 7320
f 7320 7363 7362
f 7320 7362 7321
f 7321 7362 7361
f 7321 7361 7322
f 7322 7361 7360
f 7322 7360 7323
f 7323 7360 7359
f 7323 7359 7324
f 7390 7391 7327
f 7327 7391 7326
f 7389 7390 7328
f 7328 7390 7327
f 7388 7389 7329
f 7329 7389 7328
f 7385 7386 7332
f 7384 7385 7333
f 7333 7385 7332
f 7383 7384 7334
f 7334 7384 7333
f 7382 7383 7335
f 7335 7383 7334
f 7381 7382 7336
f 7336 7382 7335
f 7380 7381 7337
f 7337 7381 7336
f 7379 7380 7338
f 7338 7380 7337
f 7378 7379 7339
f 7339 7379 7338
f 7377 7378 7340
f 7340 7378 7339
f 7376 7377 7341
f 7341 7377 7340
f 7375 7376 7342
f 7342 7376 7341
f 7374 7375 7343
f 7343 7375 7342
f 7373 7374 7344
f 7344 7374 7343
f 7372 7373 7345
f 7345 7373 7344
f 7371 7372 7346
f 7346 7372 7345
f 7370 7371 7347
f 7347 7371 7346
f 7369 7370 7348
f 7348 7370 7347
f 7368 7369 7349
f 7349 7369 7348
f 7367 7368 7350
f 7350 7368 7349
f 7366 7367 7351
f 7351 7367 7350
f 7365 7366 7352
f 7352 7366 7351
f 7364 7365 7353
f 7353 7365 7352
f 7363 7364 7354
f 7354 7364 7353
f 7362 7363 7355
f 7355 7363 7354
f 7361 7362 7356
f 7356 7362 7355
f 7360 7361 7357
f 7357 7361 7356
f 7359 7360 7358
f 7358 7360 7357
f 5719 7419 5721
f 5721 7419 7420
f 5721 7420 7411
f 7411 7420 7419
f 7411 7419 7424
f 7424 7419 7417
f 7424 7417 7418
f 7418 7417 5717
f 7418 5717 7423
f 7423 5717 7416
f 7423 7416 7415
f 7415 7416 5716
f 7415 5716 5713
f 7419 5719 7417
f 7417 5719 5717
f 5717 5716 7416
f 5713 5712 7415
f 7415 5712 7414
f 7415 7414 7422
f 7422 7414 7421
f 7422 7421 7426
f 7426 7421 7412
f 7426 7412 7440
f 7440 7412 7441
f 7440 7441 7432
f 7432 7441 7431
f 7432 7431 7452
f 7452 7431 7453
f 7452 7453 6708
f 6708 7453 6709
f 6709 7453 7431
f 6709 7431 6711
f 6711 7431 7441
f 6711 7441 7412
f 5712 5708 7414
f 7414 5708 6715
f 7414 6715 7421
f 7421 6715 6714
f 7421 6714 7412
f 7412 6714 6711
f 6705 7413 6708
f 6708 7413 7442
f 6708 7442 7443
f 7443 7442 7464
f 7443 7464 7463
f 7463 7464 7457
f 7463 7457 7456
f 7456 7457 7394
f 7456 7394 7396
f 7392 7458 6705
f 6705 7458 7459
f 6705 7459 7413
f 7413 7459 7458
f 7413 7458 7464
f 7464 7458 7457
f 7458 7392 7457
f 7457 7392 7394
f 7456 7396 7455
f 7455 7396 7398
f 7455 7398 7454
f 7454 7398 7401
f 7454 7401 7403
f 7454 7403 7460
f 7460 7403 7405
f 7460 7405 7447
f 7447 7405 7407
f 7447 7407 7446
f 7446 7407 7449
f 7446 7449 7450
f 7450 7449 7434
f 7450 7434 7433
f 7433 7434 7439
f 7433 7439 7440
f 7440 7439 7426
f 7449 7407 7448
f 7448 7407 7410
f 7448 7410 7436
f 7436 7410 7425
f 7436 7425 7437
f 7437 7425 7429
f 7437 7429 7428
f 7428 7429 7418
f 7428 7418 7423
f 7410 5721 7425
f 7425 5721 7430
f 7425 7430 7429
f 7429 7430 7424
f 7429 7424 7418
f 7430 5721 7411
f 7423 7415 7422
f 7424 7430 7411
f 7423 7422 7427
f 7427 7422 7426
f 7427 7426 7439
f 7423 7427 7428
f 7428 7427 7438
f 7428 7438 7437
f 7437 7438 7435
f 7437 7435 7436
f 7436 7435 7448
f 7438 7427 7439
f 7440 7432 7433
f 7433 7432 7451
f 7433 7451 7450
f 7450 7451 7445
f 7450 7445 7446
f 7446 7445 7461
f 7446 7461 7460
f 7460 7461 7454
f 7451 7432 7452
f 7438 7439 7434
f 7438 7434 7435
f 7435 7434 7449
f 7435 7449 7448
f 7452 6708 7443
f 7451 7452 7444
f 7444 7452 7443
f 7444 7443 7463
f 7413 7464 7442
f 7451 7444 7445
f 7445 7444 7462
f 7445 7462 7461
f 7461 7462 7455
f 7461 7455 7454
f 7462 7444 7463
f 7460 7447 7446
f 7463 7456 7462
f 7462 7456 7455
f 6725 7506 6728
f 6728 7506 7507
f 6728 7507 7497
f 7497 7507 7506
f 7497 7506 7513
f 7513 7506 7504
f 7513 7504 7505
f 7505 7504 6723
f 7505 6723 7503
f 7503 6723 7508
f 7503 7508 6721
f 6721 7508 6723
f 7506 6725 7504
f 7504 6725 6723
f 7503 6721 7502
f 7502 6721 6719
f 7502 6719 7501
f 7501 6719 7500
f 7501 7500 7511
f 7511 7500 7510
f 7511 7510 7470
f 7470 7510 7509
f 7470 7509 7467
f 7467 7509 7465
f 7465 7509 7499
f 7465 7499 6487
f 6487 7499 6717
f 6717 7499 7500
f 6717 7500 6719
f 7472 7514 7470
f 7470 7514 7515
f 7470 7515 7516
f 7516 7515 7524
f 7516 7524 7525
f 7525 7524 7533
f 7525 7533 7534
f 7534 7533 7549
f 7534 7549 7548
f 7548 7549 7540
f 7548 7540 7539
f 7539 7540 7483
f 7539 7483 7485
f 7514 7472 7522
f 7522 7472 7474
f 7522 7474 7530
f 7530 7474 7498
f 7530 7498 7552
f 7552 7498 7544
f 7552 7544 7543
f 7543 7544 7475
f 7543 7475 7478
f 7474 7475 7498
f 7498 7475 7545
f 7498 7545 7544
f 7544 7545 7475
f 7480 7541 7478
f 7478 7541 7542
f 7478 7542 7543
f 7543 7542 7551
f 7543 7551 7552
f 7552 7551 7531
f 7552 7531 7530
f 7530 7531 7522
f 7541 7480 7540
f 7540 7480 7483
f 7539 7485 7538
f 7538 7485 7488
f 7538 7488 7489
f 7538 7489 7546
f 7546 7489 7491
f 7546 7491 7537
f 7537 7491 7493
f 7537 7493 7529
f 7529 7493 7521
f 7529 7521 7520
f 7520 7521 7513
f 7520 7513 7505
f 7493 7495 7521
f 7521 7495 7497
f 7521 7497 7513
f 7495 6728 7497
f 7510 7500 7499
f 7510 7499 7509
f 7502 7501 7512
f 7512 7501 7511
f 7512 7511 7517
f 7517 7511 7516
f 7517 7516 7525
f 7516 7511 7470
f 7502 7512 7503
f 7503 7512 7518
f 7503 7518 7519
f 7519 7518 7527
f 7519 7527 7528
f 7528 7527 7536
f 7528 7536 7537
f 7537 7536 7546
f 7518 7512 7517
f 7520 7505 7519
f 7519 7505 7503
f 7515 7514 7523
f 7523 7514 7522
f 7523 7522 7531
f 7518 7517 7526
f 7526 7517 7525
f 7526 7525 7534
f 7529 7520 7528
f 7528 7520 7519
f 7515 7523 7524
f 7524 7523 7532
f 7524 7532 7533
f 7533 7532 7550
f 7533 7550 7549
f 7549 7550 7541
f 7549 7541 7540
f 7532 7523 7531
f 7518 7526 7527
f 7527 7526 7535
f 7527 7535 7536
f 7536 7535 7547
f 7536 7547 7546
f 7546 7547 7538
f 7535 7526 7534
f 7537 7529 7528
f 7550 7532 7551
f 7551 7532 7531
f 7547 7535 7548
f 7548 7535 7534
f 7548 7539 7547
f 7547 7539 7538
f 7551 7542 7550
f 7550 7542 7541
f 7554 7638 7077
f 7077 7638 7639
f 7077 7639 7080
f 7080 7639 7647
f 7080 7647 7082
f 7082 7647 7655
f 7082 7655 7085
f 7085 7655 7087
f 7087 7655 7663
f 7087 7663 7089
f 7089 7663 7671
f 7089 7671 7091
f 7091 7671 7679
f 7091 7679 7093
f 7093 7679 7687
f 7093 7687 7095
f 7095 7687 7695
f 7095 7695 7096
f 7096 7695 7703
f 7096 7703 7098
f 7098 7703 7711
f 7098 7711 7100
f 7100 7711 7719
f 7100 7719 7103
f 7103 7719 7727
f 7103 7727 7105
f 7105 7727 7735
f 7105 7735 7106
f 7106 7735 7743
f 7106 7743 7108
f 7108 7743 7111
f 7111 7743 7751
f 7111 7751 7112
f 7112 7751 7759
f 7112 7759 7114
f 7114 7759 7117
f 7117 7759 7767
f 7117 7767 7118
f 7118 7767 7775
f 7118 7775 7120
f 7120 7775 7123
f 7123 7775 7783
f 7123 7783 7124
f 7124 7783 7790
f 7124 7790 7126
f 7126 7790 7129
f 7129 7790 7798
f 7129 7798 7130
f 7130 7798 7806
f 7130 7806 7133
f 7133 7806 7135
f 7135 7806 7814
f 7135 7814 7136
f 7136 7814 7627
f 7136 7627 7138
f 7138 7627 7828
f 7138 7828 7836
f 7836 7828 7835
f 7836 7835 7629
f 7629 7835 7842
f 7629 7842 7851
f 7851 7842 7852
f 7851 7852 7850
f 7850 7852 7849
f 7850 7849 7870
f 7870 7849 7871
f 7870 7871 7859
f 7859 7871 7860
f 7859 7860 7466
f 7466 7860 7468
f 7468 7860 7861
f 7468 7861 7862
f 7862 7861 7873
f 7862 7873 7469
f 7469 7873 7847
f 7469 7847 7846
f 7846 7847 7855
f 7846 7855 7856
f 7856 7855 7838
f 7856 7838 7837
f 7837 7838 7830
f 7837 7830 7829
f 7829 7830 7822
f 7829 7822 7628
f 7628 7822 7816
f 7628 7816 7815
f 7815 7816 7807
f 7815 7807 7617
f 7617 7807 7615
f 7615 7807 7799
f 7615 7799 7613
f 7613 7799 7791
f 7613 7791 7611
f 7611 7791 7626
f 7611 7626 7609
f 7609 7626 7606
f 7606 7626 7776
f 7606 7776 7605
f 7605 7776 7768
f 7605 7768 7603
f 7603 7768 7600
f 7600 7768 7760
f 7600 7760 7599
f 7599 7760 7597
f 7597 7760 7752
f 7597 7752 7595
f 7595 7752 7744
f 7595 7744 7593
f 7593 7744 7591
f 7591 7744 7736
f 7591 7736 7589
f 7589 7736 7728
f 7589 7728 7587
f 7587 7728 7720
f 7587 7720 7585
f 7585 7720 7712
f 7585 7712 7582
f 7582 7712 7704
f 7582 7704 7581
f 7581 7704 7696
f 7581 7696 7578
f 7578 7696 7688
f 7578 7688 7576
f 7576 7688 7680
f 7576 7680 7575
f 7575 7680 7672
f 7575 7672 7572
f 7572 7672 7664
f 7572 7664 7570
f 7570 7664 7656
f 7570 7656 7568
f 7568 7656 7648
f 7568 7648 7567
f 7567 7648 7565
f 7565 7648 7640
f 7565 7640 7563
f 7563 7640 7632
f 7563 7632 7561
f 7561 7632 7633
f 7561 7633 7557
f 7557 7633 7634
f 7557 7634 7556
f 7556 7634 7635
f 7556 7635 7636
f 7636 7635 7644
f 7636 7644 7645
f 7645 7644 7653
f 7645 7653 7654
f 7654 7653 7662
f 7654 7662 7663
f 7663 7662 7671
f 7556 7636 7554
f 7554 7636 7637
f 7554 7637 7638
f 7638 7637 7646
f 7638 7646 7647
f 7647 7646 7655
f 7617 7618 7815
f 7815 7618 7628
f 7618 7621 7628
f 7628 7621 7829
f 7621 7623 7829
f 7829 7623 7630
f 7829 7630 7837
f 7837 7630 7857
f 7837 7857 7856
f 7856 7857 7845
f 7856 7845 7846
f 7846 7845 7471
f 7846 7471 7863
f 7863 7471 7868
f 7863 7868 7469
f 7469 7868 7471
f 7623 7625 7630
f 7630 7625 7858
f 7630 7858 7857
f 7857 7858 7844
f 7857 7844 7845
f 7845 7844 7473
f 7845 7473 7864
f 7864 7473 7869
f 7864 7869 7471
f 7471 7869 7473
f 7477 7631 7625
f 7625 7631 7843
f 7625 7843 7858
f 7858 7843 7844
f 7473 7865 7477
f 7477 7865 7867
f 7477 7867 7631
f 7631 7867 7865
f 7631 7865 7866
f 7866 7865 7473
f 7866 7473 7844
f 7469 7468 7862
f 7466 6488 7859
f 7859 6488 7149
f 7859 7149 7870
f 7870 7149 7146
f 7870 7146 7850
f 7850 7146 7145
f 7850 7145 7142
f 7140 7629 7142
f 7142 7629 7851
f 7142 7851 7850
f 7629 7140 7836
f 7836 7140 7138
f 7633 7632 7641
f 7641 7632 7640
f 7641 7640 7649
f 7649 7640 7648
f 7649 7648 7657
f 7657 7648 7656
f 7657 7656 7665
f 7665 7656 7664
f 7665 7664 7673
f 7673 7664 7672
f 7673 7672 7681
f 7681 7672 7680
f 7681 7680 7689
f 7689 7680 7688
f 7689 7688 7697
f 7697 7688 7696
f 7697 7696 7705
f 7705 7696 7704
f 7705 7704 7713
f 7713 7704 7712
f 7713 7712 7721
f 7721 7712 7720
f 7721 7720 7729
f 7729 7720 7728
f 7729 7728 7737
f 7737 7728 7736
f 7737 7736 7745
f 7745 7736 7744
f 7745 7744 7753
f 7753 7744 7752
f 7753 7752 7761
f 7761 7752 7760
f 7761 7760 7769
f 7769 7760 7768
f 7769 7768 7777
f 7777 7768 7776
f 7777 7776 7626
f 7634 7633 7642
f 7642 7633 7641
f 7642 7641 7650
f 7650 7641 7649
f 7650 7649 7658
f 7658 7649 7657
f 7658 7657 7666
f 7666 7657 7665
f 7666 7665 7674
f 7674 7665 7673
f 7674 7673 7682
f 7682 7673 7681
f 7682 7681 7690
f 7690 7681 7689
f 7690 7689 7698
f 7698 7689 7697
f 7698 7697 7706
f 7706 7697 7705
f 7706 7705 7714
f 7714 7705 7713
f 7714 7713 7722
f 7722 7713 7721
f 7722 7721 7730
f 7730 7721 7729
f 7730 7729 7738
f 7738 7729 7737
f 7738 7737 7746
f 7746 7737 7745
f 7746 7745 7754
f 7754 7745 7753
f 7754 7753 7762
f 7762 7753 7761
f 7762 7761 7770
f 7770 7761 7769
f 7770 7769 7778
f 7778 7769 7777
f 7778 7777 7784
f 7784 7777 7626
f 7784 7626 7791
f 7635 7634 7643
f 7643 7634 7642
f 7643 7642 7651
f 7651 7642 7650
f 7651 7650 7659
f 7659 7650 7658
f 7659 7658 7667
f 7667 7658 7666
f 7667 7666 7675
f 7675 7666 7674
f 7675 7674 7683
f 7683 7674 7682
f 7683 7682 7691
f 7691 7682 7690
f 7691 7690 7699
f 7699 7690 7698
f 7699 7698 7707
f 7707 7698 7706
f 7707 7706 7715
f 7715 7706 7714
f 7715 7714 7723
f 7723 7714 7722
f 7723 7722 7731
f 7731 7722 7730
f 7731 7730 7739
f 7739 7730 7738
f 7739 7738 7747
f 7747 7738 7746
f 7747 7746 7755
f 7755 7746 7754
f 7755 7754 7763
f 7763 7754 7762
f 7763 7762 7771
f 7771 7762 7770
f 7771 7770 7779
f 7779 7770 7778
f 7779 7778 7785
f 7785 7778 7784
f 7785 7784 7792
f 7792 7784 7791
f 7792 7791 7800
f 7800 7791 7799
f 7800 7799 7808
f 7808 7799 7807
f 7808 7807 7816
f 7646 7637 7645
f 7645 7637 7636
f 7647 7639 7638
f 7635 7643 7644
f 7644 7643 7652
f 7644 7652 7653
f 7653 7652 7661
f 7653 7661 7662
f 7662 7661 7670
f 7662 7670 7671
f 7671 7670 7679
f 7652 7643 7651
f 7655 7646 7654
f 7654 7646 7645
f 7652 7651 7660
f 7660 7651 7659
f 7660 7659 7668
f 7668 7659 7667
f 7668 7667 7676
f 7676 7667 7675
f 7676 7675 7684
f 7684 7675 7683
f 7684 7683 7692
f 7692 7683 7691
f 7692 7691 7700
f 7700 7691 7699
f 7700 7699 7708
f 7708 7699 7707
f 7708 7707 7716
f 7716 7707 7715
f 7716 7715 7724
f 7724 7715 7723
f 7724 7723 7732
f 7732 7723 7731
f 7732 7731 7740
f 7740 7731 7739
f 7740 7739 7748
f 7748 7739 7747
f 7748 7747 7756
f 7756 7747 7755
f 7756 7755 7764
f 7764 7755 7763
f 7764 7763 7772
f 7772 7763 7771
f 7772 7771 7780
f 7780 7771 7779
f 7780 7779 7786
f 7786 7779 7785
f 7786 7785 7793
f 7793 7785 7792
f 7793 7792 7801
f 7801 7792 7800
f 7801 7800 7809
f 7809 7800 7808
f 7809 7808 7817
f 7817 7808 7816
f 7817 7816 7822
f 7663 7655 7654
f 7652 7660 7661
f 7661 7660 7669
f 7661 7669 7670
f 7670 7669 7678
f 7670 7678 7679
f 7679 7678 7687
f 7669 7660 7668
f 7669 7668 7677
f 7677 7668 7676
f 7677 7676 7685
f 7685 7676 7684
f 7685 7684 7693
f 7693 7684 7692
f 7693 7692 7701
f 7701 7692 7700
f 7701 7700 7709
f 7709 7700 7708
f 7709 7708 7717
f 7717 7708 7716
f 7717 7716 7725
f 7725 7716 7724
f 7725 7724 7733
f 7733 7724 7732
f 7733 7732 7741
f 7741 7732 7740
f 7741 7740 7749
f 7749 7740 7748
f 7749 7748 7757
f 7757 7748 7756
f 7757 7756 7765
f 7765 7756 7764
f 7765 7764 7773
f 7773 7764 7772
f 7773 7772 7781
f 7781 7772 7780
f 7781 7780 7787
f 7787 7780 7786
f 7787 7786 7794
f 7794 7786 7793
f 7794 7793 7802
f 7802 7793 7801
f 7802 7801 7810
f 7810 7801 7809
f 7810 7809 7818
f 7818 7809 7817
f 7818 7817 7823
f 7823 7817 7822
f 7823 7822 7830
f 7669 7677 7678
f 7678 7677 7686
f 7678 7686 7687
f 7687 7686 7695
f 7686 7677 7685
f 7686 7685 7694
f 7694 7685 7693
f 7694 7693 7702
f 7702 7693 7701
f 7702 7701 7710
f 7710 7701 7709
f 7710 7709 7718
f 7718 7709 7717
f 7718 7717 7726
f 7726 7717 7725
f 7726 7725 7734
f 7734 7725 7733
f 7734 7733 7742
f 7742 7733 7741
f 7742 7741 7750
f 7750 7741 7749
f 7750 7749 7758
f 7758 7749 7757
f 7758 7757 7766
f 7766 7757 7765
f 7766 7765 7774
f 7774 7765 7773
f 7774 7773 7782
f 7782 7773 7781
f 7782 7781 7788
f 7788 7781 7787
f 7788 7787 7796
f 7796 7787 7795
f 7796 7795 7804
f 7804 7795 7803
f 7804 7803 7812
f 7812 7803 7811
f 7812 7811 7820
f 7820 7811 7819
f 7820 7819 7825
f 7825 7819 7824
f 7825 7824 7833
f 7833 7824 7832
f 7833 7832 7840
f 7840 7832 7839
f 7840 7839 7854
f 7854 7839 7855
f 7854 7855 7847
f 7703 7695 7694
f 7694 7695 7686
f 7703 7694 7702
f 7711 7703 7702
f 7711 7702 7710
f 7719 7711 7710
f 7719 7710 7718
f 7727 7719 7718
f 7727 7718 7726
f 7735 7727 7726
f 7735 7726 7734
f 7743 7735 7734
f 7743 7734 7742
f 7751 7743 7742
f 7751 7742 7750
f 7759 7751 7750
f 7759 7750 7758
f 7767 7759 7758
f 7767 7758 7766
f 7775 7767 7766
f 7775 7766 7774
f 7783 7775 7774
f 7783 7774 7782
f 7783 7782 7789
f 7789 7782 7788
f 7789 7788 7797
f 7797 7788 7796
f 7797 7796 7805
f 7805 7796 7804
f 7805 7804 7813
f 7813 7804 7812
f 7813 7812 7821
f 7821 7812 7820
f 7821 7820 7826
f 7826 7820 7825
f 7826 7825 7834
f 7834 7825 7833
f 7834 7833 7841
f 7841 7833 7840
f 7841 7840 7853
f 7853 7840 7854
f 7853 7854 7848
f 7848 7854 7847
f 7848 7847 7872
f 7872 7847 7873
f 7872 7873 7861
f 7795 7787 7794
f 7798 7790 7789
f 7789 7790 7783
f 7798 7789 7797
f 7803 7795 7794
f 7803 7794 7802
f 7806 7798 7797
f 7806 7797 7805
f 7811 7803 7802
f 7811 7802 7810
f 7814 7806 7805
f 7814 7805 7813
f 7819 7811 7810
f 7819 7810 7818
f 7627 7814 7813
f 7627 7813 7821
f 7824 7819 7818
f 7824 7818 7823
f 7627 7821 7827
f 7827 7821 7826
f 7827 7826 7834
f 7824 7823 7831
f 7831 7823 7830
f 7831 7830 7838
f 7835 7828 7827
f 7827 7828 7627
f 7835 7827 7834
f 7839 7832 7831
f 7831 7832 7824
f 7839 7831 7838
f 7842 7835 7834
f 7842 7834 7841
f 7855 7839 7838
f 7852 7842 7841
f 7852 7841 7853
f 7866 7844 7843
f 7631 7866 7843
f 7864 7471 7845
f 7863 7469 7846
f 7852 7853 7849
f 7849 7853 7848
f 7849 7848 7871
f 7871 7848 7872
f 7871 7872 7860
f 7860 7872 7861
f 6157 7902 6160
f 6160 7902 7903
f 6160 7903 7893
f 7893 7903 7902
f 7893 7902 7909
f 7909 7902 7901
f 7909 7901 7908
f 7908 7901 7900
f 7908 7900 7907
f 7907 7900 7898
f 7907 7898 7899
f 7899 7898 6153
f 7899 6153 7906
f 7906 6153 7911
f 7906 7911 7926
f 7926 7911 7927
f 7926 7927 7918
f 7918 7927 7917
f 7918 7917 7931
f 7931 7917 7930
f 7931 7930 7937
f 7937 7930 7936
f 7937 7936 7946
f 7946 7936 7947
f 7946 7947 7874
f 7874 7947 6736
f 6736 7947 7948
f 6736 7948 7895
f 7895 7948 7947
f 7895 7947 7936
f 6156 7900 6157
f 6157 7900 7901
f 6157 7901 7902
f 7900 6156 7898
f 7898 6156 6153
f 6152 7897 6153
f 6153 7897 7905
f 6153 7905 7911
f 7911 7905 7904
f 7911 7904 7894
f 7894 7904 6745
f 7894 6745 6743
f 6152 6149 7897
f 7897 6149 7896
f 7897 7896 7905
f 7905 7896 7904
f 6149 6146 7896
f 7896 6146 6748
f 7896 6748 7904
f 7904 6748 6745
f 6741 7916 6743
f 6743 7916 7917
f 6743 7917 7928
f 7928 7917 7927
f 7928 7927 7894
f 7894 7927 7911
f 6740 7929 6741
f 6741 7929 7930
f 6741 7930 7917
f 7929 6740 7895
f 7895 6740 6736
f 7874 7877 7946
f 7946 7877 7945
f 7946 7945 7937
f 7937 7945 7938
f 7937 7938 7931
f 7931 7938 7932
f 7931 7932 7918
f 7918 7932 7919
f 7918 7919 7926
f 7926 7919 7925
f 7926 7925 7906
f 7906 7925 7912
f 7906 7912 7899
f 7899 7912 7907
f 7945 7877 7944
f 7944 7877 7879
f 7944 7879 7943
f 7943 7879 7881
f 7943 7881 7942
f 7942 7881 7883
f 7942 7883 7885
f 7942 7885 7941
f 7941 7885 7887
f 7941 7887 7935
f 7935 7887 7889
f 7935 7889 7922
f 7922 7889 7891
f 7922 7891 7910
f 7910 7891 6160
f 7910 6160 7915
f 7915 6160 7893
f 7915 7893 7909
f 7894 6743 7928
f 7908 7907 7913
f 7913 7907 7912
f 7913 7912 7924
f 7924 7912 7925
f 7924 7925 7920
f 7920 7925 7919
f 7920 7919 7933
f 7933 7919 7932
f 7933 7932 7939
f 7939 7932 7938
f 7939 7938 7944
f 7944 7938 7945
f 7909 7908 7914
f 7914 7908 7913
f 7914 7913 7923
f 7923 7913 7924
f 7923 7924 7921
f 7921 7924 7920
f 7921 7920 7934
f 7934 7920 7933
f 7934 7933 7940
f 7940 7933 7939
f 7940 7939 7943
f 7943 7939 7944
f 7910 7915 7914
f 7914 7915 7909
f 7910 7914 7923
f 6741 7917 7916
f 7910 7923 7922
f 7922 7923 7921
f 7922 7921 7935
f 7935 7921 7934
f 7935 7934 7941
f 7941 7934 7940
f 7941 7940 7942
f 7942 7940 7943
f 7936 7930 7929
f 7895 7936 7929
f 6758 7990 6759
f 6759 7990 7991
f 6759 7991 7981
f 7981 7991 7990
f 7981 7990 7997
f 7997 7990 7989
f 7997 7989 7996
f 7996 7989 7987
f 7996 7987 7988
f 7988 7987 6756
f 7988 6756 7986
f 7986 6756 7992
f 7986 7992 6754
f 6754 7992 6756
f 6756 7987 6758
f 6758 7987 7989
f 6758 7989 7990
f 6752 7985 6754
f 6754 7985 7995
f 6754 7995 7986
f 7986 7995 8001
f 7986 8001 8002
f 8002 8001 8010
f 8002 8010 8011
f 8011 8010 8018
f 8011 8018 8019
f 8019 8018 8022
f 8019 8022 8021
f 8021 8022 7968
f 8021 7968 7972
f 7985 6752 7984
f 7984 6752 6750
f 7984 6750 7983
f 7983 6750 5805
f 7983 5805 7950
f 7983 7950 7993
f 7993 7950 7952
f 7993 7952 7954
f 7993 7954 7998
f 7998 7954 7956
f 7998 7956 7999
f 7999 7956 8007
f 7999 8007 8008
f 8008 8007 8015
f 8008 8015 8016
f 8016 8015 8025
f 8016 8025 8024
f 8024 8025 7965
f 8024 7965 8023
f 8023 7965 7966
f 8023 7966 8022
f 8022 7966 7968
f 8007 7956 8006
f 8006 7956 7957
f 8006 7957 7982
f 7982 7957 7961
f 7982 7961 8028
f 8028 7961 8027
f 8028 8027 7982
f 7982 8027 8014
f 7982 8014 8006
f 8006 8014 8007
f 8027 7961 8026
f 8026 7961 7963
f 8026 7963 8025
f 8025 7963 7965
f 7972 7974 8021
f 8021 7974 8020
f 8021 8020 8019
f 8019 8020 8012
f 8019 8012 8011
f 8011 8012 8003
f 8011 8003 8002
f 8002 8003 7988
f 8002 7988 7986
f 7974 7975 8020
f 8020 7975 8013
f 8020 8013 8012
f 8012 8013 8004
f 8012 8004 8003
f 8003 8004 7996
f 8003 7996 7988
f 7975 7978 8013
f 8013 7978 8005
f 8013 8005 8004
f 8004 8005 7997
f 8004 7997 7996
f 7978 7979 8005
f 8005 7979 6759
f 8005 6759 7981
f 7995 7985 7984
f 7984 7983 7994
f 7994 7983 7993
f 7994 7993 7999
f 7999 7993 7998
f 7997 8005 7981
f 7984 7994 7995
f 7995 7994 8000
f 7995 8000 8001
f 8001 8000 8009
f 8001 8009 8010
f 8010 8009 8017
f 8010 8017 8018
f 8018 8017 8023
f 8018 8023 8022
f 8000 7994 7999
f 8009 8000 8008
f 8008 8000 7999
f 8015 8007 8014
f 8017 8009 8016
f 8016 8009 8008
f 8027 8026 8014
f 8014 8026 8015
f 8026 8025 8015
f 8023 8017 8024
f 8024 8017 8016
f 8030 8054 5786
f 5786 8054 8055
f 5786 8055 5789
f 5789 8055 8062
f 5789 8062 5791
f 5791 8062 8069
f 5791 8069 8048
f 8048 8069 8068
f 8048 8068 8109
f 8109 8068 8067
f 8109 8067 8110
f 8110 8067 8066
f 8110 8066 8111
f 8111 8066 8065
f 8111 8065 8112
f 8112 8065 8064
f 8112 8064 8113
f 8113 8064 8063
f 8113 8063 8046
f 8046 8063 8043
f 8046 8043 8082
f 8082 8043 8070
f 8082 8070 8071
f 8071 8070 8103
f 8071 8103 8104
f 8104 8103 8095
f 8104 8095 8100
f 8100 8095 8086
f 8100 8086 8094
f 8094 8086 8085
f 8094 8085 8084
f 8084 8085 7951
f 8084 7951 7949
f 8054 8030 8053
f 8053 8030 8032
f 8053 8032 8052
f 8052 8032 8034
f 8052 8034 8051
f 8051 8034 8050
f 8051 8050 8058
f 8058 8050 8057
f 8058 8057 8065
f 8065 8057 8064
f 8034 8037 8050
f 8050 8037 8049
f 8050 8049 8057
f 8057 8049 8056
f 8057 8056 8064
f 8064 8056 8063
f 8037 8038 8049
f 8049 8038 8056
f 8038 8040 8056
f 8056 8040 8063
f 8040 8043 8063
f 7960 8097 8043
f 8043 8097 8102
f 8043 8102 8070
f 8070 8102 8103
f 7958 8089 7960
f 7960 8089 8090
f 7960 8090 8044
f 8044 8090 8089
f 8044 8089 8096
f 8096 8089 8087
f 8096 8087 8088
f 8088 8087 7958
f 8088 7958 7955
f 7953 8091 7955
f 7955 8091 8086
f 7955 8086 8095
f 7951 8085 7953
f 7953 8085 8086
f 7953 8086 8091
f 8084 7949 8083
f 8083 7949 5804
f 8083 5804 5799
f 8083 5799 8092
f 8092 5799 5797
f 8092 5797 8045
f 8045 5797 5796
f 8045 5796 8108
f 8108 5796 8047
f 8108 8047 8075
f 8075 8047 8077
f 8075 8077 8078
f 8078 8077 8110
f 8078 8110 8111
f 5796 5794 8047
f 8047 5794 8076
f 8047 8076 8077
f 8077 8076 8109
f 8077 8109 8110
f 8076 5794 8048
f 8048 5794 5791
f 8097 7960 8044
f 8052 8051 8059
f 8059 8051 8058
f 8059 8058 8066
f 8066 8058 8065
f 8053 8052 8060
f 8060 8052 8059
f 8060 8059 8067
f 8067 8059 8066
f 8062 8055 8054
f 8054 8053 8061
f 8061 8053 8060
f 8061 8060 8068
f 8068 8060 8067
f 8069 8062 8061
f 8061 8062 8054
f 8069 8061 8068
f 8071 8072 8081
f 8081 8072 8080
f 8081 8080 8113
f 8113 8080 8112
f 8072 8073 8080
f 8080 8073 8079
f 8080 8079 8112
f 8112 8079 8111
f 8071 8104 8072
f 8072 8104 8105
f 8072 8105 8073
f 8073 8105 8106
f 8073 8106 8074
f 8074 8106 8107
f 8074 8107 8075
f 8075 8107 8108
f 8073 8074 8079
f 8079 8074 8078
f 8079 8078 8111
f 8074 8075 8078
f 8048 8109 8076
f 8046 8082 8081
f 8081 8082 8071
f 8046 8081 8113
f 8084 8083 8093
f 8093 8083 8092
f 8093 8092 8098
f 8098 8092 8045
f 8098 8045 8107
f 8107 8045 8108
f 8087 8089 7958
f 7955 8095 8088
f 8088 8095 8101
f 8088 8101 8096
f 8096 8101 8097
f 8096 8097 8044
f 8084 8093 8094
f 8094 8093 8099
f 8094 8099 8100
f 8100 8099 8105
f 8100 8105 8104
f 8099 8093 8098
f 8107 8106 8098
f 8098 8106 8099
f 8106 8105 8099
f 8102 8097 8101
f 8102 8101 8103
f 8103 8101 8095
f 7400 7399 8121
f 8121 7399 8129
f 8121 8129 8118
f 8118 8129 8134
f 8118 8134 8133
f 8133 8134 8128
f 8133 8128 8132
f 8132 8128 8135
f 8132 8135 8131
f 8131 8135 8122
f 8131 8122 8130
f 8130 8122 6766
f 8130 6766 6764
f 7399 7397 8129
f 8129 7397 8127
f 8129 8127 8134
f 8134 8127 8128
f 7397 7395 8127
f 8127 7395 8128
f 7393 8126 7395
f 7395 8126 8135
f 7395 8135 8128
f 8126 7393 8125
f 8125 7393 6704
f 8125 6704 8122
f 8122 6704 6766
f 6763 8136 6764
f 6764 8136 8142
f 6764 8142 8130
f 8130 8142 8141
f 8130 8141 8131
f 8131 8141 8140
f 8131 8140 8132
f 8132 8140 8139
f 8132 8139 8133
f 8133 8139 8117
f 8133 8117 8118
f 6760 8124 6763
f 6763 8124 8143
f 6763 8143 8136
f 8136 8143 8144
f 8136 8144 8137
f 8137 8144 8145
f 8137 8145 8138
f 8138 8145 8146
f 8138 8146 8123
f 8123 8146 8115
f 8123 8115 8117
f 8124 6760 8151
f 8151 6760 7980
f 8151 7980 8149
f 8149 7980 7977
f 8149 7977 8150
f 8150 7977 8152
f 8150 8152 8144
f 8144 8152 8145
f 8152 7977 8148
f 8148 7977 7976
f 8148 7976 7973
f 8148 7973 8147
f 8147 7973 7970
f 8147 7970 8115
f 8117 8139 8123
f 8123 8139 8140
f 8123 8140 8138
f 8138 8140 8141
f 8138 8141 8137
f 8137 8141 8142
f 8137 8142 8136
f 8115 8153 8147
f 8147 8153 8152
f 8147 8152 8148
f 8135 8126 8125
f 8122 8135 8125
f 8153 8115 8146
f 8150 8144 8143
f 8153 8146 8145
f 8153 8145 8152
f 8124 8151 8149
f 8149 8150 8124
f 8124 8150 8143
f 7875 6737 8167
f 8167 6737 6735
f 8167 6735 8166
f 8166 6735 8165
f 8166 8165 8173
f 8173 8165 8172
f 8173 8172 8185
f 8185 8172 8186
f 8185 8186 8180
f 8180 8186 8179
f 8180 8179 8157
f 8157 8179 8178
f 8157 8178 8155
f 8155 8178 8177
f 8155 8177 8176
f 8176 8177 8189
f 8176 8189 7492
f 7492 8189 8169
f 7492 8169 7494
f 7494 8169 8162
f 7494 8162 7496
f 7496 8162 8163
f 7496 8163 6729
f 6729 8163 6731
f 6731 8163 8164
f 6731 8164 6732
f 6732 8164 8165
f 6732 8165 6735
f 7492 7490 8176
f 8176 7490 7487
f 8176 7487 8155
f 8157 8158 8180
f 8180 8158 8181
f 8180 8181 8185
f 8185 8181 8184
f 8185 8184 8173
f 8173 8184 8174
f 8173 8174 8166
f 8166 8174 8167
f 8158 8160 8181
f 8181 8160 8182
f 8181 8182 8184
f 8184 8182 8183
f 8184 8183 8174
f 8174 8183 8175
f 8174 8175 8167
f 8167 8175 8168
f 8167 8168 7875
f 7875 8168 7876
f 7876 8168 8175
f 7876 8175 7878
f 7878 8175 8183
f 7878 8183 7880
f 7880 8183 8182
f 7880 8182 7882
f 7882 8182 8160
f 8163 8162 8170
f 8170 8162 8169
f 8170 8169 8188
f 8188 8169 8189
f 8188 8189 8177
f 8172 8165 8164
f 8164 8163 8171
f 8171 8163 8170
f 8171 8170 8187
f 8187 8170 8188
f 8187 8188 8178
f 8178 8188 8177
f 8186 8172 8171
f 8171 8172 8164
f 8186 8171 8187
f 8186 8187 8179
f 8179 8187 8178
f 8190 8200 8035
f 8035 8200 8202
f 8035 8202 8039
f 8039 8202 8203
f 8039 8203 8041
f 8041 8203 8204
f 8041 8204 8042
f 8042 8204 8205
f 8042 8205 7959
f 7959 8205 7962
f 7962 8205 8206
f 7962 8206 7964
f 7964 8206 8207
f 7964 8207 7967
f 7967 8207 8208
f 7967 8208 7969
f 7969 8208 7971
f 7971 8208 8114
f 8114 8208 8260
f 8114 8260 8215
f 8215 8260 8259
f 8215 8259 8216
f 8216 8259 8258
f 8216 8258 8217
f 8217 8258 8257
f 8217 8257 8218
f 8218 8257 8256
f 8218 8256 8219
f 8219 8256 8255
f 8219 8255 8220
f 8220 8255 8200
f 8220 8200 8221
f 8221 8200 8190
f 8221 8190 8209
f 8209 8190 8192
f 8209 8192 8222
f 8222 8192 8195
f 8222 8195 8229
f 8229 8195 8196
f 8229 8196 8235
f 8235 8196 8198
f 8235 8198 8254
f 8254 8198 8247
f 8254 8247 8246
f 8246 8247 5727
f 8246 5727 5725
f 8196 5682 8198
f 8198 5682 8248
f 8198 8248 8247
f 8247 8248 5728
f 8247 5728 5727
f 5682 5728 8248
f 8246 5725 8245
f 8245 5725 5723
f 8245 5723 7409
f 8245 7409 8244
f 8244 7409 7408
f 8244 7408 8243
f 8243 7408 7406
f 8243 7406 7404
f 8243 7404 8242
f 8242 7404 7402
f 8242 7402 8120
f 8242 8120 8249
f 8249 8120 8119
f 8249 8119 8241
f 8241 8119 8199
f 8241 8199 8234
f 8234 8199 8227
f 8234 8227 8226
f 8226 8227 8213
f 8226 8213 8212
f 8212 8213 8218
f 8212 8218 8219
f 8119 8116 8199
f 8199 8116 8228
f 8199 8228 8227
f 8227 8228 8214
f 8227 8214 8213
f 8213 8214 8217
f 8213 8217 8218
f 8228 8116 8201
f 8201 8116 8114
f 8201 8114 8215
f 8200 8255 8202
f 8202 8255 8203
f 8255 8256 8203
f 8203 8256 8204
f 8256 8257 8204
f 8204 8257 8205
f 8257 8258 8205
f 8205 8258 8206
f 8260 8208 8207
f 8258 8259 8206
f 8206 8259 8207
f 8259 8260 8207
f 8220 8221 8210
f 8210 8221 8209
f 8210 8209 8223
f 8223 8209 8222
f 8223 8222 8230
f 8230 8222 8229
f 8230 8229 8236
f 8236 8229 8235
f 8236 8235 8254
f 8219 8220 8211
f 8211 8220 8210
f 8211 8210 8224
f 8224 8210 8223
f 8224 8223 8231
f 8231 8223 8230
f 8231 8230 8237
f 8237 8230 8236
f 8237 8236 8253
f 8253 8236 8254
f 8253 8254 8246
f 8219 8211 8212
f 8212 8211 8225
f 8212 8225 8226
f 8226 8225 8233
f 8226 8233 8234
f 8234 8233 8240
f 8234 8240 8241
f 8241 8240 8249
f 8225 8211 8224
f 8216 8217 8214
f 8215 8216 8201
f 8201 8216 8214
f 8201 8214 8228
f 8225 8224 8232
f 8232 8224 8231
f 8232 8231 8238
f 8238 8231 8237
f 8238 8237 8252
f 8252 8237 8253
f 8252 8253 8245
f 8245 8253 8246
f 8225 8232 8233
f 8233 8232 8239
f 8233 8239 8240
f 8240 8239 8250
f 8240 8250 8249
f 8249 8250 8242
f 8239 8232 8238
f 8239 8238 8251
f 8251 8238 8252
f 8251 8252 8244
f 8244 8252 8245
f 8251 8244 8243
f 8251 8243 8250
f 8250 8243 8242
f 8239 8251 8250
f 8264 8277 8262
f 8262 8277 8278
f 8262 8278 7560
f 7560 8278 7562
f 7562 8278 8286
f 7562 8286 7564
f 7564 8286 8294
f 7564 8294 7566
f 7566 8294 8301
f 7566 8301 7569
f 7569 8301 8310
f 7569 8310 7571
f 7571 8310 8309
f 7571 8309 7573
f 7573 8309 8325
f 7573 8325 7574
f 7574 8325 8333
f 7574 8333 7577
f 7577 8333 8341
f 7577 8341 7579
f 7579 8341 8349
f 7579 8349 7580
f 7580 8349 8357
f 7580 8357 7583
f 7583 8357 8365
f 7583 8365 7584
f 7584 8365 7586
f 7586 8365 8373
f 7586 8373 7588
f 7588 8373 8381
f 7588 8381 7590
f 7590 8381 8389
f 7590 8389 7592
f 7592 8389 8397
f 7592 8397 7594
f 7594 8397 8405
f 7594 8405 7596
f 7596 8405 8413
f 7596 8413 7598
f 7598 8413 8421
f 7598 8421 7601
f 7601 8421 7602
f 7602 8421 8429
f 7602 8429 7604
f 7604 8429 8437
f 7604 8437 7607
f 7607 8437 8445
f 7607 8445 7608
f 7608 8445 8453
f 7608 8453 7610
f 7610 8453 8461
f 7610 8461 7612
f 7612 8461 8469
f 7612 8469 7614
f 7614 8469 8477
f 7614 8477 7616
f 7616 8477 8485
f 7616 8485 7619
f 7619 8485 8493
f 7619 8493 7620
f 7620 8493 8501
f 7620 8501 7622
f 7622 8501 8271
f 7622 8271 7624
f 7624 8271 8549
f 7624 8549 8517
f 8517 8549 8550
f 8517 8550 8518
f 8518 8550 8551
f 8518 8551 8519
f 8519 8551 8552
f 8519 8552 8520
f 8520 8552 8553
f 8520 8553 8521
f 8521 8553 8554
f 8521 8554 8522
f 8522 8554 8555
f 8522 8555 8523
f 8523 8555 8272
f 8523 8272 8524
f 8524 8272 6161
f 8524 6161 8509
f 8509 6161 7892
f 8509 7892 8525
f 8525 7892 7890
f 8525 7890 8533
f 8533 7890 7888
f 8533 7888 8541
f 8541 7888 7886
f 8541 7886 8161
f 8161 7886 7884
f 8266 8274 8264
f 8264 8274 8275
f 8264 8275 8276
f 8276 8275 8284
f 8276 8284 8285
f 8285 8284 8293
f 8285 8293 8294
f 8294 8293 8301
f 8274 8266 8273
f 8273 8266 8269
f 8273 8269 8281
f 8281 8269 8280
f 8281 8280 8289
f 8289 8280 8288
f 8289 8288 8296
f 8296 8288 8295
f 8296 8295 8315
f 8315 8295 8316
f 8315 8316 8303
f 8303 8316 8302
f 8303 8302 8319
f 8319 8302 8318
f 8319 8318 8327
f 8327 8318 8326
f 8327 8326 8335
f 8335 8326 8334
f 8335 8334 8343
f 8343 8334 8342
f 8343 8342 8351
f 8351 8342 8350
f 8351 8350 8359
f 8359 8350 8358
f 8359 8358 8367
f 8367 8358 8366
f 8367 8366 8375
f 8375 8366 8374
f 8375 8374 8383
f 8383 8374 8382
f 8383 8382 8391
f 8391 8382 8390
f 8391 8390 8399
f 8399 8390 8398
f 8399 8398 8407
f 8407 8398 8406
f 8407 8406 8415
f 8415 8406 8414
f 8415 8414 8423
f 8423 8414 8422
f 8423 8422 8431
f 8431 8422 8430
f 8431 8430 8439
f 8439 8430 8438
f 8439 8438 8447
f 8447 8438 8446
f 8447 8446 8455
f 8455 8446 8454
f 8455 8454 8463
f 8463 8454 8462
f 8463 8462 8471
f 8471 8462 8470
f 8471 8470 8479
f 8479 8470 8478
f 8479 8478 8487
f 8487 8478 8486
f 8487 8486 8495
f 8495 8486 8494
f 8495 8494 8503
f 8503 8494 8502
f 8503 8502 8555
f 8555 8502 8272
f 8269 6058 8280
f 8280 6058 8279
f 8280 8279 8288
f 8288 8279 8287
f 8288 8287 8295
f 8295 8287 8270
f 8295 8270 8316
f 8316 8270 8317
f 8316 8317 8302
f 8302 8317 6216
f 8302 6216 6214
f 6058 6221 8279
f 8279 6221 8287
f 6221 6218 8287
f 8287 6218 8270
f 6218 6216 8270
f 8270 6216 8317
f 6214 6213 8302
f 8302 6213 8318
f 6213 6211 8318
f 8318 6211 8326
f 6211 6208 8326
f 8326 6208 8334
f 6208 6206 8334
f 8334 6206 8342
f 6206 6204 8342
f 8342 6204 8350
f 6204 6202 8350
f 8350 6202 8358
f 6202 6200 8358
f 8358 6200 8366
f 6200 6198 8366
f 8366 6198 8374
f 6198 6197 8374
f 8374 6197 6195
f 8374 6195 8382
f 8382 6195 6192
f 8382 6192 8390
f 8390 6192 6190
f 8390 6190 8398
f 8398 6190 6189
f 8398 6189 8406
f 8406 6189 6187
f 8406 6187 8414
f 8414 6187 6185
f 8414 6185 8422
f 8422 6185 6182
f 8422 6182 6180
f 8422 6180 8430
f 8430 6180 6178
f 8430 6178 8438
f 8438 6178 6176
f 8438 6176 8446
f 8446 6176 6174
f 8446 6174 8454
f 8454 6174 6173
f 8454 6173 8462
f 8462 6173 6170
f 8462 6170 8470
f 8470 6170 6169
f 8470 6169 8478
f 8478 6169 6166
f 8478 6166 8486
f 8486 6166 6164
f 8486 6164 8494
f 8494 6164 6163
f 8494 6163 8502
f 8502 6163 8272
f 6163 6161 8272
f 8161 8159 8541
f 8541 8159 8542
f 8541 8542 8533
f 8533 8542 8534
f 8533 8534 8525
f 8525 8534 8526
f 8525 8526 8509
f 8509 8526 8510
f 8509 8510 8524
f 8524 8510 8523
f 8542 8159 8543
f 8543 8159 8156
f 8543 8156 8544
f 8544 8156 8545
f 8544 8545 8536
f 8536 8545 8537
f 8536 8537 8528
f 8528 8537 8529
f 8528 8529 8512
f 8512 8529 8513
f 8512 8513 8521
f 8521 8513 8520
f 8156 8154 8545
f 8545 8154 8546
f 8545 8546 8537
f 8537 8546 8538
f 8537 8538 8529
f 8529 8538 8530
f 8529 8530 8513
f 8513 8530 8514
f 8513 8514 8520
f 8520 8514 8519
f 7486 8548 8154
f 8154 8548 8547
f 8154 8547 8546
f 8546 8547 8538
f 7486 7484 8548
f 8548 7484 8540
f 8548 8540 8539
f 8539 8540 8531
f 8539 8531 8530
f 8530 8531 8514
f 7484 7482 8540
f 8540 7482 8532
f 8540 8532 8531
f 8531 8532 8515
f 8531 8515 8514
f 8514 8515 8519
f 7482 7481 8532
f 8532 7481 8516
f 8532 8516 8515
f 8515 8516 8518
f 8515 8518 8519
f 7481 7479 8516
f 8516 7479 8517
f 8516 8517 8518
f 7479 7476 8517
f 8517 7476 7624
f 8274 8273 8282
f 8282 8273 8281
f 8282 8281 8290
f 8290 8281 8289
f 8290 8289 8297
f 8297 8289 8296
f 8297 8296 8314
f 8314 8296 8315
f 8314 8315 8304
f 8304 8315 8303
f 8304 8303 8320
f 8320 8303 8319
f 8320 8319 8328
f 8328 8319 8327
f 8328 8327 8336
f 8336 8327 8335
f 8336 8335 8344
f 8344 8335 8343
f 8344 8343 8352
f 8352 8343 8351
f 8352 8351 8360
f 8360 8351 8359
f 8360 8359 8368
f 8368 8359 8367
f 8368 8367 8376
f 8376 8367 8375
f 8376 8375 8384
f 8384 8375 8383
f 8384 8383 8392
f 8392 8383 8391
f 8392 8391 8400
f 8400 8391 8399
f 8400 8399 8408
f 8408 8399 8407
f 8408 8407 8416
f 8416 8407 8415
f 8416 8415 8424
f 8424 8415 8423
f 8424 8423 8432
f 8432 8423 8431
f 8432 8431 8440
f 8440 8431 8439
f 8440 8439 8448
f 8448 8439 8447
f 8448 8447 8456
f 8456 8447 8455
f 8456 8455 8464
f 8464 8455 8463
f 8464 8463 8472
f 8472 8463 8471
f 8472 8471 8480
f 8480 8471 8479
f 8480 8479 8488
f 8488 8479 8487
f 8488 8487 8496
f 8496 8487 8495
f 8496 8495 8504
f 8504 8495 8503
f 8504 8503 8554
f 8554 8503 8555
f 8277 8264 8276
f 8275 8274 8283
f 8283 8274 8282
f 8283 8282 8291
f 8291 8282 8290
f 8291 8290 8298
f 8298 8290 8297
f 8298 8297 8313
f 8313 8297 8314
f 8313 8314 8305
f 8305 8314 8304
f 8305 8304 8320
f 8286 8278 8277
f 8286 8277 8285
f 8285 8277 8276
f 8275 8283 8284
f 8284 8283 8292
f 8284 8292 8293
f 8293 8292 8300
f 8293 8300 8301
f 8301 8300 8310
f 8292 8283 8291
f 8294 8286 8285
f 8292 8291 8299
f 8299 8291 8298
f 8299 8298 8312
f 8312 8298 8313
f 8312 8313 8306
f 8306 8313 8305
f 8306 8305 8321
f 8321 8305 8320
f 8321 8320 8329
f 8329 8320 8328
f 8329 8328 8337
f 8337 8328 8336
f 8337 8336 8345
f 8345 8336 8344
f 8345 8344 8353
f 8353 8344 8352
f 8353 8352 8361
f 8361 8352 8360
f 8361 8360 8369
f 8369 8360 8368
f 8369 8368 8377
f 8377 8368 8376
f 8377 8376 8385
f 8385 8376 8384
f 8385 8384 8393
f 8393 8384 8392
f 8393 8392 8401
f 8401 8392 8400
f 8401 8400 8409
f 8409 8400 8408
f 8409 8408 8417
f 8417 8408 8416
f 8417 8416 8425
f 8425 8416 8424
f 8425 8424 8433
f 8433 8424 8432
f 8433 8432 8441
f 8441 8432 8440
f 8441 8440 8449
f 8449 8440 8448
f 8449 8448 8457
f 8457 8448 8456
f 8457 8456 8465
f 8465 8456 8464
f 8465 8464 8473
f 8473 8464 8472
f 8473 8472 8481
f 8481 8472 8480
f 8481 8480 8489
f 8489 8480 8488
f 8489 8488 8497
f 8497 8488 8496
f 8497 8496 8505
f 8505 8496 8504
f 8505 8504 8553
f 8553 8504 8554
f 8292 8299 8300
f 8300 8299 8311
f 8300 8311 8310
f 8310 8311 8308
f 8310 8308 8309
f 8309 8308 8324
f 8309 8324 8325
f 8325 8324 8333
f 8311 8299 8312
f 8311 8312 8307
f 8307 8312 8306
f 8307 8306 8322
f 8322 8306 8321
f 8322 8321 8330
f 8330 8321 8329
f 8330 8329 8338
f 8338 8329 8337
f 8338 8337 8346
f 8346 8337 8345
f 8346 8345 8354
f 8354 8345 8353
f 8354 8353 8362
f 8362 8353 8361
f 8362 8361 8370
f 8370 8361 8369
f 8370 8369 8378
f 8378 8369 8377
f 8378 8377 8386
f 8386 8377 8385
f 8386 8385 8394
f 8394 8385 8393
f 8394 8393 8402
f 8402 8393 8401
f 8402 8401 8410
f 8410 8401 8409
f 8410 8409 8418
f 8418 8409 8417
f 8418 8417 8426
f 8426 8417 8425
f 8426 8425 8434
f 8434 8425 8433
f 8434 8433 8442
f 8442 8433 8441
f 8442 8441 8450
f 8450 8441 8449
f 8450 8449 8458
f 8458 8449 8457
f 8458 8457 8466
f 8466 8457 8465
f 8466 8465 8474
f 8474 8465 8473
f 8474 8473 8482
f 8482 8473 8481
f 8482 8481 8490
f 8490 8481 8489
f 8490 8489 8498
f 8498 8489 8497
f 8498 8497 8506
f 8506 8497 8505
f 8506 8505 8552
f 8552 8505 8553
f 8311 8307 8308
f 8308 8307 8323
f 8308 8323 8324
f 8324 8323 8332
f 8324 8332 8333
f 8333 8332 8341
f 8323 8307 8322
f 8323 8322 8331
f 8331 8322 8330
f 8331 8330 8339
f 8339 8330 8338
f 8339 8338 8347
f 8347 8338 8346
f 8347 8346 8355
f 8355 8346 8354
f 8355 8354 8363
f 8363 8354 8362
f 8363 8362 8371
f 8371 8362 8370
f 8371 8370 8379
f 8379 8370 8378
f 8379 8378 8387
f 8387 8378 8386
f 8387 8386 8395
f 8395 8386 8394
f 8395 8394 8403
f 8403 8394 8402
f 8403 8402 8411
f 8411 8402 8410
f 8411 8410 8419
f 8419 8410 8418
f 8419 8418 8427
f 8427 8418 8426
f 8427 8426 8435
f 8435 8426 8434
f 8435 8434 8443
f 8443 8434 8442
f 8443 8442 8451
f 8451 8442 8450
f 8451 8450 8459
f 8459 8450 8458
f 8459 8458 8467
f 8467 8458 8466
f 8467 8466 8475
f 8475 8466 8474
f 8475 8474 8483
f 8483 8474 8482
f 8483 8482 8491
f 8491 8482 8490
f 8491 8490 8499
f 8499 8490 8498
f 8499 8498 8507
f 8507 8498 8506
f 8507 8506 8551
f 8551 8506 8552
f 8323 8331 8332
f 8332 8331 8340
f 8332 8340 8341
f 8341 8340 8349
f 8340 8331 8339
f 8340 8339 8348
f 8348 8339 8347
f 8348 8347 8356
f 8356 8347 8355
f 8356 8355 8364
f 8364 8355 8363
f 8364 8363 8372
f 8372 8363 8371
f 8372 8371 8380
f 8380 8371 8379
f 8380 8379 8388
f 8388 8379 8387
f 8388 8387 8396
f 8396 8387 8395
f 8396 8395 8404
f 8404 8395 8403
f 8404 8403 8412
f 8412 8403 8411
f 8412 8411 8420
f 8420 8411 8419
f 8420 8419 8428
f 8428 8419 8427
f 8428 8427 8436
f 8436 8427 8435
f 8436 8435 8444
f 8444 8435 8443
f 8444 8443 8452
f 8452 8443 8451
f 8452 8451 8460
f 8460 8451 8459
f 8460 8459 8468
f 8468 8459 8467
f 8468 8467 8476
f 8476 8467 8475
f 8476 8475 8484
f 8484 8475 8483
f 8484 8483 8492
f 8492 8483 8491
f 8492 8491 8500
f 8500 8491 8499
f 8500 8499 8508
f 8508 8499 8507
f 8508 8507 8550
f 8550 8507 8551
f 8357 8349 8348
f 8348 8349 8340
f 8357 8348 8356
f 8365 8357 8356
f 8365 8356 8364
f 8373 8365 8364
f 8373 8364 8372
f 8381 8373 8372
f 8381 8372 8380
f 8389 8381 8380
f 8389 8380 8388
f 8397 8389 8388
f 8397 8388 8396
f 8405 8397 8396
f 8405 8396 8404
f 8413 8405 8404
f 8413 8404 8412
f 8421 8413 8412
f 8421 8412 8420
f 8429 8421 8420
f 8429 8420 8428
f 8437 8429 8428
f 8437 8428 8436
f 8445 8437 8436
f 8445 8436 8444
f 8453 8445 8444
f 8453 8444 8452
f 8461 8453 8452
f 8461 8452 8460
f 8469 8461 8460
f 8469 8460 8468
f 8477 8469 8468
f 8477 8468 8476
f 8485 8477 8476
f 8485 8476 8484
f 8493 8485 8484
f 8493 8484 8492
f 8501 8493 8492
f 8501 8492 8500
f 8271 8501 8500
f 8271 8500 8508
f 8549 8271 8508
f 8549 8508 8550
f 8522 8523 8511
f 8511 8523 8510
f 8511 8510 8527
f 8527 8510 8526
f 8527 8526 8535
f 8535 8526 8534
f 8535 8534 8543
f 8543 8534 8542
f 8521 8522 8512
f 8512 8522 8511
f 8512 8511 8528
f 8528 8511 8527
f 8528 8527 8536
f 8536 8527 8535
f 8536 8535 8544
f 8544 8535 8543
f 8539 8530 8538
f 8548 8539 8547
f 8547 8539 8538
f 8261 7559 8589
f 8589 7559 8595
f 8589 8595 8586
f 8586 8595 8596
f 8586 8596 8584
f 8584 8596 8597
f 8584 8597 8598
f 8598 8597 8602
f 8598 8602 8601
f 8601 8602 8608
f 8601 8608 8578
f 8578 8608 8609
f 8578 8609 8576
f 8576 8609 8608
f 8576 8608 8616
f 8616 8608 8607
f 8616 8607 8617
f 8617 8607 8606
f 8617 8606 8618
f 8618 8606 8605
f 8618 8605 8619
f 8619 8605 8592
f 8619 8592 8620
f 8620 8592 7555
f 8620 7555 8610
f 8610 7555 7553
f 8610 7553 8621
f 8621 7553 7078
f 8621 7078 8594
f 8594 7078 8633
f 8594 8633 8631
f 8631 8633 8557
f 8631 8557 8632
f 8632 8557 8630
f 8632 8630 8637
f 8637 8630 8629
f 8637 8629 8636
f 8636 8629 8628
f 8636 8628 8635
f 8635 8628 8627
f 8635 8627 8634
f 8634 8627 8569
f 8634 8569 8571
f 8595 7559 8591
f 8591 7559 7558
f 8591 7558 8592
f 8592 7558 7555
f 7078 7075 8633
f 8633 7075 8557
f 8557 8559 8630
f 8630 8559 8629
f 8559 8560 8629
f 8629 8560 8628
f 8560 8563 8628
f 8628 8563 8627
f 8563 8568 8627
f 8627 8568 8569
f 8573 8593 8571
f 8571 8593 8626
f 8571 8626 8634
f 8634 8626 8625
f 8634 8625 8635
f 8635 8625 8624
f 8635 8624 8636
f 8636 8624 8623
f 8636 8623 8637
f 8637 8623 8622
f 8637 8622 8632
f 8632 8622 8621
f 8632 8621 8594
f 8576 8615 8573
f 8573 8615 8616
f 8573 8616 8614
f 8614 8616 8617
f 8614 8617 8613
f 8613 8617 8618
f 8613 8618 8612
f 8612 8618 8619
f 8612 8619 8611
f 8611 8619 8620
f 8611 8620 8610
f 8601 8578 8590
f 8590 8578 8581
f 8590 8581 8600
f 8600 8581 8583
f 8600 8583 8599
f 8599 8583 8598
f 8599 8598 8601
f 8583 8584 8598
f 8596 8595 8604
f 8604 8595 8591
f 8604 8591 8605
f 8605 8591 8592
f 8597 8596 8603
f 8603 8596 8604
f 8603 8604 8606
f 8606 8604 8605
f 8590 8600 8599
f 8590 8599 8601
f 8607 8608 8602
f 8606 8607 8603
f 8603 8607 8602
f 8603 8602 8597
f 8621 8622 8610
f 8610 8622 8611
f 8622 8623 8611
f 8611 8623 8612
f 8623 8624 8612
f 8612 8624 8613
f 8626 8593 8614
f 8614 8593 8573
f 8624 8625 8613
f 8613 8625 8614
f 8625 8626 8614
f 8576 8616 8615
f 8594 8631 8632
f 5998 5997 8741
f 8741 5997 8638
f 8741 8638 8740
f 8740 8638 8739
f 8740 8739 8760
f 8760 8739 8761
f 8760 8761 8757
f 8757 8761 8756
f 8757 8756 8791
f 8791 8756 8790
f 8791 8790 8808
f 8808 8790 8807
f 8808 8807 8844
f 8844 8807 8845
f 8844 8845 8828
f 8828 8845 8829
f 8828 8829 8825
f 8825 8829 8824
f 8825 8824 8720
f 8720 8824 8718
f 8718 8824 8823
f 8718 8823 8715
f 8715 8823 8822
f 8715 8822 8714
f 8714 8822 8711
f 8711 8822 8821
f 8711 8821 8709
f 8709 8821 8820
f 8709 8820 8708
f 8708 8820 8819
f 8708 8819 8705
f 8705 8819 8704
f 8704 8819 8818
f 8704 8818 8702
f 8702 8818 8817
f 8702 8817 8700
f 8700 8817 8816
f 8700 8816 8698
f 8698 8816 8696
f 8696 8816 8815
f 8696 8815 8814
f 8814 8815 8839
f 8814 8839 8840
f 8840 8839 8856
f 8840 8856 8857
f 8857 8856 8795
f 8857 8795 8794
f 8794 8795 8777
f 8794 8777 8679
f 8679 8777 8776
f 8679 8776 8676
f 8676 8776 8675
f 8675 8776 8777
f 8675 8777 8743
f 8743 8777 8778
f 8743 8778 8744
f 8744 8778 8779
f 8744 8779 8745
f 8745 8779 8780
f 8745 8780 8746
f 8746 8780 8781
f 8746 8781 8747
f 8747 8781 8782
f 8747 8782 8748
f 8748 8782 8783
f 8748 8783 8749
f 8749 8783 8784
f 8749 8784 8750
f 8750 8784 8785
f 8750 8785 8751
f 8751 8785 8786
f 8751 8786 8752
f 8752 8786 8787
f 8752 8787 8753
f 8753 8787 8788
f 8753 8788 8754
f 8754 8788 8789
f 8754 8789 8755
f 8755 8789 8790
f 8755 8790 8756
f 8638 8641 8739
f 8739 8641 8738
f 8739 8738 8761
f 8761 8738 8762
f 8761 8762 8756
f 8756 8762 8755
f 8641 8642 8738
f 8738 8642 8737
f 8738 8737 8762
f 8762 8737 8763
f 8762 8763 8755
f 8755 8763 8754
f 8642 8644 8737
f 8737 8644 8647
f 8737 8647 8736
f 8736 8647 8649
f 8736 8649 8735
f 8735 8649 8651
f 8735 8651 8734
f 8734 8651 8652
f 8734 8652 8655
f 8734 8655 8733
f 8733 8655 8657
f 8733 8657 8732
f 8732 8657 8659
f 8732 8659 8731
f 8731 8659 8660
f 8731 8660 8662
f 8664 8729 8662
f 8662 8729 8730
f 8662 8730 8731
f 8731 8730 8769
f 8731 8769 8768
f 8768 8769 8749
f 8768 8749 8750
f 8729 8664 8728
f 8728 8664 8667
f 8728 8667 8727
f 8727 8667 8668
f 8727 8668 8726
f 8726 8668 8670
f 8726 8670 8725
f 8725 8670 8566
f 8725 8566 8673
f 8675 8742 8673
f 8673 8742 8775
f 8673 8775 8725
f 8725 8775 8774
f 8725 8774 8726
f 8726 8774 8773
f 8726 8773 8727
f 8727 8773 8772
f 8727 8772 8728
f 8728 8772 8771
f 8728 8771 8729
f 8729 8771 8770
f 8729 8770 8730
f 8730 8770 8769
f 8681 8724 8679
f 8679 8724 8793
f 8679 8793 8794
f 8794 8793 8858
f 8794 8858 8857
f 8857 8858 8841
f 8857 8841 8840
f 8840 8841 8813
f 8840 8813 8814
f 8814 8813 8694
f 8814 8694 8696
f 8683 8810 8681
f 8681 8810 8843
f 8681 8843 8724
f 8724 8843 8842
f 8724 8842 8858
f 8858 8842 8841
f 8686 8689 8683
f 8683 8689 8810
f 8810 8689 8811
f 8811 8689 8691
f 8811 8691 8812
f 8812 8691 8813
f 8812 8813 8841
f 8691 8694 8813
f 8720 8721 8825
f 8825 8721 8826
f 8825 8826 8828
f 8828 8826 8827
f 8828 8827 8844
f 8844 8827 8723
f 8844 8723 8808
f 8808 8723 8809
f 8808 8809 6006
f 6006 8809 8723
f 6006 8723 6008
f 6008 8723 8827
f 6008 8827 8826
f 8721 5902 8826
f 8826 5902 6008
f 6004 8792 6006
f 6006 8792 8791
f 6006 8791 8808
f 6004 6002 8792
f 8792 6002 8791
f 6000 8758 6002
f 6002 8758 8757
f 6002 8757 8791
f 5998 8741 6000
f 6000 8741 8759
f 6000 8759 8758
f 8758 8759 8760
f 8758 8760 8757
f 8731 8768 8732
f 8732 8768 8767
f 8732 8767 8733
f 8733 8767 8766
f 8733 8766 8734
f 8734 8766 8765
f 8734 8765 8735
f 8735 8765 8764
f 8735 8764 8736
f 8736 8764 8763
f 8736 8763 8737
f 8759 8741 8740
f 8759 8740 8760
f 8774 8775 8743
f 8743 8775 8742
f 8743 8742 8675
f 8773 8774 8744
f 8744 8774 8743
f 8772 8773 8745
f 8745 8773 8744
f 8771 8772 8746
f 8746 8772 8745
f 8770 8771 8747
f 8747 8771 8746
f 8769 8770 8748
f 8748 8770 8747
f 8748 8749 8769
f 8767 8768 8750
f 8766 8767 8751
f 8751 8767 8750
f 8765 8766 8752
f 8752 8766 8751
f 8764 8765 8753
f 8753 8765 8752
f 8763 8764 8754
f 8754 8764 8753
f 8777 8795 8778
f 8778 8795 8796
f 8778 8796 8779
f 8779 8796 8797
f 8779 8797 8780
f 8780 8797 8798
f 8780 8798 8781
f 8781 8798 8799
f 8781 8799 8782
f 8782 8799 8800
f 8782 8800 8783
f 8783 8800 8801
f 8783 8801 8784
f 8784 8801 8802
f 8784 8802 8785
f 8785 8802 8803
f 8785 8803 8786
f 8786 8803 8804
f 8786 8804 8787
f 8787 8804 8805
f 8787 8805 8788
f 8788 8805 8806
f 8788 8806 8789
f 8789 8806 8807
f 8789 8807 8790
f 8724 8858 8793
f 8795 8856 8796
f 8796 8856 8855
f 8796 8855 8797
f 8797 8855 8854
f 8797 8854 8798
f 8798 8854 8853
f 8798 8853 8799
f 8799 8853 8852
f 8799 8852 8800
f 8800 8852 8851
f 8800 8851 8801
f 8801 8851 8850
f 8801 8850 8802
f 8802 8850 8849
f 8802 8849 8803
f 8803 8849 8848
f 8803 8848 8804
f 8804 8848 8847
f 8804 8847 8805
f 8805 8847 8846
f 8805 8846 8806
f 8806 8846 8845
f 8806 8845 8807
f 8842 8843 8811
f 8811 8843 8810
f 8841 8842 8812
f 8812 8842 8811
f 8815 8816 8838
f 8838 8816 8837
f 8838 8837 8854
f 8854 8837 8853
f 8816 8817 8837
f 8837 8817 8836
f 8837 8836 8853
f 8853 8836 8852
f 8817 8818 8836
f 8836 8818 8835
f 8836 8835 8852
f 8852 8835 8851
f 8818 8819 8835
f 8835 8819 8834
f 8835 8834 8851
f 8851 8834 8850
f 8819 8820 8834
f 8834 8820 8833
f 8834 8833 8850
f 8850 8833 8849
f 8820 8821 8833
f 8833 8821 8832
f 8833 8832 8849
f 8849 8832 8848
f 8821 8822 8832
f 8832 8822 8831
f 8832 8831 8848
f 8848 8831 8847
f 8822 8823 8831
f 8831 8823 8830
f 8831 8830 8847
f 8847 8830 8846
f 8823 8824 8830
f 8830 8824 8829
f 8830 8829 8846
f 8846 8829 8845
f 8815 8838 8839
f 8839 8838 8855
f 8839 8855 8856
f 8855 8838 8854
f 8862 8948 8860
f 8860 8948 8929
f 8860 8929 8931
f 8931 8929 8962
f 8931 8962 8963
f 8963 8962 8979
f 8963 8979 8980
f 8980 8979 8995
f 8980 8995 8996
f 8996 8995 9026
f 8996 9026 9025
f 9025 9026 9012
f 9025 9012 9013
f 9013 9012 9045
f 9013 9045 9046
f 9046 9045 9062
f 9046 9062 9063
f 9063 9062 9079
f 9063 9079 9080
f 9080 9079 9096
f 9080 9096 9097
f 9097 9096 9113
f 9097 9113 9114
f 9114 9113 9130
f 9114 9130 8707
f 8707 9130 8710
f 8710 9130 9146
f 8710 9146 8712
f 8712 9146 9162
f 8712 9162 8713
f 8713 9162 8716
f 8716 9162 9178
f 8716 9178 8717
f 8717 9178 9177
f 8717 9177 9193
f 9193 9177 9176
f 9193 9176 9192
f 9192 9176 9175
f 9192 9175 9191
f 9191 9175 9174
f 9191 9174 9190
f 9190 9174 9173
f 9190 9173 9189
f 9189 9173 9172
f 9189 9172 9188
f 9188 9172 9171
f 9188 9171 9187
f 9187 9171 9170
f 9187 9170 9186
f 9186 9170 9169
f 9186 9169 9185
f 9185 9169 9168
f 9185 9168 9184
f 9184 9168 9167
f 9184 9167 9183
f 9183 9167 9166
f 9183 9166 9182
f 9182 9166 9165
f 9182 9165 9181
f 9181 9165 9164
f 9181 9164 9180
f 9180 9164 8640
f 9180 8640 9179
f 9179 8640 8639
f 9179 8639 9221
f 9221 8639 9195
f 9221 9195 9196
f 9196 9195 8874
f 9196 8874 8876
f 8864 8949 8862
f 8862 8949 8928
f 8862 8928 8954
f 8954 8928 8953
f 8954 8953 8977
f 8977 8953 8976
f 8977 8976 8992
f 8992 8976 8991
f 8992 8991 9030
f 9030 8991 9031
f 9030 9031 9007
f 9007 9031 9006
f 9007 9006 9039
f 9039 9006 9038
f 9039 9038 9055
f 9055 9038 9054
f 9055 9054 9071
f 9071 9054 9070
f 9071 9070 9087
f 9087 9070 9086
f 9087 9086 9103
f 9103 9086 9102
f 9103 9102 9119
f 9119 9102 9118
f 9119 9118 9135
f 9135 9118 9134
f 9135 9134 9151
f 9151 9134 9150
f 9151 9150 9167
f 9167 9150 9166
f 8867 8950 8864
f 8864 8950 8927
f 8864 8927 8953
f 8953 8927 8961
f 8953 8961 8976
f 8976 8961 8975
f 8976 8975 8991
f 8991 8975 8990
f 8991 8990 9031
f 9031 8990 9032
f 9031 9032 9006
f 9006 9032 9005
f 9006 9005 9038
f 9038 9005 9037
f 9038 9037 9054
f 9054 9037 9053
f 9054 9053 9070
f 9070 9053 9069
f 9070 9069 9086
f 9086 9069 9085
f 9086 9085 9102
f 9102 9085 9101
f 9102 9101 9118
f 9118 9101 9117
f 9118 9117 9134
f 9134 9117 9133
f 9134 9133 9150
f 9150 9133 9149
f 9150 9149 9166
f 9166 9149 9165
f 8868 8926 8867
f 8867 8926 8952
f 8867 8952 8927
f 8927 8952 8961
f 8868 8871 8926
f 8926 8871 8925
f 8926 8925 8952
f 8952 8925 8951
f 8952 8951 8960
f 8960 8951 8959
f 8960 8959 8974
f 8974 8959 8973
f 8974 8973 8989
f 8989 8973 8924
f 8989 8924 9033
f 9033 8924 9034
f 9033 9034 9004
f 9004 9034 9003
f 9004 9003 9036
f 9036 9003 9035
f 9036 9035 9052
f 9052 9035 9051
f 9052 9051 9068
f 9068 9051 9067
f 9068 9067 9084
f 9084 9067 9083
f 9084 9083 9100
f 9100 9083 9099
f 9100 9099 9116
f 9116 9099 9115
f 9116 9115 9132
f 9132 9115 9131
f 9132 9131 9148
f 9148 9131 9147
f 9148 9147 9164
f 9164 9147 9163
f 9164 9163 8640
f 8640 9163 8643
f 8643 9163 9147
f 8643 9147 8645
f 8645 9147 8646
f 8646 9147 9131
f 8646 9131 8648
f 8648 9131 9115
f 8648 9115 8650
f 8650 9115 9099
f 8650 9099 8653
f 8653 9099 9083
f 8653 9083 8654
f 8654 9083 9067
f 8654 9067 8656
f 8656 9067 9051
f 8656 9051 8658
f 8658 9051 9035
f 8658 9035 8661
f 8661 9035 9003
f 8661 9003 8663
f 8663 9003 9034
f 8663 9034 8924
f 8871 8567 8925
f 8925 8567 8671
f 8925 8671 8951
f 8951 8671 8669
f 8951 8669 8959
f 8959 8669 8666
f 8959 8666 8973
f 8973 8666 8665
f 8973 8665 8924
f 8924 8665 8663
f 8639 5996 9195
f 9195 5996 8873
f 9195 8873 8874
f 9196 8876 9198
f 9198 8876 8878
f 9198 8878 9197
f 9197 8878 9181
f 9197 9181 9180
f 8880 9226 8878
f 8878 9226 9199
f 8878 9199 9181
f 9181 9199 9182
f 8882 9225 8880
f 8880 9225 9200
f 8880 9200 9199
f 9199 9200 9182
f 8886 9201 8882
f 8882 9201 9219
f 8882 9219 9200
f 9200 9219 9183
f 9200 9183 9182
f 9201 8886 9203
f 9203 8886 8887
f 9203 8887 9202
f 9202 8887 9204
f 9202 9204 9185
f 9185 9204 9186
f 9204 8887 9224
f 9224 8887 8890
f 9224 8890 9204
f 9204 8890 9218
f 9204 9218 9186
f 9186 9218 9187
f 9218 8890 9205
f 9205 8890 8891
f 9205 8891 9206
f 9206 8891 9208
f 9206 9208 9217
f 9217 9208 9207
f 9217 9207 9188
f 9188 9207 9189
f 8891 8895 9208
f 9208 8895 9207
f 8896 9223 8895
f 8895 9223 9209
f 8895 9209 9207
f 9207 9209 9189
f 8899 9222 8896
f 8896 9222 9210
f 8896 9210 9209
f 9209 9210 9190
f 9209 9190 9189
f 8900 9211 8899
f 8899 9211 9216
f 8899 9216 9210
f 9210 9216 9191
f 9210 9191 9190
f 9211 8900 9212
f 9212 8900 8902
f 9212 8902 9213
f 9213 8902 5900
f 9213 5900 8722
f 9213 8722 9214
f 9214 8722 8719
f 9214 8719 9194
f 9194 8719 8717
f 9194 8717 9193
f 8707 8706 9114
f 9114 8706 9098
f 9114 9098 9097
f 9097 9098 9081
f 9097 9081 9080
f 9080 9081 9064
f 9080 9064 9063
f 9063 9064 9047
f 9063 9047 9046
f 9046 9047 9014
f 9046 9014 9013
f 9013 9014 9024
f 9013 9024 9025
f 9025 9024 8997
f 9025 8997 8996
f 8996 8997 8981
f 8996 8981 8980
f 8980 8981 8964
f 8980 8964 8963
f 8963 8964 8955
f 8963 8955 8931
f 8931 8955 8930
f 8931 8930 8860
f 8860 8930 8921
f 8921 8930 8932
f 8921 8932 8919
f 8919 8932 8955
f 8919 8955 8933
f 8933 8955 8964
f 8933 8964 8965
f 8965 8964 8981
f 8965 8981 8982
f 8982 8981 8997
f 8982 8997 8998
f 8998 8997 9024
f 8998 9024 9023
f 9023 9024 9014
f 9023 9014 9015
f 9015 9014 9047
f 9015 9047 9048
f 9048 9047 9064
f 9048 9064 9065
f 9065 9064 9081
f 9065 9081 9082
f 9082 9081 9098
f 9082 9098 8703
f 8703 9098 8706
f 8703 8701 9082
f 9082 8701 9066
f 9082 9066 9065
f 9065 9066 9049
f 9065 9049 9048
f 9048 9049 9016
f 9048 9016 9015
f 9015 9016 9022
f 9015 9022 9023
f 9023 9022 8999
f 9023 8999 8998
f 8998 8999 8983
f 8998 8983 8982
f 8982 8983 8966
f 8982 8966 8965
f 8965 8966 8935
f 8965 8935 8933
f 8933 8935 8917
f 8933 8917 8947
f 8947 8917 8919
f 8947 8919 8933
f 8701 8699 9066
f 9066 8699 9050
f 9066 9050 9049
f 9049 9050 9017
f 9049 9017 9016
f 9016 9017 9021
f 9016 9021 9022
f 9022 9021 9000
f 9022 9000 8999
f 8999 9000 8984
f 8999 8984 8983
f 8983 8984 8967
f 8983 8967 8966
f 8966 8967 8956
f 8966 8956 8935
f 8935 8956 8934
f 8935 8934 8917
f 8917 8934 8914
f 8914 8934 8936
f 8914 8936 8937
f 8937 8936 8956
f 8937 8956 8967
f 8699 8697 9050
f 9050 8697 9018
f 9050 9018 9017
f 9017 9018 9020
f 9017 9020 9021
f 9021 9020 9001
f 9021 9001 9000
f 9000 9001 8985
f 9000 8985 8984
f 8984 8985 8968
f 8984 8968 8967
f 8967 8968 8937
f 8697 8695 9018
f 9018 8695 9019
f 9018 9019 9020
f 9020 9019 9002
f 9020 9002 9001
f 9001 9002 8986
f 9001 8986 8985
f 8985 8986 8969
f 8985 8969 8968
f 8968 8969 8938
f 8968 8938 8937
f 8937 8938 8912
f 8937 8912 8946
f 8946 8912 8914
f 8946 8914 8937
f 9019 8695 8923
f 8923 8695 8693
f 8923 8693 8988
f 8988 8693 8692
f 8988 8692 8972
f 8972 8692 8690
f 8972 8690 8958
f 8958 8690 8943
f 8958 8943 8942
f 8942 8943 8907
f 8942 8907 8940
f 8940 8907 8908
f 8940 8908 8941
f 8941 8908 8939
f 8941 8939 8970
f 8970 8939 8969
f 8970 8969 8986
f 8690 8687 8943
f 8943 8687 8904
f 8943 8904 8907
f 8939 8908 8944
f 8944 8908 8910
f 8944 8910 8939
f 8939 8910 8938
f 8939 8938 8969
f 8938 8910 8945
f 8945 8910 8912
f 8945 8912 8938
f 8867 8927 8950
f 8953 8928 8864
f 8864 8928 8949
f 8948 8862 8929
f 8929 8862 8954
f 8929 8954 8962
f 8962 8954 8978
f 8962 8978 8979
f 8979 8978 8994
f 8979 8994 8995
f 8995 8994 9027
f 8995 9027 9026
f 9026 9027 9011
f 9026 9011 9012
f 9012 9011 9044
f 9012 9044 9045
f 9045 9044 9061
f 9045 9061 9062
f 9062 9061 9078
f 9062 9078 9079
f 9079 9078 9095
f 9079 9095 9096
f 9096 9095 9112
f 9096 9112 9113
f 9113 9112 9129
f 9113 9129 9130
f 9130 9129 9146
f 8955 8932 8930
f 8956 8936 8934
f 8942 8940 8957
f 8957 8940 8941
f 8957 8941 8971
f 8971 8941 8970
f 8971 8970 8987
f 8987 8970 8986
f 8987 8986 9002
f 8961 8952 8960
f 8972 8958 8957
f 8957 8958 8942
f 8972 8957 8971
f 8975 8961 8960
f 8975 8960 8974
f 8978 8954 8977
f 8988 8972 8971
f 8988 8971 8987
f 8990 8975 8974
f 8990 8974 8989
f 8978 8977 8993
f 8993 8977 8992
f 8993 8992 9029
f 9029 8992 9030
f 9029 9030 9008
f 9008 9030 9007
f 9008 9007 9040
f 9040 9007 9039
f 9040 9039 9056
f 9056 9039 9055
f 9056 9055 9072
f 9072 9055 9071
f 9072 9071 9088
f 9088 9071 9087
f 9088 9087 9104
f 9104 9087 9103
f 9104 9103 9120
f 9120 9103 9119
f 9120 9119 9136
f 9136 9119 9135
f 9136 9135 9152
f 9152 9135 9151
f 9152 9151 9168
f 9168 9151 9167
f 8923 8988 8987
f 8923 8987 9002
f 9032 8990 8989
f 9032 8989 9033
f 8978 8993 8994
f 8994 8993 9028
f 8994 9028 9027
f 9027 9028 9010
f 9027 9010 9011
f 9011 9010 9043
f 9011 9043 9044
f 9044 9043 9060
f 9044 9060 9061
f 9061 9060 9077
f 9061 9077 9078
f 9078 9077 9094
f 9078 9094 9095
f 9095 9094 9111
f 9095 9111 9112
f 9112 9111 9128
f 9112 9128 9129
f 9129 9128 9145
f 9129 9145 9146
f 9146 9145 9162
f 9028 8993 9029
f 9019 8923 9002
f 9032 9033 9005
f 9005 9033 9004
f 9005 9004 9037
f 9037 9004 9036
f 9037 9036 9053
f 9053 9036 9052
f 9053 9052 9069
f 9069 9052 9068
f 9069 9068 9085
f 9085 9068 9084
f 9085 9084 9101
f 9101 9084 9100
f 9101 9100 9117
f 9117 9100 9116
f 9117 9116 9133
f 9133 9116 9132
f 9133 9132 9149
f 9149 9132 9148
f 9149 9148 9165
f 9165 9148 9164
f 9028 9029 9009
f 9009 9029 9008
f 9009 9008 9041
f 9041 9008 9040
f 9041 9040 9057
f 9057 9040 9056
f 9057 9056 9073
f 9073 9056 9072
f 9073 9072 9089
f 9089 9072 9088
f 9089 9088 9105
f 9105 9088 9104
f 9105 9104 9121
f 9121 9104 9120
f 9121 9120 9137
f 9137 9120 9136
f 9137 9136 9153
f 9153 9136 9152
f 9153 9152 9169
f 9169 9152 9168
f 9028 9009 9010
f 9010 9009 9042
f 9010 9042 9043
f 9043 9042 9059
f 9043 9059 9060
f 9060 9059 9076
f 9060 9076 9077
f 9077 9076 9093
f 9077 9093 9094
f 9094 9093 9110
f 9094 9110 9111
f 9111 9110 9127
f 9111 9127 9128
f 9128 9127 9144
f 9128 9144 9145
f 9145 9144 9161
f 9145 9161 9162
f 9162 9161 9178
f 9042 9009 9041
f 9042 9041 9058
f 9058 9041 9057
f 9058 9057 9074
f 9074 9057 9073
f 9074 9073 9090
f 9090 9073 9089
f 9090 9089 9106
f 9106 9089 9105
f 9106 9105 9122
f 9122 9105 9121
f 9122 9121 9138
f 9138 9121 9137
f 9138 9137 9154
f 9154 9137 9153
f 9154 9153 9170
f 9170 9153 9169
f 9042 9058 9059
f 9059 9058 9075
f 9059 9075 9076
f 9076 9075 9092
f 9076 9092 9093
f 9093 9092 9109
f 9093 9109 9110
f 9110 9109 9126
f 9110 9126 9127
f 9127 9126 9143
f 9127 9143 9144
f 9144 9143 9160
f 9144 9160 9161
f 9161 9160 9177
f 9161 9177 9178
f 9075 9058 9074
f 9075 9074 9091
f 9091 9074 9090
f 9091 9090 9107
f 9107 9090 9106
f 9107 9106 9123
f 9123 9106 9122
f 9123 9122 9139
f 9139 9122 9138
f 9139 9138 9155
f 9155 9138 9154
f 9155 9154 9171
f 9171 9154 9170
f 9075 9091 9092
f 9092 9091 9108
f 9092 9108 9109
f 9109 9108 9125
f 9109 9125 9126
f 9126 9125 9142
f 9126 9142 9143
f 9143 9142 9159
f 9143 9159 9160
f 9160 9159 9176
f 9160 9176 9177
f 9108 9091 9107
f 9108 9107 9124
f 9124 9107 9123
f 9124 9123 9140
f 9140 9123 9139
f 9140 9139 9156
f 9156 9139 9155
f 9156 9155 9172
f 9172 9155 9171
f 9108 9124 9125
f 9125 9124 9141
f 9125 9141 9142
f 9142 9141 9158
f 9142 9158 9159
f 9159 9158 9175
f 9159 9175 9176
f 9141 9124 9140
f 9141 9140 9157
f 9157 9140 9156
f 9157 9156 9173
f 9173 9156 9172
f 9141 9157 9158
f 9158 9157 9174
f 9158 9174 9175
f 9174 9157 9173
f 9180 9179 9220
f 9220 9179 9221
f 9220 9221 9196
f 9202 9185 9184
f 9202 9184 9219
f 9219 9184 9183
f 9217 9188 9187
f 9217 9187 9218
f 9191 9216 9192
f 9192 9216 9215
f 9192 9215 9193
f 9193 9215 9214
f 9193 9214 9194
f 9196 9198 9220
f 9220 9198 9197
f 9220 9197 9180
f 9226 8880 9199
f 9225 8882 9200
f 9202 9219 9203
f 9203 9219 9201
f 9217 9218 9206
f 9206 9218 9205
f 9223 8896 9209
f 9222 8899 9210
f 9215 9216 9212
f 9212 9216 9211
f 9214 9215 9213
f 9213 9215 9212
f 6071 9228 6074
f 6074 9228 9248
f 6074 9248 9241
f 9241 9248 9246
f 9241 9246 9247
f 9247 9246 9231
f 9247 9231 9252
f 9252 9231 9245
f 9252 9245 9244
f 9244 9245 9234
f 9244 9234 9236
f 9228 9230 9248
f 9248 9230 9246
f 9230 9231 9246
f 9231 9234 9245
f 9244 9236 9243
f 9243 9236 9238
f 9243 9238 9242
f 9242 9238 8688
f 9242 8688 8682
f 9242 8682 9249
f 9249 8682 8680
f 9249 8680 9253
f 9253 8680 8678
f 9253 8678 9254
f 9254 8678 9259
f 9254 9259 9260
f 9260 9259 9266
f 9260 9266 9267
f 9267 9266 9273
f 9267 9273 9277
f 9277 9273 8556
f 9277 8556 9275
f 9275 8556 7074
f 9275 7074 9276
f 9276 7074 9239
f 9276 9239 9277
f 9277 9239 9268
f 9277 9268 9267
f 9267 9268 9261
f 9267 9261 9260
f 9260 9261 9255
f 9260 9255 9254
f 9254 9255 9250
f 9254 9250 9249
f 9249 9250 9242
f 9259 8678 9258
f 9258 8678 8677
f 9258 8677 8674
f 8672 9264 8674
f 8674 9264 9265
f 8674 9265 9259
f 9259 9265 9266
f 8564 9270 8672
f 8672 9270 9280
f 8672 9280 9264
f 9264 9280 9279
f 9264 9279 9265
f 9265 9279 9278
f 9265 9278 9266
f 9266 9278 9273
f 8564 8562 9270
f 9270 8562 8561
f 9270 8561 9271
f 9271 8561 8558
f 9271 8558 9272
f 9272 8558 9274
f 9272 9274 9278
f 9278 9274 9273
f 8558 8556 9274
f 9274 8556 9273
f 7074 7155 9239
f 9239 7155 9269
f 9239 9269 9268
f 9268 9269 9262
f 9268 9262 9261
f 9261 9262 9256
f 9261 9256 9255
f 9255 9256 9251
f 9255 9251 9250
f 9250 9251 9243
f 9250 9243 9242
f 7155 7152 9269
f 9269 7152 9263
f 9269 9263 9262
f 9262 9263 9257
f 9262 9257 9256
f 9256 9257 9252
f 9256 9252 9251
f 9251 9252 9244
f 9251 9244 9243
f 9263 7152 9240
f 9240 7152 7150
f 9240 7150 9241
f 9241 7150 6074
f 9254 9249 9253
f 9240 9241 9247
f 9240 9247 9257
f 9257 9247 9252
f 9263 9240 9257
f 8674 9259 9258
f 9279 9280 9271
f 9271 9280 9270
f 9278 9279 9272
f 9272 9279 9271
f 9275 9276 9277
f 8577 9309 8579
f 8579 9309 9310
f 8579 9310 9300
f 9300 9310 9309
f 9300 9309 9316
f 9316 9309 9308
f 9316 9308 9315
f 9315 9308 9307
f 9315 9307 9314
f 9314 9307 9305
f 9314 9305 9306
f 9306 9305 8574
f 9306 8574 9313
f 9313 8574 9318
f 9313 9318 9333
f 9333 9318 9334
f 9333 9334 9325
f 9325 9334 9324
f 9325 9324 9338
f 9338 9324 9337
f 9338 9337 9344
f 9344 9337 9343
f 9344 9343 9353
f 9353 9343 9354
f 9353 9354 9281
f 9281 9354 8859
f 8859 9354 9355
f 8859 9355 9302
f 9302 9355 9354
f 9302 9354 9343
f 8575 9307 8577
f 8577 9307 9308
f 8577 9308 9309
f 9307 8575 9305
f 9305 8575 8574
f 8572 9304 8574
f 8574 9304 9312
f 8574 9312 9318
f 9318 9312 9311
f 9318 9311 9301
f 9301 9311 8869
f 9301 8869 8866
f 8572 8570 9304
f 9304 8570 9303
f 9304 9303 9312
f 9312 9303 9311
f 8570 8565 9303
f 9303 8565 8870
f 9303 8870 9311
f 9311 8870 8869
f 8865 9323 8866
f 8866 9323 9324
f 8866 9324 9335
f 9335 9324 9334
f 9335 9334 9301
f 9301 9334 9318
f 8863 9336 8865
f 8865 9336 9337
f 8865 9337 9324
f 9336 8863 9302
f 9302 8863 8859
f 9281 9284 9353
f 9353 9284 9352
f 9353 9352 9344
f 9344 9352 9345
f 9344 9345 9338
f 9338 9345 9339
f 9338 9339 9325
f 9325 9339 9326
f 9325 9326 9333
f 9333 9326 9332
f 9333 9332 9313
f 9313 9332 9319
f 9313 9319 9306
f 9306 9319 9314
f 9352 9284 9351
f 9351 9284 9286
f 9351 9286 9350
f 9350 9286 9288
f 9350 9288 9349
f 9349 9288 9291
f 9349 9291 9293
f 9349 9293 9348
f 9348 9293 9294
f 9348 9294 9342
f 9342 9294 9297
f 9342 9297 9329
f 9329 9297 9299
f 9329 9299 9317
f 9317 9299 8579
f 9317 8579 9322
f 9322 8579 9300
f 9322 9300 9316
f 9301 8866 9335
f 9315 9314 9320
f 9320 9314 9319
f 9320 9319 9331
f 9331 9319 9332
f 9331 9332 9327
f 9327 9332 9326
f 9327 9326 9340
f 9340 9326 9339
f 9340 9339 9346
f 9346 9339 9345
f 9346 9345 9351
f 9351 9345 9352
f 9316 9315 9321
f 9321 9315 9320
f 9321 9320 9330
f 9330 9320 9331
f 9330 9331 9328
f 9328 9331 9327
f 9328 9327 9341
f 9341 9327 9340
f 9341 9340 9347
f 9347 9340 9346
f 9347 9346 9350
f 9350 9346 9351
f 9317 9322 9321
f 9321 9322 9316
f 9317 9321 9330
f 8865 9324 9323
f 9317 9330 9329
f 9329 9330 9328
f 9329 9328 9342
f 9342 9328 9341
f 9342 9341 9348
f 9348 9341 9347
f 9348 9347 9349
f 9349 9347 9350
f 9343 9337 9336
f 9302 9343 9336
f 8881 9397 8883
f 8883 9397 9398
f 8883 9398 9388
f 9388 9398 9397
f 9388 9397 9404
f 9404 9397 9396
f 9404 9396 9403
f 9403 9396 9394
f 9403 9394 9395
f 9395 9394 8879
f 9395 8879 9393
f 9393 8879 9399
f 9393 9399 8877
f 8877 9399 8879
f 8879 9394 8881
f 8881 9394 9396
f 8881 9396 9397
f 8875 9392 8877
f 8877 9392 9402
f 8877 9402 9393
f 9393 9402 9408
f 9393 9408 9409
f 9409 9408 9417
f 9409 9417 9418
f 9418 9417 9425
f 9418 9425 9426
f 9426 9425 9429
f 9426 9429 9428
f 9428 9429 9376
f 9428 9376 9378
f 9392 8875 9391
f 9391 8875 8872
f 9391 8872 9390
f 9390 8872 5995
f 9390 5995 9357
f 9390 9357 9400
f 9400 9357 9358
f 9400 9358 9360
f 9400 9360 9405
f 9405 9360 9363
f 9405 9363 9406
f 9406 9363 9414
f 9406 9414 9415
f 9415 9414 9422
f 9415 9422 9423
f 9423 9422 9432
f 9423 9432 9431
f 9431 9432 9372
f 9431 9372 9430
f 9430 9372 9374
f 9430 9374 9429
f 9429 9374 9376
f 9414 9363 9413
f 9413 9363 9364
f 9413 9364 9389
f 9389 9364 9367
f 9389 9367 9435
f 9435 9367 9434
f 9435 9434 9389
f 9389 9434 9421
f 9389 9421 9413
f 9413 9421 9414
f 9434 9367 9433
f 9433 9367 9369
f 9433 9369 9432
f 9432 9369 9372
f 9378 9381 9428
f 9428 9381 9427
f 9428 9427 9426
f 9426 9427 9419
f 9426 9419 9418
f 9418 9419 9410
f 9418 9410 9409
f 9409 9410 9395
f 9409 9395 9393
f 9381 9382 9427
f 9427 9382 9420
f 9427 9420 9419
f 9419 9420 9411
f 9419 9411 9410
f 9410 9411 9403
f 9410 9403 9395
f 9382 9385 9420
f 9420 9385 9412
f 9420 9412 9411
f 9411 9412 9404
f 9411 9404 9403
f 9385 9386 9412
f 9412 9386 8883
f 9412 8883 9388
f 9402 9392 9391
f 9391 9390 9401
f 9401 9390 9400
f 9401 9400 9406
f 9406 9400 9405
f 9404 9412 9388
f 9391 9401 9402
f 9402 9401 9407
f 9402 9407 9408
f 9408 9407 9416
f 9408 9416 9417
f 9417 9416 9424
f 9417 9424 9425
f 9425 9424 9430
f 9425 9430 9429
f 9407 9401 9406
f 9416 9407 9415
f 9415 9407 9406
f 9422 9414 9421
f 9424 9416 9423
f 9423 9416 9415
f 9434 9433 9421
f 9421 9433 9422
f 9433 9432 9422
f 9430 9424 9431
f 9431 9424 9423
f 9436 9461 5979
f 5979 9461 9462
f 5979 9462 5982
f 5982 9462 9469
f 5982 9469 5984
f 5984 9469 9476
f 5984 9476 9455
f 9455 9476 9475
f 9455 9475 9516
f 9516 9475 9474
f 9516 9474 9517
f 9517 9474 9473
f 9517 9473 9518
f 9518 9473 9472
f 9518 9472 9519
f 9519 9472 9471
f 9519 9471 9520
f 9520 9471 9470
f 9520 9470 9453
f 9453 9470 9450
f 9453 9450 9489
f 9489 9450 9477
f 9489 9477 9478
f 9478 9477 9510
f 9478 9510 9511
f 9511 9510 9502
f 9511 9502 9507
f 9507 9502 9493
f 9507 9493 9501
f 9501 9493 9492
f 9501 9492 9491
f 9491 9492 9359
f 9491 9359 9356
f 9461 9436 9460
f 9460 9436 9439
f 9460 9439 9459
f 9459 9439 9441
f 9459 9441 9458
f 9458 9441 9457
f 9458 9457 9465
f 9465 9457 9464
f 9465 9464 9472
f 9472 9464 9471
f 9441 9442 9457
f 9457 9442 9456
f 9457 9456 9464
f 9464 9456 9463
f 9464 9463 9471
f 9471 9463 9470
f 9442 9446 9456
f 9456 9446 9463
f 9446 9447 9463
f 9463 9447 9470
f 9447 9450 9470
f 9368 9504 9450
f 9450 9504 9509
f 9450 9509 9477
f 9477 9509 9510
f 9365 9496 9368
f 9368 9496 9497
f 9368 9497 9451
f 9451 9497 9496
f 9451 9496 9503
f 9503 9496 9494
f 9503 9494 9495
f 9495 9494 9365
f 9495 9365 9362
f 9361 9498 9362
f 9362 9498 9493
f 9362 9493 9502
f 9359 9492 9361
f 9361 9492 9493
f 9361 9493 9498
f 9491 9356 9490
f 9490 9356 5993
f 9490 5993 5991
f 9490 5991 9499
f 9499 5991 5990
f 9499 5990 9452
f 9452 5990 5987
f 9452 5987 9515
f 9515 5987 9454
f 9515 9454 9482
f 9482 9454 9484
f 9482 9484 9485
f 9485 9484 9517
f 9485 9517 9518
f 5987 5986 9454
f 9454 5986 9483
f 9454 9483 9484
f 9484 9483 9516
f 9484 9516 9517
f 9483 5986 9455
f 9455 5986 5984
f 9504 9368 9451
f 9459 9458 9466
f 9466 9458 9465
f 9466 9465 9473
f 9473 9465 9472
f 9460 9459 9467
f 9467 9459 9466
f 9467 9466 9474
f 9474 9466 9473
f 9469 9462 9461
f 9461 9460 9468
f 9468 9460 9467
f 9468 9467 9475
f 9475 9467 9474
f 9476 9469 9468
f 9468 9469 9461
f 9476 9468 9475
f 9478 9479 9488
f 9488 9479 9487
f 9488 9487 9520
f 9520 9487 9519
f 9479 9480 9487
f 9487 9480 9486
f 9487 9486 9519
f 9519 9486 9518
f 9478 9511 9479
f 9479 9511 9512
f 9479 9512 9480
f 9480 9512 9513
f 9480 9513 9481
f 9481 9513 9514
f 9481 9514 9482
f 9482 9514 9515
f 9480 9481 9486
f 9486 9481 9485
f 9486 9485 9518
f 9481 9482 9485
f 9455 9516 9483
f 9453 9489 9488
f 9488 9489 9478
f 9453 9488 9520
f 9491 9490 9500
f 9500 9490 9499
f 9500 9499 9505
f 9505 9499 9452
f 9505 9452 9514
f 9514 9452 9515
f 9494 9496 9365
f 9362 9502 9495
f 9495 9502 9508
f 9495 9508 9503
f 9503 9508 9504
f 9503 9504 9451
f 9491 9500 9501
f 9501 9500 9506
f 9501 9506 9507
f 9507 9506 9512
f 9507 9512 9511
f 9506 9500 9505
f 9514 9513 9505
f 9505 9513 9506
f 9513 9512 9506
f 9509 9504 9508
f 9509 9508 9510
f 9510 9508 9502
f 5912 9548 5914
f 5914 9548 9549
f 5914 9549 9540
f 9540 9549 9548
f 9540 9548 9553
f 9553 9548 9546
f 9553 9546 9547
f 9547 9546 5909
f 9547 5909 9552
f 9552 5909 9545
f 9552 9545 9544
f 9544 9545 5907
f 9544 5907 5906
f 9548 5912 9546
f 9546 5912 5909
f 5909 5907 9545
f 5906 5903 9544
f 9544 5903 9543
f 9544 9543 9551
f 9551 9543 9550
f 9551 9550 9555
f 9555 9550 9541
f 9555 9541 9569
f 9569 9541 9570
f 9569 9570 9561
f 9561 9570 9560
f 9561 9560 9581
f 9581 9560 9582
f 9581 9582 8894
f 8894 9582 8897
f 8897 9582 9560
f 8897 9560 8898
f 8898 9560 9570
f 8898 9570 9541
f 5903 5899 9543
f 9543 5899 8903
f 9543 8903 9550
f 9550 8903 8901
f 9550 8901 9541
f 9541 8901 8898
f 8892 9542 8894
f 8894 9542 9571
f 8894 9571 9572
f 9572 9571 9593
f 9572 9593 9592
f 9592 9593 9586
f 9592 9586 9585
f 9585 9586 9523
f 9585 9523 9526
f 9521 9587 8892
f 8892 9587 9588
f 8892 9588 9542
f 9542 9588 9587
f 9542 9587 9593
f 9593 9587 9586
f 9587 9521 9586
f 9586 9521 9523
f 9585 9526 9584
f 9584 9526 9527
f 9584 9527 9583
f 9583 9527 9529
f 9583 9529 9533
f 9583 9533 9589
f 9589 9533 9535
f 9589 9535 9576
f 9576 9535 9536
f 9576 9536 9575
f 9575 9536 9578
f 9575 9578 9579
f 9579 9578 9563
f 9579 9563 9562
f 9562 9563 9568
f 9562 9568 9569
f 9569 9568 9555
f 9578 9536 9577
f 9577 9536 9539
f 9577 9539 9565
f 9565 9539 9554
f 9565 9554 9566
f 9566 9554 9558
f 9566 9558 9557
f 9557 9558 9547
f 9557 9547 9552
f 9539 5914 9554
f 9554 5914 9559
f 9554 9559 9558
f 9558 9559 9553
f 9558 9553 9547
f 9559 5914 9540
f 9552 9544 9551
f 9553 9559 9540
f 9552 9551 9556
f 9556 9551 9555
f 9556 9555 9568
f 9552 9556 9557
f 9557 9556 9567
f 9557 9567 9566
f 9566 9567 9564
f 9566 9564 9565
f 9565 9564 9577
f 9567 9556 9568
f 9569 9561 9562
f 9562 9561 9580
f 9562 9580 9579
f 9579 9580 9574
f 9579 9574 9575
f 9575 9574 9590
f 9575 9590 9589
f 9589 9590 9583
f 9580 9561 9581
f 9567 9568 9563
f 9567 9563 9564
f 9564 9563 9578
f 9564 9578 9577
f 9581 8894 9572
f 9580 9581 9573
f 9573 9581 9572
f 9573 9572 9592
f 9542 9593 9571
f 9580 9573 9574
f 9574 9573 9591
f 9574 9591 9590
f 9590 9591 9584
f 9590 9584 9583
f 9591 9573 9592
f 9589 9576 9575
f 9592 9585 9591
f 9591 9585 9584
f 8913 9635 8916
f 8916 9635 9636
f 8916 9636 9626
f 9626 9636 9635
f 9626 9635 9642
f 9642 9635 9633
f 9642 9633 9634
f 9634 9633 8911
f 9634 8911 9632
f 9632 8911 9637
f 9632 9637 8909
f 8909 9637 8911
f 9635 8913 9633
f 9633 8913 8911
f 9632 8909 9631
f 9631 8909 8906
f 9631 8906 9630
f 9630 8906 9629
f 9630 9629 9640
f 9640 9629 9639
f 9640 9639 9598
f 9598 9639 9638
f 9598 9638 9596
f 9596 9638 9595
f 9595 9638 9628
f 9595 9628 8685
f 8685 9628 8905
f 8905 9628 9629
f 8905 9629 8906
f 9601 9643 9598
f 9598 9643 9644
f 9598 9644 9645
f 9645 9644 9653
f 9645 9653 9654
f 9654 9653 9662
f 9654 9662 9663
f 9663 9662 9678
f 9663 9678 9677
f 9677 9678 9669
f 9677 9669 9668
f 9668 9669 9611
f 9668 9611 9614
f 9643 9601 9651
f 9651 9601 9602
f 9651 9602 9659
f 9659 9602 9627
f 9659 9627 9681
f 9681 9627 9673
f 9681 9673 9672
f 9672 9673 9604
f 9672 9604 9607
f 9602 9604 9627
f 9627 9604 9674
f 9627 9674 9673
f 9673 9674 9604
f 9610 9670 9607
f 9607 9670 9671
f 9607 9671 9672
f 9672 9671 9680
f 9672 9680 9681
f 9681 9680 9660
f 9681 9660 9659
f 9659 9660 9651
f 9670 9610 9669
f 9669 9610 9611
f 9668 9614 9667
f 9667 9614 9617
f 9667 9617 9619
f 9667 9619 9675
f 9675 9619 9621
f 9675 9621 9666
f 9666 9621 9623
f 9666 9623 9658
f 9658 9623 9650
f 9658 9650 9649
f 9649 9650 9642
f 9649 9642 9634
f 9623 9624 9650
f 9650 9624 9626
f 9650 9626 9642
f 9624 8916 9626
f 9639 9629 9628
f 9639 9628 9638
f 9631 9630 9641
f 9641 9630 9640
f 9641 9640 9646
f 9646 9640 9645
f 9646 9645 9654
f 9645 9640 9598
f 9631 9641 9632
f 9632 9641 9647
f 9632 9647 9648
f 9648 9647 9656
f 9648 9656 9657
f 9657 9656 9665
f 9657 9665 9666
f 9666 9665 9675
f 9647 9641 9646
f 9649 9634 9648
f 9648 9634 9632
f 9644 9643 9652
f 9652 9643 9651
f 9652 9651 9660
f 9647 9646 9655
f 9655 9646 9654
f 9655 9654 9663
f 9658 9649 9657
f 9657 9649 9648
f 9644 9652 9653
f 9653 9652 9661
f 9653 9661 9662
f 9662 9661 9679
f 9662 9679 9678
f 9678 9679 9670
f 9678 9670 9669
f 9661 9652 9660
f 9647 9655 9656
f 9656 9655 9664
f 9656 9664 9665
f 9665 9664 9676
f 9665 9676 9675
f 9675 9676 9667
f 9664 9655 9663
f 9666 9658 9657
f 9679 9661 9680
f 9680 9661 9660
f 9676 9664 9677
f 9677 9664 9663
f 9677 9668 9676
f 9676 9668 9667
f 9680 9671 9679
f 9679 9671 9670
f 6069 9697 6072
f 6072 9697 9698
f 6072 9698 9227
f 9227 9698 9706
f 9227 9706 9229
f 9229 9706 9714
f 9229 9714 9232
f 9232 9714 9713
f 9232 9713 9722
f 9722 9713 9721
f 9722 9721 9730
f 9730 9721 9729
f 9730 9729 9742
f 9742 9729 9743
f 9742 9743 9731
f 9731 9743 9732
f 9731 9732 9594
f 9594 9732 9597
f 9597 9732 9733
f 9597 9733 9734
f 9734 9733 9745
f 9734 9745 9599
f 9599 9745 9735
f 9599 9735 9740
f 9740 9735 9600
f 9740 9600 9599
f 6067 9695 6069
f 6069 9695 9696
f 6069 9696 9697
f 9697 9696 9705
f 9697 9705 9706
f 9706 9705 9714
f 6065 9693 6067
f 6067 9693 9694
f 6067 9694 9695
f 9695 9694 9703
f 9695 9703 9704
f 9704 9703 9712
f 9704 9712 9713
f 9713 9712 9721
f 9693 6065 9692
f 9692 6065 6063
f 9692 6063 9691
f 9691 6063 9682
f 9691 9682 9699
f 9699 9682 9685
f 9699 9685 9707
f 9707 9685 9687
f 9707 9687 9715
f 9715 9687 9689
f 9715 9689 9723
f 9723 9689 9606
f 9723 9606 9690
f 9690 9606 9739
f 9690 9739 9737
f 9737 9739 9606
f 9737 9606 9603
f 9600 9741 9603
f 9603 9741 9736
f 9603 9736 9738
f 9738 9736 9724
f 9738 9724 9723
f 9723 9724 9715
f 9599 9597 9734
f 9594 8684 9731
f 9731 8684 9237
f 9731 9237 9742
f 9742 9237 9235
f 9742 9235 9730
f 9730 9235 9233
f 9730 9233 9722
f 9722 9233 9232
f 9692 9691 9700
f 9700 9691 9699
f 9700 9699 9708
f 9708 9699 9707
f 9708 9707 9716
f 9716 9707 9715
f 9716 9715 9724
f 9693 9692 9701
f 9701 9692 9700
f 9701 9700 9709
f 9709 9700 9708
f 9709 9708 9717
f 9717 9708 9716
f 9717 9716 9725
f 9725 9716 9724
f 9725 9724 9736
f 9694 9693 9702
f 9702 9693 9701
f 9702 9701 9710
f 9710 9701 9709
f 9710 9709 9718
f 9718 9709 9717
f 9718 9717 9726
f 9726 9717 9725
f 9726 9725 9735
f 9735 9725 9736
f 9735 9736 9600
f 9600 9736 9741
f 9705 9696 9704
f 9704 9696 9695
f 9706 9698 9697
f 9694 9702 9703
f 9703 9702 9711
f 9703 9711 9712
f 9712 9711 9720
f 9712 9720 9721
f 9721 9720 9729
f 9711 9702 9710
f 9714 9705 9713
f 9713 9705 9704
f 9711 9710 9719
f 9719 9710 9718
f 9719 9718 9727
f 9727 9718 9726
f 9727 9726 9745
f 9745 9726 9735
f 9711 9719 9720
f 9720 9719 9728
f 9720 9728 9729
f 9729 9728 9743
f 9728 9719 9727
f 9728 9727 9744
f 9744 9727 9745
f 9744 9745 9733
f 9744 9733 9732
f 9744 9732 9743
f 9690 9737 9738
f 9738 9737 9603
f 9738 9723 9690
f 9728 9744 9743
f 9289 9287 9752
f 9752 9287 9758
f 9752 9758 9751
f 9751 9758 9763
f 9751 9763 9762
f 9762 9763 9764
f 9762 9764 9761
f 9761 9764 9765
f 9761 9765 9760
f 9760 9765 9766
f 9760 9766 9759
f 9759 9766 8922
f 9759 8922 8920
f 9287 9285 9758
f 9758 9285 9757
f 9758 9757 9763
f 9763 9757 9764
f 9757 9285 9756
f 9756 9285 9283
f 9756 9283 9754
f 9754 9283 9282
f 9754 9282 8861
f 8861 8922 9754
f 9754 8922 9766
f 9754 9766 9765
f 9759 8920 9774
f 9774 8920 8918
f 9774 8918 9767
f 9767 8918 9755
f 9767 9755 9779
f 9779 9755 9777
f 9779 9777 9776
f 9776 9777 9620
f 9776 9620 9618
f 8918 8915 9755
f 9755 8915 9625
f 9755 9625 9778
f 9778 9625 9622
f 9778 9622 9777
f 9777 9622 9620
f 9776 9618 9775
f 9775 9618 9616
f 9775 9616 9746
f 9749 9770 9746
f 9746 9770 9781
f 9746 9781 9775
f 9775 9781 9780
f 9775 9780 9776
f 9776 9780 9779
f 9751 9762 9749
f 9749 9762 9771
f 9749 9771 9770
f 9770 9771 9772
f 9770 9772 9769
f 9769 9772 9773
f 9769 9773 9768
f 9768 9773 9774
f 9768 9774 9767
f 9777 9755 9778
f 9764 9757 9756
f 9764 9756 9765
f 9765 9756 9754
f 9774 9773 9759
f 9759 9773 9760
f 9771 9762 9761
f 9773 9772 9760
f 9760 9772 9761
f 9772 9771 9761
f 9767 9779 9768
f 9768 9779 9780
f 9768 9780 9769
f 9769 9780 9781
f 9769 9781 9770
f 8889 9797 8893
f 8893 9797 9790
f 8893 9790 9522
f 9522 9790 9806
f 9522 9806 9805
f 9805 9806 9807
f 9805 9807 9804
f 9804 9807 9808
f 9804 9808 9803
f 9803 9808 9809
f 9803 9809 9802
f 9802 9809 9810
f 9802 9810 9801
f 9801 9810 9811
f 9801 9811 9800
f 9800 9811 9812
f 9800 9812 9799
f 9799 9812 9813
f 9799 9813 9798
f 9798 9813 9387
f 9798 9387 9384
f 8888 9795 8889
f 8889 9795 9796
f 8889 9796 9797
f 9797 9796 9807
f 9797 9807 9806
f 8885 9793 8888
f 8888 9793 9794
f 8888 9794 9795
f 9795 9794 9809
f 9795 9809 9808
f 9793 8885 9792
f 9792 8885 8884
f 9792 8884 9791
f 9791 8884 9387
f 9791 9387 9813
f 9798 9384 9814
f 9814 9384 9383
f 9814 9383 9837
f 9837 9383 9822
f 9837 9822 9823
f 9823 9822 9782
f 9823 9782 9824
f 9824 9782 9785
f 9824 9785 9825
f 9825 9785 9826
f 9825 9826 9834
f 9834 9826 9833
f 9834 9833 9817
f 9817 9833 9818
f 9817 9818 9801
f 9801 9818 9802
f 9383 9380 9822
f 9822 9380 9379
f 9822 9379 9782
f 9785 9787 9826
f 9826 9787 9827
f 9826 9827 9833
f 9833 9827 9832
f 9833 9832 9818
f 9818 9832 9819
f 9818 9819 9802
f 9802 9819 9803
f 9827 9787 9828
f 9828 9787 9789
f 9828 9789 9829
f 9829 9789 9530
f 9829 9530 9528
f 9829 9528 9830
f 9830 9528 9525
f 9830 9525 9821
f 9821 9525 9524
f 9821 9524 9805
f 9805 9524 9522
f 9813 9812 9791
f 9791 9812 9792
f 9812 9811 9792
f 9792 9811 9793
f 9811 9810 9793
f 9793 9810 9794
f 9810 9809 9794
f 9807 9796 9808
f 9808 9796 9795
f 9806 9790 9797
f 9799 9798 9815
f 9815 9798 9814
f 9815 9814 9836
f 9836 9814 9837
f 9836 9837 9823
f 9817 9801 9800
f 9800 9799 9816
f 9816 9799 9815
f 9816 9815 9835
f 9835 9815 9836
f 9835 9836 9824
f 9824 9836 9823
f 9821 9805 9804
f 9804 9803 9820
f 9820 9803 9819
f 9820 9819 9831
f 9831 9819 9832
f 9831 9832 9828
f 9828 9832 9827
f 9834 9817 9816
f 9816 9817 9800
f 9834 9816 9835
f 9830 9821 9820
f 9820 9821 9804
f 9830 9820 9831
f 9834 9835 9825
f 9825 9835 9824
f 9830 9831 9829
f 9829 9831 9828
f 8268 9844 6059
f 6059 9844 9845
f 6059 9845 6062
f 6062 9845 9683
f 9683 9845 9684
f 9684 9845 9853
f 9684 9853 9686
f 9686 9853 9861
f 9686 9861 9688
f 9688 9861 9869
f 9688 9869 9605
f 9605 9869 9608
f 9608 9869 9877
f 9608 9877 9609
f 9609 9877 9885
f 9609 9885 9612
f 9612 9885 9613
f 9613 9885 9893
f 9613 9893 9615
f 9615 9893 9747
f 9747 9893 9892
f 9747 9892 9891
f 9891 9892 9883
f 9891 9883 9882
f 9882 9883 9874
f 9882 9874 9873
f 9873 9874 9865
f 9873 9865 9864
f 9864 9865 9856
f 9864 9856 9855
f 9855 9856 9847
f 9855 9847 9846
f 9846 9847 9838
f 9846 9838 8588
f 8588 9838 8263
f 8263 9838 9839
f 8263 9839 8265
f 8265 9839 9840
f 8265 9840 8267
f 8267 9840 9841
f 8267 9841 9842
f 9842 9841 9850
f 9842 9850 9851
f 9851 9850 9859
f 9851 9859 9860
f 9860 9859 9868
f 9860 9868 9869
f 9869 9868 9877
f 8267 9842 8268
f 8268 9842 9843
f 8268 9843 9844
f 9844 9843 9852
f 9844 9852 9853
f 9853 9852 9861
f 8588 8587 9846
f 9846 8587 8585
f 9846 8585 9854
f 9854 8585 8582
f 9854 8582 9863
f 9863 8582 9862
f 9863 9862 9871
f 9871 9862 9870
f 9871 9870 9879
f 9879 9870 9878
f 9879 9878 9887
f 9887 9878 9886
f 9887 9886 9750
f 9750 9886 9753
f 9753 9886 9292
f 9753 9292 9290
f 8582 8580 9862
f 9862 8580 9298
f 9862 9298 9870
f 9870 9298 9296
f 9870 9296 9878
f 9878 9296 9295
f 9878 9295 9886
f 9886 9295 9292
f 9887 9750 9888
f 9888 9750 9748
f 9888 9748 9889
f 9889 9748 9890
f 9889 9890 9881
f 9881 9890 9882
f 9881 9882 9873
f 9748 9747 9890
f 9890 9747 9891
f 9890 9891 9882
f 9838 9847 9839
f 9839 9847 9848
f 9839 9848 9840
f 9840 9848 9849
f 9840 9849 9841
f 9841 9849 9850
f 9852 9843 9851
f 9851 9843 9842
f 9853 9845 9844
f 9847 9856 9848
f 9848 9856 9857
f 9848 9857 9849
f 9849 9857 9858
f 9849 9858 9850
f 9850 9858 9859
f 9861 9852 9860
f 9860 9852 9851
f 9846 9854 9855
f 9855 9854 9863
f 9855 9863 9864
f 9864 9863 9872
f 9864 9872 9873
f 9873 9872 9881
f 9856 9865 9857
f 9857 9865 9866
f 9857 9866 9858
f 9858 9866 9867
f 9858 9867 9859
f 9859 9867 9868
f 9869 9861 9860
f 9872 9863 9871
f 9865 9874 9866
f 9866 9874 9875
f 9866 9875 9867
f 9867 9875 9876
f 9867 9876 9868
f 9868 9876 9877
f 9872 9871 9880
f 9880 9871 9879
f 9880 9879 9888
f 9888 9879 9887
f 9874 9883 9875
f 9875 9883 9884
f 9875 9884 9876
f 9876 9884 9885
f 9876 9885 9877
f 9889 9881 9880
f 9880 9881 9872
f 9889 9880 9888
f 9893 9885 9884
f 9893 9884 9892
f 9892 9884 9883
f 9894 9909 9444
f 9444 9909 9910
f 9444 9910 9445
f 9445 9910 9919
f 9445 9919 9448
f 9448 9919 9928
f 9448 9928 9449
f 9449 9928 9937
f 9449 9937 9366
f 9366 9937 9370
f 9370 9937 9946
f 9370 9946 9371
f 9371 9946 9955
f 9371 9955 9373
f 9373 9955 9375
f 9375 9955 9964
f 9375 9964 9377
f 9377 9964 9783
f 9783 9964 9963
f 9783 9963 9962
f 9962 9963 9953
f 9962 9953 9952
f 9952 9953 9943
f 9952 9943 9942
f 9942 9943 9933
f 9942 9933 9932
f 9932 9933 9923
f 9932 9923 9922
f 9922 9923 9913
f 9922 9913 9912
f 9912 9913 9903
f 9912 9903 9902
f 9902 9903 5876
f 9902 5876 5920
f 9896 9907 9894
f 9894 9907 9908
f 9894 9908 9909
f 9909 9908 9918
f 9909 9918 9919
f 9919 9918 9928
f 9907 9896 9906
f 9906 9896 9899
f 9906 9899 9905
f 9905 9899 9900
f 9905 9900 9904
f 9904 9900 9903
f 9904 9903 9913
f 9900 5876 9903
f 9902 5920 9911
f 9911 5920 5919
f 9911 5919 9920
f 9920 5919 5916
f 9920 5916 9929
f 9929 5916 5915
f 9929 5915 9538
f 9929 9538 9938
f 9938 9538 9537
f 9938 9537 9947
f 9947 9537 9534
f 9947 9534 9956
f 9956 9534 9532
f 9956 9532 9788
f 9788 9532 9531
f 9788 9786 9956
f 9956 9786 9957
f 9956 9957 9947
f 9947 9957 9948
f 9947 9948 9938
f 9938 9948 9939
f 9938 9939 9929
f 9929 9939 9930
f 9929 9930 9920
f 9920 9930 9921
f 9920 9921 9911
f 9911 9921 9912
f 9911 9912 9902
f 9784 9959 9786
f 9786 9959 9958
f 9786 9958 9957
f 9957 9958 9948
f 9783 9961 9784
f 9784 9961 9960
f 9784 9960 9959
f 9959 9960 9950
f 9959 9950 9949
f 9949 9950 9940
f 9949 9940 9939
f 9939 9940 9930
f 9905 9904 9914
f 9914 9904 9913
f 9914 9913 9923
f 9906 9905 9915
f 9915 9905 9914
f 9915 9914 9924
f 9924 9914 9923
f 9924 9923 9933
f 9907 9906 9916
f 9916 9906 9915
f 9916 9915 9925
f 9925 9915 9924
f 9925 9924 9934
f 9934 9924 9933
f 9934 9933 9943
f 9908 9907 9917
f 9917 9907 9916
f 9917 9916 9926
f 9926 9916 9925
f 9926 9925 9935
f 9935 9925 9934
f 9935 9934 9944
f 9944 9934 9943
f 9944 9943 9953
f 9919 9910 9909
f 9922 9912 9921
f 9908 9917 9918
f 9918 9917 9927
f 9918 9927 9928
f 9928 9927 9937
f 9927 9917 9926
f 9922 9921 9931
f 9931 9921 9930
f 9931 9930 9940
f 9927 9926 9936
f 9936 9926 9935
f 9936 9935 9945
f 9945 9935 9944
f 9945 9944 9954
f 9954 9944 9953
f 9954 9953 9963
f 9922 9931 9932
f 9932 9931 9941
f 9932 9941 9942
f 9942 9941 9951
f 9942 9951 9952
f 9952 9951 9961
f 9952 9961 9962
f 9962 9961 9783
f 9941 9931 9940
f 9946 9937 9936
f 9936 9937 9927
f 9946 9936 9945
f 9949 9939 9948
f 9951 9941 9950
f 9950 9941 9940
f 9955 9946 9945
f 9955 9945 9954
f 9959 9949 9958
f 9958 9949 9948
f 9961 9951 9960
f 9960 9951 9950
f 9964 9955 9954
f 9964 9954 9963
f 9969 10024 9966
f 9966 10024 10027
f 9966 10027 9993
f 9993 10027 10048
f 9993 10048 9992
f 9992 10048 10046
f 9992 10046 9990
f 9990 10046 10021
f 9990 10021 9987
f 9988 10020 10044
f 9988 10044 9985
f 9985 10044 10042
f 9985 10042 9982
f 9982 10042 10040
f 9982 10040 9980
f 9980 10040 10038
f 9980 10038 9978
f 9978 10038 10036
f 9978 10036 9976
f 9976 10036 10034
f 9976 10034 9975
f 9975 10034 10032
f 9975 10032 9973
f 9973 10032 10030
f 9973 10030 9970
f 9970 10030 10028
f 9970 10028 9969
f 9969 10028 10024
f 9998 10026 9996
f 9996 10026 10025
f 9996 10025 10019
f 10019 10025 10029
f 10019 10029 10016
f 10016 10029 10031
f 10016 10031 10014
f 10014 10031 10033
f 10014 10033 10035
f 10035 10033 10032
f 10035 10032 10034
f 10026 9998 10049
f 10049 9998 9999
f 10049 9999 10047
f 10047 9999 10001
f 10047 10001 10022
f 10023 10003 10045
f 10023 10045 10044
f 10044 10045 10042
f 10003 10004 10045
f 10045 10004 10043
f 10045 10043 10042
f 10042 10043 10040
f 10004 10007 10043
f 10043 10007 10041
f 10043 10041 10040
f 10040 10041 10038
f 10007 10009 10041
f 10041 10009 10039
f 10041 10039 10038
f 10038 10039 10036
f 10009 10010 10039
f 10039 10010 10037
f 10039 10037 10036
f 10036 10037 10034
f 10010 10013 10037
f 10037 10013 10035
f 10037 10035 10034
f 10013 10014 10035
f 10047 10022 10021
f 10020 10023 10044
f 10024 10025 10027
f 10027 10025 10026
f 10027 10026 10048
f 10048 10026 10049
f 10048 10049 10046
f 10046 10049 10047
f 10046 10047 10021
f 10025 10024 10029
f 10029 10024 10028
f 10029 10028 10031
f 10031 10028 10030
f 10031 10030 10033
f 10033 10030 10032
f 5784 5884 5788
f 5788 5884 5881
f 5788 5881 8029
f 8029 5881 5879
f 8029 5879 8031
f 8031 5879 5877
f 8031 5877 8033
f 8033 5877 5875
f 8033 5875 8036
f 8036 5875 9901
f 8036 9901 8191
f 8191 9901 8193
f 8193 9901 9898
f 8193 9898 8194
f 8194 9898 9994
f 8194 9994 8197
f 8197 9994 9991
f 8197 9991 5684
f 5684 9991 5686
f 5686 9991 9989
f 5686 9989 5687
f 5687 9989 9986
f 5687 9986 5689
f 5689 9986 9984
f 5689 9984 5692
f 5692 9984 5779
f 5779 9984 9983
f 5779 9983 5780
f 5780 9983 5782
f 5782 9983 10069
f 5782 10069 5974
f 5974 10069 5977
f 5977 10069 10070
f 5977 10070 5980
f 5980 10070 9437
f 9437 10070 10072
f 9437 10072 9438
f 9438 10072 10075
f 9438 10075 9440
f 9440 10075 10077
f 9440 10077 9443
f 9443 10077 9895
f 9895 10077 10079
f 9895 10079 9897
f 9897 10079 9898
f 9898 10079 9994
f 5782 5972 5784
f 5784 5972 5970
f 5784 5970 5884
f 5974 5972 5782
f 10054 9968 10052
f 10052 9968 9965
f 10051 9967 10079
f 10079 9967 9994
f 9968 10054 9971
f 9971 10054 10055
f 9971 10055 9972
f 9972 10055 10058
f 9972 10058 9974
f 9974 10058 10061
f 9974 10061 9977
f 9977 10061 10063
f 9977 10063 9979
f 9979 10063 10065
f 9979 10065 9981
f 9981 10065 10066
f 9981 10066 9983
f 9983 10066 10069
f 9995 10018 9997
f 9997 10018 10000
f 10000 10018 10017
f 10000 10017 10002
f 10002 10017 10015
f 10002 10015 10005
f 10005 10015 10012
f 10005 10012 10006
f 10006 10012 10011
f 10006 10011 10008
f 10078 10109 10050
f 10050 10109 10112
f 10050 10112 10053
f 10053 10112 10133
f 10053 10133 10056
f 10056 10133 10131
f 10056 10131 10057
f 10057 10131 10106
f 10057 10106 10060
f 10059 10105 10129
f 10059 10129 10062
f 10062 10129 10127
f 10062 10127 10064
f 10064 10127 10125
f 10064 10125 10067
f 10067 10125 10123
f 10067 10123 10068
f 10068 10123 10121
f 10068 10121 10071
f 10071 10121 10119
f 10071 10119 10073
f 10073 10119 10117
f 10073 10117 10074
f 10074 10117 10115
f 10074 10115 10076
f 10076 10115 10113
f 10076 10113 10078
f 10078 10113 10109
f 10082 10111 10081
f 10081 10111 10110
f 10081 10110 10104
f 10104 10110 10114
f 10104 10114 10101
f 10101 10114 10116
f 10101 10116 10100
f 10100 10116 10118
f 10100 10118 10120
f 10120 10118 10117
f 10120 10117 10119
f 10111 10082 10134
f 10134 10082 10085
f 10134 10085 10132
f 10132 10085 10087
f 10132 10087 10107
f 10108 10086 10130
f 10108 10130 10129
f 10129 10130 10127
f 10086 10089 10130
f 10130 10089 10128
f 10130 10128 10127
f 10127 10128 10125
f 10089 10091 10128
f 10128 10091 10126
f 10128 10126 10125
f 10125 10126 10123
f 10091 10093 10126
f 10126 10093 10124
f 10126 10124 10123
f 10123 10124 10121
f 10093 10095 10124
f 10124 10095 10122
f 10124 10122 10121
f 10121 10122 10119
f 10095 10098 10122
f 10122 10098 10120
f 10122 10120 10119
f 10098 10100 10120
f 10132 10107 10106
f 10105 10108 10129
f 10109 10110 10112
f 10112 10110 10111
f 10112 10111 10133
f 10133 10111 10134
f 10133 10134 10131
f 10131 10134 10132
f 10131 10132 10106
f 10110 10109 10114
f 10114 10109 10113
f 10114 10113 10116
f 10116 10113 10115
f 10116 10115 10118
f 10118 10115 10117
f 10080 10103 10083
f 10083 10103 10084
f 10084 10103 10102
f 10084 10102 10088
f 10088 10102 10099
f 10088 10099 10090
f 10090 10099 10097
f 10090 10097 10092
f 10092 10097 10096
f 10092 10096 10094
f 10161 10136 10162
f 10162 10136 10138
f 10162 10138 10141
f 10143 10166 10141
f 10141 10166 10165
f 10141 10165 10162
f 10162 10165 10164
f 10162 10164 10163
f 10163 10164 10156
f 10163 10156 10159
f 10146 10147 10143
f 10143 10147 10166
f 10147 10149 10166
f 10166 10149 10167
f 10166 10167 10165
f 10165 10167 10164
f 10149 10151 10167
f 10167 10151 10164
f 10151 10153 10164
f 10164 10153 10156
f 10163 10159 10162
f 10162 10159 10161
f 10170 10171 10193
f 10193 10171 10195
f 10193 10195 10190
f 10190 10195 10197
f 10190 10197 10199
f 10199 10197 10196
f 10199 10196 10198
f 10198 10196 10180
f 10198 10180 10181
f 10171 10173 10195
f 10195 10173 10194
f 10195 10194 10197
f 10197 10194 10196
f 10173 10174 10194
f 10194 10174 10196
f 10174 10177 10196
f 10196 10177 10180
f 10198 10181 10199
f 10199 10181 10184
f 10199 10184 10186
f 10186 10188 10199
f 10199 10188 10190
f 10145 10187 10148
f 10148 10187 10183
f 10148 10183 10182
f 10148 10182 10150
f 10150 10182 10179
f 10150 10179 10152
f 10152 10179 10202
f 10152 10202 10155
f 10178 10200 10179
f 10179 10200 10202
f 10205 10206 10185
f 10185 10206 10189
f 10189 10206 10208
f 10189 10208 10191
f 10191 10208 10210
f 10191 10210 10192
f 10192 10210 10169
f 10169 10210 10212
f 10215 10216 10237
f 10237 10216 10239
f 10237 10239 10235
f 10235 10239 10241
f 10235 10241 10243
f 10243 10241 10240
f 10243 10240 10242
f 10242 10240 10224
f 10242 10224 10226
f 10216 10217 10239
f 10239 10217 10238
f 10239 10238 10241
f 10241 10238 10240
f 10217 10219 10238
f 10238 10219 10240
f 10219 10222 10240
f 10240 10222 10224
f 10242 10226 10243
f 10243 10226 10228
f 10243 10228 10231
f 10231 10234 10243
f 10243 10234 10235
f 10270 10244 10271
f 10271 10244 10247
f 10271 10247 10250
f 10252 10275 10250
f 10250 10275 10274
f 10250 10274 10271
f 10271 10274 10273
f 10271 10273 10272
f 10272 10273 10266
f 10272 10266 10268
f 10255 10256 10252
f 10252 10256 10275
f 10256 10258 10275
f 10275 10258 10276
f 10275 10276 10274
f 10274 10276 10273
f 10258 10260 10276
f 10276 10260 10273
f 10260 10262 10273
f 10273 10262 10266
f 10272 10268 10271
f 10271 10268 10270
f 10223 10263 10225
f 10225 10263 10261
f 10225 10261 10259
f 10225 10259 10227
f 10227 10259 10257
f 10227 10257 10229
f 10229 10257 10232
f 10232 10257 10254
f 10264 10176 10265
f 10265 10176 10175
f 10265 10175 10172
f 10265 10172 10267
f 10267 10172 10171
f 10267 10171 10269
f 10269 10171 10245
f 10245 10171 10168
f 10277 10279 10246
f 10246 10279 10248
f 10248 10279 10282
f 10248 10282 10249
f 10249 10282 10283
f 10249 10283 10251
f 10251 10283 10253
f 10253 10283 10285
f 10288 10290 10230
f 10230 10290 10233
f 10233 10290 10291
f 10233 10291 10235
f 10235 10291 10294
f 10235 10294 10236
f 10236 10294 10215
f 10215 10294 10296
f 10154 10221 10157
f 10157 10221 10220
f 10157 10220 10218
f 10157 10218 10158
f 10158 10218 10216
f 10158 10216 10160
f 10160 10216 10137
f 10137 10216 10214
f 10298 10300 10135
f 10135 10300 10139
f 10139 10300 10301
f 10139 10301 10140
f 10140 10301 10304
f 10140 10304 10142
f 10142 10304 10144
f 10144 10304 10305
f 10201 10177 10315
f 10315 10177 10262
f 10315 10262 10312
f 10312 10262 10311
f 10311 10262 10222
f 10311 10222 10309
f 10309 10222 10307
f 10307 10222 10153
f 10307 10153 10203
f 10205 10185 10305
f 10305 10185 10144
f 10135 10215 10298
f 10298 10215 10296
f 10211 10204 10213
f 10213 10204 10297
f 10213 10297 10295
f 10211 10209 10204
f 10204 10209 10207
f 10204 10306 10297
f 10297 10306 10299
f 10299 10306 10302
f 10302 10306 10303
f 10293 10287 10295
f 10295 10287 10286
f 10295 10286 10278
f 10278 10286 10280
f 10280 10286 10281
f 10281 10286 10284
f 10293 10292 10287
f 10287 10292 10289
f 10278 10213 10295
f 10320 10333 10318
f 10318 10333 10334
f 10318 10334 10344
f 10344 10334 10341
f 10341 10334 10336
f 10341 10336 10340
f 10333 10320 10330
f 10330 10320 10321
f 10330 10321 10327
f 10327 10321 10323
f 10327 10323 10325
f 10325 10323 10201
f 10325 10201 10315
f 10338 10345 10340
f 10340 10345 10347
f 10340 10347 10427
f 10427 10347 10350
f 10427 10350 10353
f 10354 10421 10353
f 10353 10421 10424
f 10353 10424 10427
f 10421 10354 10419
f 10419 10354 10357
f 10419 10357 10417
f 10417 10357 10358
f 10417 10358 10416
f 10416 10358 10361
f 10416 10361 10413
f 10413 10361 10362
f 10413 10362 10365
f 10413 10365 10412
f 10412 10365 10366
f 10412 10366 10368
f 10412 10368 10409
f 10409 10368 10370
f 10409 10370 10407
f 10407 10370 10373
f 10407 10373 10406
f 10406 10373 10403
f 10403 10373 10400
f 10400 10373 10375
f 10400 10375 10398
f 10398 10375 10397
f 10397 10375 10376
f 10397 10376 10394
f 10394 10376 10392
f 10392 10376 10378
f 10392 10378 10391
f 10391 10378 10380
f 10391 10380 10389
f 10389 10380 10382
f 10389 10382 10386
f 10386 10382 10385
f 10432 10441 10429
f 10429 10441 10443
f 10429 10443 10455
f 10455 10443 10445
f 10455 10445 10453
f 10453 10445 10447
f 10453 10447 10451
f 10451 10447 10450
f 10451 10450 10203
f 10203 10450 10307
f 10432 10433 10441
f 10441 10433 10439
f 10439 10433 10435
f 10203 10201 10452
f 10452 10201 10324
f 10452 10324 10322
f 10452 10322 10454
f 10454 10322 10319
f 10454 10319 10456
f 10456 10319 10430
f 10430 10319 10317
f 10314 10313 10326
f 10326 10313 10310
f 10326 10310 10309
f 10308 10449 10309
f 10309 10449 10448
f 10309 10448 10328
f 10328 10448 10329
f 10329 10448 10446
f 10329 10446 10442
f 10442 10458 10329
f 10329 10458 10459
f 10329 10459 10462
f 10462 10331 10329
f 10328 10326 10309
f 10253 10285 10230
f 10230 10285 10288
f 10212 10277 10169
f 10169 10277 10246
f 10332 10461 10335
f 10335 10461 10460
f 10335 10460 10337
f 10337 10460 10437
f 10337 10437 10463
f 10437 10460 10440
f 10440 10460 10457
f 10440 10457 10444
f 10337 10463 10346
f 10346 10463 10465
f 10346 10465 10348
f 10348 10465 10467
f 10348 10467 10349
f 10349 10467 10472
f 10349 10472 10351
f 10467 10470 10472
f 10438 10435 10464
f 10464 10435 10466
f 10466 10435 10474
f 10466 10474 10468
f 10468 10474 10469
f 10469 10474 10478
f 10469 10478 10480
f 10469 10480 10546
f 10546 10480 10481
f 10546 10481 10545
f 10545 10481 10483
f 10545 10483 10542
f 10542 10483 10485
f 10542 10485 10540
f 10540 10485 10487
f 10540 10487 10539
f 10539 10487 10536
f 10536 10487 10489
f 10536 10489 10535
f 10535 10489 10533
f 10533 10489 10492
f 10533 10492 10531
f 10531 10492 10494
f 10531 10494 10529
f 10529 10494 10496
f 10529 10496 10499
f 10499 10501 10529
f 10529 10501 10526
f 10526 10501 10503
f 10526 10503 10505
f 10526 10505 10525
f 10525 10505 10506
f 10525 10506 10508
f 10525 10508 10523
f 10523 10508 10510
f 10523 10510 10520
f 10520 10510 10512
f 10520 10512 10519
f 10519 10512 10514
f 10519 10514 10516
f 10428 10316 10431
f 10431 10316 10343
f 10431 10343 10434
f 10434 10343 10342
f 10434 10342 10436
f 10436 10342 10339
f 10436 10339 10476
f 10476 10339 10425
f 10352 10473 10355
f 10355 10473 10547
f 10355 10547 10544
f 10473 10471 10547
f 10355 10544 10356
f 10356 10544 10543
f 10356 10543 10359
f 10359 10543 10541
f 10359 10541 10360
f 10360 10541 10538
f 10360 10538 10363
f 10363 10538 10537
f 10363 10537 10364
f 10364 10537 10534
f 10364 10534 10367
f 10367 10534 10532
f 10367 10532 10369
f 10369 10532 10530
f 10369 10530 10371
f 10371 10530 10528
f 10371 10528 10372
f 10372 10528 10527
f 10372 10527 10374
f 10374 10527 10524
f 10374 10524 10377
f 10377 10524 10522
f 10377 10522 10379
f 10379 10522 10521
f 10379 10521 10381
f 10381 10521 10518
f 10381 10518 10383
f 10383 10518 10517
f 10383 10517 10384
f 10384 10517 10515
f 10384 10515 10387
f 10387 10515 10513
f 10387 10513 10388
f 10388 10513 10511
f 10388 10511 10390
f 10390 10511 10509
f 10390 10509 10393
f 10393 10509 10507
f 10393 10507 10395
f 10395 10507 10504
f 10395 10504 10396
f 10396 10504 10502
f 10396 10502 10399
f 10399 10502 10500
f 10399 10500 10401
f 10401 10500 10498
f 10401 10498 10402
f 10402 10498 10497
f 10402 10497 10404
f 10405 10495 10408
f 10408 10495 10493
f 10408 10493 10410
f 10410 10493 10491
f 10410 10491 10411
f 10411 10491 10490
f 10411 10490 10414
f 10414 10490 10488
f 10414 10488 10415
f 10415 10488 10486
f 10415 10486 10418
f 10418 10486 10484
f 10418 10484 10420
f 10420 10484 10482
f 10420 10482 10422
f 10422 10482 10479
f 10422 10479 10423
f 10423 10479 10477
f 10423 10477 10426
f 10426 10477 10475
