v -24.590919 54.365910 -12.316331
v -24.590919 54.365910 -12.316331
v -24.590919 54.365910 -12.316331
v -24.590919 54.365910 -12.316331
v -24.590919 54.365910 -12.316331
v -24.551441 54.342030 -11.856899
v -24.551441 54.342030 -11.856899
v -24.521746 54.319664 -11.528560
v -24.521746 54.319664 -11.528560
v -24.441792 54.238274 -10.801687
v -24.441792 54.238274 -10.801687
v -24.389975 54.128769 -10.429558
v -24.389975 54.128769 -10.429558
v -24.372028 54.055439 -10.327686
v -24.372028 54.055439 -10.327686
v -24.358448 53.965469 -10.264646
v -24.358448 53.965469 -10.264646
v -24.342003 53.722969 -10.208952
v -24.342003 53.722969 -10.208952
v -24.338163 53.354240 -10.185763
v -24.338163 53.354240 -10.185763
v -24.353550 52.726334 -10.179710
v -24.353550 52.726334 -10.179710
v -24.397032 51.685020 -10.190604
v -24.397032 51.685020 -10.190604
v -24.477480 50.076088 -10.218257
v -24.477480 50.076088 -10.218257
v -24.533882 49.010056 -10.238181
v -24.533882 49.010056 -10.238181
v -24.598246 47.739079 -10.260918
v -24.598246 47.739079 -10.260918
v -24.665739 46.237156 -10.284759
v -24.665739 46.237156 -10.284759
v -24.731514 44.478275 -10.307993
v -24.731514 44.478275 -10.307993
v -24.790724 42.436424 -10.328907
v -24.790724 42.436424 -10.328907
v -24.838522 40.085594 -10.345790
v -24.838522 40.085594 -10.345790
v -24.870066 37.399769 -10.356928
v -24.870066 37.399769 -10.356928
v -24.880505 34.352936 -10.360610
v -24.880505 34.352936 -10.360610
v -24.865797 30.926474 -10.355407
v -24.865797 30.926474 -10.355407
v -24.827202 27.150499 -10.341764
v -24.827202 27.150499 -10.341764
v -24.768126 23.074900 -10.320886
v -24.768126 23.074900 -10.320886
v -24.691984 18.749611 -10.293977
v -24.691984 18.749611 -10.293977
v -24.502151 9.549717 -10.226893
v -24.502151 9.549717 -10.226893
v -24.285011 -0.049680 -10.150162
v -24.285011 -0.049680 -10.150162
v -24.311802 -0.049680 -9.925293
v -24.274448 -0.049680 -9.686810
v -24.031549 -0.049680 -9.261285
v -23.616741 -0.049680 -9.024935
v -23.138323 -0.049680 -8.996202
v -22.716557 -0.049680 -9.160303
v -22.564501 -0.049680 -9.310045
v -22.471708 -0.049680 -9.502452
v -22.449354 -0.049680 -9.731793
v -22.493189 -0.049680 -9.976814
v -22.747007 -0.049680 -10.413350
v -22.747007 -0.049680 -10.413350
v -22.593609 9.549717 -10.553490
v -22.593609 9.549717 -10.553490
v -22.459503 18.749611 -10.676007
v -22.459503 18.749611 -10.676007
v -22.405714 23.074900 -10.725150
v -22.405714 23.074900 -10.725150
v -22.363985 27.150499 -10.763279
v -22.363985 27.150499 -10.763279
v -22.336725 30.926474 -10.788191
v -22.336725 30.926474 -10.788191
v -22.326344 34.352936 -10.797687
v -22.326344 34.352936 -10.797687
v -22.333729 37.399769 -10.790955
v -22.333729 37.399769 -10.790955
v -22.356024 40.085594 -10.770603
v -22.356024 40.085594 -10.770603
v -22.389805 42.436424 -10.739761
v -22.389805 42.436424 -10.739761
v -22.431646 44.478275 -10.701554
v -22.431646 44.478275 -10.701554
v -22.478127 46.237156 -10.659111
v -22.478127 46.237156 -10.659111
v -22.525820 47.739079 -10.615559
v -22.525820 47.739079 -10.615559
v -22.571302 49.010056 -10.574024
v -22.571302 49.010056 -10.574024
v -22.611156 50.076092 -10.537628
v -22.611156 50.076092 -10.537628
v -22.667803 51.685207 -10.485409
v -22.667803 51.685207 -10.485409
v -22.697355 52.727615 -10.455561
v -22.697355 52.727615 -10.455561
v -22.705208 53.358337 -10.441031
v -22.705208 53.358337 -10.441031
v -22.696754 53.732418 -10.434763
v -22.696754 53.732418 -10.434763
v -22.675596 53.982170 -10.447276
v -22.675596 53.982170 -10.447276
v -22.659222 54.074547 -10.484923
v -22.659222 54.074547 -10.484923
v -22.638069 54.148155 -10.560071
v -22.638069 54.148155 -10.560071
v -22.578621 54.247555 -10.878422
v -22.578621 54.247555 -10.878422
v -22.492079 54.295570 -11.556751
v -22.492079 54.295570 -11.556751
v -22.461321 54.301029 -11.872130
v -22.461321 54.301029 -11.872130
v -22.423925 54.301208 -12.321315
v -22.423925 54.301208 -12.321315
v -22.423925 54.301208 -12.321315
v -22.423925 54.301208 -12.321315
v -22.423925 54.301208 -12.321315
v -22.341431 54.346535 -11.723767
v -22.341431 54.346535 -11.723767
v -22.271437 54.383034 -11.253586
v -22.271437 54.383034 -11.253586
v -22.098076 54.468739 -10.206429
v -22.098076 54.468739 -10.206429
v -21.980280 54.531303 -9.515378
v -21.980280 54.531303 -9.515378
v -21.941130 54.619751 -8.694615
v -21.941130 54.619751 -8.694615
v -21.941130 54.619751 -8.694615
v -21.991480 54.638229 -8.553415
v -21.991480 54.638229 -8.553415
v -22.069162 54.654129 -8.444023
v -22.069162 54.654129 -8.444023
v -22.171038 54.667519 -8.364644
v -22.171038 54.667519 -8.364644
v -22.293959 54.678463 -8.313489
v -22.293959 54.678463 -8.313489
v -22.590387 54.693287 -8.288675
v -22.590387 54.693287 -8.288675
v -22.933317 54.699139 -8.355243
v -22.933317 54.699139 -8.355243
v -23.658157 54.686069 -8.705166
v -23.658157 54.686069 -8.705166
v -24.267437 54.643543 -9.248548
v -24.267437 54.643543 -9.248548
v -24.267437 54.643543 -9.248548
v -24.573578 54.579021 -9.904412
v -24.573578 54.579021 -9.904412
v -24.641392 54.527565 -10.448680
v -24.641392 54.527565 -10.448680
v -24.645908 54.448765 -11.338463
v -24.645908 54.448765 -11.338463
v -24.626316 54.412544 -11.762465
v -24.626316 54.412544 -11.762465
v -24.527475 9.473500 -10.090884
v -24.301445 54.584579 -9.329144
v -24.455597 9.473500 -9.554873
v -21.974321 54.572388 -8.830556
v -22.493572 9.473500 -10.435205
v -24.516636 9.473500 -10.159790
v -24.708179 18.606749 -10.215267
v -24.785360 22.905296 -10.237623
v -24.845644 26.960135 -10.255086
v -24.885649 30.722523 -10.266676
v -24.901995 34.143734 -10.271417
v -24.893118 37.191471 -10.268852
v -24.862825 39.882130 -10.260087
v -24.815916 42.241112 -10.246510
v -24.757187 44.293797 -10.229510
v -24.691439 46.065575 -10.210477
v -24.623468 47.581841 -10.190801
v -24.558077 48.867981 -10.171870
v -24.500059 49.949383 -10.155074
v -24.424753 51.413185 -10.133694
v -24.378820 52.430161 -10.123076
v -24.365925 53.100246 -10.064541
v -24.361532 53.522781 -10.077133
v -24.376122 53.894890 -10.119160
v -24.414131 54.126526 -10.260292
v -24.478428 54.272541 -10.804149
v -24.492849 54.285934 -10.667643
v -24.548288 54.344101 -11.294500
v -24.582703 54.374542 -11.523222
v -24.402573 54.121223 -10.334780
v -24.365921 53.892738 -10.179280
v -24.351952 53.521938 -10.135973
v -24.356482 53.099888 -10.123682
v -24.523613 9.473500 -9.824962
v -24.716337 18.606749 -9.823830
v -24.793995 22.905296 -9.823375
v -24.854650 26.960135 -9.823022
v -24.894901 30.722523 -9.822790
v -24.911348 34.143734 -9.822700
v -24.902416 37.191471 -9.822762
v -24.871937 39.882130 -9.822951
v -24.824738 42.241112 -9.823240
v -24.765648 44.293797 -9.823600
v -24.699493 46.065575 -9.824000
v -24.631105 47.581841 -9.824414
v -24.565310 48.867981 -9.824813
v -24.506935 49.949383 -9.825165
v -24.431196 51.413261 -9.826047
v -24.385166 52.430725 -9.829021
v -24.363182 53.101742 -9.836274
v -24.359575 53.526276 -9.849987
v -24.376122 53.903763 -9.887164
v -24.417006 54.147045 -9.977613
v -24.498600 54.332195 -10.183411
v -24.570127 54.437313 -10.325912
v -24.602942 54.481712 -10.374436
v -24.602324 54.404354 -11.209420
v -24.566048 54.367912 -11.055675
v -24.388384 52.430271 -10.062563
v -24.434721 51.413200 -10.070382
v -24.510742 49.949383 -10.087180
v -24.569313 48.867981 -10.100447
v -24.635332 47.581841 -10.115400
v -24.703953 46.065575 -10.130942
v -24.770330 44.293797 -10.145976
v -24.829620 42.241112 -10.159403
v -24.876980 39.882130 -10.170127
v -24.907562 37.191471 -10.177049
v -24.916525 34.143734 -10.179072
v -24.900021 30.722523 -10.175326
v -24.859634 26.960135 -10.166169
v -24.798773 22.905296 -10.152373
v -24.720852 18.606749 -10.134711
v -24.636820 18.606749 -9.508076
v -24.709845 22.905296 -9.489222
v -24.766880 26.960135 -9.474497
v -24.804729 30.722523 -9.464729
v -24.820196 34.143734 -9.460743
v -24.811798 37.191471 -9.462922
v -24.783136 39.882130 -9.470335
v -24.738754 42.241112 -9.481810
v -24.683191 44.293797 -9.496172
v -24.620985 46.065575 -9.512250
v -24.556679 47.581841 -9.528870
v -24.494810 48.867981 -9.544859
v -24.439919 49.949383 -9.559045
v -24.368721 51.413330 -9.577866
v -24.325586 52.431229 -9.591696
v -24.305302 53.103386 -9.604021
v -24.302654 53.530117 -9.618324
v -24.320135 53.913425 -9.649769
v -24.360851 54.167206 -9.701897
v -24.438370 54.370060 -9.784446
v -24.503380 54.485249 -9.833010
v -24.532400 54.532436 -9.848983
v -23.904732 9.473500 -8.921782
v -23.992821 18.606749 -8.767948
v -24.028316 22.905296 -8.705963
v -24.056042 26.960135 -8.657553
v -24.074440 30.722523 -8.625431
v -24.081961 34.143734 -8.612313
v -24.077881 37.191471 -8.619456
v -24.063953 39.882130 -8.643802
v -24.042385 42.241112 -8.681494
v -24.015381 44.293797 -8.728680
v -23.985147 46.065575 -8.781503
v -23.953894 47.581841 -8.836110
v -23.923824 48.867981 -8.888645
v -23.897146 49.949383 -8.935255
v -23.862530 51.413528 -8.995816
v -23.841476 52.432682 -9.033110
v -23.831381 53.108158 -9.052092
v -23.829639 53.541271 -9.057720
v -23.836916 53.941174 -9.051751
v -23.854200 54.218273 -9.031476
v -23.886578 54.445965 -8.987433
v -23.913157 54.570881 -8.949644
v -23.924870 54.620117 -8.932885
v -24.279245 54.535622 -9.332474
v -24.228647 54.413399 -9.336304
v -24.166307 54.194977 -9.328329
v -24.132215 53.928181 -9.310456
v -24.116861 53.536037 -9.292606
v -24.118416 53.105919 -9.280097
v -24.134289 52.431999 -9.262100
v -24.168547 51.413437 -9.233736
v -24.225254 49.949383 -9.190126
v -24.268988 48.867981 -9.156764
v -24.318279 47.581841 -9.119161
v -24.369514 46.065575 -9.080075
v -24.419075 44.293797 -9.042266
v -24.463343 42.241112 -9.008491
v -24.498703 39.882130 -8.981511
v -24.521536 37.191471 -8.964084
v -24.528227 34.143734 -8.958969
v -24.515903 30.722523 -8.968356
v -24.485746 26.960135 -8.991343
v -24.440302 22.905296 -9.025990
v -24.382120 18.606749 -9.070354
v -24.237732 9.473500 -9.180453
v -23.501064 9.473500 -8.795931
v -23.520905 18.606749 -8.620820
v -23.528898 22.905296 -8.550261
v -23.535145 26.960135 -8.495155
v -23.539291 30.722523 -8.458591
v -23.540989 34.143734 -8.443657
v -23.540075 37.191471 -8.451786
v -23.536943 39.882130 -8.479497
v -23.532091 42.241112 -8.522402
v -23.526016 44.293797 -8.576112
v -23.519213 46.065575 -8.636240
v -23.512180 47.581841 -8.698399
v -23.505413 48.867981 -8.758199
v -23.499409 49.949383 -8.811255
v -23.491537 51.413601 -8.879832
v -23.486279 52.433216 -8.920012
v -23.482634 53.109913 -8.935625
v -23.479599 53.545368 -8.930505
v -23.474306 53.951340 -8.893615
v -23.467167 54.236076 -8.825880
v -23.458412 54.469257 -8.719636
v -23.453348 54.594315 -8.642994
v -23.451515 54.642803 -8.611304
v -22.693468 9.473500 -8.916895
v -22.576769 18.606749 -8.762236
v -22.529745 22.905296 -8.699918
v -22.493019 26.960135 -8.651247
v -22.468653 30.722523 -8.618954
v -22.458700 34.143734 -8.605765
v -22.464117 37.191471 -8.612947
v -22.482586 39.882130 -8.637422
v -22.511179 42.241112 -8.675317
v -22.546972 44.293797 -8.722755
v -22.587044 46.065575 -8.775863
v -22.628469 47.581841 -8.830763
v -22.668322 48.867981 -8.883580
v -22.703680 49.949383 -8.930440
v -22.749290 51.413662 -8.990291
v -22.775478 52.433678 -9.021195
v -22.784328 53.111427 -9.022888
v -22.777925 53.548908 -8.995101
v -22.745436 53.960049 -8.901730
v -22.686354 54.249752 -8.750533
v -22.591393 54.481045 -8.538659
v -22.520882 54.598873 -8.398842
v -22.491232 54.643116 -8.343616
v -22.950556 54.651020 -8.402188
v -22.966883 54.604221 -8.447610
v -23.006037 54.481533 -8.560721
v -23.059704 54.247021 -8.727058
v -23.093946 53.957893 -8.841729
v -23.113449 53.548019 -8.909979
v -23.118248 53.111050 -8.927109
v -23.115377 52.433563 -8.917750
v -23.104229 51.413647 -8.879958
v -23.084194 49.949383 -8.811788
v -23.068615 48.867981 -8.758759
v -23.051054 47.581841 -8.698991
v -23.032803 46.065575 -8.636865
v -23.015146 44.293797 -8.576768
v -22.999372 42.241112 -8.523087
v -22.986773 39.882130 -8.480205
v -22.978634 37.191471 -8.452508
v -22.976244 34.143734 -8.444383
v -22.980625 30.722523 -8.459308
v -22.991358 26.960135 -8.495853
v -23.007536 22.905296 -8.550932
v -23.028248 18.606749 -8.621453
v -23.079657 9.473500 -8.796473
v -22.395460 9.473500 -9.150688
v -22.228376 18.606749 -9.035556
v -22.161051 22.905296 -8.989165
v -22.108469 26.960135 -8.952935
v -22.073578 30.722523 -8.928896
v -22.059328 34.143734 -8.919080
v -22.067081 37.191471 -8.924428
v -22.093519 39.882130 -8.942651
v -22.134455 42.241112 -8.970863
v -22.185699 44.293797 -9.006182
v -22.243069 46.065575 -9.045719
v -22.302374 47.581841 -9.086591
v -22.359430 48.867981 -9.125912
v -22.410051 49.949383 -9.160798
v -22.475410 51.413643 -9.204928
v -22.513288 52.433525 -9.225219
v -22.526976 53.110920 -9.219307
v -22.519762 53.547718 -9.184829
v -22.478367 53.957031 -9.079250
v -22.401653 54.242905 -8.911827
v -22.276417 54.466045 -8.681417
v -22.182467 54.576557 -8.532036
v -22.142780 54.617455 -8.473668
v -22.238516 9.473500 -9.491265
v -22.044897 18.606749 -9.433715
v -21.966879 22.905296 -9.410527
v -21.905947 26.960135 -9.392419
v -21.865515 30.722523 -9.380404
v -21.849001 34.143734 -9.375502
v -21.857985 37.191471 -9.378179
v -21.888620 39.882130 -9.387294
v -21.936054 42.241112 -9.401402
v -21.995436 44.293797 -9.419062
v -22.061914 46.065575 -9.438831
v -22.130636 47.581841 -9.459268
v -22.196753 48.867981 -9.478929
v -22.255413 49.949383 -9.496372
v -22.331205 51.413578 -9.517900
v -22.375444 52.433056 -9.524626
v -22.392223 53.109383 -9.512643
v -22.385632 53.544132 -9.478045
v -22.342266 53.948059 -9.379835
v -22.260063 54.225121 -9.226383
v -22.122946 54.434788 -9.016990
v -22.018642 54.535545 -8.882647
v -22.253696 9.473500 -9.910078
v -22.062645 18.606749 -9.923337
v -21.985661 22.905296 -9.928680
v -21.925537 26.960135 -9.932857
v -21.885641 30.722523 -9.935630
v -21.869345 34.143734 -9.936769
v -21.878210 37.191471 -9.936162
v -21.908440 39.882130 -9.934075
v -21.955246 42.241112 -9.930840
v -22.013840 44.293797 -9.926786
v -22.079437 46.065575 -9.922247
v -22.147249 47.581841 -9.917554
v -22.212488 48.867981 -9.913038
v -22.270370 49.949383 -9.909031
v -22.345224 51.413475 -9.902995
v -22.389292 52.432289 -9.894511
v -22.406944 53.106873 -9.878946
v -22.402546 53.538265 -9.851670
v -22.365229 53.933372 -9.782486
v -22.291607 54.196247 -9.686703
v -22.163591 54.385128 -9.581754
v -22.062651 54.472523 -9.516788
v -22.018980 54.504333 -9.489956
v -22.345860 9.473500 -10.185198
v -22.170387 18.606749 -10.244971
v -22.099684 22.905296 -10.269058
v -22.044462 26.960135 -10.287872
v -22.007820 30.722523 -10.300360
v -21.992853 34.143734 -10.305467
v -22.000998 37.191471 -10.302703
v -22.028761 39.882130 -10.293259
v -22.071751 42.241112 -10.278629
v -22.125566 44.293797 -10.260312
v -22.185814 46.065575 -10.239804
v -22.248096 47.581841 -10.218603
v -22.308016 48.867981 -10.198206
v -22.361177 49.949383 -10.180108
v -22.429972 51.413395 -10.156040
v -22.470728 52.431705 -10.138032
v -22.487682 53.104950 -10.121350
v -22.485071 53.533772 -10.101258
v -22.454491 53.922089 -10.058267
v -22.391556 54.172993 -10.032217
v -22.276810 54.341915 -10.092357
v -22.181139 54.416458 -10.145613
v -22.138290 54.443859 -10.159715
v -22.387798 54.331936 -11.503607
v -22.425076 54.319103 -11.292262
v -22.502174 54.277054 -10.847369
v -22.542387 54.148438 -10.374644
v -22.592190 53.910728 -10.314709
v -22.657938 53.528111 -10.385903
v -22.615175 53.529270 -10.330110
v -22.658567 53.102528 -10.396281
v -22.644051 52.430965 -10.413393
v -22.610720 51.413296 -10.441840
v -22.554913 49.949383 -10.486222
v -22.511822 48.867981 -10.520231
v -22.463253 47.581841 -10.558563
v -22.412767 46.065575 -10.598406
v -22.363934 44.293797 -10.636946
v -22.320311 42.241112 -10.671371
v -22.285465 39.882130 -10.698866
v -22.262959 37.191471 -10.716619
v -22.256357 34.143734 -10.721819
v -22.268488 30.722523 -10.712231
v -22.298187 26.960135 -10.688773
v -22.342945 22.905296 -10.653428
v -22.400255 18.606749 -10.608176
v -22.542482 9.473500 -10.495876
v -22.591009 54.141956 -10.461073
v -22.637007 53.907803 -10.377664
v -22.321606 54.361233 -11.149803
v -22.362803 54.342674 -11.018172
v -22.447012 54.291290 -10.685876
v -22.616161 53.103024 -10.342503
v -22.600967 52.431118 -10.359591
v -22.565763 51.413315 -10.386024
v -22.506721 49.949383 -10.426442
v -22.461124 48.867981 -10.457344
v -22.409733 47.581841 -10.492173
v -22.356314 46.065575 -10.528376
v -22.304640 44.293797 -10.563395
v -22.258482 42.241112 -10.594673
v -22.221611 39.882130 -10.619657
v -22.197796 37.191471 -10.635787
v -22.190811 34.143734 -10.640511
v -22.203648 30.722523 -10.631798
v -22.235073 26.960135 -10.610483
v -22.282434 22.905296 -10.578366
v -22.343075 18.606749 -10.537247
v -24.476835 54.277519 -12.893968
v -24.476835 54.277519 -12.893968
v -24.364349 54.220062 -13.258233
v -24.364349 54.220062 -13.258233
v -23.997042 54.127327 -13.817651
v -23.997042 54.127327 -13.817651
v -23.797392 54.105400 -13.953290
v -23.797392 54.105400 -13.953290
v -23.591625 54.096867 -14.009124
v -23.591625 54.096867 -14.009124
v -23.382526 54.100185 -13.989267
v -23.382526 54.100185 -13.989267
v -23.171923 54.115631 -13.884031
v -23.171923 54.115631 -13.884031
v -22.751549 54.186836 -13.343784
v -22.751549 54.186836 -13.343784
v -22.599728 54.231800 -12.955356
v -22.599728 54.231800 -12.955356
v -22.939796 -0.049680 -10.559261
v -23.160450 -0.049680 -10.648324
v -23.629314 -0.049680 -10.667422
v -24.041527 -0.049680 -10.493688
v -24.191364 -0.049680 -10.341708
v -24.307285 52.861095 -10.287264
v -22.803770 53.318592 -10.531253
v -22.615442 54.247417 -12.408064
v -22.762995 54.206558 -12.792933
v -22.858234 54.185890 -12.971791
v -23.140804 54.142689 -13.300640
v -23.467346 54.120415 -13.449691
v -23.786449 54.125305 -13.407103
v -23.795511 54.141277 -12.925496
v -24.089071 54.159782 -13.180098
v -24.362694 54.231564 -12.702508
v -24.464083 54.279869 -12.341801
v -22.633293 54.253078 -12.002239
v -22.777721 54.217510 -12.350061
v -22.872492 54.198574 -12.519936
v -23.154758 54.158627 -12.830449
v -23.479815 54.137569 -12.968713
v -24.091948 54.171535 -12.708732
v -24.354191 54.234119 -12.256281
v -24.448067 54.273689 -11.930196
v -22.685139 54.237411 -11.277372
v -22.817265 54.214870 -11.505401
v -22.907768 54.201851 -11.629725
v -23.183691 54.172447 -11.883018
v -23.502876 54.155621 -11.992065
v -23.809465 54.156326 -11.948266
v -24.089478 54.174854 -11.759476
v -24.322912 54.212597 -11.398018
v -24.400261 54.234550 -11.183507
v -22.723251 54.195015 -10.901625
v -22.847506 54.179821 -11.064617
v -22.933670 54.170849 -11.156344
v -23.200638 54.149899 -11.349371
v -23.513561 54.136936 -11.429893
v -23.813107 54.135601 -11.385859
v -24.081448 54.145905 -11.225548
v -24.297033 54.168343 -10.939974
v -24.365879 54.181435 -10.783152
v -22.752663 54.124207 -10.688264
v -22.871141 54.114040 -10.810396
v -22.953709 54.108025 -10.878816
v -23.212070 54.093758 -11.022196
v -23.518778 54.084221 -11.079187
v -23.812273 54.081848 -11.034260
v -24.071930 54.086712 -10.895884
v -24.275663 54.099319 -10.666210
v -24.339540 54.107071 -10.543005
v -22.791416 53.842663 -10.534976
v -22.901855 53.838814 -10.618283
v -22.979399 53.836533 -10.664326
v -23.224934 53.831005 -10.758424
v -23.520664 53.826912 -10.788795
v -23.804575 53.825169 -10.739594
v -24.053858 53.825844 -10.617767
v -24.245754 53.829239 -10.430857
v -24.304781 53.831604 -10.332728
v -22.911324 53.317436 -10.604710
v -22.987141 53.316753 -10.644988
v -23.228350 53.315090 -10.725433
v -23.520391 53.313858 -10.746171
v -23.801687 53.313328 -10.693143
v -24.048958 53.313522 -10.571820
v -24.238941 53.314529 -10.387873
v -24.297064 53.315235 -10.291275
v -22.784754 52.191879 -10.559075
v -22.895597 52.191727 -10.631763
v -22.973854 52.191635 -10.671478
v -23.223280 52.191418 -10.749964
v -23.525875 52.191257 -10.767806
v -23.817703 52.191185 -10.711089
v -24.074356 52.191212 -10.584923
v -24.271418 52.191345 -10.394441
v -24.331583 52.191437 -10.294391
v -24.248611 52.860794 -10.384815
v -24.056566 52.860363 -10.570552
v -23.806507 52.860279 -10.693398
v -23.522127 52.860508 -10.748102
v -23.227129 52.861034 -10.729495
v -22.983799 52.861748 -10.651362
v -22.907408 52.862041 -10.611973
v -22.799149 52.862537 -10.539971
v -22.758629 51.242275 -10.591427
v -22.874275 51.242252 -10.666864
v -22.955938 51.242241 -10.708063
v -23.216280 51.242210 -10.789364
v -23.532198 51.242188 -10.807512
v -23.836926 51.242180 -10.748065
v -24.104935 51.242184 -10.616283
v -24.310703 51.242199 -10.417429
v -24.373510 51.242214 -10.312979
v -22.718817 49.949383 -10.639888
v -22.841822 49.949383 -10.720061
v -22.928682 49.949383 -10.763843
v -23.205608 49.949383 -10.850222
v -23.541660 49.949383 -10.869451
v -23.865818 49.949383 -10.806176
v -24.150921 49.949383 -10.665985
v -24.369808 49.949383 -10.454459
v -24.436617 49.949383 -10.343352
v -22.684244 48.867981 -10.681884
v -22.813644 48.867981 -10.766225
v -22.905020 48.867981 -10.812283
v -23.196341 48.867981 -10.903152
v -23.549860 48.867981 -10.923379
v -23.890867 48.867981 -10.856816
v -24.190790 48.867981 -10.709338
v -24.421055 48.867981 -10.486817
v -24.491337 48.867981 -10.369935
v -22.645279 47.581841 -10.729219
v -22.781883 47.581841 -10.818257
v -22.878349 47.581841 -10.866879
v -23.185894 47.581841 -10.962810
v -23.559103 47.581841 -10.984164
v -23.919102 47.581841 -10.913894
v -24.235727 47.581841 -10.758202
v -24.478817 47.581841 -10.523289
v -24.553011 47.581841 -10.399897
v -22.604776 46.065575 -10.778419
v -22.748873 46.065575 -10.872339
v -22.850626 46.065575 -10.923629
v -23.175035 46.065575 -11.024818
v -23.568708 46.065575 -11.047344
v -23.948448 46.065575 -10.973221
v -24.282434 46.065575 -10.808991
v -24.538855 46.065575 -10.561196
v -24.617117 46.065575 -10.431039
v -22.565596 44.293797 -10.826012
v -22.716938 44.293797 -10.924655
v -22.823809 44.293797 -10.978522
v -23.164530 44.293797 -11.084801
v -23.578001 44.293797 -11.108459
v -23.976835 44.293797 -11.030609
v -24.327616 44.293797 -10.858121
v -24.596930 44.293797 -10.597866
v -24.679129 44.293797 -10.461163
v -22.530598 42.241112 -10.868522
v -22.688412 42.241112 -10.971383
v -22.799854 42.241112 -11.027555
v -23.155148 42.241112 -11.138378
v -23.586300 42.241112 -11.163048
v -24.002190 42.241112 -11.081869
v -24.367973 42.241112 -10.902004
v -24.648804 42.241112 -10.630619
v -24.734520 42.241112 -10.488070
v -22.502640 39.882130 -10.902476
v -22.665625 39.882130 -11.008707
v -22.780718 39.882130 -11.066719
v -23.147650 39.882130 -11.181173
v -23.592928 39.882130 -11.206651
v -24.022442 39.882130 -11.122812
v -24.400209 39.882130 -10.937056
v -24.690239 39.882130 -10.656779
v -24.778763 39.882130 -10.509560
v -22.484583 37.191471 -10.924401
v -22.650908 37.191471 -11.032808
v -22.768356 37.191471 -11.092009
v -23.142807 37.191471 -11.208807
v -23.597206 37.191471 -11.234807
v -24.035521 37.191471 -11.149251
v -24.421024 37.191471 -10.959688
v -24.716997 37.191471 -10.673671
v -24.807333 37.191471 -10.523436
v -22.479286 34.143734 -10.930822
v -22.646589 34.143734 -11.039868
v -22.764730 34.143734 -11.099417
v -23.141382 34.143734 -11.216903
v -23.598455 34.143734 -11.243055
v -24.039351 34.143734 -11.156996
v -24.427124 34.143734 -10.966318
v -24.724838 34.143734 -10.678617
v -24.815704 34.143734 -10.527498
v -22.489017 30.722523 -10.918985
v -22.654518 30.722523 -11.026856
v -22.771387 30.722523 -11.085765
v -23.143988 30.722523 -11.201985
v -23.596140 30.722523 -11.227857
v -24.032288 30.722523 -11.142723
v -24.415888 30.722523 -10.954098
v -24.710398 30.722523 -10.669494
v -24.800287 30.722523 -10.520001
v -22.512842 26.960135 -10.890021
v -22.673937 26.960135 -10.995020
v -22.787693 26.960135 -11.052360
v -23.150368 26.960135 -11.165485
v -23.590479 26.960135 -11.190667
v -24.015011 26.960135 -11.107801
v -24.388395 26.960135 -10.924199
v -24.675060 26.960135 -10.647175
v -24.762556 26.960135 -10.501664
v -22.548750 22.905296 -10.846377
v -22.703201 22.905296 -10.947047
v -22.812267 22.905296 -11.002022
v -23.159988 22.905296 -11.110483
v -23.581951 22.905296 -11.134626
v -23.988979 22.905296 -11.055178
v -24.346966 22.905296 -10.879147
v -24.621811 22.905296 -10.613545
v -24.705700 22.905296 -10.474034
v -22.594727 18.606749 -10.790501
v -22.740673 18.606749 -10.885627
v -22.843733 18.606749 -10.937574
v -23.172308 18.606749 -11.040063
v -23.571035 18.606749 -11.062878
v -23.955648 18.606749 -10.987803
v -24.293924 18.606749 -10.821465
v -24.553635 18.606749 -10.570489
v -24.632904 18.606749 -10.438661
v -22.708830 9.473500 -10.651833
v -22.833670 9.473500 -10.733202
v -22.921825 9.473500 -10.777637
v -23.202881 9.473500 -10.865304
v -23.543945 9.473500 -10.884819
v -23.872936 9.473500 -10.820601
v -24.162291 9.473500 -10.678319
v -24.384441 9.473500 -10.463639
v -24.452246 9.473500 -10.350876
v 24.590919 54.365910 -12.316331
v 24.590919 54.365910 -12.316331
v 24.590919 54.365910 -12.316331
v 24.590919 54.365910 -12.316331
v 24.590919 54.365910 -12.316331
v 24.626337 54.412560 -11.762538
v 24.626337 54.412560 -11.762538
v 24.645924 54.448776 -11.338511
v 24.645924 54.448776 -11.338511
v 24.641392 54.527565 -10.448680
v 24.641392 54.527565 -10.448680
v 24.573578 54.579021 -9.904412
v 24.573578 54.579021 -9.904412
v 24.267437 54.643543 -9.248548
v 24.267437 54.643543 -9.248548
v 24.267437 54.643543 -9.248548
v 23.658157 54.686069 -8.705166
v 23.658157 54.686069 -8.705166
v 22.933317 54.699139 -8.355243
v 22.933317 54.699139 -8.355243
v 22.590387 54.693287 -8.288675
v 22.590387 54.693287 -8.288675
v 22.293959 54.678463 -8.313489
v 22.293959 54.678463 -8.313489
v 22.171038 54.667519 -8.364644
v 22.171038 54.667519 -8.364644
v 22.069162 54.654129 -8.444023
v 22.069162 54.654129 -8.444023
v 21.991480 54.638229 -8.553415
v 21.991480 54.638229 -8.553415
v 21.941130 54.619751 -8.694615
v 21.941130 54.619751 -8.694615
v 21.941130 54.619751 -8.694615
v 21.980280 54.531303 -9.515378
v 21.980280 54.531303 -9.515378
v 22.098076 54.468739 -10.206429
v 22.098076 54.468739 -10.206429
v 22.271452 54.383030 -11.253541
v 22.271452 54.383030 -11.253541
v 22.341452 54.346527 -11.723701
v 22.341452 54.346527 -11.723701
v 22.423925 54.301208 -12.321315
v 22.423925 54.301208 -12.321315
v 22.423925 54.301208 -12.321315
v 22.423925 54.301208 -12.321315
v 22.423925 54.301208 -12.321315
v 22.461367 54.301018 -11.872284
v 22.461367 54.301018 -11.872284
v 22.492117 54.295563 -11.556872
v 22.492117 54.295563 -11.556872
v 22.578621 54.247555 -10.878422
v 22.578621 54.247555 -10.878422
v 22.638069 54.148155 -10.560071
v 22.638069 54.148155 -10.560071
v 22.659222 54.074547 -10.484923
v 22.659222 54.074547 -10.484923
v 22.675596 53.982170 -10.447276
v 22.675596 53.982170 -10.447276
v 22.696754 53.732418 -10.434763
v 22.696754 53.732418 -10.434763
v 22.705208 53.358337 -10.441031
v 22.705208 53.358337 -10.441031
v 22.697355 52.727615 -10.455561
v 22.697355 52.727615 -10.455561
v 22.667803 51.685207 -10.485409
v 22.667803 51.685207 -10.485409
v 22.611156 50.076092 -10.537628
v 22.611156 50.076092 -10.537628
v 22.571302 49.010056 -10.574024
v 22.571302 49.010056 -10.574024
v 22.525820 47.739079 -10.615559
v 22.525820 47.739079 -10.615559
v 22.478127 46.237156 -10.659111
v 22.478127 46.237156 -10.659111
v 22.431646 44.478275 -10.701554
v 22.431646 44.478275 -10.701554
v 22.389805 42.436424 -10.739761
v 22.389805 42.436424 -10.739761
v 22.356024 40.085594 -10.770603
v 22.356024 40.085594 -10.770603
v 22.333729 37.399769 -10.790955
v 22.333729 37.399769 -10.790955
v 22.326344 34.352936 -10.797687
v 22.326344 34.352936 -10.797687
v 22.336725 30.926474 -10.788191
v 22.336725 30.926474 -10.788191
v 22.363985 27.150499 -10.763279
v 22.363985 27.150499 -10.763279
v 22.405714 23.074900 -10.725150
v 22.405714 23.074900 -10.725150
v 22.459503 18.749611 -10.676007
v 22.459503 18.749611 -10.676007
v 22.593609 9.549717 -10.553490
v 22.593609 9.549717 -10.553490
v 22.747007 -0.049680 -10.413350
v 22.747007 -0.049680 -10.413350
v 22.493189 -0.049680 -9.976814
v 22.449354 -0.049680 -9.731793
v 22.471708 -0.049680 -9.502452
v 22.564501 -0.049680 -9.310045
v 22.716557 -0.049680 -9.160303
v 23.138323 -0.049680 -8.996202
v 23.616741 -0.049680 -9.024935
v 24.031549 -0.049680 -9.261285
v 24.274448 -0.049680 -9.686810
v 24.311802 -0.049680 -9.925293
v 24.285011 -0.049680 -10.150162
v 24.285011 -0.049680 -10.150162
v 24.502151 9.549717 -10.226893
v 24.502151 9.549717 -10.226893
v 24.691984 18.749611 -10.293977
v 24.691984 18.749611 -10.293977
v 24.768126 23.074900 -10.320886
v 24.768126 23.074900 -10.320886
v 24.827202 27.150499 -10.341764
v 24.827202 27.150499 -10.341764
v 24.865797 30.926474 -10.355407
v 24.865797 30.926474 -10.355407
v 24.880505 34.352936 -10.360610
v 24.880505 34.352936 -10.360610
v 24.870066 37.399769 -10.356928
v 24.870066 37.399769 -10.356928
v 24.838522 40.085594 -10.345790
v 24.838522 40.085594 -10.345790
v 24.790724 42.436424 -10.328907
v 24.790724 42.436424 -10.328907
v 24.731514 44.478275 -10.307993
v 24.731514 44.478275 -10.307993
v 24.665739 46.237156 -10.284759
v 24.665739 46.237156 -10.284759
v 24.598246 47.739079 -10.260918
v 24.598246 47.739079 -10.260918
v 24.533882 49.010056 -10.238181
v 24.533882 49.010056 -10.238181
v 24.477480 50.076088 -10.218257
v 24.477480 50.076088 -10.218257
v 24.397032 51.685020 -10.190604
v 24.397032 51.685020 -10.190604
v 24.353550 52.726334 -10.179710
v 24.353550 52.726334 -10.179710
v 24.338163 53.354240 -10.185763
v 24.338163 53.354240 -10.185763
v 24.342003 53.722969 -10.208952
v 24.342003 53.722969 -10.208952
v 24.358448 53.965469 -10.264646
v 24.358448 53.965469 -10.264646
v 24.372028 54.055439 -10.327686
v 24.372028 54.055439 -10.327686
v 24.389975 54.128769 -10.429558
v 24.389975 54.128769 -10.429558
v 24.441792 54.238274 -10.801687
v 24.441792 54.238274 -10.801687
v 24.521763 54.319672 -11.528446
v 24.521763 54.319672 -11.528446
v 24.551464 54.342037 -11.856755
v 24.551464 54.342037 -11.856755
v 22.387775 54.331944 -11.503653
v 22.321577 54.361244 -11.149683
v 22.138290 54.443859 -10.159715
v 22.018980 54.504333 -9.489956
v 21.974321 54.572388 -8.830556
v 22.182467 54.576557 -8.532036
v 22.491232 54.643116 -8.343616
v 22.520882 54.598873 -8.398842
v 22.950556 54.651020 -8.402188
v 23.451515 54.642803 -8.611304
v 23.924870 54.620117 -8.932885
v 23.913157 54.570881 -8.949644
v 24.301445 54.584579 -9.329144
v 24.532400 54.532436 -9.848983
v 24.602942 54.481712 -10.374436
v 24.602285 54.404335 -11.209551
v 24.582664 54.374519 -11.523183
v 22.142780 54.617455 -8.473668
v 22.425035 54.319111 -11.292439
v 22.362776 54.342682 -11.018192
v 22.181139 54.416458 -10.145613
v 22.062651 54.472523 -9.516788
v 22.018642 54.535545 -8.882647
v 22.966883 54.604221 -8.447610
v 23.453348 54.594315 -8.642994
v 24.279245 54.535622 -9.332474
v 24.503380 54.485249 -9.833010
v 24.570127 54.437313 -10.325912
v 24.566015 54.367893 -11.055658
v 24.548239 54.344070 -11.294325
v 22.502174 54.277054 -10.847369
v 22.447012 54.291290 -10.685876
v 22.276810 54.341915 -10.092357
v 22.163591 54.385128 -9.581754
v 22.122946 54.434788 -9.016990
v 22.276417 54.466045 -8.681417
v 22.591393 54.481045 -8.538659
v 23.006037 54.481533 -8.560721
v 23.458412 54.469257 -8.719636
v 23.886578 54.445965 -8.987433
v 24.228647 54.413399 -9.336304
v 24.438370 54.370060 -9.784446
v 24.498600 54.332195 -10.183411
v 24.492849 54.285934 -10.667643
v 24.478428 54.272541 -10.804149
v 22.552767 54.221439 -10.601214
v 22.501322 54.231010 -10.488097
v 22.341427 54.266575 -10.050470
v 22.234758 54.298973 -9.634140
v 22.198423 54.337601 -9.126698
v 22.345037 54.361565 -8.802417
v 22.643251 54.371838 -8.650455
v 23.035187 54.370022 -8.649257
v 23.462873 54.357731 -8.777225
v 23.868345 54.336563 -9.012769
v 24.193678 54.308125 -9.334359
v 24.394495 54.272491 -9.740449
v 24.451910 54.244129 -10.066762
v 24.447306 54.212936 -10.421416
v 24.434547 54.204525 -10.516595
v 22.591009 54.141956 -10.461073
v 22.542387 54.148438 -10.374644
v 22.391556 54.172993 -10.032217
v 22.291607 54.196247 -9.686703
v 22.260063 54.225121 -9.226383
v 22.401653 54.242905 -8.911827
v 22.686354 54.249752 -8.750533
v 23.059704 54.247021 -8.727058
v 23.467167 54.236076 -8.825880
v 23.854200 54.218273 -9.031476
v 24.166307 54.194977 -9.328329
v 24.360851 54.167206 -9.701897
v 24.417006 54.147045 -9.977613
v 24.414131 54.126526 -10.260292
v 24.402573 54.121223 -10.334780
v 22.637007 53.907803 -10.377664
v 22.592190 53.910728 -10.314709
v 22.454491 53.922089 -10.058267
v 22.365229 53.933372 -9.782486
v 22.342266 53.948059 -9.379835
v 22.478367 53.957031 -9.079250
v 22.745436 53.960049 -8.901730
v 23.093946 53.957893 -8.841729
v 23.474306 53.951340 -8.893615
v 23.836916 53.941174 -9.051751
v 24.132215 53.928181 -9.310456
v 24.320135 53.913425 -9.649769
v 24.376122 53.903763 -9.887164
v 24.376122 53.894890 -10.119160
v 24.365921 53.892738 -10.179280
v 22.657938 53.528111 -10.385903
v 22.615175 53.529270 -10.330110
v 22.485071 53.533772 -10.101258
v 22.402546 53.538265 -9.851670
v 22.385632 53.544132 -9.478045
v 22.519762 53.547718 -9.184829
v 22.777925 53.548908 -8.995101
v 23.113449 53.548019 -8.909979
v 23.479599 53.545368 -8.930505
v 23.829639 53.541271 -9.057720
v 24.116861 53.536037 -9.292606
v 24.302654 53.530117 -9.618324
v 24.359575 53.526276 -9.849987
v 24.361532 53.522781 -10.077133
v 24.351952 53.521938 -10.135973
v 22.658567 53.102528 -10.396281
v 22.616161 53.103024 -10.342503
v 22.487682 53.104950 -10.121350
v 22.406944 53.106873 -9.878946
v 22.392223 53.109383 -9.512643
v 22.526976 53.110920 -9.219307
v 22.784328 53.111427 -9.022888
v 23.118248 53.111050 -8.927109
v 23.482634 53.109913 -8.935625
v 23.831381 53.108158 -9.052092
v 24.118416 53.105919 -9.280097
v 24.305302 53.103386 -9.604021
v 24.363182 53.101742 -9.836274
v 24.365925 53.100246 -10.064541
v 24.356482 53.099888 -10.123682
v 22.644051 52.430965 -10.413393
v 22.600967 52.431118 -10.359591
v 22.470728 52.431705 -10.138032
v 22.389292 52.432289 -9.894511
v 22.375444 52.433056 -9.524626
v 22.513288 52.433525 -9.225219
v 22.775478 52.433678 -9.021195
v 23.115377 52.433563 -8.917750
v 23.486279 52.433216 -8.920012
v 23.841476 52.432682 -9.033110
v 24.134289 52.431999 -9.262100
v 24.325586 52.431229 -9.591696
v 24.385166 52.430725 -9.829021
v 24.388384 52.430271 -10.062563
v 24.378820 52.430161 -10.123076
v 22.610720 51.413296 -10.441840
v 22.565763 51.413315 -10.386024
v 22.429972 51.413395 -10.156040
v 22.345224 51.413475 -9.902995
v 22.331205 51.413578 -9.517900
v 22.475410 51.413643 -9.204928
v 22.749290 51.413662 -8.990291
v 23.104229 51.413647 -8.879958
v 23.491537 51.413601 -8.879832
v 23.862530 51.413528 -8.995816
v 24.168547 51.413437 -9.233736
v 24.368721 51.413330 -9.577866
v 24.431196 51.413261 -9.826047
v 24.434721 51.413200 -10.070382
v 24.424753 51.413185 -10.133694
v 22.554913 49.949383 -10.486222
v 22.506721 49.949383 -10.426442
v 22.361177 49.949383 -10.180108
v 22.270370 49.949383 -9.909031
v 22.255413 49.949383 -9.496372
v 22.410051 49.949383 -9.160798
v 22.703680 49.949383 -8.930440
v 23.084194 49.949383 -8.811788
v 23.499409 49.949383 -8.811255
v 23.897146 49.949383 -8.935255
v 24.225254 49.949383 -9.190126
v 24.439919 49.949383 -9.559045
v 24.506935 49.949383 -9.825165
v 24.510742 49.949383 -10.087180
v 24.500059 49.949383 -10.155074
v 22.511822 48.867981 -10.520231
v 22.461124 48.867981 -10.457344
v 22.308016 48.867981 -10.198206
v 22.212488 48.867981 -9.913038
v 22.196753 48.867981 -9.478929
v 22.359430 48.867981 -9.125912
v 22.668322 48.867981 -8.883580
v 23.068615 48.867981 -8.758759
v 23.505413 48.867981 -8.758199
v 23.923824 48.867981 -8.888645
v 24.268988 48.867981 -9.156764
v 24.494810 48.867981 -9.544859
v 24.565310 48.867981 -9.824813
v 24.569313 48.867981 -10.100447
v 24.558077 48.867981 -10.171870
v 22.463253 47.581841 -10.558563
v 22.409733 47.581841 -10.492173
v 22.248096 47.581841 -10.218603
v 22.147249 47.581841 -9.917554
v 22.130636 47.581841 -9.459268
v 22.302374 47.581841 -9.086591
v 22.628469 47.581841 -8.830763
v 23.051054 47.581841 -8.698991
v 23.512180 47.581841 -8.698399
v 23.953894 47.581841 -8.836110
v 24.318279 47.581841 -9.119161
v 24.556679 47.581841 -9.528870
v 24.631105 47.581841 -9.824414
v 24.635332 47.581841 -10.115400
v 24.623468 47.581841 -10.190801
v 22.412767 46.065575 -10.598406
v 22.356314 46.065575 -10.528376
v 22.185814 46.065575 -10.239804
v 22.079437 46.065575 -9.922247
v 22.061914 46.065575 -9.438831
v 22.243069 46.065575 -9.045719
v 22.587044 46.065575 -8.775863
v 23.032803 46.065575 -8.636865
v 23.519213 46.065575 -8.636240
v 23.985147 46.065575 -8.781503
v 24.369514 46.065575 -9.080075
v 24.620985 46.065575 -9.512250
v 24.699493 46.065575 -9.824000
v 24.703953 46.065575 -10.130942
v 24.691439 46.065575 -10.210477
v 22.363934 44.293797 -10.636946
v 22.304640 44.293797 -10.563395
v 22.125566 44.293797 -10.260312
v 22.013840 44.293797 -9.926786
v 21.995436 44.293797 -9.419062
v 22.185699 44.293797 -9.006182
v 22.546972 44.293797 -8.722755
v 23.015146 44.293797 -8.576768
v 23.526016 44.293797 -8.576112
v 24.015381 44.293797 -8.728680
v 24.419075 44.293797 -9.042266
v 24.683191 44.293797 -9.496172
v 24.765648 44.293797 -9.823600
v 24.770330 44.293797 -10.145976
v 24.757187 44.293797 -10.229510
v 22.320311 42.241112 -10.671371
v 22.258482 42.241112 -10.594673
v 22.071751 42.241112 -10.278629
v 21.955246 42.241112 -9.930840
v 21.936054 42.241112 -9.401402
v 22.134455 42.241112 -8.970863
v 22.511179 42.241112 -8.675317
v 22.999372 42.241112 -8.523087
v 23.532091 42.241112 -8.522402
v 24.042385 42.241112 -8.681494
v 24.463343 42.241112 -9.008491
v 24.738754 42.241112 -9.481810
v 24.824738 42.241112 -9.823240
v 24.829620 42.241112 -10.159403
v 24.815916 42.241112 -10.246510
v 22.285465 39.882130 -10.698866
v 22.221611 39.882130 -10.619657
v 22.028761 39.882130 -10.293259
v 21.908440 39.882130 -9.934075
v 21.888620 39.882130 -9.387294
v 22.093519 39.882130 -8.942651
v 22.482586 39.882130 -8.637422
v 22.986773 39.882130 -8.480205
v 23.536943 39.882130 -8.479497
v 24.063953 39.882130 -8.643802
v 24.498703 39.882130 -8.981511
v 24.783136 39.882130 -9.470335
v 24.871937 39.882130 -9.822951
v 24.876980 39.882130 -10.170127
v 24.862825 39.882130 -10.260087
v 22.262959 37.191471 -10.716619
v 22.197796 37.191471 -10.635787
v 22.000998 37.191471 -10.302703
v 21.878210 37.191471 -9.936162
v 21.857985 37.191471 -9.378179
v 22.067081 37.191471 -8.924428
v 22.464117 37.191471 -8.612947
v 22.978634 37.191471 -8.452508
v 23.540075 37.191471 -8.451786
v 24.077881 37.191471 -8.619456
v 24.521536 37.191471 -8.964084
v 24.811798 37.191471 -9.462922
v 24.902416 37.191471 -9.822762
v 24.907562 37.191471 -10.177049
v 24.893118 37.191471 -10.268852
v 22.256357 34.143734 -10.721819
v 22.190811 34.143734 -10.640511
v 21.992853 34.143734 -10.305467
v 21.869345 34.143734 -9.936769
v 21.849001 34.143734 -9.375502
v 22.059328 34.143734 -8.919080
v 22.458700 34.143734 -8.605765
v 22.976244 34.143734 -8.444383
v 23.540989 34.143734 -8.443657
v 24.081961 34.143734 -8.612313
v 24.528227 34.143734 -8.958969
v 24.820196 34.143734 -9.460743
v 24.911348 34.143734 -9.822700
v 24.916525 34.143734 -10.179072
v 24.901995 34.143734 -10.271417
v 22.268488 30.722523 -10.712231
v 22.203648 30.722523 -10.631798
v 22.007820 30.722523 -10.300360
v 21.885641 30.722523 -9.935630
v 21.865515 30.722523 -9.380404
v 22.073578 30.722523 -8.928896
v 22.468653 30.722523 -8.618954
v 22.980625 30.722523 -8.459308
v 23.539291 30.722523 -8.458591
v 24.074440 30.722523 -8.625431
v 24.515903 30.722523 -8.968356
v 24.804729 30.722523 -9.464729
v 24.894901 30.722523 -9.822790
v 24.900021 30.722523 -10.175326
v 24.885649 30.722523 -10.266676
v 22.298187 26.960135 -10.688773
v 22.235073 26.960135 -10.610483
v 22.044462 26.960135 -10.287872
v 21.925537 26.960135 -9.932857
v 21.905947 26.960135 -9.392419
v 22.108469 26.960135 -8.952935
v 22.493019 26.960135 -8.651247
v 22.991358 26.960135 -8.495853
v 23.535145 26.960135 -8.495155
v 24.056042 26.960135 -8.657553
v 24.485746 26.960135 -8.991343
v 24.766880 26.960135 -9.474497
v 24.854650 26.960135 -9.823022
v 24.859634 26.960135 -10.166169
v 24.845644 26.960135 -10.255086
v 22.342945 22.905296 -10.653428
v 22.282434 22.905296 -10.578366
v 22.099684 22.905296 -10.269058
v 21.985661 22.905296 -9.928680
v 21.966879 22.905296 -9.410527
v 22.161051 22.905296 -8.989165
v 22.529745 22.905296 -8.699918
v 23.007536 22.905296 -8.550932
v 23.528898 22.905296 -8.550261
v 24.028316 22.905296 -8.705963
v 24.440302 22.905296 -9.025990
v 24.709845 22.905296 -9.489222
v 24.793995 22.905296 -9.823375
v 24.798773 22.905296 -10.152373
v 24.785360 22.905296 -10.237623
v 22.400255 18.606749 -10.608176
v 22.343075 18.606749 -10.537247
v 22.170387 18.606749 -10.244971
v 22.062645 18.606749 -9.923337
v 22.044897 18.606749 -9.433715
v 22.228376 18.606749 -9.035556
v 22.576769 18.606749 -8.762236
v 23.028248 18.606749 -8.621453
v 23.520905 18.606749 -8.620820
v 23.992821 18.606749 -8.767948
v 24.382120 18.606749 -9.070354
v 24.636820 18.606749 -9.508076
v 24.716337 18.606749 -9.823830
v 24.720852 18.606749 -10.134711
v 24.708179 18.606749 -10.215267
v 22.542482 9.473500 -10.495876
v 22.493572 9.473500 -10.435205
v 22.345860 9.473500 -10.185198
v 22.253696 9.473500 -9.910078
v 22.238516 9.473500 -9.491265
v 22.395460 9.473500 -9.150688
v 22.693468 9.473500 -8.916895
v 23.079657 9.473500 -8.796473
v 23.501064 9.473500 -8.795931
v 23.904732 9.473500 -8.921782
v 24.237732 9.473500 -9.180453
v 24.455597 9.473500 -9.554873
v 24.523613 9.473500 -9.824962
v 24.527475 9.473500 -10.090884
v 24.516636 9.473500 -10.159790
v 24.191364 -0.049680 -10.341708
v 24.041527 -0.049680 -10.493688
v 23.629314 -0.049680 -10.667422
v 23.160450 -0.049680 -10.648324
v 22.939796 -0.049680 -10.559261
v 22.599669 54.231800 -12.955509
v 22.599669 54.231800 -12.955509
v 22.751503 54.186836 -13.343891
v 22.751503 54.186836 -13.343891
v 23.171923 54.115631 -13.884031
v 23.171923 54.115631 -13.884031
v 23.382526 54.100185 -13.989267
v 23.382526 54.100185 -13.989267
v 23.591625 54.096867 -14.009124
v 23.591625 54.096867 -14.009124
v 23.797392 54.105400 -13.953290
v 23.797392 54.105400 -13.953290
v 23.997042 54.127327 -13.817651
v 23.997042 54.127327 -13.817651
v 24.364336 54.220062 -13.258110
v 24.364336 54.220062 -13.258110
v 24.476814 54.277519 -12.893794
v 24.476814 54.277519 -12.893794
v 23.872936 9.473500 -10.820601
v 22.858183 54.185917 -12.971483
v 23.543945 9.473500 -10.884819
v 24.452246 9.473500 -10.350876
v 24.632904 18.606749 -10.438661
v 24.705700 22.905296 -10.474034
v 24.762556 26.960135 -10.501664
v 24.800287 30.722523 -10.520001
v 24.815704 34.143734 -10.527498
v 24.807333 37.191471 -10.523436
v 24.778763 39.882130 -10.509560
v 24.734520 42.241112 -10.488070
v 24.679129 44.293797 -10.461163
v 24.617117 46.065575 -10.431039
v 24.553011 47.581841 -10.399897
v 24.491337 48.867981 -10.369935
v 24.436617 49.949383 -10.343352
v 24.373510 51.242214 -10.312979
v 24.331583 52.191437 -10.294391
v 24.307285 52.861095 -10.287264
v 24.297064 53.315235 -10.291275
v 24.304781 53.831604 -10.332728
v 24.339540 54.107071 -10.543005
v 24.275663 54.099319 -10.666210
v 24.365879 54.181435 -10.783152
v 24.400261 54.234550 -11.183507
v 24.448137 54.273689 -11.930595
v 24.464067 54.279816 -12.342489
v 24.162291 9.473500 -10.678319
v 24.293924 18.606749 -10.821465
v 24.346966 22.905296 -10.879147
v 24.388395 26.960135 -10.924199
v 24.415888 30.722523 -10.954098
v 24.427124 34.143734 -10.966318
v 24.421024 37.191471 -10.959688
v 24.400209 39.882130 -10.937056
v 24.367973 42.241112 -10.902004
v 24.327616 44.293797 -10.858121
v 24.282434 46.065575 -10.808991
v 24.235727 47.581841 -10.758202
v 24.190790 48.867981 -10.709338
v 24.150921 49.949383 -10.665985
v 24.104935 51.242184 -10.616283
v 24.074356 52.191212 -10.584923
v 24.056566 52.860363 -10.570552
v 24.048958 53.313522 -10.571820
v 24.053858 53.825844 -10.617767
v 24.071930 54.086712 -10.895884
v 24.081448 54.145905 -11.225548
v 24.089478 54.174854 -11.759476
v 24.091948 54.171535 -12.708732
v 24.089071 54.159782 -13.180098
v 24.362602 54.231461 -12.703482
v 24.354179 54.234085 -12.256783
v 24.322912 54.212597 -11.398018
v 24.297033 54.168343 -10.939974
v 24.245754 53.829239 -10.430857
v 24.238941 53.314529 -10.387873
v 24.248611 52.860794 -10.384815
v 24.271418 52.191345 -10.394441
v 24.310703 51.242199 -10.417429
v 24.369808 49.949383 -10.454459
v 24.421055 48.867981 -10.486817
v 24.478817 47.581841 -10.523289
v 24.538855 46.065575 -10.561196
v 24.596930 44.293797 -10.597866
v 24.648804 42.241112 -10.630619
v 24.690239 39.882130 -10.656779
v 24.716997 37.191471 -10.673671
v 24.724838 34.143734 -10.678617
v 24.710398 30.722523 -10.669494
v 24.675060 26.960135 -10.647175
v 24.621811 22.905296 -10.613545
v 24.553635 18.606749 -10.570489
v 24.384441 9.473500 -10.463639
v 23.571035 18.606749 -11.062878
v 23.581951 22.905296 -11.134626
v 23.590479 26.960135 -11.190667
v 23.596140 30.722523 -11.227857
v 23.598455 34.143734 -11.243055
v 23.597206 37.191471 -11.234807
v 23.592928 39.882130 -11.206651
v 23.586300 42.241112 -11.163048
v 23.578001 44.293797 -11.108459
v 23.568708 46.065575 -11.047344
v 23.559103 47.581841 -10.984164
v 23.549860 48.867981 -10.923379
v 23.541660 49.949383 -10.869451
v 23.532198 51.242188 -10.807512
v 23.525875 52.191257 -10.767806
v 23.522127 52.860508 -10.748102
v 23.520391 53.313858 -10.746171
v 23.520664 53.826912 -10.788795
v 23.518778 54.084221 -11.079187
v 23.513561 54.136936 -11.429893
v 23.502876 54.155621 -11.992065
v 23.479815 54.137569 -12.968713
v 23.467346 54.120415 -13.449691
v 23.786449 54.125305 -13.407103
v 23.795511 54.141277 -12.925496
v 23.809465 54.156326 -11.948266
v 23.813107 54.135601 -11.385859
v 23.812273 54.081848 -11.034260
v 23.804575 53.825169 -10.739594
v 23.801687 53.313328 -10.693143
v 23.806507 52.860279 -10.693398
v 23.817703 52.191185 -10.711089
v 23.836926 51.242180 -10.748065
v 23.865818 49.949383 -10.806176
v 23.890867 48.867981 -10.856816
v 23.919102 47.581841 -10.913894
v 23.948448 46.065575 -10.973221
v 23.976835 44.293797 -11.030609
v 24.002190 42.241112 -11.081869
v 24.022442 39.882130 -11.122812
v 24.035521 37.191471 -11.149251
v 24.039351 34.143734 -11.156996
v 24.032288 30.722523 -11.142723
v 24.015011 26.960135 -11.107801
v 23.988979 22.905296 -11.055178
v 23.955648 18.606749 -10.987803
v 22.921825 9.473500 -10.777637
v 22.843733 18.606749 -10.937574
v 22.812267 22.905296 -11.002022
v 22.787693 26.960135 -11.052360
v 22.771387 30.722523 -11.085765
v 22.764730 34.143734 -11.099417
v 22.768356 37.191471 -11.092009
v 22.780718 39.882130 -11.066719
v 22.799854 42.241112 -11.027555
v 22.823809 44.293797 -10.978522
v 22.850626 46.065575 -10.923629
v 22.878349 47.581841 -10.866879
v 22.905020 48.867981 -10.812283
v 22.928682 49.949383 -10.763843
v 22.955938 51.242241 -10.708063
v 22.973854 52.191635 -10.671478
v 22.983799 52.861748 -10.651362
v 22.987141 53.316753 -10.644988
v 22.979399 53.836533 -10.664326
v 22.953709 54.108025 -10.878816
v 22.933670 54.170849 -11.156344
v 22.907768 54.201851 -11.629725
v 22.872478 54.198586 -12.519775
v 23.140804 54.142689 -13.300640
v 23.154758 54.158627 -12.830449
v 23.183691 54.172447 -11.883018
v 23.200638 54.149899 -11.349371
v 23.212070 54.093758 -11.022196
v 23.224934 53.831005 -10.758424
v 23.228350 53.315090 -10.725433
v 23.227129 52.861034 -10.729495
v 23.223280 52.191418 -10.749964
v 23.216280 51.242210 -10.789364
v 23.205608 49.949383 -10.850222
v 23.196341 48.867981 -10.903152
v 23.185894 47.581841 -10.962810
v 23.175035 46.065575 -11.024818
v 23.164530 44.293797 -11.084801
v 23.155148 42.241112 -11.138378
v 23.147650 39.882130 -11.181173
v 23.142807 37.191471 -11.208807
v 23.141382 34.143734 -11.216903
v 23.143988 30.722523 -11.201985
v 23.150368 26.960135 -11.165485
v 23.159988 22.905296 -11.110483
v 23.172308 18.606749 -11.040063
v 23.202881 9.473500 -10.865304
v 22.708830 9.473500 -10.651833
v 22.594727 18.606749 -10.790501
v 22.548750 22.905296 -10.846377
v 22.512842 26.960135 -10.890021
v 22.489017 30.722523 -10.918985
v 22.479286 34.143734 -10.930822
v 22.484583 37.191471 -10.924401
v 22.502640 39.882130 -10.902476
v 22.530598 42.241112 -10.868522
v 22.565596 44.293797 -10.826012
v 22.604776 46.065575 -10.778419
v 22.645279 47.581841 -10.729219
v 22.684244 48.867981 -10.681884
v 22.718817 49.949383 -10.639888
v 22.758629 51.242275 -10.591427
v 22.784754 52.191879 -10.559075
v 22.799149 52.862537 -10.539971
v 22.911324 53.317436 -10.604710
v 22.803770 53.318592 -10.531253
v 22.901855 53.838814 -10.618283
v 22.752663 54.124207 -10.688264
v 22.723251 54.195015 -10.901625
v 22.685139 54.237411 -11.277372
v 22.633368 54.253094 -12.001822
v 22.615374 54.247471 -12.407316
v 22.762806 54.206646 -12.791867
v 22.777676 54.217548 -12.349523
v 22.817265 54.214870 -11.505401
v 22.847506 54.179821 -11.064617
v 22.871141 54.114040 -10.810396
v 22.907408 52.862041 -10.611973
v 22.895597 52.191727 -10.631763
v 22.874275 51.242252 -10.666864
v 22.841822 49.949383 -10.720061
v 22.813644 48.867981 -10.766225
v 22.781883 47.581841 -10.818257
v 22.748873 46.065575 -10.872339
v 22.716938 44.293797 -10.924655
v 22.688412 42.241112 -10.971383
v 22.665625 39.882130 -11.008707
v 22.650908 37.191471 -11.032808
v 22.646589 34.143734 -11.039868
v 22.654518 30.722523 -11.026856
v 22.673937 26.960135 -10.995020
v 22.703201 22.905296 -10.947047
v 22.740673 18.606749 -10.885627
v 22.833670 9.473500 -10.733202
v 22.791416 53.842663 -10.534976
v -24.743980 55.769741 -9.123918
v -24.743980 55.769741 -9.123918
v -24.823612 56.016659 -9.171394
v -24.823612 56.016659 -9.171394
v -24.862339 56.212254 -9.276873
v -24.862339 56.212254 -9.276873
v -24.850336 56.346607 -9.438284
v -24.850336 56.346607 -9.438284
v -24.779911 56.418415 -9.618560
v -24.779911 56.418415 -9.618560
v -24.752295 56.427925 -9.654027
v -24.752295 56.427925 -9.654027
v -24.721468 56.434303 -9.682647
v -24.721468 56.434303 -9.682647
v -24.721468 56.434303 -9.682647
v -24.741726 56.434151 -9.722080
v -24.741726 56.434151 -9.722080
v -24.769011 56.433449 -9.779421
v -24.769011 56.433449 -9.779421
v -24.893818 56.424965 -10.108621
v -24.893818 56.424965 -10.108621
v -25.024385 56.404408 -10.640393
v -25.024385 56.404408 -10.640393
v -25.141863 56.373199 -11.417218
v -25.141863 56.373199 -11.417218
v -25.239477 56.336864 -12.490438
v -25.239477 56.336864 -12.490438
v -25.239477 56.336864 -12.490438
v -25.509712 56.276665 -12.474742
v -25.509712 56.276665 -12.474742
v -25.599346 56.226635 -12.455986
v -25.599346 56.226635 -12.455986
v -25.660210 56.162945 -12.430037
v -25.660210 56.162945 -12.430037
v -25.693508 56.085331 -12.397121
v -25.693508 56.085331 -12.397121
v -25.700811 55.993675 -12.359043
v -25.700811 55.993675 -12.359043
v -25.644531 55.768089 -12.278001
v -25.644531 55.768089 -12.278001
v -25.302099 55.170376 -12.158259
v -25.302099 55.170376 -12.158259
v -24.770660 54.530682 -12.190724
v -24.770660 54.530682 -12.190724
v -24.687325 54.450317 -12.239325
v -24.687325 54.450317 -12.239325
v -24.410360 54.691544 -9.400002
v -24.882952 56.422607 -9.888491
v -25.066326 56.401093 -10.470105
v -24.706383 54.529068 -11.197101
v -25.269133 56.346886 -11.837727
v -24.792789 56.426723 -9.712083
v -24.833071 56.416470 -9.690335
v -24.905144 56.370655 -9.586586
v -24.937551 56.308605 -9.489010
v -24.946840 56.223740 -9.401482
v -24.935488 56.116508 -9.331064
v -24.905716 55.988930 -9.278775
v -24.651182 55.329475 -9.244044
v -24.724808 55.324249 -9.347781
v -24.479753 54.960144 -9.286160
v -24.387074 54.766121 -9.310536
v -24.355221 54.699226 -9.318233
v -24.831434 56.425282 -9.780637
v -24.881323 56.414265 -9.768105
v -24.969603 56.367161 -9.684793
v -25.010059 56.304619 -9.598192
v -25.024677 56.219654 -9.516879
v -25.016705 56.112568 -9.449203
v -24.988485 55.985180 -9.396942
v -24.542995 54.953239 -9.377906
v -24.444300 54.758549 -9.395014
v -24.476202 54.680279 -9.516927
v -24.940887 56.410671 -9.882764
v -25.048767 56.361530 -9.823849
v -25.099243 56.298050 -9.751388
v -25.120247 56.212757 -9.678130
v -25.116161 56.105743 -9.613927
v -25.089554 55.978561 -9.561577
v -24.813835 55.315910 -9.493428
v -24.618988 54.942863 -9.508286
v -24.512743 54.747387 -9.515721
v -25.001738 56.411140 -10.221081
v -25.068659 56.397732 -10.220980
v -25.203024 56.344536 -10.193960
v -25.270929 56.278534 -10.147039
v -25.303831 56.191956 -10.090787
v -25.306482 56.084717 -10.033962
v -25.281996 55.957756 -9.981403
v -24.979773 55.291294 -9.874099
v -24.757690 54.913876 -9.859186
v -24.635357 54.716698 -9.843872
v -24.593300 54.649475 -9.834692
v -24.533463 54.667625 -9.646955
v -24.572479 54.734795 -9.649946
v -24.685936 54.931007 -9.652362
v -24.893135 55.305981 -9.651653
v -25.180727 55.970257 -9.738027
v -25.206163 56.097290 -9.790492
v -25.206928 56.204346 -9.851315
v -25.180212 56.290154 -9.916718
v -25.121016 56.354744 -9.976507
v -24.998636 56.405842 -10.017148
v -24.935659 56.418530 -10.019237
v -25.185572 56.373531 -11.129820
v -25.257664 56.358997 -11.128899
v -25.408098 56.302235 -11.112692
v -25.489927 56.233467 -11.083991
v -25.533203 56.145077 -11.043050
v -25.540947 56.036938 -10.993565
v -25.516562 55.909283 -10.941278
v -25.171556 55.231716 -10.791899
v -24.903612 54.844070 -10.751637
v -24.750429 54.641464 -10.703384
v -24.697365 54.573521 -10.668491
v -24.640488 54.628284 -10.058538
v -24.685677 54.695557 -10.075384
v -24.817133 54.893890 -10.104649
v -25.053961 55.274033 -10.132299
v -25.370615 55.943214 -10.257569
v -25.394670 56.070236 -10.310165
v -25.389488 56.177734 -10.363652
v -25.351730 56.265068 -10.412466
v -25.277372 56.332310 -10.450027
v -25.135576 56.387157 -10.470296
v -25.249336 56.353767 -11.644274
v -25.322701 56.339100 -11.642254
v -25.476418 56.281868 -11.625193
v -25.560673 56.212631 -11.597667
v -25.605616 56.123756 -11.558478
v -25.613979 56.015060 -11.510521
v -25.589043 55.886620 -11.459096
v -25.227388 55.201450 -11.303738
v -24.938507 54.806999 -11.268671
v -24.767160 54.598866 -11.236942
v -24.698021 54.482700 -11.787166
v -24.770493 54.557232 -11.793880
v -24.961044 54.772171 -11.788581
v -25.268539 55.173607 -11.811725
v -25.643665 55.866867 -11.965826
v -25.611403 55.878796 -11.653019
v -25.669018 55.996246 -12.015878
v -25.660225 56.105572 -12.062480
v -25.614153 56.194874 -12.100825
v -25.528196 56.264378 -12.128373
v -25.371864 56.321751 -12.146825
v -25.297369 56.336422 -12.149759
v -24.705111 54.512009 -11.408138
v -24.769613 54.583126 -11.443779
v -24.948053 54.793461 -11.466297
v -25.244299 55.190586 -11.497384
v -25.636520 56.007576 -11.703977
v -25.627995 56.116505 -11.751425
v -25.582600 56.205544 -11.790254
v -25.497665 56.274895 -11.817737
v -25.342928 56.332203 -11.835330
v 24.687315 54.450283 -12.239627
v 24.687315 54.450283 -12.239627
v 24.770655 54.530655 -12.190959
v 24.770655 54.530655 -12.190959
v 25.302099 55.170376 -12.158259
v 25.302099 55.170376 -12.158259
v 25.644531 55.768089 -12.278001
v 25.644531 55.768089 -12.278001
v 25.700811 55.993675 -12.359043
v 25.700811 55.993675 -12.359043
v 25.693508 56.085331 -12.397121
v 25.693508 56.085331 -12.397121
v 25.660210 56.162945 -12.430037
v 25.660210 56.162945 -12.430037
v 25.599346 56.226635 -12.455986
v 25.599346 56.226635 -12.455986
v 25.509712 56.276665 -12.474742
v 25.509712 56.276665 -12.474742
v 25.239477 56.336864 -12.490438
v 25.239477 56.336864 -12.490438
v 25.239477 56.336864 -12.490438
v 25.141863 56.373199 -11.417218
v 25.141863 56.373199 -11.417218
v 25.024385 56.404408 -10.640393
v 25.024385 56.404408 -10.640393
v 24.893818 56.424965 -10.108621
v 24.893818 56.424965 -10.108621
v 24.769039 56.433445 -9.779426
v 24.769039 56.433445 -9.779426
v 24.741762 56.434147 -9.722087
v 24.741762 56.434147 -9.722087
v 24.721468 56.434303 -9.682647
v 24.721468 56.434303 -9.682647
v 24.721468 56.434303 -9.682647
v 24.752211 56.427925 -9.653919
v 24.752211 56.427925 -9.653919
v 24.779848 56.418415 -9.618479
v 24.779848 56.418415 -9.618479
v 24.850336 56.346607 -9.438284
v 24.850336 56.346607 -9.438284
v 24.862339 56.212254 -9.276873
v 24.862339 56.212254 -9.276873
v 24.823612 56.016659 -9.171394
v 24.823612 56.016659 -9.171394
v 24.743980 55.769741 -9.123918
v 24.743980 55.769741 -9.123918
v 24.387074 54.766121 -9.310536
v 24.961044 54.772171 -11.788581
v 25.643665 55.866867 -11.965826
v 24.937551 56.308605 -9.489010
v 25.371864 56.321751 -12.146825
v 24.698015 54.482693 -11.787061
v 24.705151 54.512043 -11.407962
v 24.706394 54.529076 -11.197054
v 24.697365 54.573521 -10.668491
v 24.685677 54.695557 -10.075384
v 24.533463 54.667625 -9.646955
v 24.572479 54.734795 -9.649946
v 24.410360 54.691544 -9.400002
v 24.355221 54.699226 -9.318233
v 24.640488 54.628284 -10.058538
v 24.770443 54.557198 -11.793715
v 24.769608 54.583126 -11.443642
v 24.767159 54.598866 -11.236901
v 24.750429 54.641464 -10.703384
v 24.444300 54.758549 -9.395014
v 24.651182 55.329475 -9.244044
v 24.948053 54.793461 -11.466297
v 24.938507 54.806999 -11.268671
v 24.903612 54.844070 -10.751637
v 24.817133 54.893890 -10.104649
v 24.685936 54.931007 -9.652362
v 24.542995 54.953239 -9.377906
v 24.479753 54.960144 -9.286160
v 25.611403 55.878796 -11.653019
v 25.589043 55.886620 -11.459096
v 25.516562 55.909283 -10.941278
v 25.370615 55.943214 -10.257569
v 25.180727 55.970257 -9.738027
v 24.988485 55.985180 -9.396942
v 24.905716 55.988930 -9.278775
v 24.724808 55.324249 -9.347781
v 24.893135 55.305981 -9.651653
v 25.053961 55.274033 -10.132299
v 25.171556 55.231716 -10.791899
v 25.227388 55.201450 -11.303738
v 25.244299 55.190586 -11.497384
v 25.268539 55.173607 -11.811725
v 25.660225 56.105572 -12.062480
v 25.627995 56.116505 -11.751425
v 25.605616 56.123756 -11.558478
v 25.533203 56.145077 -11.043050
v 25.389488 56.177734 -10.363652
v 25.206928 56.204346 -9.851315
v 25.024677 56.219654 -9.516879
v 24.946840 56.223740 -9.401482
v 24.935488 56.116508 -9.331064
v 25.016705 56.112568 -9.449203
v 25.206163 56.097290 -9.790492
v 25.394670 56.070236 -10.310165
v 25.540947 56.036938 -10.993565
v 25.613979 56.015060 -11.510521
v 25.636520 56.007576 -11.703977
v 25.669018 55.996246 -12.015878
v 25.614153 56.194874 -12.100825
v 25.582600 56.205544 -11.790254
v 25.560673 56.212631 -11.597667
v 25.489927 56.233467 -11.083991
v 25.351730 56.265068 -10.412466
v 25.180212 56.290154 -9.916718
v 25.010059 56.304619 -9.598192
v 25.528196 56.264378 -12.128373
v 25.497665 56.274895 -11.817737
v 25.476418 56.281868 -11.625193
v 25.408098 56.302235 -11.112692
v 25.277372 56.332310 -10.450027
v 25.121016 56.354744 -9.976507
v 24.969603 56.367161 -9.684793
v 24.905144 56.370655 -9.586586
v 25.342928 56.332203 -11.835330
v 25.322701 56.339100 -11.642254
v 25.257664 56.358997 -11.128899
v 25.135576 56.387157 -10.470296
v 24.998636 56.405842 -10.017148
v 24.881321 56.414265 -9.768120
v 24.832991 56.416470 -9.690268
v 24.792774 56.426723 -9.712080
v 24.831503 56.425278 -9.780730
v 24.935659 56.418530 -10.019237
v 25.066326 56.401093 -10.470105
v 25.185572 56.373531 -11.129820
v 25.249336 56.353767 -11.644274
v 25.269133 56.346886 -11.837727
v 25.297369 56.336422 -12.149759
v -22.299198 54.349522 -12.199305
v -22.299198 54.349522 -12.199305
v -22.200556 54.392063 -12.113353
v -22.200556 54.392063 -12.113353
v -21.905027 54.544575 -11.940503
v -21.905027 54.544575 -11.940503
v -21.702530 54.709064 -11.861358
v -21.702530 54.709064 -11.861358
v -21.642780 54.798878 -11.843510
v -21.642780 54.798878 -11.843510
v -21.615564 54.894917 -11.838467
v -21.615564 54.894917 -11.838467
v -21.624691 54.998009 -11.845480
v -21.624691 54.998009 -11.845480
v -21.673754 55.108902 -11.863751
v -21.673754 55.108902 -11.863751
v -22.217810 55.595406 -12.003516
v -22.217810 55.595406 -12.003516
v -23.132086 56.029705 -12.177435
v -23.132086 56.029705 -12.177435
v -23.132086 56.029705 -12.177435
v -23.059662 56.081669 -10.996936
v -23.059662 56.081669 -10.996936
v -22.959026 56.124996 -10.111194
v -22.959026 56.124996 -10.111194
v -22.861425 56.157810 -9.497850
v -22.861425 56.157810 -9.497850
v -22.790733 56.178658 -9.126747
v -22.790733 56.178658 -9.126747
v -22.778214 56.182163 -9.064116
v -22.778214 56.182163 -9.064116
v -22.770002 56.184441 -9.021969
v -22.770002 56.184441 -9.021969
v -22.770002 56.184441 -9.021969
v -22.674589 56.160892 -8.945477
v -22.674589 56.160892 -8.945477
v -22.570709 56.133156 -8.860191
v -22.570709 56.133156 -8.860191
v -21.719503 55.802807 -8.188063
v -21.719503 55.802807 -8.188063
v -21.431515 55.591854 -8.026810
v -21.431515 55.591854 -8.026810
v -21.344572 55.483391 -7.996001
v -21.344572 55.483391 -7.996001
v -21.302315 55.376205 -7.996866
v -21.302315 55.376205 -7.996866
v -21.303528 55.271538 -8.026628
v -21.303528 55.271538 -8.026628
v -21.341375 55.169521 -8.081045
v -21.341375 55.169521 -8.081045
v -21.498804 54.973812 -8.246654
v -21.498804 54.973812 -8.246654
v -21.809931 54.696674 -8.657146
v -22.237835 56.019157 -8.681222
v -21.764584 55.279713 -11.508674
v -22.844830 55.944618 -11.751737
v -22.251005 54.384003 -11.709358
v -22.199774 54.415325 -11.287874
v -22.166912 54.433887 -11.047203
v -22.074183 54.483986 -10.425441
v -21.950956 54.551220 -9.663793
v -21.876654 54.605053 -9.125998
v -21.816126 54.645657 -9.078698
v -21.861889 54.632343 -8.882956
v -21.862738 54.640697 -8.813085
v -21.869881 54.652588 -8.717506
v -22.164997 54.422073 -11.679430
v -22.123566 54.450958 -11.287284
v -22.095255 54.468910 -11.050770
v -22.009888 54.519165 -10.421701
v -21.890146 54.588802 -9.635775
v -21.801466 54.674835 -8.827621
v -21.802444 54.683826 -8.755572
v -21.685013 54.728130 -11.472214
v -21.657034 54.754391 -11.107161
v -21.636799 54.771614 -10.877798
v -21.571613 54.821926 -10.252881
v -21.465206 54.901234 -9.403044
v -21.392233 54.974808 -8.763121
v -21.378603 55.016178 -8.466298
v -21.380692 55.029503 -8.380324
v -21.390959 55.049049 -8.262630
v -21.594742 54.890411 -11.445875
v -21.565502 54.916218 -11.077965
v -21.544443 54.933266 -10.846065
v -21.476873 54.983654 -10.211440
v -21.366617 55.065094 -9.340747
v -21.290236 55.143253 -8.675667
v -21.275820 55.188404 -8.363771
v -21.278008 55.203140 -8.273070
v -21.288858 55.224937 -8.148732
v -21.590052 54.979187 -11.447764
v -21.560242 55.004612 -11.078893
v -21.538788 55.021454 -10.846126
v -21.469986 55.071445 -10.208020
v -21.357615 55.153034 -9.329331
v -21.279348 55.232365 -8.654613
v -21.264244 55.278683 -8.336964
v -21.266323 55.293884 -8.244454
v -21.277142 55.316441 -8.117568
v -21.616247 55.073811 -11.459426
v -21.586281 55.098717 -11.090308
v -21.564693 55.115242 -10.857204
v -21.495354 55.164463 -10.217343
v -21.381712 55.245392 -9.333636
v -21.301899 55.324947 -8.652124
v -21.285954 55.371830 -8.330223
v -21.287798 55.387287 -8.236355
v -21.298323 55.410297 -8.107534
v -21.736042 55.303127 -11.141774
v -21.715313 55.318676 -10.909958
v -21.648058 55.365082 -10.273046
v -21.536007 55.441959 -9.391212
v -21.455130 55.518669 -8.708037
v -21.437368 55.564571 -8.383972
v -21.438433 55.579838 -8.289286
v -21.447641 55.602692 -8.159220
v -22.511206 55.792645 -11.685263
v -22.489119 55.810841 -11.331779
v -22.472528 55.822735 -11.109521
v -22.416815 55.857304 -10.505340
v -22.320534 55.911293 -9.697728
v -22.249081 55.961815 -9.116590
v -22.231415 55.992378 -8.856675
v -22.231369 56.002899 -8.782351
v -21.718109 55.790386 -8.310111
v -21.710426 55.769150 -8.435206
v -21.710094 55.755070 -8.526308
v -21.728743 55.713165 -8.838332
v -21.807295 55.644016 -9.499404
v -21.913555 55.574661 -10.361812
v -21.976065 55.532509 -10.988445
v -21.995037 55.518318 -11.216984
v -22.020800 55.496876 -11.579063
v -22.667761 56.152401 -8.998307
v -22.672974 56.145172 -9.069699
v -22.680292 56.140549 -9.125757
v -22.711468 56.124851 -9.336802
v -22.792818 56.092224 -9.862908
v -22.889345 56.050945 -10.631490
v -22.754820 56.001625 -10.595061
v -22.942524 56.022366 -11.216947
v -22.958035 56.012264 -11.433631
v -22.978405 55.996609 -11.779309
v -22.556805 56.120785 -8.923774
v -22.555325 56.110115 -9.002401
v -22.559050 56.103573 -9.061957
v -22.583149 56.083508 -9.281190
v -22.659319 56.046150 -9.817447
v -22.808388 55.971504 -11.185542
v -22.824110 55.960938 -11.403803
v 21.498804 54.973812 -8.246654
v 21.498804 54.973812 -8.246654
v 21.341375 55.169521 -8.081045
v 21.341375 55.169521 -8.081045
v 21.303528 55.271538 -8.026628
v 21.303528 55.271538 -8.026628
v 21.302315 55.376205 -7.996866
v 21.302315 55.376205 -7.996866
v 21.344572 55.483391 -7.996001
v 21.344572 55.483391 -7.996001
v 21.431515 55.591854 -8.026810
v 21.431515 55.591854 -8.026810
v 21.719503 55.802807 -8.188063
v 21.719503 55.802807 -8.188063
v 22.570692 56.133144 -8.860258
v 22.570692 56.133144 -8.860258
v 22.674564 56.160873 -8.945565
v 22.674564 56.160873 -8.945565
v 22.770002 56.184441 -9.021969
v 22.770002 56.184441 -9.021969
v 22.770002 56.184441 -9.021969
v 22.778273 56.182178 -9.064140
v 22.778273 56.182178 -9.064140
v 22.790779 56.178669 -9.126764
v 22.790779 56.178669 -9.126764
v 22.861425 56.157810 -9.497850
v 22.861425 56.157810 -9.497850
v 22.959026 56.124996 -10.111194
v 22.959026 56.124996 -10.111194
v 23.059662 56.081669 -10.996936
v 23.059662 56.081669 -10.996936
v 23.132086 56.029705 -12.177435
v 23.132086 56.029705 -12.177435
v 23.132086 56.029705 -12.177435
v 22.217810 55.595406 -12.003516
v 22.217810 55.595406 -12.003516
v 21.673754 55.108902 -11.863751
v 21.673754 55.108902 -11.863751
v 21.624691 54.998009 -11.845480
v 21.624691 54.998009 -11.845480
v 21.615564 54.894917 -11.838467
v 21.615564 54.894917 -11.838467
v 21.642780 54.798878 -11.843510
v 21.642780 54.798878 -11.843510
v 21.702530 54.709064 -11.861358
v 21.702530 54.709064 -11.861358
v 21.905027 54.544575 -11.940503
v 21.905027 54.544575 -11.940503
v 22.200541 54.392086 -12.113100
v 22.200541 54.392086 -12.113100
v 22.299179 54.349548 -12.198981
v 22.299179 54.349548 -12.198981
v 21.862738 54.640697 -8.813085
v 22.680296 56.140553 -9.125734
v 22.074183 54.483986 -10.425441
v 22.958035 56.012264 -11.433631
v 22.667738 56.152397 -8.998297
v 22.556746 56.120766 -8.923805
v 22.237835 56.019157 -8.681222
v 21.718109 55.790386 -8.310111
v 21.447641 55.602692 -8.159220
v 21.298323 55.410297 -8.107534
v 21.277142 55.316441 -8.117568
v 21.288858 55.224937 -8.148732
v 21.390959 55.049049 -8.262630
v 21.809931 54.696674 -8.657146
v 21.802444 54.683826 -8.755572
v 21.869881 54.652588 -8.717506
v 22.672985 56.145187 -9.069617
v 22.555304 56.110111 -9.002375
v 22.231369 56.002899 -8.782351
v 21.710426 55.769150 -8.435206
v 21.438433 55.579838 -8.289286
v 21.287798 55.387287 -8.236355
v 21.266323 55.293884 -8.244454
v 21.278008 55.203140 -8.273070
v 21.380692 55.029503 -8.380324
v 21.861889 54.632343 -8.882956
v 22.559044 56.103569 -9.061950
v 22.231415 55.992378 -8.856675
v 21.710094 55.755070 -8.526308
v 21.437368 55.564571 -8.383972
v 21.285954 55.371830 -8.330223
v 21.264244 55.278683 -8.336964
v 21.275820 55.188404 -8.363771
v 21.378603 55.016178 -8.466298
v 21.801466 54.674835 -8.827621
v 22.792818 56.092224 -9.862908
v 22.659319 56.046150 -9.817447
v 22.320534 55.911293 -9.697728
v 21.807295 55.644016 -9.499404
v 21.536007 55.441959 -9.391212
v 21.381712 55.245392 -9.333636
v 21.357615 55.153034 -9.329331
v 21.366617 55.065094 -9.340747
v 21.465206 54.901234 -9.403044
v 21.890146 54.588802 -9.635775
v 21.950956 54.551220 -9.663793
v 21.876654 54.605053 -9.125998
v 21.816126 54.645657 -9.078698
v 21.392233 54.974808 -8.763121
v 21.290236 55.143253 -8.675667
v 21.279348 55.232365 -8.654613
v 21.301899 55.324947 -8.652124
v 21.455130 55.518669 -8.708037
v 21.728743 55.713165 -8.838332
v 22.249081 55.961815 -9.116590
v 22.583149 56.083508 -9.281190
v 22.711468 56.124851 -9.336802
v 22.889345 56.050945 -10.631490
v 22.754820 56.001625 -10.595061
v 22.416815 55.857304 -10.505340
v 21.913555 55.574661 -10.361812
v 21.648058 55.365082 -10.273046
v 21.495354 55.164463 -10.217343
v 21.469986 55.071445 -10.208020
v 21.476873 54.983654 -10.211440
v 21.571613 54.821926 -10.252881
v 22.009888 54.519165 -10.421701
v 22.942524 56.022366 -11.216947
v 22.808388 55.971504 -11.185542
v 22.472528 55.822735 -11.109521
v 21.976065 55.532509 -10.988445
v 21.715313 55.318676 -10.909958
v 21.564693 55.115242 -10.857204
v 21.538788 55.021454 -10.846126
v 21.544443 54.933266 -10.846065
v 21.636799 54.771614 -10.877798
v 22.095249 54.468910 -11.050808
v 22.166916 54.433884 -11.047246
v 22.250980 54.384007 -11.709443
v 22.164930 54.422092 -11.679570
v 21.685013 54.728130 -11.472214
v 21.657034 54.754391 -11.107161
v 21.594742 54.890411 -11.445875
v 21.590052 54.979187 -11.447764
v 21.616247 55.073811 -11.459426
v 21.764584 55.279713 -11.508674
v 22.020800 55.496876 -11.579063
v 22.511206 55.792645 -11.685263
v 22.844830 55.944618 -11.751737
v 22.978405 55.996609 -11.779309
v 22.199793 54.415302 -11.288043
v 22.123547 54.450958 -11.287410
v 21.565502 54.916218 -11.077965
v 21.560242 55.004612 -11.078893
v 21.586281 55.098717 -11.090308
v 21.736042 55.303127 -11.141774
v 21.995037 55.518318 -11.216984
v 22.489119 55.810841 -11.331779
v 22.824110 55.960938 -11.403803
v 25.327152 56.290535 -14.352171
v 25.327152 56.290535 -14.352171
v 25.363091 56.248520 -16.675179
v 25.363091 56.248520 -16.675179
v 25.337660 56.213844 -19.344475
v 25.337660 56.213844 -19.344475
v 25.241234 56.189537 -22.245075
v 25.241234 56.189537 -22.245075
v 24.796869 56.184116 -28.280247
v 24.796869 56.184116 -28.280247
v 24.429672 56.209049 -31.184851
v 24.429672 56.209049 -31.184851
v 23.952957 56.256447 -33.860817
v 23.952957 56.256447 -33.860817
v 23.360779 56.329025 -36.204517
v 23.360779 56.329025 -36.204517
v 22.679138 56.426815 -38.210758
v 22.679138 56.426815 -38.210758
v 21.950214 56.548473 -39.924793
v 21.950214 56.548473 -39.924793
v 21.202972 56.692890 -41.386478
v 21.202972 56.692890 -41.386478
v 20.445700 56.859318 -42.626675
v 20.445700 56.859318 -42.626675
v 19.684906 57.047035 -43.675476
v 19.684906 57.047035 -43.675476
v 18.178785 57.483498 -45.319248
v 18.178785 57.483498 -45.319248
v 16.736612 57.996552 -46.558475
v 16.736612 57.996552 -46.558475
v 15.350638 58.581898 -47.586887
v 15.350638 58.581898 -47.586887
v 13.841234 59.239307 -48.463215
v 13.841234 59.239307 -48.463215
v 11.998059 59.969276 -49.222057
v 11.998059 59.969276 -49.222057
v 9.621906 60.767502 -49.895039
v 9.621906 60.767502 -49.895039
v 6.713479 61.543430 -50.460472
v 6.713479 61.543430 -50.460472
v 3.446402 62.131908 -50.850567
v 3.446402 62.131908 -50.850567
v 0.000000 62.365314 -50.996002
v 0.000000 62.365314 -50.996002
v -3.446402 62.131908 -50.850567
v -3.446402 62.131908 -50.850567
v -6.713479 61.543430 -50.460472
v -6.713479 61.543430 -50.460472
v -9.621906 60.767502 -49.895039
v -9.621906 60.767502 -49.895039
v -11.998059 59.969276 -49.222057
v -11.998059 59.969276 -49.222057
v -13.841234 59.239307 -48.463215
v -13.841234 59.239307 -48.463215
v -15.350638 58.581898 -47.586887
v -15.350638 58.581898 -47.586887
v -16.736612 57.996552 -46.558475
v -16.736612 57.996552 -46.558475
v -18.178785 57.483498 -45.319248
v -18.178785 57.483498 -45.319248
v -19.684906 57.047035 -43.675476
v -19.684906 57.047035 -43.675476
v -20.445700 56.859318 -42.626675
v -20.445700 56.859318 -42.626675
v -21.202972 56.692890 -41.386478
v -21.202972 56.692890 -41.386478
v -21.950214 56.548473 -39.924793
v -21.950214 56.548473 -39.924793
v -22.679138 56.426815 -38.210758
v -22.679138 56.426815 -38.210758
v -23.360779 56.329025 -36.204517
v -23.360779 56.329025 -36.204517
v -23.952957 56.256447 -33.860817
v -23.952957 56.256447 -33.860817
v -24.429672 56.209049 -31.184851
v -24.429672 56.209049 -31.184851
v -24.796869 56.184116 -28.280247
v -24.796869 56.184116 -28.280247
v -25.241234 56.189537 -22.245075
v -25.241234 56.189537 -22.245075
v -25.337660 56.213844 -19.344475
v -25.337660 56.213844 -19.344475
v -25.363091 56.248520 -16.675179
v -25.363091 56.248520 -16.675179
v -25.327152 56.290535 -14.352171
v -25.327152 56.290535 -14.352171
v -24.644432 56.438419 -9.634051
v -24.644432 56.438419 -9.634051
v -24.552385 56.440689 -9.576594
v -24.552385 56.440689 -9.576594
v -23.745584 56.394550 -9.162775
v -23.745584 56.394550 -9.162775
v -22.949745 56.237984 -9.023961
v -22.949745 56.237984 -9.023961
v -23.145094 55.953800 -14.137385
v -23.145094 55.953800 -14.137385
v -23.067257 55.873970 -16.511988
v -23.067257 55.873970 -16.511988
v -22.907152 55.797405 -19.192945
v -22.907152 55.797405 -19.192945
v -22.673365 55.731297 -22.071960
v -22.673365 55.731297 -22.071960
v -22.019064 55.659210 -27.990984
v -22.019064 55.659210 -27.990984
v -21.615715 55.667618 -30.814398
v -21.615715 55.667618 -30.814398
v -21.173008 55.715248 -33.402687
v -21.173008 55.715248 -33.402687
v -20.699524 55.808323 -35.659039
v -20.699524 55.808323 -35.659039
v -20.203815 55.944702 -37.586300
v -20.203815 55.944702 -37.586300
v -19.694382 56.117954 -39.238262
v -19.694382 56.117954 -39.238262
v -19.176773 56.322342 -40.658142
v -19.176773 56.322342 -40.658142
v -18.120611 56.806206 -42.904770
v -18.120611 56.806206 -42.904770
v -17.040518 57.360149 -44.525089
v -17.040518 57.360149 -44.525089
v -15.941254 57.948132 -45.716499
v -15.941254 57.948132 -45.716499
v -14.786675 58.547874 -46.642365
v -14.786675 58.547874 -46.642365
v -13.422991 59.176689 -47.368107
v -13.422991 59.176689 -47.368107
v -11.675383 59.858963 -47.941662
v -11.675383 59.858963 -47.941662
v -9.379147 60.613556 -48.408787
v -9.379147 60.613556 -48.408787
v -6.551094 61.360008 -48.776299
v -6.551094 61.360008 -48.776299
v -3.365046 61.931957 -49.017323
v -3.365046 61.931957 -49.017323
v 0.000000 62.160206 -49.103882
v 0.000000 62.160206 -49.103882
v 3.365046 61.931957 -49.017323
v 3.365046 61.931957 -49.017323
v 6.551094 61.360008 -48.776299
v 6.551094 61.360008 -48.776299
v 9.379147 60.613556 -48.408787
v 9.379147 60.613556 -48.408787
v 11.675383 59.858963 -47.941662
v 11.675383 59.858963 -47.941662
v 13.422991 59.176689 -47.368107
v 13.422991 59.176689 -47.368107
v 14.786675 58.547874 -46.642365
v 14.786675 58.547874 -46.642365
v 15.941254 57.948132 -45.716499
v 15.941254 57.948132 -45.716499
v 17.040518 57.360149 -44.525089
v 17.040518 57.360149 -44.525089
v 18.120611 56.806206 -42.904770
v 18.120611 56.806206 -42.904770
v 19.176773 56.322342 -40.658142
v 19.176773 56.322342 -40.658142
v 19.694382 56.117954 -39.238262
v 19.694382 56.117954 -39.238262
v 20.203815 55.944702 -37.586300
v 20.203815 55.944702 -37.586300
v 20.699524 55.808323 -35.659039
v 20.699524 55.808323 -35.659039
v 21.173008 55.715248 -33.402687
v 21.173008 55.715248 -33.402687
v 21.615715 55.667618 -30.814398
v 21.615715 55.667618 -30.814398
v 22.019064 55.659210 -27.990984
v 22.019064 55.659210 -27.990984
v 22.673365 55.731297 -22.071960
v 22.673365 55.731297 -22.071960
v 22.907152 55.797405 -19.192945
v 22.907152 55.797405 -19.192945
v 23.067257 55.873970 -16.511988
v 23.067257 55.873970 -16.511988
v 23.145094 55.953800 -14.137385
v 23.145094 55.953800 -14.137385
v 22.853951 56.210651 -9.022035
v 22.853951 56.210651 -9.022035
v 22.949697 56.237976 -9.023868
v 22.949697 56.237976 -9.023868
v 23.745584 56.394550 -9.162775
v 23.745584 56.394550 -9.162775
v 24.552412 56.440693 -9.576670
v 24.552412 56.440693 -9.576670
v 24.256826 56.436485 -9.475986
v -24.256826 56.436485 -9.475986
v 23.319872 56.319309 -9.152072
v -23.319872 56.319309 -9.152072
v -24.663399 56.439411 -9.689237
v -24.690897 56.439220 -9.757557
v -24.841072 56.427811 -10.210459
v -24.996099 56.397060 -10.991836
v -25.125118 56.353313 -12.195076
v -25.214283 56.307117 -13.904149
v -25.251665 56.269676 -15.741104
v -25.247606 56.236301 -17.849316
v -25.095213 56.189373 -22.611872
v -24.684490 56.182789 -27.975605
v -23.970409 56.238876 -33.014133
v -23.560776 56.286510 -34.909943
v -23.090086 56.349751 -36.600895
v -22.032076 56.521294 -39.434593
v -20.914759 56.749371 -41.662060
v -19.778017 57.030087 -43.396812
v -18.643730 57.359638 -44.743755
v -17.533773 57.734215 -45.807796
v -15.427146 58.605415 -47.469360
v -15.390194 58.668587 -47.424397
v -14.321136 59.101589 -48.155338
v -13.059550 59.640072 -48.766045
v -11.550793 60.222366 -49.316437
v -9.712129 60.845940 -49.819160
v -7.559576 61.463207 -50.261143
v -5.170898 61.998425 -50.613243
v -2.624803 62.375416 -50.846058
v 0.000000 62.518009 -50.930195
v 2.137229 62.422222 -50.873993
v 4.232184 62.162136 -50.715919
v 8.126174 61.312721 -50.157307
v 9.840660 60.805218 -49.788342
v 11.343997 60.296974 -49.380600
v 12.622633 59.815792 -48.942387
v 13.719193 59.363873 -48.467381
v 15.562862 58.544571 -47.374874
v 17.267382 57.832664 -46.037876
v 19.073212 57.228859 -44.270775
v 19.997875 56.971992 -43.095486
v 20.921371 56.747879 -41.650570
v 21.760632 56.572227 -40.033020
v 22.577707 56.427692 -38.094074
v 23.333519 56.316010 -35.775433
v 23.970409 56.238876 -33.014133
v 24.684490 56.182789 -27.975605
v 25.095213 56.189373 -22.611872
v 25.247606 56.236301 -17.849316
v 25.251665 56.269676 -15.741104
v 25.214283 56.307117 -13.904149
v 25.125118 56.353313 -12.195076
v 24.996099 56.397060 -10.991836
v 24.841072 56.427811 -10.210459
v 24.690863 56.439217 -9.757469
v 24.663383 56.439411 -9.689233
v -24.572586 56.442162 -9.644623
v -24.599636 56.442341 -9.721927
v -24.745665 56.431431 -10.193378
v -24.898106 56.400894 -10.983202
v -25.024145 56.357079 -12.191345
v -25.107702 56.310139 -13.902879
v -25.138182 56.271545 -15.740382
v -25.125990 56.236713 -17.847883
v -24.956347 56.186584 -22.605921
v -24.530888 56.177338 -27.961611
v -23.812159 56.233021 -32.990387
v -23.405214 56.281536 -34.881916
v -22.940271 56.346443 -36.568737
v -21.899323 56.523769 -39.395535
v -20.801205 56.760830 -41.618942
v -19.683725 57.052647 -43.352009
v -18.567707 57.394119 -44.698769
v -17.473972 57.780128 -45.763252
v -14.291245 59.171398 -48.108788
v -13.034881 59.716793 -48.716824
v -11.530336 60.307510 -49.263344
v -9.695661 60.942051 -49.760937
v -7.547162 61.571838 -50.197144
v -5.162592 62.118851 -50.543839
v -2.620641 62.504604 -50.772652
v 0.000000 62.650631 -50.855228
v 2.133846 62.552528 -50.800083
v 4.225426 62.286320 -50.644798
v 8.112735 61.418182 -50.094765
v 9.823933 60.900555 -49.730480
v 11.324029 60.383308 -49.326942
v 12.599339 59.894909 -48.892097
v 13.692074 59.437008 -48.419647
v 15.524826 58.606850 -47.330040
v 17.211128 57.881168 -45.993435
v 18.990427 57.258797 -44.225739
v 19.899910 56.992310 -43.050861
v 20.807703 56.759277 -41.607468
v 21.632532 56.576645 -39.992699
v 22.435774 56.426838 -38.058186
v 23.180481 56.311768 -35.745319
v 23.812159 56.233021 -32.990387
v 24.530888 56.177338 -27.961611
v 24.956347 56.186584 -22.605921
v 25.125990 56.236713 -17.847883
v 25.138182 56.271545 -15.740382
v 25.107702 56.310139 -13.902879
v 25.024145 56.357079 -12.191345
v 24.898106 56.400894 -10.983202
v 24.745665 56.431431 -10.193378
v 24.599615 56.442341 -9.721906
v 24.572580 56.442169 -9.644674
v -24.290371 56.436825 -9.575992
v -24.448593 56.425312 -10.120434
v -24.599487 56.394299 -10.942625
v -24.718565 56.349743 -12.168279
v -24.786705 56.300117 -13.889044
v -24.797956 56.257618 -15.729782
v -24.763052 56.217892 -17.836723
v -24.545303 56.156864 -22.584280
v -24.079348 56.137890 -27.918917
v -23.349491 56.190155 -32.921196
v -22.951366 56.240242 -34.800941
v -22.504110 56.308914 -36.476353
v -21.514618 56.500359 -39.284081
v -20.473997 56.759525 -41.496422
v -19.413958 57.078529 -43.224869
v -18.352169 57.448868 -44.570671
v -17.306305 57.862038 -45.635082
v -15.288953 58.788757 -47.288860
v -14.209929 59.304474 -47.964413
v -12.967931 59.862488 -48.560402
v -11.474726 60.468506 -49.091866
v -9.650764 61.123615 -49.571735
v -7.513246 61.777409 -49.989357
v -5.139865 62.347286 -50.319363
v -2.609243 62.750145 -50.536140
v 0.000000 62.902901 -50.614090
v 2.124577 62.800255 -50.562057
v 4.206927 62.522076 -50.415127
v 8.076035 61.617641 -49.891582
v 9.778340 61.080643 -49.542473
v 11.269727 60.546516 -49.153419
v 12.536108 60.044918 -48.731323
v 13.618436 59.576206 -48.269672
v 15.420487 58.725185 -47.195393
v 17.053885 57.969097 -45.865067
v 18.754856 57.302589 -44.097748
v 19.619211 57.012707 -42.924240
v 20.480158 56.757828 -41.484989
v 21.261784 56.558010 -39.877777
v 22.023458 56.395245 -37.955471
v 22.734455 56.272068 -35.658588
v 23.349491 56.190155 -32.921196
v 24.079348 56.137890 -27.918917
v 24.545303 56.156864 -22.584280
v 24.763052 56.217892 -17.836723
v 24.797956 56.257618 -15.729782
v 24.786705 56.300117 -13.889044
v 24.718565 56.349743 -12.168279
v 24.599487 56.394299 -10.942625
v 24.448593 56.425312 -10.120434
v 24.290371 56.436825 -9.575992
v -23.365057 56.320805 -9.262873
v -23.538736 56.309109 -9.848248
v -23.687075 56.274448 -10.723814
v -23.796282 56.223610 -12.011499
v -23.834335 56.162544 -13.779759
v -23.804356 56.106434 -15.645236
v -23.719181 56.050808 -17.763863
v -23.393553 55.955788 -22.502411
v -22.839207 55.906200 -27.792789
v -22.094826 55.944572 -32.731064
v -21.724760 55.996593 -34.581455
v -21.328016 56.072624 -36.228313
v -20.480818 56.291965 -38.988300
v -19.599062 56.590946 -41.172924
v -18.698206 56.955208 -42.888485
v -17.786798 57.369831 -44.227634
v -16.873388 57.819912 -45.283043
v -15.037454 58.777359 -46.882179
v -14.011152 59.289124 -47.510426
v -12.805892 59.836487 -48.049496
v -11.340630 60.429905 -48.517338
v -9.542620 61.074921 -48.930008
v -7.431612 61.722332 -49.282589
v -5.085192 62.288712 -49.557030
v -2.581831 62.690105 -49.735077
v 0.000000 62.842560 -49.798481
v 2.102288 62.740097 -49.756210
v 4.162430 62.462765 -49.635933
v 7.987687 61.563862 -49.200569
v 9.668509 61.032478 -48.905083
v 11.138805 60.506466 -48.570755
v 12.383335 60.014999 -48.201279
v 13.439470 59.556103 -47.788414
v 15.160675 58.713562 -46.793953
v 16.649714 57.934174 -45.509472
v 18.133940 57.207241 -43.757053
v 18.873142 56.880527 -42.589592
v 19.604282 56.588993 -41.161602
v 20.266479 56.358543 -39.573353
v 20.913574 56.170906 -37.681557
v 21.530499 56.031433 -35.424702
v 22.094826 55.944572 -32.731064
v 22.839207 55.906200 -27.792789
v 23.393553 55.955788 -22.502411
v 23.719181 56.050808 -17.763863
v 23.804356 56.106434 -15.645236
v 23.834335 56.162544 -13.779759
v 23.796282 56.223610 -12.011499
v 23.687075 56.274448 -10.723814
v 23.538736 56.309109 -9.848248
v 23.365057 56.320805 -9.262873
v 23.788361 56.396667 -9.272186
v 23.831129 56.397331 -9.387367
v 24.010056 56.385078 -9.989548
v 24.164570 56.352501 -10.852962
v 24.277750 56.305717 -12.107929
v 24.328268 56.251217 -13.847707
v 24.316525 56.202431 -15.697548
v 24.254034 56.155106 -17.807728
v 23.977545 56.077415 -22.547228
v 23.463011 56.043163 -27.857750
v 22.722986 56.088455 -32.827106
v 22.132547 56.172935 -35.542217
v 21.468525 56.304756 -37.818726
v 20.764215 56.481361 -39.725521
v 20.042191 56.699028 -41.323174
v 19.245846 56.976036 -42.756985
v 18.443649 57.288956 -43.928043
v 16.850151 57.996216 -45.690552
v 15.288369 58.774662 -47.003014
v 13.526633 59.633213 -48.044086
v 12.457491 60.104034 -48.484859
v 11.202205 60.608738 -48.884022
v 9.721601 61.148319 -49.248775
v 8.030334 61.692722 -49.573727
v 4.183868 62.612579 -50.056992
v 2.113022 62.896145 -50.191624
v 0.000000 63.000874 -50.239132
v -2.595033 62.845039 -50.167919
v -5.111542 62.434559 -49.968975
v -7.471003 61.854973 -49.664352
v -9.594891 61.191826 -49.276096
v -11.405586 60.530132 -48.826042
v -12.884637 59.920769 -48.322174
v -14.108211 59.360004 -47.750328
v -15.160968 58.839207 -47.094349
v -17.088324 57.883919 -45.461800
v -18.068521 57.445751 -44.400219
v -19.055660 57.047321 -43.056843
v -20.036499 56.700878 -41.334549
v -20.997795 56.418655 -39.136215
v -21.916061 56.212051 -36.352776
v -22.338282 56.139549 -34.691902
v -22.722986 56.088455 -32.827106
v -23.463011 56.043163 -27.857750
v -23.977545 56.077415 -22.547228
v -24.254034 56.155106 -17.807728
v -24.316525 56.202431 -15.697548
v -24.328268 56.251217 -13.847707
v -24.277750 56.305717 -12.107929
v -24.164570 56.352501 -10.852962
v -24.010056 56.385078 -9.989548
v -23.831129 56.397331 -9.387367
v -23.788361 56.396667 -9.272186
v -22.883354 56.212563 -9.089148
v -22.907602 56.211208 -9.166631
v -23.021273 56.189480 -9.677000
v -23.152790 56.146889 -10.563199
v -23.260084 56.088398 -11.890110
v -23.291941 56.018673 -13.693651
v -23.250200 55.954353 -15.579277
v -23.149441 55.890259 -17.709791
v -22.789337 55.779247 -22.451664
v -22.208790 55.717247 -27.723764
v -21.468266 55.752018 -32.631493
v -21.113861 55.806206 -34.467655
v -20.742054 55.886654 -36.100746
v -19.962835 56.117615 -38.837631
v -19.158510 56.426228 -41.008133
v -18.337023 56.795952 -42.715385
v -17.501810 57.210815 -44.047276
v -16.712549 57.709431 -45.142624
v -16.656311 57.654858 -45.091679
v -14.914510 58.577763 -46.641445
v -13.915833 59.060951 -47.231468
v -12.729785 59.572769 -47.726383
v -11.278829 60.124134 -48.146549
v -9.493544 60.721363 -48.510551
v -7.395009 61.319740 -48.817261
v -5.060887 61.842640 -49.053230
v -2.569708 62.212933 -49.204815
v 0.000000 62.353504 -49.258373
v 2.092436 62.259033 -49.222706
v 4.142695 62.003235 -49.120579
v 7.947966 61.173347 -48.746258
v 9.618623 60.682102 -48.488720
v 11.078594 60.195103 -48.193989
v 12.312023 59.738922 -47.863651
v 13.354534 59.311104 -47.488094
v 15.033385 58.517117 -46.557583
v 16.447466 57.766552 -45.314285
v 17.820686 57.048817 -43.579636
v 18.496731 56.720589 -42.417866
v 19.163267 56.424229 -40.996872
v 19.767057 56.186886 -39.418415
v 20.359264 55.990604 -37.541515
v 20.930965 55.843018 -35.303951
v 21.468266 55.752018 -32.631493
v 22.208790 55.717247 -27.723764
v 22.789337 55.779247 -22.451664
v 23.149441 55.890259 -17.709791
v 23.250200 55.954353 -15.579277
v 23.291941 56.018673 -13.693651
v 23.260084 56.088398 -11.890110
v 23.152790 56.146889 -10.563199
v 23.021273 56.189480 -9.677000
v 22.907646 56.211212 -9.166735
v 22.883329 56.212555 -9.089141
v 22.991056 56.241806 -9.107982
v 23.025545 56.242355 -9.197649
v 23.160542 56.225651 -9.725413
v 23.296972 56.186050 -10.606801
v 23.404440 56.130020 -11.922809
v 23.437151 56.062767 -13.716865
v 23.397614 56.000633 -15.597051
v 23.299927 55.938686 -17.724325
v 22.946709 55.831478 -22.465153
v 22.371040 55.772129 -27.741917
v 21.628450 55.807228 -32.657516
v 21.084166 55.896835 -35.335407
v 20.501219 56.042187 -37.577896
v 19.895355 56.236488 -39.458633
v 19.276867 56.472775 -41.039680
v 18.593922 56.769119 -42.462654
v 17.901720 57.098534 -43.626179
v 16.499861 57.822376 -45.366405
v 15.066245 58.584209 -46.621937
v 13.376225 59.394882 -47.571037
v 12.330098 59.833149 -47.957367
v 11.093738 60.301216 -48.298969
v 9.631083 60.801483 -48.605080
v 7.957831 61.306496 -48.873505
v 4.147558 62.160217 -49.265316
v 2.094859 62.423489 -49.372639
v 0.000000 62.520741 -49.410198
v -2.572691 62.376041 -49.353821
v -5.066885 61.994961 -49.194660
v -7.404086 61.457047 -48.947670
v -9.505796 60.841831 -48.627800
v -11.294390 60.228359 -48.249809
v -12.749132 59.662846 -47.815910
v -13.940274 59.139038 -47.308224
v -14.946230 58.645977 -46.707077
v -17.575579 57.261513 -44.094757
v -18.430328 56.844654 -42.760582
v -19.271992 56.474770 -41.050961
v -20.095768 56.167774 -38.876743
v -20.891863 55.939762 -36.133942
v -21.269934 55.860626 -34.497330
v -21.628450 55.807228 -32.657516
v -22.371040 55.772129 -27.741917
v -22.946709 55.831478 -22.465153
v -23.299927 55.938686 -17.724325
v -23.397614 56.000633 -15.597051
v -23.437151 56.062767 -13.716865
v -23.404440 56.130020 -11.922809
v -23.296972 56.186050 -10.606801
v -23.160542 56.225651 -9.725413
v -23.025558 56.242363 -9.197636
v -22.991135 56.241825 -9.108064
v 23.066582 56.261162 -9.117892
v 23.105949 56.262508 -9.214234
v 23.254356 56.248287 -9.757098
v 23.394068 56.210327 -10.636273
v 23.501816 56.155777 -11.945055
v 23.535452 56.090134 -13.732654
v 23.497822 56.029488 -15.609140
v 23.402704 55.969051 -17.734217
v 23.055191 55.864651 -22.474361
v 22.483780 55.807407 -27.754356
v 21.740253 55.843029 -32.675407
v 21.191120 55.931835 -35.357075
v 20.600168 56.075714 -37.603001
v 19.984585 56.268536 -39.486397
v 19.355722 56.503765 -41.069210
v 18.661268 56.799538 -42.493469
v 17.957790 57.129051 -43.658077
v 16.536062 57.855408 -45.401711
v 15.088993 58.623295 -46.664993
v 13.391346 59.443626 -47.626030
v 12.342763 59.888020 -48.019302
v 11.104406 60.363052 -48.368183
v 9.639903 60.871056 -48.681648
v 7.964841 61.384048 -48.957111
v 4.151033 62.251541 -49.360237
v 2.096593 62.519115 -49.470921
v 0.000000 62.617966 -49.509701
v -2.574825 62.470886 -49.451500
v -5.071167 62.083595 -49.287441
v -7.410543 61.537006 -49.033318
v -9.514472 60.912033 -48.704941
v -11.305344 60.289089 -48.317913
v -12.762662 59.715279 -47.875149
v -13.957267 59.184456 -47.359234
v -14.968196 58.685696 -46.750950
v -16.751408 57.741867 -45.177204
v -17.626596 57.292328 -44.127224
v -18.494959 56.875031 -42.791656
v -19.350765 56.505753 -41.080498
v -20.188288 56.200272 -38.903744
v -20.996412 55.974308 -36.156822
v -21.378912 55.895996 -34.517757
v -21.740253 55.843029 -32.675407
v -22.483780 55.807407 -27.754356
v -23.055191 55.864651 -22.474361
v -23.402704 55.969051 -17.734217
v -23.497822 56.029488 -15.609140
v -23.535452 56.090134 -13.732654
v -23.501816 56.155777 -11.945055
v -23.394068 56.210327 -10.636273
v -23.254356 56.248287 -9.757098
v -23.105953 56.262508 -9.214231
v -23.066603 56.261169 -9.117916
v 24.027370 56.421471 -9.366933
v 24.066011 56.421883 -9.476767
v 24.236147 56.409756 -10.058043
v 24.389191 56.377987 -10.903268
v 24.505003 56.332512 -12.142883
v 24.563875 56.280666 -13.871944
v 24.563255 56.235195 -15.716408
v 24.514194 56.191822 -17.824318
v 24.266394 56.122730 -22.566990
v 23.775478 56.096355 -27.889141
v 23.039919 56.145332 -32.874828
v 22.436811 56.228642 -35.601059
v 21.748936 56.356308 -37.887741
v 21.015549 56.526333 -39.802284
v 20.263294 56.735641 -41.404716
v 19.434164 57.002415 -42.841290
v 18.600410 57.304813 -44.013695
v 16.952360 57.993992 -45.779236
v 15.354298 58.763668 -47.101963
v 13.572248 59.621197 -48.161461
v 12.496510 60.092628 -48.613628
v 11.235700 60.597725 -49.025173
v 9.749740 61.136845 -49.402893
v 8.052995 61.679981 -49.740616
v 4.195299 62.596466 -50.244995
v 2.118750 62.878727 -50.386036
v 0.000000 62.982933 -50.435894
v -2.602077 62.827869 -50.361179
v -5.125583 62.419201 -50.152935
v -7.491948 61.841740 -49.835007
v -9.622601 61.180275 -49.431244
v -11.439886 60.519100 -48.965275
v -12.925990 59.909115 -48.446465
v -14.158805 59.347820 -47.861370
v -15.224808 58.827923 -47.194496
v -17.197762 57.883953 -45.549732
v -18.211292 57.456860 -44.486336
v -19.236330 57.071190 -43.141552
v -20.257364 56.737419 -41.416119
v -21.258890 56.466019 -39.210785
v -22.213274 56.266670 -36.415218
v -22.648254 56.195999 -34.747086
v -23.039919 56.145332 -32.874828
v -23.775478 56.096355 -27.889141
v -24.266394 56.122730 -22.566990
v -24.514194 56.191822 -17.824318
v -24.563255 56.235195 -15.716408
v -24.563875 56.280666 -13.871944
v -24.505003 56.332512 -12.142883
v -24.389191 56.377987 -10.903268
v -24.236147 56.409756 -10.058043
v -24.066011 56.421883 -9.476767
v -24.027370 56.421471 -9.366933
v -24.392672 55.339970 -8.943541
v -24.606300 55.951824 -8.925147
v -24.661242 56.143162 -9.002190
v -21.655943 55.764778 -7.916770
v -24.689129 56.295364 -9.146199
v -22.192537 56.030834 -8.335550
v -21.760893 54.828056 -8.290049
v -21.850729 54.851589 -8.172259
v -21.936596 54.867527 -8.107323
v -22.036612 54.882011 -8.061374
v -22.272993 54.906631 -8.022569
v -22.547657 54.925514 -8.048113
v -22.848389 54.938732 -8.130270
v -24.067831 54.936260 -8.870474
v -24.237783 54.927456 -9.035168
v -21.479671 55.104523 -7.983197
v -21.585596 55.138763 -7.853359
v -21.686674 55.162937 -7.783576
v -21.804316 55.185772 -7.736122
v -22.082138 55.227261 -7.703426
v -22.404781 55.262894 -7.745726
v -22.757961 55.292343 -7.853479
v -24.191929 55.342735 -8.749533
v -24.486925 55.599571 -8.907586
v -21.383045 55.287971 -7.853862
v -21.495703 55.327812 -7.717702
v -21.603258 55.356411 -7.645103
v -21.728464 55.383823 -7.596372
v -22.024212 55.434738 -7.565337
v -22.367712 55.479897 -7.614250
v -22.743729 55.518639 -7.732764
v -24.272137 55.598991 -8.699352
v -21.372410 55.382202 -7.816687
v -21.486750 55.424179 -7.677961
v -21.596006 55.454510 -7.604137
v -21.723251 55.483738 -7.554740
v -22.023937 55.538452 -7.523905
v -22.373268 55.587482 -7.574818
v -22.755705 55.629993 -7.696841
v -24.311365 55.722027 -8.688301
v -24.530512 55.723827 -8.901924
v -21.393263 55.477875 -7.801997
v -21.507847 55.521393 -7.661192
v -21.617502 55.553013 -7.586308
v -21.745306 55.583618 -7.536248
v -22.047508 55.641266 -7.505175
v -22.398766 55.693314 -7.557126
v -22.783379 55.738739 -7.681253
v -24.349352 55.839241 -8.689541
v -24.570589 55.841835 -8.907182
v -21.449026 55.574554 -7.812640
v -21.562286 55.618927 -7.670406
v -21.670900 55.651329 -7.594716
v -21.797621 55.682804 -7.544061
v -22.097534 55.742374 -7.512364
v -22.446344 55.796425 -7.564348
v -22.828369 55.843742 -7.689052
v -24.385540 55.948936 -8.705090
v -21.537703 55.670765 -7.850395
v -21.648317 55.715324 -7.707909
v -21.754637 55.748013 -7.631993
v -21.878805 55.779869 -7.581068
v -22.172892 55.840374 -7.548668
v -22.515057 55.895432 -7.599741
v -22.889837 55.943638 -7.723368
v -24.419140 56.049870 -8.736242
v -24.636797 56.052612 -8.956628
v -21.800400 55.854858 -8.013274
v -21.903147 55.897930 -7.876311
v -22.002157 55.929852 -7.803212
v -22.117821 55.961147 -7.753948
v -22.391371 56.020847 -7.721390
v -22.709003 56.075165 -7.768147
v -23.056398 56.122368 -7.884152
v -24.475180 56.220905 -8.849813
v -24.678789 56.222431 -9.062398
v -24.449303 56.140900 -8.784113
v -22.966331 56.036991 -7.787352
v -22.603182 55.988838 -7.666582
v -22.271523 55.933716 -7.617280
v -21.986368 55.873188 -7.650091
v -21.865969 55.841404 -7.700654
v -21.762939 55.808891 -7.775834
v -22.749432 56.190128 -8.895556
v -22.844093 56.221024 -8.862709
v -22.926504 56.244602 -8.848744
v -23.016647 56.268215 -8.841196
v -23.215330 56.313168 -8.848726
v -23.432518 56.352982 -8.887817
v -23.661022 56.385788 -8.958166
v -24.534481 56.434753 -9.461799
v -24.649889 56.432243 -9.557602
v -24.660089 56.422573 -9.486409
v -24.527279 56.424870 -9.361429
v -23.578213 56.371277 -8.771427
v -23.336180 56.336548 -8.695848
v -23.108170 56.294521 -8.659055
v -22.902121 56.247055 -8.663096
v -22.810003 56.222054 -8.680947
v -22.727089 56.196930 -8.709381
v -22.635008 56.163857 -8.769822
v -24.689342 56.352661 -9.247587
v -24.513323 56.353184 -9.061578
v -23.295250 56.275326 -8.227635
v -22.995417 56.233032 -8.129116
v -22.719130 56.183289 -8.089787
v -22.478148 56.128059 -8.117029
v -22.374928 56.099106 -8.158246
v -22.285824 56.069786 -8.219676
v -24.497683 56.294830 -8.943997
v -23.169422 56.205360 -8.032290
v -22.843792 56.160164 -7.923881
v -22.545252 56.107677 -7.880708
v -22.287031 56.049782 -7.911774
v -22.177393 56.019451 -7.958155
v -22.083330 55.988628 -8.026951
v -21.985567 55.947330 -8.155996
v 21.760893 54.828056 -8.290049
v 24.486925 55.599571 -8.907586
v 24.606300 55.951824 -8.925147
v 21.655943 55.764778 -7.916770
v 24.661242 56.143162 -9.002190
v 21.985567 55.947330 -8.155996
v 24.689129 56.295364 -9.146199
v 24.237783 54.927456 -9.035168
v 24.067831 54.936260 -8.870474
v 23.548485 54.948135 -8.476584
v 22.848389 54.938732 -8.130270
v 22.515627 54.923698 -8.042337
v 22.216724 54.901657 -8.025359
v 22.013241 54.878918 -8.069993
v 21.850729 54.851589 -8.172259
v 24.570589 55.841835 -8.907182
v 24.349352 55.839241 -8.689541
v 23.679768 55.811745 -8.162032
v 22.783379 55.738739 -7.681253
v 22.357801 55.687840 -7.547591
v 21.975561 55.628902 -7.504523
v 21.715437 55.576912 -7.545296
v 21.507847 55.521393 -7.661192
v 21.393263 55.477875 -7.801997
v 21.372410 55.382202 -7.816687
v 21.486750 55.424179 -7.677961
v 21.693520 55.477345 -7.563674
v 21.952368 55.526752 -7.523318
v 22.332535 55.582344 -7.565454
v 22.755705 55.629993 -7.696841
v 23.646759 55.697567 -8.169854
v 24.311365 55.722027 -8.688301
v 24.530512 55.723827 -8.901924
v 24.636797 56.052612 -8.956628
v 24.419140 56.049870 -8.736242
v 23.763823 56.020901 -8.204758
v 22.889837 55.943638 -7.723368
v 22.475143 55.889626 -7.590284
v 22.102839 55.827351 -7.548270
v 21.849770 55.772869 -7.590296
v 21.648317 55.715324 -7.707909
v 21.537703 55.670765 -7.850395
v 21.449026 55.574554 -7.812640
v 21.562286 55.618927 -7.670406
v 21.767996 55.675896 -7.553224
v 22.026110 55.729572 -7.511790
v 22.405661 55.790730 -7.554781
v 22.828369 55.843742 -7.689052
v 23.719034 55.919964 -8.172876
v 24.385540 55.948936 -8.705090
v 24.678789 56.222431 -9.062398
v 24.475180 56.220905 -8.849813
v 23.865885 56.195728 -8.340905
v 23.056398 56.122368 -7.884152
v 22.671980 56.069447 -7.759349
v 22.326267 56.007984 -7.721416
v 22.090778 55.954262 -7.762908
v 21.903147 55.897930 -7.876311
v 21.800400 55.854858 -8.013274
v 21.762939 55.808891 -7.775834
v 21.958212 55.866199 -7.659271
v 22.203606 55.920677 -7.617100
v 22.564501 55.983028 -7.657380
v 22.966331 56.036991 -7.787352
v 23.813112 56.113251 -8.259995
v 24.449303 56.140900 -8.784113
v 24.689342 56.352661 -9.247587
v 24.513323 56.353184 -9.061578
v 23.989815 56.336540 -8.620433
v 23.295250 56.275326 -8.227635
v 22.963341 56.227840 -8.121689
v 22.662111 56.171421 -8.089827
v 22.454092 56.121677 -8.124514
v 22.285824 56.069786 -8.219676
v 22.192537 56.030834 -8.335550
v 22.083330 55.988628 -8.026951
v 22.261423 56.043102 -7.920217
v 22.483917 56.095215 -7.880877
v 22.809042 56.154655 -7.915698
v 23.169422 56.205360 -8.032290
v 23.926754 56.273506 -8.462325
v 24.497683 56.294830 -8.943997
v 24.649914 56.432240 -9.557607
v 24.534548 56.434750 -9.461885
v 24.171551 56.428410 -9.210751
v 23.661022 56.385788 -8.958166
v 23.407696 56.348869 -8.881924
v 23.169327 56.303555 -8.844319
v 22.996021 56.263000 -8.842265
v 22.844114 56.221043 -8.862629
v 22.749468 56.190140 -8.895566
v 22.635059 56.163860 -8.769923
v 22.727127 56.196941 -8.709395
v 22.880939 56.241543 -8.666145
v 23.060202 56.284378 -8.656352
v 23.310007 56.332203 -8.689807
v 23.578213 56.371277 -8.771427
v 24.126244 56.417137 -9.057857
v 24.527300 56.424866 -9.361431
v 24.660067 56.422569 -9.486328
v 21.383045 55.287971 -7.853862
v 21.495703 55.327812 -7.717702
v 21.699213 55.377838 -7.605205
v 21.953827 55.423897 -7.564960
v 22.327662 55.475182 -7.605189
v 22.743729 55.518639 -7.732764
v 23.619635 55.578907 -8.193772
v 24.272137 55.598991 -8.699352
v 24.314306 55.130123 -8.987002
v 21.479671 55.104523 -7.983197
v 21.585596 55.138763 -7.853359
v 21.776833 55.180817 -7.744799
v 22.016024 55.218536 -7.703875
v 22.367163 55.259235 -7.737619
v 22.757961 55.292343 -7.853479
v 23.580427 55.334152 -8.279416
v 24.191929 55.342735 -8.749533
v 24.392672 55.339970 -8.943541
v 21.608212 54.963356 -8.125721
v 21.706537 54.992344 -8.001775
v 21.884186 55.027096 -7.896498
v 22.106470 55.057320 -7.854167
v 22.432863 55.088615 -7.880453
v 22.796165 55.112564 -7.983582
v 23.560627 55.137878 -8.372666
v 24.128286 55.135994 -8.806941
v 22.472393 54.234997 -13.575199
v 22.472393 54.234997 -13.575199
v 22.478884 54.172352 -14.775705
v 22.478884 54.172352 -14.775705
v 22.417873 54.055176 -17.124500
v 22.417873 54.055176 -17.124500
v 22.294947 53.935425 -19.687754
v 22.294947 53.935425 -19.687754
v 21.889826 53.717384 -25.134178
v 21.889826 53.717384 -25.134178
v 21.287098 53.578060 -30.472866
v 21.287098 53.578060 -30.472866
v 20.912725 53.555691 -32.906342
v 20.912725 53.555691 -32.906342
v 20.490479 53.573635 -35.081406
v 20.490479 53.573635 -35.081406
v 20.029392 53.626095 -36.976856
v 20.029392 53.626095 -36.976856
v 19.545965 53.696312 -38.619854
v 19.545965 53.696312 -38.619854
v 19.053938 53.769814 -40.037849
v 19.053938 53.769814 -40.037849
v 18.556421 53.841515 -41.253231
v 18.556421 53.841515 -41.253231
v 17.548046 53.967400 -43.161354
v 17.548046 53.967400 -43.161354
v 16.527090 54.049721 -44.514576
v 16.527090 54.049721 -44.514576
v 15.498591 54.064487 -45.482544
v 15.498591 54.064487 -45.482544
v 14.401999 54.000633 -46.196667
v 14.401999 54.000633 -46.196667
v 13.078959 53.866360 -46.731346
v 13.078959 53.866360 -46.731346
v 11.363140 53.671452 -47.156334
v 11.363140 53.671452 -47.156334
v 9.105216 53.428318 -47.535393
v 9.105216 53.428318 -47.535393
v 6.348384 53.179070 -47.864529
v 6.348384 53.179070 -47.864529
v 3.257664 52.984631 -48.096878
v 3.257664 52.984631 -48.096878
v 0.000000 52.906212 -48.184891
v 0.000000 52.906212 -48.184891
v -3.257664 52.984631 -48.096878
v -3.257664 52.984631 -48.096878
v -6.348384 53.179070 -47.864529
v -6.348384 53.179070 -47.864529
v -9.105216 53.428318 -47.535393
v -9.105216 53.428318 -47.535393
v -11.363140 53.671452 -47.156334
v -11.363140 53.671452 -47.156334
v -13.078959 53.866360 -46.731346
v -13.078959 53.866360 -46.731346
v -14.401999 54.000633 -46.196667
v -14.401999 54.000633 -46.196667
v -15.498591 54.064487 -45.482544
v -15.498591 54.064487 -45.482544
v -16.527090 54.049721 -44.514576
v -16.527090 54.049721 -44.514576
v -17.548046 53.967400 -43.161354
v -17.548046 53.967400 -43.161354
v -18.556421 53.841515 -41.253231
v -18.556421 53.841515 -41.253231
v -19.053938 53.769814 -40.037849
v -19.053938 53.769814 -40.037849
v -19.545965 53.696312 -38.619854
v -19.545965 53.696312 -38.619854
v -20.029392 53.626095 -36.976856
v -20.029392 53.626095 -36.976856
v -20.490479 53.573635 -35.081406
v -20.490479 53.573635 -35.081406
v -20.912725 53.555691 -32.906342
v -20.912725 53.555691 -32.906342
v -21.287098 53.578060 -30.472866
v -21.287098 53.578060 -30.472866
v -21.889826 53.717384 -25.134178
v -21.889826 53.717384 -25.134178
v -22.294947 53.935425 -19.687754
v -22.294947 53.935425 -19.687754
v -22.417873 54.055176 -17.124500
v -22.417873 54.055176 -17.124500
v -22.478899 54.172359 -14.775569
v -22.478899 54.172359 -14.775569
v -24.580519 54.316067 -13.532970
v -24.580519 54.316067 -13.532970
v -24.574703 54.266026 -14.718340
v -24.574703 54.266026 -14.718340
v -24.559147 54.169090 -17.081505
v -24.559147 54.169090 -17.081505
v -24.519184 54.065952 -19.692129
v -24.519184 54.065952 -19.692129
v -24.307491 53.866428 -25.301220
v -24.307491 53.866428 -25.301220
v -23.830732 53.724113 -30.855017
v -23.830732 53.724113 -30.855017
v -23.460928 53.691368 -33.402420
v -23.460928 53.691368 -33.402420
v -22.987686 53.692692 -35.688538
v -22.987686 53.692692 -35.688538
v -22.421862 53.724323 -37.685257
v -22.421862 53.724323 -37.685257
v -21.794428 53.773548 -39.411438
v -21.794428 53.773548 -39.411438
v -21.132559 53.829346 -40.888737
v -21.132559 53.829346 -40.888737
v -20.447626 53.887718 -42.142761
v -20.447626 53.887718 -42.142761
v -19.040182 54.002357 -44.086945
v -19.040182 54.002357 -44.086945
v -17.635323 54.097801 -45.455860
v -17.635323 54.097801 -45.455860
v -16.294460 54.154530 -46.460335
v -16.294460 54.154530 -46.460335
v -14.980984 54.160378 -47.254658
v -14.980984 54.160378 -47.254658
v -13.512116 54.114166 -47.908787
v -13.512116 54.114166 -47.908787
v -11.693156 54.015610 -48.485817
v -11.693156 54.015610 -48.485817
v -9.347784 53.866962 -49.041218
v -9.347784 53.866962 -49.041218
v -6.507798 53.699406 -49.544163
v -6.507798 53.699406 -49.544163
v -3.336682 53.562389 -49.909210
v -3.336682 53.562389 -49.909210
v 0.000000 53.505661 -50.050072
v 0.000000 53.505661 -50.050072
v 3.336682 53.562389 -49.909210
v 3.336682 53.562389 -49.909210
v 6.507798 53.699406 -49.544163
v 6.507798 53.699406 -49.544163
v 9.347784 53.866962 -49.041218
v 9.347784 53.866962 -49.041218
v 11.693156 54.015610 -48.485817
v 11.693156 54.015610 -48.485817
v 13.512116 54.114166 -47.908787
v 13.512116 54.114166 -47.908787
v 14.980984 54.160378 -47.254658
v 14.980984 54.160378 -47.254658
v 16.294460 54.154530 -46.460335
v 16.294460 54.154530 -46.460335
v 17.635323 54.097801 -45.455860
v 17.635323 54.097801 -45.455860
v 19.040182 54.002357 -44.086945
v 19.040182 54.002357 -44.086945
v 20.447626 53.887718 -42.142761
v 20.447626 53.887718 -42.142761
v 21.132559 53.829346 -40.888737
v 21.132559 53.829346 -40.888737
v 21.794428 53.773548 -39.411438
v 21.794428 53.773548 -39.411438
v 22.421862 53.724323 -37.685257
v 22.421862 53.724323 -37.685257
v 22.987686 53.692692 -35.688538
v 22.987686 53.692692 -35.688538
v 23.460928 53.691368 -33.402420
v 23.460928 53.691368 -33.402420
v 23.830732 53.724113 -30.855017
v 23.830732 53.724113 -30.855017
v 24.307491 53.866428 -25.301220
v 24.307491 53.866428 -25.301220
v 24.519184 54.065952 -19.692129
v 24.519184 54.065952 -19.692129
v 24.559147 54.169090 -17.081505
v 24.559147 54.169090 -17.081505
v 24.574669 54.266026 -14.718223
v 24.574669 54.266026 -14.718223
v 18.643953 53.959949 -44.373188
v 17.392622 53.928757 -43.542938
v -19.373833 53.903488 -43.511566
v -17.935104 53.873108 -42.690296
v 22.607151 54.185810 -13.945782
v 22.739204 54.147766 -14.231985
v 22.826614 54.127953 -14.376688
v 23.101208 54.082989 -14.697560
v 23.428715 54.059940 -14.856447
v 23.728998 54.023361 -15.798029
v 24.069311 54.108967 -14.586860
v 24.049320 54.067223 -15.579515
v 24.357803 54.190929 -14.149590
v 24.470346 54.244637 -13.876700
v 23.754826 54.067482 -14.817684
v 22.596416 54.133579 -15.018561
v 22.718481 54.099617 -15.250541
v 22.802656 54.080532 -15.380465
v 23.071785 54.036739 -15.679184
v 23.399166 54.014397 -15.832949
v 24.346085 54.151848 -15.176329
v 24.463097 54.203651 -14.949564
v 22.530531 54.025326 -17.229069
v 22.648533 53.995419 -17.397581
v 22.731331 53.977596 -17.503021
v 22.996098 53.936699 -17.753489
v 23.325788 53.916283 -17.891449
v 23.663832 53.927719 -17.866022
v 23.996765 53.974926 -17.681103
v 24.312157 54.062706 -17.348423
v 24.438959 54.113304 -17.180748
v 22.413464 53.909943 -19.683289
v 22.532694 53.881748 -19.807762
v 22.616219 53.864918 -19.888454
v 22.884043 53.826206 -20.090427
v 23.221243 53.807541 -20.211618
v 23.570972 53.821262 -20.198347
v 23.919518 53.871334 -20.053768
v 24.254417 53.961372 -19.800505
v 24.390860 54.012421 -19.679440
v 22.030828 53.693867 -24.944706
v 22.157385 53.665104 -25.015326
v 22.246277 53.648190 -25.062193
v 22.531847 53.609932 -25.188274
v 22.892710 53.592686 -25.283224
v 23.270657 53.609562 -25.301298
v 23.652016 53.664291 -25.244318
v 24.023001 53.759583 -25.135916
v 24.175461 53.813297 -25.084246
v 21.471121 53.548611 -30.061644
v 21.603855 53.516129 -30.104383
v 21.697289 53.497231 -30.133492
v 21.997841 53.454906 -30.219004
v 22.377768 53.435692 -30.304003
v 22.776020 53.453018 -30.358950
v 23.178307 53.510406 -30.382864
v 23.569990 53.610729 -30.386524
v 23.730984 53.667557 -30.385092
v 21.122290 53.517025 -32.428249
v 21.255960 53.481915 -32.464745
v 21.350101 53.461533 -32.490009
v 21.653002 53.415897 -32.567600
v 22.035742 53.394547 -32.654602
v 22.436485 53.411106 -32.728409
v 22.840691 53.468899 -32.786518
v 23.233610 53.570915 -32.832558
v 23.394892 53.628910 -32.849571
v 20.727051 53.521233 -34.575382
v 20.859339 53.483170 -34.610256
v 20.952513 53.461090 -34.634731
v 21.252230 53.411507 -34.712349
v 21.630613 53.387341 -34.806503
v 22.026159 53.402477 -34.898438
v 22.424332 53.459949 -34.984314
v 22.810518 53.562675 -35.062447
v 22.968735 53.621281 -35.093159
v 20.290426 53.560246 -36.466255
v 20.418739 53.519108 -36.503124
v 20.509079 53.495235 -36.529194
v 20.799486 53.441364 -36.613209
v 21.165646 53.413918 -36.718689
v 21.547752 53.427132 -36.827156
v 21.931610 53.483635 -36.933781
v 22.303007 53.586037 -37.034130
v 22.454840 53.644623 -37.074120
v 19.826614 53.620529 -38.118816
v 19.948744 53.576481 -38.159233
v 20.034685 53.550903 -38.187901
v 20.310747 53.492916 -38.280762
v 20.658382 53.462231 -38.398411
v 21.020626 53.473423 -38.520817
v 21.383905 53.528656 -38.642448
v 21.734653 53.630093 -38.757786
v 21.877773 53.688248 -38.803917
v 19.349966 53.687946 -39.556194
v 19.464148 53.641426 -39.599682
v 19.544474 53.614410 -39.630573
v 19.802387 53.552975 -39.730824
v 20.126955 53.519604 -39.858173
v 20.464905 53.529087 -39.991005
v 20.803524 53.583115 -40.123333
v 21.130096 53.683380 -40.249165
v 21.263220 53.740925 -40.299618
v 18.866640 53.755360 -40.798969
v 18.971537 53.706848 -40.844437
v 19.045336 53.678684 -40.876766
v 19.282318 53.614574 -40.981842
v 19.580589 53.579216 -41.115604
v 19.891203 53.587505 -41.255451
v 20.202478 53.640667 -41.395134
v 20.502735 53.739925 -41.528404
v 20.625149 53.796883 -41.582005
v 18.133997 53.849949 -42.335484
v 18.223415 53.799088 -42.382446
v 18.286375 53.769615 -42.415867
v 18.488783 53.702644 -42.524624
v 18.743982 53.665535 -42.663403
v 19.010254 53.673153 -42.808960
v 19.277674 53.726082 -42.954945
v 19.536310 53.824890 -43.095013
v 19.642006 53.881428 -43.151661
v 17.465881 53.875965 -43.590458
v 17.517550 53.845474 -43.624260
v 17.684067 53.776588 -43.734261
v 17.894802 53.739025 -43.874775
v 18.115582 53.747540 -44.022503
v 18.338329 53.802116 -44.171242
v 18.554976 53.902733 -44.314793
v 15.898148 54.001560 -45.224659
v 15.942575 53.944588 -45.274113
v 15.974106 53.912048 -45.309105
v 16.076658 53.840309 -45.422344
v 16.208220 53.805042 -45.566315
v 16.348070 53.821007 -45.717636
v 16.491426 53.887241 -45.870598
v 16.633518 54.002785 -46.019497
v 16.692842 54.067162 -46.080654
v 17.653421 54.024506 -45.323788
v 17.580215 53.964890 -45.264149
v 17.403299 53.859066 -45.118351
v 17.222935 53.800282 -44.968067
v 17.045424 53.789066 -44.819241
v 16.877062 53.825962 -44.677814
v 16.744810 53.896278 -44.566994
v 16.703936 53.927715 -44.532879
v 16.646133 53.982418 -44.484833
v 14.919819 53.965244 -45.965851
v 14.951640 53.904404 -46.019508
v 14.974336 53.869987 -46.057228
v 15.048658 53.795891 -46.178307
v 15.144952 53.763813 -46.330883
v 15.248342 53.788986 -46.490364
v 15.355443 53.870049 -46.651180
v 15.462873 54.005638 -46.807781
v 15.508176 54.080105 -46.872227
v 13.814766 53.864845 -46.533161
v 13.838276 53.799255 -46.593777
v 13.855107 53.762524 -46.636036
v 13.910519 53.685516 -46.770287
v 13.982819 53.657505 -46.937374
v 14.060966 53.694538 -47.110432
v 14.142451 53.794994 -47.283901
v 14.224759 53.957256 -47.452225
v 14.259664 54.045315 -47.521408
v 12.452779 53.708416 -46.980488
v 12.470868 53.637554 -47.050598
v 12.483842 53.598251 -47.099056
v 12.526637 53.517975 -47.251217
v 12.582602 53.494503 -47.437874
v 12.643182 53.544922 -47.629017
v 12.706398 53.667461 -47.819027
v 12.770271 53.860352 -48.002277
v 12.797358 53.964115 -48.077351
v 10.703648 53.504009 -47.361721
v 10.717806 53.427719 -47.443672
v 10.727957 53.385750 -47.499813
v 10.761414 53.302052 -47.674023
v 10.805082 53.283180 -47.884472
v 10.852221 53.347393 -48.097290
v 10.901228 53.492828 -48.306816
v 10.950503 53.717640 -48.507381
v 10.971307 53.837826 -48.589195
v 8.480420 53.266365 -47.715164
v 8.490964 53.184879 -47.810673
v 8.498518 53.140354 -47.875568
v 8.523385 53.053303 -48.074673
v 8.555768 53.038704 -48.311623
v 8.590612 53.115948 -48.548241
v 8.626695 53.283146 -48.778896
v 8.662790 53.538406 -48.997978
v 8.677960 53.674294 -49.086933
v 5.869178 53.036972 -48.016743
v 5.876171 52.951065 -48.125256
v 5.881178 52.904354 -48.198521
v 5.897650 52.814404 -48.421307
v 5.919062 52.803337 -48.683243
v 5.942050 52.891560 -48.942093
v 5.965785 53.077156 -49.192333
v 5.989438 53.358219 -49.428432
v 5.999345 53.507427 -49.523922
v 2.999258 52.864006 -48.226780
v 3.002744 52.775028 -48.345066
v 3.005239 52.726791 -48.424606
v 3.013443 52.634800 -48.665092
v 3.024096 52.626148 -48.945610
v 3.035517 52.721935 -49.220905
v 3.047288 52.920258 -49.485546
v 3.058992 53.219208 -49.734108
v 3.063884 53.377655 -49.834370
v -2.999258 52.864006 -48.226780
v -3.002744 52.775028 -48.345066
v -3.005239 52.726791 -48.424606
v -3.013443 52.634800 -48.665092
v -3.024096 52.626148 -48.945610
v -3.035517 52.721935 -49.220905
v -3.047288 52.920258 -49.485546
v -3.058992 53.219208 -49.734108
v -3.063884 53.377655 -49.834370
v 0.000000 53.325417 -49.952473
v 0.000000 53.163506 -49.850368
v 0.000000 52.857868 -49.596970
v 0.000000 52.654793 -49.326721
v 0.000000 52.556183 -49.045006
v 0.000000 52.563946 -48.757206
v 0.000000 52.656708 -48.509758
v 0.000000 52.705513 -48.427750
v 0.000000 52.795643 -48.305607
v -5.869178 53.036972 -48.016743
v -5.876171 52.951065 -48.125256
v -5.881178 52.904354 -48.198521
v -5.897650 52.814404 -48.421307
v -5.919062 52.803337 -48.683243
v -5.942050 52.891560 -48.942093
v -5.965785 53.077156 -49.192333
v -5.989438 53.358219 -49.428432
v -5.999345 53.507427 -49.523922
v -8.480420 53.266365 -47.715164
v -8.490964 53.184879 -47.810673
v -8.498518 53.140354 -47.875568
v -8.523385 53.053303 -48.074673
v -8.555768 53.038704 -48.311623
v -8.590612 53.115948 -48.548241
v -8.626695 53.283146 -48.778896
v -8.662790 53.538406 -48.997978
v -8.677960 53.674294 -49.086933
v -10.703648 53.504009 -47.361721
v -10.717806 53.427719 -47.443672
v -10.727957 53.385750 -47.499813
v -10.761414 53.302052 -47.674023
v -10.805082 53.283180 -47.884472
v -10.852221 53.347393 -48.097290
v -10.901228 53.492828 -48.306816
v -10.950503 53.717640 -48.507381
v -10.971307 53.837826 -48.589195
v -12.452779 53.708416 -46.980488
v -12.470868 53.637554 -47.050598
v -12.483842 53.598251 -47.099056
v -12.526637 53.517975 -47.251217
v -12.582602 53.494503 -47.437874
v -12.643182 53.544922 -47.629017
v -12.706398 53.667461 -47.819027
v -12.770271 53.860352 -48.002277
v -12.797358 53.964115 -48.077351
v -13.814766 53.864845 -46.533161
v -13.838276 53.799255 -46.593777
v -13.855107 53.762524 -46.636036
v -13.910519 53.685516 -46.770287
v -13.982819 53.657505 -46.937374
v -14.060966 53.694538 -47.110432
v -14.142451 53.794994 -47.283901
v -14.224759 53.957256 -47.452225
v -14.259664 54.045315 -47.521408
v -14.919819 53.965244 -45.965851
v -14.951640 53.904404 -46.019508
v -14.974336 53.869987 -46.057228
v -15.048658 53.795891 -46.178307
v -15.144952 53.763813 -46.330883
v -15.248342 53.788986 -46.490364
v -15.355443 53.870049 -46.651180
v -15.462873 54.005638 -46.807781
v -15.508176 54.080105 -46.872227
v -15.898148 54.001560 -45.224659
v -15.942575 53.944588 -45.274113
v -15.974106 53.912048 -45.309105
v -16.076658 53.840309 -45.422344
v -16.208220 53.805042 -45.566315
v -16.348070 53.821007 -45.717636
v -16.491426 53.887241 -45.870598
v -16.633518 54.002785 -46.019497
v -16.692842 54.067162 -46.080654
v -17.258909 53.940514 -43.729713
v -17.329302 53.887386 -43.777306
v -17.378969 53.856728 -43.811150
v -17.539131 53.787563 -43.921268
v -17.742006 53.750042 -44.061935
v -17.954758 53.758900 -44.209869
v -18.169641 53.814022 -44.358906
v -18.378912 53.915295 -44.502892
v -18.464962 53.972794 -44.561523
v -18.020182 53.821701 -42.737465
v -18.080107 53.791939 -42.771030
v -18.272858 53.724377 -42.880276
v -18.516079 53.687023 -43.019745
v -18.770075 53.694721 -43.166130
v -19.025419 53.747879 -43.313107
v -19.272676 53.846905 -43.454353
v -19.265484 53.699875 -39.788124
v -19.378119 53.652977 -39.832035
v -19.457357 53.625740 -39.863232
v -19.711769 53.563782 -39.964497
v -20.031919 53.530010 -40.093193
v -20.365257 53.539246 -40.227486
v -20.699238 53.593090 -40.361328
v -21.021320 53.693157 -40.488667
v -21.152603 53.750591 -40.539753
v -20.275352 53.827427 -42.190384
v -20.158880 53.770706 -42.135490
v -19.873356 53.671799 -41.999268
v -19.577536 53.618893 -41.856766
v -19.282495 53.611012 -41.714306
v -18.999306 53.647156 -41.578209
v -18.774399 53.712433 -41.471409
v -18.704378 53.741112 -41.438564
v -18.604874 53.790539 -41.392395
v -19.913923 53.608425 -37.829510
v -20.037344 53.564892 -37.869255
v -20.124203 53.539616 -37.897434
v -20.403246 53.482353 -37.988655
v -20.754707 53.452244 -38.104149
v -21.121023 53.463795 -38.224216
v -21.488485 53.519268 -38.343433
v -21.843391 53.620914 -38.456409
v -21.988253 53.679169 -38.501575
v -20.533298 53.535355 -35.464249
v -20.664087 53.495892 -35.499695
v -20.756191 53.473000 -35.524677
v -21.052389 53.421486 -35.604630
v -21.426123 53.395859 -35.703590
v -21.816500 53.410164 -35.803280
v -22.209097 53.467255 -35.899376
v -22.589455 53.569946 -35.988667
v -22.745132 53.628605 -36.024063
v -21.087624 53.515820 -32.637444
v -21.221273 53.480442 -32.673603
v -21.315401 53.459911 -32.698673
v -21.618263 53.413933 -32.775936
v -22.000931 53.392353 -32.863377
v -22.401546 53.408806 -32.938908
v -22.805552 53.466602 -32.999882
v -23.198202 53.568729 -33.049343
v -23.359350 53.626808 -33.067825
v -21.687754 53.588627 -28.311947
v -21.818808 53.557716 -28.362007
v -21.911003 53.539680 -28.395742
v -22.207466 53.499210 -28.491646
v -22.582237 53.481049 -28.578108
v -22.975208 53.498520 -28.619829
v -23.372326 53.555233 -28.616901
v -23.759161 53.653965 -28.585266
v -23.918240 53.709763 -28.568224
v -22.140593 53.741817 -23.656702
v -22.265223 53.713551 -23.737597
v -22.352697 53.696865 -23.791052
v -22.633612 53.658966 -23.932314
v -22.988489 53.641697 -24.032290
v -23.359699 53.658047 -24.042011
v -23.733635 53.711807 -23.963789
v -24.096825 53.805759 -23.822882
v -24.245937 53.858707 -23.756289
v -22.446434 53.937893 -19.074469
v -22.565117 53.909435 -19.208172
v -22.648264 53.892441 -19.294279
v -22.914749 53.853321 -19.507454
v -23.249695 53.834278 -19.632570
v -23.596308 53.847477 -19.616138
v -23.940878 53.896885 -19.461439
v -24.271032 53.986351 -19.189255
v -24.405222 54.037220 -19.057934
v -22.541138 54.039013 -16.946688
v -22.659218 54.008778 -17.121677
v -22.742096 53.990780 -17.230526
v -23.007002 53.949532 -17.487158
v -23.336155 53.928875 -17.627193
v -23.673044 53.940022 -17.600470
v -24.004288 53.986862 -17.411022
v -24.317385 54.074383 -17.068651
v -24.442980 54.124992 -16.894518
v -22.607138 54.185837 -13.945643
v -22.739115 54.147842 -14.231119
v -22.826591 54.127975 -14.376437
v -23.071785 54.036739 -15.679184
v -23.101208 54.082989 -14.697560
v -23.399166 54.014397 -15.832949
v -23.728998 54.023361 -15.798029
v -24.069311 54.108967 -14.586860
v -24.357727 54.190826 -14.150409
v -24.470329 54.244591 -13.876821
v -24.463131 54.203674 -14.948937
v -24.346066 54.151821 -15.176336
v -24.049320 54.067223 -15.579515
v -22.802650 54.080536 -15.380460
v -22.718462 54.099628 -15.250523
v -22.596474 54.133553 -15.019204
v -23.754826 54.067482 -14.817684
v -23.428715 54.059940 -14.856447
v 25.692860 55.691181 -13.169960
v -25.417484 55.215683 -13.086775
v -24.682936 54.392326 -13.350260
v -24.680252 54.335941 -14.532800
v -24.675606 54.248688 -16.596750
v -24.656363 54.160862 -18.830729
v -24.527151 53.987705 -23.638624
v -24.358505 53.926804 -28.525410
v -23.662794 53.769779 -33.101265
v -23.803848 53.854008 -33.116428
v -23.037401 53.773285 -36.088402
v -22.259357 53.822891 -38.583874
v -21.397909 53.892159 -40.633186
v -20.493170 53.966930 -42.291328
v -19.563635 54.042164 -43.617443
v -18.627346 54.113018 -44.670750
v -16.860657 54.312130 -46.249416
v -14.360588 54.373703 -47.713383
v -12.875640 54.348583 -48.285160
v -11.011683 54.120186 -48.743065
v -11.031040 54.281204 -48.814777
v -8.707253 53.992790 -49.253689
v -6.018403 53.856625 -49.702423
v -3.073272 53.748177 -50.021423
v 0.000000 53.703922 -50.142834
v 3.073272 53.748177 -50.021423
v 6.018403 53.856625 -49.702423
v 8.707253 53.992790 -49.253689
v 11.031040 54.281204 -48.814777
v 12.875640 54.348583 -48.285160
v 14.360588 54.373703 -47.713383
v 16.806688 54.222164 -46.195858
v 16.860657 54.312130 -46.249416
v 17.962885 54.158352 -45.290237
v 19.159000 54.073589 -44.102390
v 20.356831 53.978142 -42.506939
v 21.518179 53.882282 -40.378487
v 22.600374 53.798153 -37.592514
v 23.081461 53.771454 -35.917309
v 23.497169 53.764713 -34.036865
v 23.836601 53.781883 -31.957666
v 24.105560 53.820042 -29.724400
v 24.463173 53.944359 -24.992487
v 24.646692 54.136459 -19.469299
v 24.674231 54.236805 -16.893702
v 24.680286 54.336021 -14.531623
v 24.682987 54.392372 -13.349809
v 14.327757 54.253979 -47.652203
v 12.850182 54.208744 -48.218987
v 11.011683 54.120186 -48.743065
v -12.850182 54.208744 -48.218987
v -14.327757 54.253979 -47.652203
v -16.806688 54.222164 -46.195858
v -24.218487 53.846481 -28.537554
v -24.774475 54.470592 -13.232562
v -24.778700 54.411247 -14.412271
v -24.783651 54.321438 -16.490356
v -24.773266 54.233204 -18.744383
v -24.658403 54.063229 -23.591480
v -23.172775 53.858604 -36.117130
v -22.384464 53.907650 -38.620632
v -21.510893 53.975590 -40.675102
v -20.593576 54.049030 -42.336906
v -19.651442 54.123600 -43.665607
v -18.702942 54.195099 -44.720837
v -8.721220 54.174149 -49.331173
v -6.027452 54.055309 -49.785145
v -3.077717 53.958912 -50.107941
v 0.000000 53.919174 -50.230816
v 3.077717 53.958912 -50.107941
v 6.027452 54.055309 -49.785145
v 8.721220 54.174149 -49.331173
v 18.030203 54.242077 -45.341518
v 19.241463 54.155102 -44.151447
v 20.455366 54.060089 -42.552956
v 21.632849 53.965908 -40.419800
v 22.730175 53.883293 -37.626400
v 23.217350 53.856762 -35.945381
v 23.637159 53.849476 -34.056747
v 23.978262 53.865295 -31.966591
v 24.246651 53.901505 -29.719927
v 24.597469 54.021168 -24.955517
v 24.765841 54.208992 -19.388456
v 24.783550 54.309387 -16.790007
v 24.778742 54.411285 -14.411942
v 24.774555 54.470608 -13.232937
v -24.999735 54.695259 -13.107656
v -25.023800 54.638306 -14.232570
v -25.052794 54.545959 -16.296837
v -25.061560 54.456406 -18.575924
v -24.979130 54.295219 -23.493885
v -24.698467 54.173008 -28.500340
v -24.144192 54.112171 -33.151394
v -23.497709 54.120262 -36.182739
v -22.683222 54.167789 -38.704697
v -21.779919 54.231873 -40.771500
v -20.832777 54.301414 -42.442585
v -19.861433 54.373989 -43.778389
v -18.884995 54.447342 -44.839355
v -16.993256 54.587376 -46.378578
v -14.442697 54.736343 -47.862797
v -12.939245 54.770618 -48.446888
v -11.079108 54.766125 -48.989735
v -8.755682 54.719917 -49.519604
v -6.049669 54.653202 -49.985603
v -3.088599 54.593201 -50.317043
v 0.000000 54.567150 -50.443233
v 3.088599 54.593201 -50.317043
v 6.049669 54.653202 -49.985603
v 8.755682 54.719917 -49.519604
v 11.079108 54.766125 -48.989735
v 12.939245 54.770618 -48.446888
v 14.442697 54.736343 -47.862797
v 16.993256 54.587376 -46.378578
v 18.193396 54.499084 -45.463760
v 19.439192 54.405708 -44.266827
v 20.690193 54.312012 -42.659801
v 21.905949 54.222763 -40.514717
v 23.040771 54.144512 -37.703800
v 23.543633 54.118378 -36.009499
v 23.974434 54.109314 -34.102329
v 24.320641 54.120918 -31.987616
v 24.588690 54.151173 -29.711449
v 24.925039 54.256886 -24.878428
v 25.059134 54.432667 -19.228607
v 25.055410 54.533428 -16.599070
v 25.023800 54.638306 -14.232570
v 24.999735 54.695259 -13.107656
v -25.468279 55.171749 -14.157469
v -25.534359 55.098282 -16.152721
v -25.573141 55.025364 -18.405497
v -25.531925 54.896305 -23.367287
v -25.268276 54.809124 -28.459953
v -24.700640 54.776333 -33.196529
v -24.019623 54.793633 -36.273209
v -23.155437 54.840107 -38.821918
v -22.200695 54.898701 -40.907730
v -21.205980 54.963352 -42.595268
v -20.190847 55.035984 -43.945862
v -19.174202 55.118683 -45.020786
v -17.212006 55.322636 -46.588688
v -14.582191 55.690350 -48.120903
v -13.046797 55.873249 -48.730335
v -11.159204 56.029076 -49.297554
v -8.812245 56.142399 -49.849388
v -6.085708 56.215313 -50.333244
v -3.106117 56.254307 -50.676682
v 0.000000 56.265862 -50.807259
v 3.106117 56.254307 -50.676682
v 6.085708 56.215313 -50.333244
v 8.812245 56.142399 -49.849388
v 11.159204 56.029076 -49.297554
v 13.046797 55.873249 -48.730335
v 14.582191 55.690350 -48.120903
v 17.212006 55.322636 -46.588688
v 18.455910 55.185238 -45.655125
v 19.750813 55.070343 -44.440384
v 21.056686 54.973541 -42.814758
v 22.333506 54.890400 -40.648540
v 23.534832 54.818157 -37.811344
v 24.068274 54.791531 -36.097801
v 24.522942 54.777527 -34.163280
v 24.883963 54.779091 -32.012142
v 25.158298 54.795437 -29.693727
v 25.485104 54.867565 -24.773714
v 25.577799 55.005962 -19.058243
v 25.541500 55.088146 -16.448563
v 25.468279 55.171749 -14.157469
v 25.417484 55.215683 -13.086775
v -25.757883 55.882698 -13.227293
v -25.819973 55.855286 -14.271379
v -25.900286 55.812382 -16.214001
v -25.947878 55.772587 -18.415554
v -25.906868 55.709370 -23.314482
v -25.620279 55.678307 -28.415745
v -25.009865 55.688461 -33.192238
v -24.285717 55.728504 -36.289658
v -23.375463 55.792713 -38.845181
v -22.380882 55.871178 -40.935760
v -21.355389 55.962509 -42.631504
v -20.316820 56.071491 -43.994350
v -19.282270 56.203018 -45.086060
v -17.293604 56.553352 -46.703136
v -14.631527 57.259289 -48.334755
v -13.082133 57.664833 -48.993408
v -11.182950 58.074337 -49.599701
v -8.827296 58.461567 -50.175121
v -6.094429 58.788651 -50.669861
v -3.110083 59.014809 -51.016296
v -0.000000 59.099255 -51.146805
v 3.110083 59.014809 -51.016296
v 6.094429 58.788651 -50.669861
v 8.827296 58.461567 -50.175121
v 11.182950 58.074337 -49.599701
v 13.082133 57.664833 -48.993408
v 14.631527 57.259289 -48.334755
v 17.293604 56.553352 -46.703136
v 18.553547 56.313770 -45.735477
v 19.868479 56.125248 -44.495533
v 21.202209 55.977398 -42.852539
v 22.518551 55.859837 -40.675735
v 23.773962 55.763454 -37.832676
v 24.337234 55.725204 -36.113480
v 24.820227 55.697273 -34.167038
v 25.206139 55.681320 -31.997196
v 25.501333 55.676651 -29.658546
v 25.855946 55.697224 -24.717216
v 25.953959 55.762444 -19.055880
v 25.908968 55.806694 -16.502420
v 25.819973 55.855286 -14.271379
v 25.757883 55.882698 -13.227293
v 25.754221 55.659611 -14.221290
v 25.843454 55.601814 -16.468981
v 25.890652 55.547073 -19.040209
v 25.802626 55.460537 -24.725552
v 25.461226 55.423817 -29.669842
v 25.173510 55.421268 -32.007137
v 24.795263 55.430576 -34.175682
v 24.319830 55.452404 -36.122169
v 23.763645 55.484650 -37.842617
v 22.519484 55.566723 -40.688400
v 21.209690 55.664600 -42.865120
v 19.878893 55.786919 -44.504547
v 18.564537 55.943775 -45.737019
v 17.304068 56.145260 -46.692867
v 14.640701 56.742348 -48.286655
v 13.090545 57.077847 -48.926403
v 11.190310 57.405018 -49.518383
v 8.833206 57.699444 -50.086510
v 6.098554 57.938000 -50.579330
v 3.112202 58.097862 -50.926567
v -0.000000 58.156223 -51.057930
v -3.112202 58.097862 -50.926567
v -6.098554 57.938000 -50.579330
v -8.833206 57.699444 -50.086510
v -11.190310 57.405018 -49.518383
v -13.090545 57.077847 -48.926403
v -14.640701 56.742348 -48.286655
v -17.304068 56.145260 -46.692867
v -19.293156 55.851456 -45.092274
v -20.326572 55.742424 -44.004978
v -21.362324 55.652275 -42.644264
v -22.382717 55.576244 -40.948566
v -23.369347 55.509712 -38.856182
v -24.269026 55.455132 -36.298431
v -24.981363 55.424751 -33.201378
v -25.576513 55.429390 -28.427282
v -25.850496 55.477631 -23.319368
v -25.883863 55.559822 -18.395697
v -25.834637 55.608696 -16.178417
v -25.754221 55.659611 -14.221290
v -25.692860 55.691181 -13.169960
v -25.765394 56.038876 -13.284168
v -25.825697 56.014214 -14.322046
v -25.901634 55.976742 -16.252478
v -25.943296 55.943317 -18.440653
v -25.887075 55.894207 -23.316195
v -25.583323 55.877445 -28.404936
v -24.957603 55.901943 -33.174755
v -24.225439 55.953079 -36.266712
v -23.310913 56.029896 -38.815948
v -22.315199 56.124722 -40.901672
v -21.291096 56.236759 -42.595074
v -20.255833 56.370190 -43.958260
v -19.225903 56.529285 -45.053162
v -17.247988 56.941605 -46.685818
v -14.599097 57.749310 -48.356319
v -13.055402 58.218536 -49.034264
v -11.161644 58.705097 -49.654385
v -8.811345 59.182606 -50.235390
v -6.083807 59.597855 -50.729752
v -3.104777 59.890934 -51.073376
v 0.000000 60.001942 -51.202160
v 3.104777 59.890934 -51.073376
v 6.083807 59.597855 -50.729752
v 8.811345 59.182606 -50.235390
v 11.161644 58.705097 -49.654385
v 13.055402 58.218536 -49.034264
v 14.599097 57.749310 -48.356319
v 17.247988 56.941605 -46.685818
v 18.500954 56.661339 -45.706707
v 19.809361 56.435505 -44.460464
v 21.138298 56.255043 -42.815987
v 22.452860 56.110886 -40.642166
v 23.710787 55.995007 -37.806038
v 24.277340 55.949070 -36.090919
v 24.765186 55.914001 -34.148125
v 25.157501 55.891022 -31.981310
v 25.460228 55.879356 -29.645809
v 25.831484 55.885990 -24.714495
v 25.947519 55.935036 -19.077332
v 25.909588 55.971882 -16.539091
v 25.825697 56.014214 -14.322046
v 25.765394 56.038876 -13.284168
v -25.745621 56.103832 -13.309717
v -25.804180 56.080078 -14.345192
v -25.876432 56.044445 -16.270735
v -25.913572 56.013237 -18.453318
v -25.846914 55.969315 -23.318016
v -25.532850 55.958401 -28.398827
v -24.899570 55.989548 -33.162460
v -24.165083 56.046444 -36.249779
v -23.251190 56.130310 -38.794502
v -22.257938 56.234520 -40.876804
v -21.237438 56.358398 -42.568283
v -20.206577 56.505589 -43.931095
v -19.181507 56.679813 -45.027187
v -17.213346 57.124302 -46.667030
v -14.575409 57.979710 -48.356022
v -13.036153 58.478073 -49.042938
v -11.146464 59.000561 -49.669086
v -8.800073 59.521225 -50.251793
v -6.076345 59.979229 -50.744865
v -3.101062 60.305035 -51.086231
v 0.000000 60.429092 -51.213814
v 3.101062 60.305035 -51.086231
v 6.076345 59.979229 -50.744865
v 8.800073 59.521225 -50.251793
v 11.146464 59.000561 -49.669086
v 13.036153 58.478073 -49.042938
v 14.575409 57.979710 -48.356022
v 17.213346 57.124302 -46.667030
v 18.460135 56.823238 -45.682560
v 19.762167 56.577305 -44.433617
v 21.085251 56.378609 -42.789040
v 22.395189 56.219250 -40.617676
v 23.650511 56.092232 -37.786407
v 24.217031 56.042049 -36.074280
v 24.706108 56.003231 -34.134487
v 25.101038 55.976784 -31.970579
v 25.407507 55.961887 -29.638065
v 25.788370 55.962643 -24.713856
v 25.916445 56.005615 -19.088417
v 25.883810 56.039871 -16.556610
v 25.804180 56.080078 -14.345192
v 25.745621 56.103832 -13.309717
v -25.709127 56.160099 -13.331961
v -25.765429 56.136986 -14.365650
v -25.833050 56.102646 -16.287277
v -25.864651 56.073029 -18.465094
v -25.785671 56.033039 -23.319683
v -25.460127 56.026981 -28.391726
v -24.819407 56.064224 -33.147572
v -24.083858 56.126854 -36.229122
v -23.172667 56.218071 -38.768513
v -22.184145 56.332226 -40.846794
v -21.169441 56.468651 -42.535938
v -20.145052 56.630322 -43.898071
v -19.126755 56.820278 -44.995110
v -17.171535 57.297253 -46.641605
v -14.547403 58.197948 -48.347736
v -13.013507 58.723480 -49.042740
v -11.128641 59.279835 -49.673954
v -8.786851 59.841778 -50.257389
v -6.067601 60.341026 -50.748310
v -3.096710 60.698540 -51.086800
v 0.000000 60.835278 -51.212948
v 3.096710 60.698540 -51.086800
v 6.067601 60.341026 -50.748310
v 8.786851 59.841778 -50.257389
v 11.128641 59.279835 -49.673954
v 13.013507 58.723480 -49.042740
v 14.547403 58.197948 -48.347736
v 17.171535 57.297253 -46.641605
v 18.410208 56.975357 -45.652145
v 19.703552 56.708721 -44.400806
v 21.018177 56.490894 -42.756493
v 22.320679 56.315434 -40.588116
v 23.570505 56.176640 -37.762550
v 24.135744 56.122063 -36.053982
v 24.625156 56.079491 -34.117893
v 25.022259 56.049713 -31.957691
v 25.332422 56.031857 -29.628963
v 25.723759 56.027596 -24.712969
v 25.865894 56.065891 -19.098801
v 25.839710 56.098270 -16.572538
v 25.765429 56.136986 -14.365650
v 25.709127 56.160099 -13.331961
v -25.583569 56.247059 -13.365234
v -25.633818 56.224449 -14.397139
v -25.689316 56.191128 -16.313633
v -25.706751 56.162849 -18.484154
v -25.597301 56.126816 -23.320532
v -25.245192 56.127094 -28.373062
v -24.590099 56.174316 -33.109322
v -23.856636 56.247810 -36.176422
v -22.957699 56.354042 -38.702911
v -21.986197 56.489021 -40.771614
v -20.990421 56.651798 -42.455074
v -19.985914 56.843685 -43.815140
v -18.987532 57.066036 -44.913429
v -17.068569 57.607529 -46.571201
v -14.480439 58.590733 -48.305405
v -12.959603 59.164188 -49.012600
v -11.086191 59.781094 -49.649940
v -8.755314 60.418312 -50.231182
v -6.046720 60.993599 -50.714832
v -3.086313 61.409927 -51.045578
v 0.000000 61.570263 -51.168118
v 3.086313 61.409927 -51.045578
v 6.046720 60.993599 -50.714832
v 8.755314 60.418312 -50.231182
v 11.086191 59.781094 -49.649940
v 12.959603 59.164188 -49.012600
v 14.480439 58.590733 -48.305405
v 17.068569 57.607529 -46.571201
v 18.284752 57.244694 -45.573238
v 19.553068 56.935909 -44.318024
v 20.842060 56.678310 -42.675102
v 22.120277 56.469036 -40.514004
v 23.349501 56.305679 -37.702065
v 23.908041 56.242241 -36.002155
v 24.395147 56.192463 -34.075306
v 24.795082 56.156757 -31.924561
v 25.112434 56.134068 -29.605392
v 25.527359 56.122826 -24.708508
v 25.703880 56.156147 -19.115578
v 25.694132 56.186916 -16.598003
v 25.633818 56.224449 -14.397139
v 25.583569 56.247059 -13.365234
v 21.692005 53.723259 -26.012430
v 18.020674 56.468323 -42.379623
v 17.263575 54.059647 -43.461040
v 16.629488 57.173279 -44.609486
v -17.784689 54.000038 -42.609367
v -22.567129 55.651619 -16.110344
v 22.074177 55.424229 -12.952661
v 22.080248 55.372910 -14.058552
v 21.828196 55.201164 -12.897855
v 21.685629 54.990261 -12.858338
v 21.659325 54.893532 -12.848264
v 21.662384 54.802891 -12.846585
v 21.692709 54.717743 -12.854692
v 21.748194 54.637486 -12.873970
v 21.949545 54.474808 -12.967601
v 22.252678 54.322205 -13.216877
v 22.354382 54.279903 -13.364040
v 22.630398 55.770279 -13.046645
v 22.625883 55.725056 -14.136255
v 21.842171 55.146336 -14.014160
v 21.704445 54.931969 -13.983072
v 21.678432 54.833469 -13.975945
v 21.680609 54.741058 -13.977023
v 21.709375 54.654156 -13.988567
v 21.763136 54.572193 -14.012841
v 21.962444 54.406128 -14.128316
v 22.269501 54.251968 -14.430743
v 22.370153 54.212303 -14.573043
v 22.492788 55.602829 -17.589272
v 21.977661 55.239567 -17.542227
v 21.763193 55.005959 -17.521891
v 21.641123 54.782627 -17.515320
v 21.617189 54.678516 -17.519703
v 21.618021 54.579937 -17.532444
v 21.643097 54.486652 -17.556776
v 21.691910 54.398422 -17.595932
v 21.880043 54.221310 -17.749977
v 22.171146 54.070896 -18.024199
v 22.266926 54.035229 -18.126989
v 22.204422 55.497272 -21.533419
v 21.721203 55.130280 -21.497532
v 21.531693 54.893177 -21.490885
v 21.427395 54.662155 -21.501823
v 21.407003 54.551918 -21.515621
v 21.408007 54.446102 -21.536688
v 21.430700 54.345093 -21.566647
v 21.475388 54.249279 -21.607117
v 21.652332 54.058880 -21.740479
v 21.936888 53.902191 -21.941893
v 22.033627 53.865810 -22.012705
v 21.787832 55.428440 -25.675900
v 21.336395 55.064335 -25.632704
v 21.170883 54.827030 -25.625158
v 21.084419 54.590187 -25.636515
v 21.068426 54.474037 -25.650337
v 21.070988 54.360641 -25.670069
v 21.093103 54.250969 -25.696032
v 21.135765 54.146000 -25.728550
v 21.306841 53.936352 -25.825119
v 21.592585 53.763226 -25.964327
v 21.270044 55.416340 -29.724339
v 20.848494 55.060486 -29.661442
v 20.703310 54.825272 -29.642389
v 20.632011 54.583790 -29.640867
v 20.620174 54.461815 -29.647173
v 20.624792 54.340485 -29.658333
v 20.647408 54.221256 -29.674406
v 20.689566 54.105595 -29.695452
v 20.858747 53.870777 -29.759996
v 21.147009 53.674122 -29.856344
v 21.248611 53.628784 -29.889767
v 20.678078 55.480965 -33.386562
v 20.282633 55.137272 -33.299973
v 20.151211 54.905075 -33.266548
v 20.089371 54.658840 -33.249035
v 20.080124 54.530621 -33.246296
v 20.086046 54.400677 -33.247837
v 20.108967 54.270931 -33.253971
v 20.150709 54.143311 -33.265007
v 20.317810 53.879452 -33.308220
v 20.604567 53.654987 -33.382549
v 20.706154 53.603161 -33.409184
v 20.038330 55.637383 -36.414917
v 19.664545 55.306778 -36.308064
v 19.538626 55.076420 -36.264076
v 19.478523 54.823566 -36.236153
v 19.469309 54.688072 -36.227955
v 19.474764 54.548489 -36.224064
v 19.496656 54.407230 -36.225079
v 19.536749 54.266716 -36.231598
v 19.697721 53.972107 -36.268284
v 19.974146 53.718460 -36.341145
v 20.072050 53.659760 -36.368191
v 19.373238 55.869068 -38.847553
v 19.023815 55.539791 -38.724995
v 18.901131 55.303169 -38.673840
v 18.839624 55.037102 -38.640003
v 18.829041 54.892105 -38.629158
v 18.832682 54.741386 -38.622967
v 18.852064 54.587784 -38.622219
v 18.888712 54.434135 -38.627708
v 19.037598 54.109913 -38.665646
v 19.293589 53.829384 -38.746063
v 19.384123 53.764431 -38.776474
v 18.698338 56.151318 -40.815456
v 18.382957 55.799892 -40.679958
v 18.267832 55.542728 -40.622280
v 18.207159 55.252693 -40.583057
v 18.195362 55.094887 -40.569958
v 18.196672 54.931091 -40.561874
v 18.212374 54.764374 -40.559704
v 18.243755 54.597805 -40.564335
v 18.374332 54.246983 -40.602840
v 18.600740 53.944370 -40.688034
v 18.680923 53.874500 -40.720619
v 17.331757 56.812370 -43.623432
v 17.102026 56.357853 -43.458614
v 17.012373 56.024059 -43.384243
v 16.960196 55.658279 -43.331673
v 16.947342 55.465439 -43.313644
v 16.943953 55.269054 -43.301826
v 16.950962 55.072277 -43.297031
v 16.969301 54.878254 -43.300068
v 17.054125 54.476608 -43.338303
v 17.208221 54.137066 -43.426971
v 17.975941 53.975349 -42.254658
v 17.907845 54.049164 -42.221104
v 17.716522 54.370586 -42.133869
v 17.608088 54.746395 -42.095680
v 17.583052 54.926128 -42.091965
v 17.571644 55.107025 -42.095528
v 17.572771 55.285934 -42.105476
v 17.585340 55.459705 -42.120918
v 17.642702 55.783417 -42.166130
v 17.746349 56.073761 -42.231113
v 16.444132 56.646233 -44.421963
v 16.369547 56.261223 -44.334877
v 16.323828 55.846466 -44.272884
v 16.311232 55.631626 -44.251873
v 16.306055 55.415199 -44.238182
v 16.309099 55.200317 -44.232460
v 16.321167 54.990116 -44.235352
v 16.383423 54.559597 -44.275215
v 16.501757 54.200268 -44.366768
v 16.544884 54.119011 -44.401615
v 14.946554 58.011436 -46.213345
v 14.843253 57.291874 -45.935501
v 14.799839 56.772667 -45.801262
v 14.770547 56.227283 -45.706963
v 14.760776 55.951965 -45.677128
v 14.754683 55.679138 -45.659286
v 14.752866 55.412148 -45.653446
v 14.755919 55.154343 -45.659607
v 14.782714 54.636024 -45.715424
v 14.842304 54.214054 -45.829391
v 14.865082 54.120380 -45.870571
v 15.820916 54.145050 -45.138241
v 15.788337 54.230961 -45.101635
v 15.700703 54.614090 -45.003674
v 15.657453 55.078724 -44.959373
v 15.650459 55.307743 -44.955799
v 15.650407 55.543461 -44.962002
v 15.656599 55.782715 -44.977573
v 15.668338 56.022331 -45.002106
v 15.706919 56.491474 -45.076286
v 15.766816 56.932972 -45.180649
v 15.911769 57.540855 -45.400368
v 13.833463 58.489994 -46.846413
v 13.761242 57.644890 -46.495140
v 13.731376 57.039181 -46.324478
v 13.710881 56.408405 -46.206959
v 13.703658 56.092621 -46.171818
v 13.698801 55.781391 -46.152687
v 13.696831 55.478333 -46.149044
v 13.698265 55.187061 -46.160374
v 13.715964 54.605583 -46.235447
v 13.758180 54.137196 -46.374969
v 13.774675 54.034145 -46.423485
v 12.453464 58.990284 -47.337551
v 12.403882 57.998573 -46.902943
v 12.384693 57.293339 -46.692310
v 12.371881 56.565311 -46.551071
v 12.367285 56.203827 -46.511745
v 12.364174 55.849461 -46.493294
v 12.363002 55.506081 -46.494553
v 12.364221 55.177559 -46.514366
v 12.377556 54.526192 -46.617538
v 12.409489 54.006710 -46.792542
v 12.422060 53.893341 -46.851112
v 10.687525 59.526058 -47.724754
v 10.654273 58.359489 -47.202286
v 10.642954 57.537460 -46.951122
v 10.636085 56.697620 -46.788269
v 10.633695 56.284733 -46.747002
v 10.632213 55.882580 -46.732201
v 10.632024 55.495171 -46.741936
v 10.633512 55.126522 -46.774281
v 10.644591 54.401276 -46.915504
v 10.669754 53.828918 -47.136276
v 10.679600 53.704967 -47.207592
v 8.457493 60.093048 -48.037926
v 8.436212 58.724304 -47.429325
v 8.430122 57.769131 -47.140209
v 8.427036 56.804596 -46.960022
v 8.426052 56.335854 -46.919727
v 8.425591 55.882763 -46.911938
v 8.425957 55.449299 -46.933853
v 8.427453 55.039417 -46.982674
v 8.436216 54.240250 -47.170994
v 8.455144 53.616653 -47.446186
v 8.462495 53.482605 -47.532398
v 5.848733 60.614895 -48.274635
v 5.836287 59.050175 -47.591381
v 5.833371 57.966953 -47.270500
v 5.832298 56.884098 -47.077797
v 5.832026 56.363213 -47.040215
v 5.832028 55.863167 -47.040733
v 5.832514 55.387775 -47.075729
v 5.833692 54.940834 -47.141567
v 5.839750 54.076488 -47.377087
v 5.852396 53.408810 -47.705654
v 5.857280 53.266178 -47.806332
v 2.987488 60.997215 -48.424374
v 2.981787 59.284367 -47.688541
v 2.980672 58.104809 -47.345852
v 2.980431 56.933628 -47.145557
v 2.980410 56.374203 -47.110794
v 2.980504 55.839725 -47.118259
v 2.980820 55.333828 -47.163696
v 2.981463 54.860146 -47.242851
v 2.984557 53.949360 -47.514721
v 2.990887 53.250805 -47.883907
v 2.993325 53.102211 -47.995525
v -2.987488 60.997215 -48.424374
v -2.981787 59.284367 -47.688541
v -2.980672 58.104809 -47.345852
v -2.980431 56.933628 -47.145557
v -2.980410 56.374203 -47.110794
v -2.980504 55.839725 -47.118259
v -2.980820 55.333828 -47.163696
v -2.981463 54.860146 -47.242851
v -2.984557 53.949360 -47.514721
v -2.990887 53.250805 -47.883907
v -2.993325 53.102211 -47.995525
v 0.000000 53.037220 -48.066116
v 0.000000 53.188046 -47.950161
v 0.000000 53.898235 -47.564838
v 0.000000 54.826721 -47.278416
v 0.000000 55.310684 -47.193878
v 0.000000 55.828369 -47.144176
v 0.000000 56.376225 -47.133804
v 0.000000 56.950695 -47.167263
v 0.000000 58.156567 -47.370113
v 0.000000 59.374149 -47.720905
v 0.000000 61.145630 -48.476620
v -5.848733 60.614895 -48.274635
v -5.836287 59.050175 -47.591381
v -5.833371 57.966953 -47.270500
v -5.832298 56.884098 -47.077797
v -5.832026 56.363213 -47.040215
v -5.832028 55.863167 -47.040733
v -5.832514 55.387775 -47.075729
v -5.833692 54.940834 -47.141567
v -5.839750 54.076488 -47.377087
v -5.852396 53.408810 -47.705654
v -5.857280 53.266178 -47.806332
v -8.457493 60.093048 -48.037926
v -8.436212 58.724304 -47.429325
v -8.430122 57.769131 -47.140209
v -8.427036 56.804596 -46.960022
v -8.426052 56.335854 -46.919727
v -8.425591 55.882763 -46.911938
v -8.425957 55.449299 -46.933853
v -8.427453 55.039417 -46.982674
v -8.436216 54.240250 -47.170994
v -8.455144 53.616653 -47.446186
v -8.462495 53.482605 -47.532398
v -10.687525 59.526058 -47.724754
v -10.654273 58.359489 -47.202286
v -10.642954 57.537460 -46.951122
v -10.636085 56.697620 -46.788269
v -10.633695 56.284733 -46.747002
v -10.632213 55.882580 -46.732201
v -10.632024 55.495171 -46.741936
v -10.633512 55.126522 -46.774281
v -10.644591 54.401276 -46.915504
v -10.669754 53.828918 -47.136276
v -10.679600 53.704967 -47.207592
v -12.453464 58.990284 -47.337551
v -12.403882 57.998573 -46.902943
v -12.384693 57.293339 -46.692310
v -12.371881 56.565311 -46.551071
v -12.367285 56.203827 -46.511745
v -12.364174 55.849461 -46.493294
v -12.363002 55.506081 -46.494553
v -12.364221 55.177559 -46.514366
v -12.377556 54.526192 -46.617538
v -12.409489 54.006710 -46.792542
v -12.422060 53.893341 -46.851112
v -13.833463 58.489994 -46.846413
v -13.761242 57.644890 -46.495140
v -13.731376 57.039181 -46.324478
v -13.710881 56.408405 -46.206959
v -13.703658 56.092621 -46.171818
v -13.698801 55.781391 -46.152687
v -13.696831 55.478333 -46.149044
v -13.698265 55.187061 -46.160374
v -13.715964 54.605583 -46.235447
v -13.758180 54.137196 -46.374969
v -13.774675 54.034145 -46.423485
v -14.946554 58.011436 -46.213345
v -14.843253 57.291874 -45.935501
v -14.799839 56.772667 -45.801262
v -14.770547 56.227283 -45.706963
v -14.760776 55.951965 -45.677128
v -14.754683 55.679138 -45.659286
v -14.752866 55.412148 -45.653446
v -14.755919 55.154343 -45.659607
v -14.782714 54.636024 -45.715424
v -14.842304 54.214054 -45.829391
v -14.865082 54.120380 -45.870571
v -15.911769 57.540855 -45.400368
v -15.766816 56.932972 -45.180649
v -15.706919 56.491474 -45.076286
v -15.668338 56.022331 -45.002106
v -15.656599 55.782715 -44.977573
v -15.650407 55.543461 -44.962002
v -15.650459 55.307743 -44.955799
v -15.657453 55.078724 -44.959373
v -15.700703 54.614090 -45.003674
v -15.788337 54.230961 -45.101635
v -15.820916 54.145050 -45.138241
v -17.206751 56.876202 -43.817585
v -16.985111 56.409470 -43.649254
v -16.898127 56.066982 -43.572876
v -16.847031 55.692879 -43.518787
v -16.834181 55.496300 -43.500259
v -16.830429 55.296513 -43.488106
v -16.836679 55.096664 -43.483120
v -16.853838 54.899899 -43.486080
v -16.934462 54.493359 -43.524456
v -17.081926 54.150452 -43.613476
v -17.135015 54.072380 -43.647644
v -18.456236 56.261360 -41.417751
v -18.154951 55.896652 -41.277767
v -18.043564 55.628918 -41.217625
v -17.983828 55.327854 -41.176369
v -17.971701 55.164684 -41.162445
v -17.972136 54.995720 -41.153694
v -17.986341 54.824078 -41.151012
v -18.015533 54.652866 -41.155308
v -18.138491 54.293034 -41.193737
v -18.352776 53.983440 -41.279861
v -18.428768 53.912079 -41.312889
v -17.719872 54.074852 -42.575916
v -17.538040 54.401215 -42.489254
v -17.435482 54.783932 -42.452072
v -17.412048 54.967445 -42.449001
v -17.401638 55.152519 -42.453346
v -17.403200 55.335995 -42.464226
v -17.415689 55.514725 -42.480770
v -17.471380 55.849285 -42.528679
v -17.570967 56.150772 -42.596832
v -17.832541 56.560616 -42.750744
v -19.067873 55.991829 -39.793415
v -18.732737 55.655437 -39.664803
v -18.612888 55.411270 -39.610710
v -18.551407 55.135670 -39.574467
v -18.540224 54.985279 -39.562603
v -18.542841 54.828880 -39.555550
v -18.560669 54.669441 -39.554165
v -18.595119 54.509922 -39.559292
v -18.736362 54.173309 -39.597679
v -18.979887 53.882217 -39.680737
v -19.066027 53.814880 -39.712330
v -19.672747 55.757908 -37.822662
v -19.311432 55.430546 -37.706657
v -19.187002 55.198296 -37.658497
v -19.126053 54.939331 -37.627064
v -19.116129 54.798958 -37.617256
v -19.120686 54.653439 -37.611935
v -19.141359 54.505451 -37.611813
v -19.179789 54.357658 -37.617615
v -19.334892 54.046349 -37.654758
v -19.601271 53.777317 -37.731697
v -19.695524 53.715015 -37.760597
v -20.265680 55.572731 -35.432758
v -19.884546 55.238052 -35.332394
v -19.757423 55.007523 -35.291546
v -19.697437 54.757427 -35.266495
v -19.688473 54.624653 -35.259727
v -19.694296 54.488579 -35.257198
v -19.716726 54.351448 -35.259418
v -19.757586 54.215508 -35.266895
v -19.921316 53.931667 -35.304394
v -20.202503 53.688148 -35.375931
v -20.302139 53.631836 -35.402206
v -20.832027 55.456455 -32.520390
v -20.430494 55.109425 -32.439655
v -20.296396 54.876457 -32.409679
v -20.232887 54.631496 -32.395908
v -20.223209 54.504910 -32.395248
v -20.228945 54.377209 -32.398964
v -20.251877 54.250195 -32.407276
v -20.293795 54.125679 -32.420410
v -20.461662 53.869354 -32.467648
v -20.749470 53.652111 -32.545460
v -20.851358 53.601978 -32.573063
v -21.507608 55.413376 -27.981035
v -21.073320 55.053341 -27.927757
v -20.919867 54.817017 -27.914555
v -20.842447 54.577503 -27.919662
v -20.828903 54.458103 -27.929806
v -20.832640 54.340313 -27.945215
v -20.854986 54.225384 -27.965973
v -20.897270 54.114578 -27.992159
v -21.067057 53.891384 -28.069761
v -21.354395 53.705730 -28.182407
v -21.455212 53.662922 -28.221281
v -22.061935 55.466110 -23.077679
v -21.590725 55.099480 -23.041031
v -21.410452 54.861946 -23.035772
v -21.312954 54.628525 -23.049057
v -21.294155 54.516033 -23.064119
v -21.295605 54.407398 -23.085918
v -21.317875 54.303246 -23.115435
v -21.361538 54.204197 -23.153658
v -21.535561 54.007408 -23.273090
v -21.820063 53.845570 -23.449047
v -21.917757 53.808098 -23.510401
v -22.449780 55.581184 -18.299458
v -21.940567 55.216682 -18.255978
v -21.730740 54.982155 -18.239153
v -21.611895 54.757263 -18.236753
v -21.588531 54.652016 -18.243319
v -21.589279 54.552139 -18.258121
v -21.613791 54.457493 -18.284218
v -21.661722 54.367939 -18.324659
v -21.847551 54.188614 -18.478384
v -22.136448 54.037964 -18.739223
v -22.232126 54.002464 -18.835163
v -22.039351 55.291943 -16.053215
v -21.814999 55.060757 -16.024055
v -21.686201 54.840958 -16.007694
v -21.661217 54.739239 -16.007154
v -21.662409 54.643349 -16.015011
v -21.688866 54.552872 -16.034485
v -21.739674 54.467373 -16.068800
v -21.932823 54.294910 -16.214733
v -22.230715 54.143341 -16.515802
v -22.327368 54.106709 -16.634975
v -22.625883 55.725056 -14.136255
v -22.074177 55.424229 -12.952661
v -21.842171 55.146336 -14.014160
v -21.828196 55.201164 -12.897855
v -21.685629 54.990261 -12.858338
v -21.659325 54.893532 -12.848264
v -21.662384 54.802891 -12.846585
v -21.692709 54.717743 -12.854692
v -21.748194 54.637486 -12.873970
v -21.949545 54.474808 -12.967601
v -22.252556 54.322208 -13.217228
v -22.354250 54.279949 -13.363524
v -22.370020 54.212391 -14.571771
v -22.269411 54.252003 -14.430372
v -21.962444 54.406128 -14.128316
v -21.763136 54.572193 -14.012841
v -21.709375 54.654156 -13.988567
v -21.680609 54.741058 -13.977023
v -21.678432 54.833469 -13.975945
v -21.704445 54.931969 -13.983072
v -22.080248 55.372910 -14.058552
v -22.630398 55.770279 -13.046645
v 19.864521 35.645752 -42.193775
v 19.968641 35.738342 -40.791637
v 20.066771 35.825405 -39.468246
v 20.246756 35.984535 -37.035313
v 20.407892 36.126282 -34.850170
v 20.553591 36.253784 -32.868004
v 20.687265 36.370190 -31.044012
v 20.812330 36.478638 -29.333385
v 21.050276 36.684227 -26.072990
v 21.293646 36.894707 -22.742397
v 21.424271 37.008163 -20.959816
v 21.564322 37.130314 -19.053339
v 21.716394 37.263565 -16.988691
v 21.883091 37.410324 -14.731594
v 22.067011 37.572998 -12.247766
v 22.166241 37.661057 -10.910118
v 22.270752 37.753994 -9.502934
v 22.342663 38.156841 -9.536896
v 22.541014 38.477676 -9.577123
v 22.867300 38.688980 -9.622075
v 23.269953 38.746590 -9.664092
v 23.673464 38.620998 -9.693854
v 23.986193 38.327915 -9.703603
v 24.147118 37.913494 -9.690701
v 24.189604 37.425556 -9.661753
v 24.188019 33.361259 -9.386859
v 24.066458 32.925819 -9.346038
v 23.796488 32.600601 -9.298704
v 23.411976 32.430202 -9.250909
v 23.005096 32.441486 -9.213117
v 22.653006 32.612389 -9.191348
v 22.413546 32.903370 -9.188460
v 22.306204 33.280865 -9.203922
v 22.286196 33.735897 -9.232776
v 19.861732 31.577497 -41.918514
v 19.905827 31.087149 -41.889542
v 20.070688 30.670193 -41.876804
v 20.388649 30.377308 -41.887009
v 20.795422 30.255217 -41.917278
v 21.197056 30.317598 -41.959522
v 21.518826 30.531296 -42.004253
v 21.712301 30.851490 -42.044029
v 21.781260 31.252146 -42.077595
v 21.764982 35.267670 -42.347511
v 21.746149 35.720642 -42.376328
v 21.642138 36.095512 -42.391895
v 21.407797 36.385899 -42.389397
v 21.059740 36.559559 -42.368153
v 20.653120 36.575691 -42.330708
v 20.264734 36.408546 -42.282806
v 19.989674 36.083385 -42.235046
v 21.912445 32.822266 -40.164848
v 24.059881 34.716171 -11.268097
v 20.011868 33.564320 -40.035347
v 22.159214 35.457485 -11.138540
v 22.199566 38.006073 -11.314747
v 22.076315 37.896709 -12.984896
v 21.961172 37.794777 -14.552925
v 21.853434 37.699627 -16.027700
v 21.752403 37.610611 -17.418089
v 21.657373 37.527081 -18.732954
v 21.482519 37.373894 -21.171585
v 21.323257 37.234890 -23.414518
v 21.173975 37.104889 -25.532684
v 20.881363 36.849903 -29.697002
v 20.700815 36.691833 -32.244331
v 20.602293 36.605259 -33.621780
v 20.496449 36.512005 -35.091228
v 20.381918 36.410839 -36.669773
v 20.257334 36.300526 -38.374519
v 20.121332 36.179829 -40.222565
v 22.362484 38.308758 -11.350430
v 22.240084 38.199558 -13.020671
v 22.126305 38.097881 -14.588847
v 22.020401 38.003067 -16.063820
v 21.921629 37.914459 -17.454449
v 21.829243 37.831402 -18.769596
v 21.660637 37.679295 -21.208891
v 21.508623 37.541481 -23.452591
v 21.367231 37.412697 -25.571585
v 21.090822 37.159893 -29.737572
v 20.918625 37.002827 -32.285751
v 20.823751 36.916668 -33.663574
v 20.721090 36.823772 -35.133343
v 20.609190 36.722893 -36.712151
v 20.486593 36.612789 -38.417095
v 20.351847 36.492222 -40.265270
v 22.636620 38.527431 -11.390932
v 22.515038 38.417889 -13.061228
v 22.402571 38.315655 -14.629492
v 22.298428 38.220089 -16.104582
v 22.201822 38.130550 -17.495356
v 22.111963 38.046394 -18.810671
v 21.949326 37.891655 -21.250359
v 21.804199 37.750736 -23.494507
v 21.670271 37.618492 -25.613977
v 21.409042 37.358315 -29.780912
v 21.244610 37.197330 -32.329567
v 21.153124 37.109444 -33.707592
v 21.053411 37.015026 -35.177540
v 20.943941 36.912888 -36.756496
v 20.823179 36.801826 -38.461552
v 20.689592 36.680653 -40.309795
v 22.987812 38.627846 -11.430911
v 22.866539 38.517517 -13.101183
v 22.754562 38.414028 -14.669410
v 22.651077 38.316776 -16.144447
v 22.555275 38.225155 -17.535158
v 22.466347 38.138565 -18.850397
v 22.305885 37.978062 -21.289904
v 22.163235 37.830452 -23.533836
v 22.031931 37.690907 -25.653067
v 21.775843 37.415695 -29.819487
v 21.613956 37.246948 -32.367863
v 21.523565 37.155663 -33.745770
v 21.424801 37.058281 -35.215607
v 21.316107 36.953693 -36.794472
v 21.195929 36.840782 -38.499462
v 21.062710 36.718433 -40.347660
v 23.363840 38.583397 -11.463560
v 23.242220 38.472301 -13.133746
v 23.129684 38.367584 -14.701836
v 23.025442 38.268684 -16.176689
v 22.928705 38.175041 -17.567173
v 22.838678 38.086090 -18.882147
v 22.675594 37.920033 -21.321026
v 22.529861 37.766014 -23.564232
v 22.395147 37.619556 -25.682671
v 22.131857 37.330360 -29.847466
v 21.966181 37.154495 -32.395008
v 21.874119 37.060108 -33.772549
v 21.773890 36.960033 -35.242069
v 21.663982 36.853222 -36.820671
v 21.542885 36.738636 -38.525459
v 21.409081 36.615231 -40.373535
v 23.701050 38.387695 -11.482265
v 23.578588 38.276299 -13.152351
v 23.464705 38.171101 -14.720279
v 23.358652 38.071560 -16.194916
v 23.259682 37.977135 -17.585133
v 23.167048 37.887280 -18.899796
v 22.997789 37.719120 -21.337942
v 22.844893 37.562744 -23.580303
v 22.702374 37.413807 -25.697832
v 22.423050 37.119873 -29.860785
v 22.249107 36.941704 -32.407387
v 22.153429 36.846336 -33.784519
v 22.050047 36.745415 -35.253685
v 21.937536 36.637917 -36.831997
v 21.814468 36.522812 -38.536564
v 21.679420 36.399086 -40.384499
v 23.929409 38.070686 -11.482368
v 23.806105 37.959503 -13.152389
v 23.690870 37.854656 -14.720211
v 23.583004 37.755585 -16.194708
v 23.481802 37.661747 -17.584753
v 23.386560 37.572582 -18.899216
v 23.211151 37.406090 -21.336893
v 23.051149 37.251698 -23.578716
v 22.900930 37.104992 -25.695667
v 22.605928 36.815899 -29.857468
v 22.423958 36.640331 -32.403492
v 22.324781 36.546120 -33.780369
v 22.218351 36.446213 -35.249317
v 22.103325 36.339558 -36.827450
v 21.978359 36.225098 -38.531879
v 21.842112 36.101780 -40.379730
v 24.035881 37.667782 -11.465121
v 23.912024 37.557072 -13.135121
v 23.795908 37.452980 -14.702912
v 23.686861 37.354927 -16.177368
v 23.584206 37.262344 -17.567362
v 23.487272 37.174656 -18.881765
v 23.307877 37.011658 -21.319305
v 23.143286 36.861336 -23.560974
v 22.988117 36.719093 -25.677763
v 22.683115 36.439255 -29.839252
v 22.496063 36.268497 -32.385124
v 22.394674 36.176395 -33.761940
v 22.286322 36.078331 -35.230831
v 22.169710 35.973202 -36.808918
v 22.043550 35.859894 -38.513317
v 21.906549 35.737305 -40.361145
v 24.052448 36.193771 -11.367255
v 23.928349 36.083542 -13.037265
v 23.811844 35.980221 -14.605071
v 23.702276 35.883205 -16.079546
v 23.598984 35.791901 -17.469564
v 23.501308 35.705704 -18.784000
v 23.320171 35.546238 -21.221611
v 23.153591 35.400009 -23.463366
v 22.996288 35.262215 -25.580250
v 22.687040 34.991493 -29.741945
v 22.497852 34.825424 -32.287926
v 22.395540 34.735367 -33.664791
v 22.286385 34.639091 -35.133724
v 22.169115 34.535435 -36.711845
v 22.042459 34.423241 -38.416271
v 21.905146 34.301357 -40.264118
v 23.916496 32.773560 -11.123141
v 23.793463 32.664192 -12.793309
v 23.678661 32.562252 -14.361368
v 23.571373 32.467094 -15.836184
v 23.470882 32.378082 -17.226620
v 23.376471 32.294571 -18.541542
v 23.203003 32.141479 -20.980303
v 23.045227 32.002674 -23.223387
v 22.897394 31.873020 -25.341709
v 22.607151 31.619186 -29.506332
v 22.427582 31.461891 -32.053810
v 22.329443 31.375685 -33.431328
v 22.223913 31.282770 -34.900829
v 22.109629 31.181896 -36.479420
v 21.985222 31.071808 -38.184200
v 21.849325 30.951256 -40.032269
v 21.930374 31.384661 -40.069183
v 22.067314 31.505924 -38.221260
v 22.193373 31.617132 -36.516708
v 22.309851 31.719486 -34.938423
v 22.418039 31.814188 -33.469288
v 22.519239 31.902435 -32.092197
v 22.705847 32.064373 -29.545687
v 23.009935 32.327084 -25.382956
v 23.164629 32.460979 -23.265558
v 23.328764 32.603634 -21.023329
v 23.507757 32.760017 -18.585306
v 23.604517 32.844913 -17.270697
v 23.707022 32.935101 -15.880527
v 23.815947 33.031212 -14.405930
v 23.931971 33.133862 -12.838033
v 24.055769 33.243668 -11.167966
v 23.600723 32.439384 -11.070883
v 23.478752 32.329948 -12.741147
v 23.365656 32.227898 -14.309361
v 23.260656 32.132603 -15.784385
v 23.162983 32.043430 -17.175077
v 23.071861 31.959736 -18.490301
v 22.906170 31.806261 -20.929775
v 22.757387 31.667091 -23.173687
v 22.619318 31.537142 -25.292915
v 22.349018 31.283083 -29.459406
v 22.179680 31.125828 -32.007851
v 22.086010 31.039665 -33.385792
v 21.984373 30.946800 -34.855663
v 21.873301 30.845976 -36.434559
v 21.751320 30.735931 -38.139568
v 21.616957 30.615412 -39.987785
v 23.168371 32.297909 -11.020480
v 23.047081 32.187706 -12.690760
v 22.935078 32.084435 -14.258997
v 22.831554 31.987503 -15.734054
v 22.735701 31.896318 -17.124786
v 22.646709 31.810286 -18.440058
v 22.486080 31.651308 -20.879650
v 22.343201 31.505827 -23.123703
v 22.211607 31.369093 -25.243095
v 21.954771 31.101431 -29.409950
v 21.792437 30.937298 -31.958597
v 21.701839 30.848148 -33.336624
v 21.602890 30.752691 -34.806576
v 21.494041 30.649733 -36.385536
v 21.373741 30.538082 -38.090599
v 21.240444 30.416550 -39.938847
v 22.735601 32.368870 -10.984259
v 22.614069 32.257698 -12.654450
v 22.501680 32.152874 -14.222548
v 22.397642 32.053856 -15.697415
v 22.301163 31.960100 -17.087917
v 22.211447 31.871063 -18.402920
v 22.049145 31.704971 -20.841875
v 21.904388 31.551233 -23.085197
v 21.770840 31.405504 -25.203798
v 21.510307 31.119350 -29.369055
v 21.346199 30.945677 -31.916887
v 21.254847 30.852358 -33.294563
v 21.155251 30.753262 -34.764206
v 21.045874 30.647297 -36.342911
v 20.925180 30.533375 -38.047783
v 20.791637 30.410402 -39.895908
v 22.395605 32.614292 -10.968729
v 22.273090 32.502781 -12.638803
v 22.159128 32.397408 -14.206714
v 22.052979 32.297646 -15.681329
v 21.953901 32.202965 -17.071520
v 21.861155 32.112835 -18.386158
v 21.691694 31.944122 -20.824253
v 21.538675 31.787275 -23.066576
v 21.396172 31.638067 -25.184090
v 21.117418 31.344431 -29.347109
v 20.943987 31.166767 -31.893787
v 20.848572 31.071678 -33.270958
v 20.745436 30.971027 -34.740158
v 20.633139 30.863771 -36.318504
v 20.510244 30.748867 -38.023098
v 20.375309 30.625273 -39.871052
v 22.208757 32.981121 -10.975971
v 22.085279 32.869984 -12.645980
v 21.969772 32.765213 -14.213783
v 21.861547 32.666252 -15.688255
v 21.759911 32.572552 -17.078270
v 21.664173 32.483559 -18.392700
v 21.487633 32.317501 -20.830303
v 21.326401 32.163662 -23.072052
v 21.174948 32.017639 -25.188934
v 20.877806 31.730209 -29.350643
v 20.694893 31.555609 -31.896639
v 20.595329 31.461836 -33.273510
v 20.488575 31.362322 -34.742447
v 20.373291 31.255999 -36.320576
v 20.248137 31.141792 -38.025005
v 20.111774 31.018637 -39.872856
v 22.154623 33.444939 -11.002247
v 22.030640 33.334385 -12.672246
v 21.914324 33.230537 -14.240035
v 21.805006 33.132820 -15.714488
v 21.702024 33.040649 -17.104479
v 21.604713 32.953438 -18.418880
v 21.424438 32.791576 -20.856415
v 21.258862 32.642574 -23.098082
v 21.102659 32.501766 -25.214870
v 20.795692 32.224880 -29.376373
v 20.607687 32.055645 -31.922258
v 20.505894 31.964209 -33.299080
v 20.397192 31.866726 -34.767975
v 20.280298 31.762075 -36.346066
v 20.153925 31.649132 -38.050468
v 20.016790 31.526772 -39.898300
v 22.160795 33.979465 -11.038883
v 22.036709 33.869205 -12.708893
v 21.920225 33.765839 -14.276697
v 21.810684 33.668758 -15.751172
v 21.707428 33.577377 -17.141190
v 21.609793 33.491085 -18.455622
v 21.428749 33.331394 -20.893227
v 21.262276 33.184906 -23.134975
v 21.105091 33.046825 -25.251854
v 20.796082 32.775505 -29.413534
v 20.607018 32.609123 -31.959509
v 20.504757 32.518932 -33.336369
v 20.395649 32.422535 -34.805302
v 20.278418 32.318779 -36.383419
v 20.151791 32.206512 -38.087845
v 20.014494 32.084579 -39.935688
v 20.149181 33.686218 -38.187500
v 20.275839 33.798431 -36.483078
v 20.393110 33.902115 -34.904957
v 20.502268 33.998428 -33.436028
v 20.604584 34.088520 -32.059166
v 20.793777 34.254681 -29.513191
v 21.103035 34.525581 -25.351509
v 21.260342 34.663464 -23.234631
v 21.426929 34.809780 -20.992882
v 21.608068 34.969318 -18.555277
v 21.705746 35.055546 -17.240845
v 21.809040 35.146873 -15.850828
v 21.918610 35.243908 -14.376354
v 22.035114 35.347248 -12.808550
v 22.049763 32.944180 -38.317001
v 22.176422 33.056412 -36.612579
v 22.293697 33.160126 -35.034462
v 22.402859 33.256470 -33.565533
v 22.505178 33.346603 -32.188675
v 22.694384 33.512852 -29.642708
v 23.003664 33.783928 -25.481039
v 23.160980 33.921898 -23.364168
v 23.327578 34.068295 -21.122427
v 23.508726 34.227901 -18.684826
v 23.606405 34.314159 -17.370396
v 23.709702 34.405518 -15.980382
v 23.819275 34.502571 -14.505909
v 23.935781 34.605923 -12.938106
v -19.864521 35.645752 -42.193775
v -19.968641 35.738342 -40.791637
v -20.066771 35.825405 -39.468246
v -20.246756 35.984535 -37.035313
v -20.407892 36.126282 -34.850170
v -20.553591 36.253784 -32.868004
v -20.687265 36.370190 -31.044012
v -20.812330 36.478638 -29.333385
v -21.050276 36.684227 -26.072990
v -21.293646 36.894707 -22.742397
v -21.424271 37.008163 -20.959816
v -21.564322 37.130314 -19.053339
v -21.716394 37.263565 -16.988691
v -21.883091 37.410324 -14.731594
v -22.067011 37.572998 -12.247766
v -22.166241 37.661057 -10.910118
v -22.270752 37.753994 -9.502934
v -22.286196 33.735897 -9.232776
v -22.306204 33.280865 -9.203922
v -22.413546 32.903370 -9.188460
v -22.653006 32.612389 -9.191348
v -23.005096 32.441486 -9.213117
v -23.411976 32.430202 -9.250909
v -23.796488 32.600601 -9.298704
v -24.066458 32.925819 -9.346038
v -24.188019 33.361259 -9.386859
v -24.189604 37.425556 -9.661753
v -24.147118 37.913494 -9.690701
v -23.986193 38.327915 -9.703603
v -23.673464 38.620998 -9.693854
v -23.269953 38.746590 -9.664092
v -22.867300 38.688980 -9.622075
v -22.541014 38.477676 -9.577123
v -22.342663 38.156841 -9.536896
v -19.989674 36.083385 -42.235046
v -20.264734 36.408546 -42.282806
v -20.653120 36.575691 -42.330708
v -21.059740 36.559559 -42.368153
v -21.407797 36.385899 -42.389397
v -21.642138 36.095512 -42.391895
v -21.746149 35.720642 -42.376328
v -21.764982 35.267670 -42.347511
v -21.781260 31.252146 -42.077595
v -21.712301 30.851490 -42.044029
v -21.518826 30.531296 -42.004253
v -21.197056 30.317598 -41.959522
v -20.795422 30.255217 -41.917278
v -20.388649 30.377308 -41.887009
v -20.070688 30.670193 -41.876804
v -19.905827 31.087149 -41.889542
v -19.861732 31.577497 -41.918514
v -19.999729 35.044025 -40.134312
v -22.146095 36.935577 -11.237282
v -21.921883 32.083767 -40.115749
v -24.068302 33.975590 -11.218742
v -22.022007 36.825356 -12.907293
v -21.905521 36.722050 -14.475102
v -21.795977 36.625053 -15.949582
v -21.692713 36.533772 -17.339605
v -21.595072 36.447605 -18.654047
v -21.502394 36.365948 -19.901777
v -21.414017 36.288204 -21.091671
v -21.247532 36.142059 -23.333443
v -21.090336 36.004360 -25.450346
v -20.781317 35.733852 -29.612083
v -20.592249 35.567902 -32.158085
v -20.489990 35.477901 -33.534958
v -20.380880 35.381672 -35.003902
v -20.263651 35.278053 -36.582031
v -20.137024 35.165890 -38.286461
v -22.162144 33.279980 -10.991812
v -22.038271 33.169254 -12.661810
v -21.922131 33.065136 -14.229597
v -21.813051 32.967052 -15.704048
v -21.710361 32.874435 -17.094036
v -21.613394 32.786701 -18.408436
v -21.521475 32.703285 -19.656120
v -21.433933 32.623608 -20.845964
v -21.269302 32.473183 -23.087624
v -21.114138 32.330837 -25.204407
v -20.809320 32.050831 -29.365900
v -20.622431 31.880001 -31.911781
v -20.521126 31.787868 -33.288601
v -20.412851 31.689781 -34.757496
v -20.296310 31.584633 -36.335587
v -20.170206 31.471313 -38.039989
v -20.033239 31.348715 -39.887821
v -20.011868 33.564320 -40.035347
v -20.149181 33.686218 -38.187500
v -20.275839 33.798431 -36.483078
v -20.393110 33.902115 -34.904957
v -20.502268 33.998428 -33.436028
v -20.604584 34.088520 -32.059166
v -20.793777 34.254681 -29.513191
v -21.103035 34.525581 -25.351509
v -21.260342 34.663464 -23.234631
v -21.426929 34.809780 -20.992882
v -21.515350 34.887596 -19.802999
v -21.608068 34.969318 -18.555277
v -21.705746 35.055546 -17.240845
v -21.809040 35.146873 -15.850828
v -21.918610 35.243908 -14.376354
v -22.035114 35.347248 -12.808550
v -22.159214 35.457485 -11.138540
v -22.253046 32.847809 -10.971109
v -22.129845 32.736488 -12.641131
v -22.014786 32.631416 -14.208957
v -21.907158 32.532059 -15.683458
v -21.806261 32.437870 -17.073511
v -21.711390 32.348309 -18.387983
v -21.621836 32.262840 -19.635754
v -21.536898 32.180916 -20.825691
v -21.378044 32.025551 -23.067560
v -21.229189 31.877892 -25.184576
v -20.937397 31.587191 -29.346565
v -20.757250 31.410942 -31.892706
v -20.658899 31.316456 -33.269642
v -20.553202 31.216324 -34.738640
v -20.438789 31.109489 -36.316811
v -20.314297 30.994900 -38.021278
v -20.178350 30.871502 -39.869152
v -22.494200 32.516384 -10.971408
v -22.372051 32.404900 -12.641520
v -22.258678 32.299572 -14.209489
v -22.153320 32.199871 -15.684184
v -22.055216 32.105267 -17.074474
v -21.963606 32.015236 -18.389227
v -21.877729 31.929243 -19.637312
v -21.796831 31.846764 -20.827595
v -21.646919 31.690226 -23.070236
v -21.507792 31.541389 -25.188095
v -21.235937 31.248648 -29.351830
v -21.066048 31.071495 -31.898878
v -20.972179 30.976641 -33.276211
v -20.870390 30.876198 -34.745552
v -20.759207 30.769115 -36.324017
v -20.637150 30.654346 -38.028698
v -20.502747 30.530838 -39.876709
v -22.873692 32.323521 -10.994278
v -22.752342 32.212635 -12.664506
v -22.640247 32.108269 -14.232662
v -22.536602 32.009865 -15.707609
v -22.440603 31.916866 -17.098207
v -22.351448 31.828718 -18.413322
v -22.268333 31.744860 -19.661814
v -22.190456 31.664734 -20.852545
v -22.047203 31.513451 -23.096174
v -21.915260 31.370407 -25.215111
v -21.657927 31.089817 -29.381046
v -21.495424 30.919033 -31.929226
v -21.404770 30.826979 -33.307053
v -21.305777 30.728987 -34.776829
v -21.196896 30.623938 -36.355644
v -21.076576 30.510706 -38.060596
v -20.943268 30.388174 -39.908775
v -23.317709 32.320560 -11.036146
v -23.196289 32.210674 -12.706433
v -23.084076 32.107918 -14.274685
v -22.980267 32.011673 -15.749760
v -22.884060 31.921333 -17.140516
v -22.794653 31.836287 -18.455812
v -22.711243 31.755922 -19.704510
v -22.633030 31.679632 -20.895464
v -22.488983 31.536829 -23.139585
v -22.356092 31.402990 -25.259048
v -22.096506 31.141199 -29.426037
v -21.932722 30.980059 -31.974747
v -21.841484 30.892214 -33.352802
v -21.741972 30.797892 -34.822777
v -21.632656 30.695868 -36.401760
v -21.512003 30.584923 -38.106834
v -21.378481 30.463835 -39.955090
v -23.725033 32.532043 -11.088843
v -23.602705 32.422710 -12.759081
v -23.489037 32.320835 -14.327251
v -23.383270 32.225765 -15.802217
v -23.284651 32.136868 -17.192839
v -23.192423 32.053497 -18.507977
v -23.105829 31.975008 -19.756495
v -23.024115 31.900761 -20.947250
v -22.872299 31.762421 -23.190929
v -22.730930 31.633335 -25.309900
v -22.453861 31.380909 -29.475861
v -22.281040 31.224436 -32.024029
v -22.185846 31.138605 -33.401848
v -22.082882 31.046024 -34.871613
v -21.970713 30.945433 -36.450420
v -21.847902 30.835562 -38.155365
v -21.713015 30.715151 -40.003540
v -23.980869 32.918125 -11.138942
v -23.857531 32.808632 -12.809072
v -23.742241 32.706493 -14.377072
v -23.634298 32.611073 -15.851809
v -23.533001 32.521729 -17.242147
v -23.437649 32.437828 -18.556955
v -23.347536 32.358734 -19.805099
v -23.261967 32.283810 -20.995445
v -23.101637 32.143913 -23.238216
v -22.951044 32.013046 -25.356199
v -22.655216 31.756645 -29.520126
v -22.472799 31.597996 -32.067249
v -22.373421 31.511190 -33.444607
v -22.266813 31.417751 -34.913975
v -22.151640 31.316442 -36.492455
v -22.026564 31.206024 -38.197147
v -21.890244 31.085264 -40.045166
v -24.070639 33.420132 -11.181308
v -23.946705 33.310177 -12.851352
v -23.830463 33.207302 -14.419213
v -23.721245 33.110882 -15.893763
v -23.618382 33.020313 -17.283873
v -23.521204 32.934975 -18.598413
v -23.429043 32.854252 -19.846256
v -23.341230 32.777534 -21.036272
v -23.175970 32.633656 -23.278315
v -23.020069 32.498421 -25.395508
v -22.713566 32.232944 -29.557827
v -22.525740 32.069576 -32.104126
v -22.424011 31.980700 -33.481125
v -22.315363 31.885450 -34.950180
v -22.198507 31.782644 -36.528400
v -22.072165 31.671093 -38.232899
v -21.935045 31.549614 -40.080795
v -24.035881 37.667782 -11.465121
v -23.912024 37.557072 -13.135121
v -23.795908 37.452980 -14.702912
v -23.686861 37.354927 -16.177368
v -23.584206 37.262344 -17.567362
v -23.487272 37.174656 -18.881765
v -23.395388 37.091286 -20.129456
v -23.307877 37.011658 -21.319305
v -23.143286 36.861336 -23.560974
v -22.988117 36.719093 -25.677763
v -22.683115 36.439255 -29.839252
v -22.496063 36.268497 -32.385124
v -22.394674 36.176395 -33.761940
v -22.286322 36.078331 -35.230831
v -22.169710 35.973202 -36.808918
v -22.043550 35.859894 -38.513317
v -21.906549 35.737305 -40.361145
v -21.908808 33.561806 -40.214489
v -22.046122 33.683704 -38.366646
v -22.172779 33.795918 -36.662220
v -22.290051 33.899605 -35.084099
v -22.399208 33.995914 -33.615170
v -22.501524 34.086010 -32.238308
v -22.690718 34.252171 -29.692333
v -22.999975 34.523071 -25.530651
v -23.157282 34.660954 -23.413774
v -23.323870 34.807266 -21.172026
v -23.412291 34.885082 -19.982141
v -23.505009 34.966805 -18.734421
v -23.602686 35.053032 -17.419989
v -23.705980 35.144363 -16.029972
v -23.815550 35.241398 -14.555497
v -23.932055 35.344734 -12.987693
v -24.056154 35.454975 -11.317683
v -23.929409 38.070686 -11.482368
v -23.806105 37.959503 -13.152389
v -23.690870 37.854656 -14.720211
v -23.583004 37.755585 -16.194708
v -23.481802 37.661747 -17.584753
v -23.386560 37.572582 -18.899216
v -23.296577 37.487549 -20.146973
v -23.211151 37.406090 -21.336893
v -23.051149 37.251698 -23.578716
v -22.900930 37.104992 -25.695667
v -22.605928 36.815899 -29.857468
v -22.423958 36.640331 -32.403492
v -22.324781 36.546120 -33.780369
v -22.218351 36.446213 -35.249317
v -22.103325 36.339558 -36.827450
v -21.978359 36.225098 -38.531879
v -21.842112 36.101780 -40.379730
v -23.701050 38.387695 -11.482265
v -23.578588 38.276299 -13.152351
v -23.464705 38.171101 -14.720279
v -23.358652 38.071560 -16.194916
v -23.259682 37.977135 -17.585133
v -23.167048 37.887280 -18.899796
v -23.079998 37.801456 -20.147776
v -22.997789 37.719120 -21.337942
v -22.844893 37.562744 -23.580303
v -22.702374 37.413807 -25.697832
v -22.423050 37.119873 -29.860785
v -22.249107 36.941704 -32.407387
v -22.153429 36.846336 -33.784519
v -22.050047 36.745415 -35.253685
v -21.937536 36.637917 -36.831997
v -21.814468 36.522812 -38.536564
v -21.679420 36.399086 -40.384499
v -23.363840 38.583397 -11.463560
v -23.242220 38.472301 -13.133746
v -23.129684 38.367584 -14.701836
v -23.025442 38.268684 -16.176689
v -22.928705 38.175041 -17.567173
v -22.838678 38.086090 -18.882147
v -22.754572 38.001274 -20.130476
v -22.675594 37.920033 -21.321026
v -22.529861 37.766014 -23.564232
v -22.395147 37.619556 -25.682671
v -22.131857 37.330360 -29.847466
v -21.966181 37.154495 -32.395008
v -21.874119 37.060108 -33.772549
v -21.773890 36.960033 -35.242069
v -21.663982 36.853222 -36.820671
v -21.542885 36.738636 -38.525459
v -21.409081 36.615231 -40.373535
v -22.987812 38.627846 -11.430911
v -22.866539 38.517517 -13.101183
v -22.754562 38.414028 -14.669410
v -22.651077 38.316776 -16.144447
v -22.555275 38.225155 -17.535158
v -22.466347 38.138565 -18.850397
v -22.383486 38.056400 -20.099026
v -22.305885 37.978062 -21.289904
v -22.163235 37.830452 -23.533836
v -22.031931 37.690907 -25.653067
v -21.775843 37.415695 -29.819487
v -21.613956 37.246948 -32.367863
v -21.523565 37.155663 -33.745770
v -21.424801 37.058281 -35.215607
v -21.316107 36.953693 -36.794472
v -21.195929 36.840782 -38.499462
v -21.062710 36.718433 -40.347660
v -22.636620 38.527431 -11.390932
v -22.515038 38.417889 -13.061228
v -22.402571 38.315655 -14.629492
v -22.298428 38.220089 -16.104582
v -22.201822 38.130550 -17.495356
v -22.111963 38.046394 -18.810671
v -22.028059 37.966976 -20.059385
v -21.949326 37.891655 -21.250359
v -21.804199 37.750736 -23.494507
v -21.670271 37.618492 -25.613977
v -21.409042 37.358315 -29.780912
v -21.244610 37.197330 -32.329567
v -21.153124 37.109444 -33.707592
v -21.053411 37.015026 -35.177540
v -20.943941 36.912888 -36.756496
v -20.823179 36.801826 -38.461552
v -20.689592 36.680653 -40.309795
v -22.362484 38.308758 -11.350430
v -22.240084 38.199558 -13.020671
v -22.126305 38.097881 -14.588847
v -22.020401 38.003067 -16.063820
v -21.921629 37.914459 -17.454449
v -21.829243 37.831402 -18.769596
v -21.742493 37.753231 -20.018124
v -21.660637 37.679295 -21.208891
v -21.508623 37.541481 -23.452591
v -21.367231 37.412697 -25.571585
v -21.090822 37.159893 -29.737572
v -20.918625 37.002827 -32.285751
v -20.823751 36.916668 -33.663574
v -20.721090 36.823772 -35.133343
v -20.609190 36.722893 -36.712151
v -20.486593 36.612789 -38.417095
v -20.351847 36.492222 -40.265270
v -22.199566 38.006073 -11.314747
v -22.076315 37.896709 -12.984896
v -21.961172 37.794777 -14.552925
v -21.853434 37.699627 -16.027700
v -21.752403 37.610611 -17.418089
v -21.657373 37.527081 -18.732954
v -21.567646 37.448391 -19.981165
v -21.482519 37.373894 -21.171585
v -21.323257 37.234890 -23.414518
v -21.173975 37.104889 -25.532684
v -20.881363 36.849903 -29.697002
v -20.700815 36.691833 -32.244331
v -20.602293 36.605259 -33.621780
v -20.496449 36.512005 -35.091228
v -20.381918 36.410839 -36.669773
v -20.257334 36.300526 -38.374519
v -20.121332 36.179829 -40.222565
v -23.944218 33.865368 -12.888754
v -23.827736 33.762058 -14.456563
v -23.718197 33.665058 -15.931044
v -23.614943 33.573772 -17.321068
v -23.517309 33.487598 -18.635508
v -23.424639 33.405937 -19.883240
v -23.336269 33.328186 -21.073133
v -23.169796 33.182014 -23.314903
v -23.012604 33.044289 -25.431807
v -22.703556 32.773712 -29.593534
v -22.514462 32.607716 -32.139534
v -22.412188 32.517693 -33.516403
v -22.303064 32.421444 -34.985344
v -22.185822 32.317814 -36.563473
v -22.059185 32.205639 -38.267902
v 21.603064 -0.018468 -47.388744
v 21.827991 9.650364 -45.973122
v 21.931383 14.370559 -45.282070
v 22.023884 18.953688 -44.611130
v 22.101870 23.354063 -43.967007
v 22.161705 27.525995 -43.356403
v 22.199764 31.423798 -42.786026
v 22.212418 35.001778 -42.262573
v 22.197245 38.229481 -41.790520
v 22.156664 41.137363 -41.365391
v 22.094307 43.771114 -40.980488
v 22.013803 46.176426 -40.629105
v 21.918781 48.398979 -40.304535
v 21.812870 50.484470 -40.000080
v 21.582901 54.427006 -39.424686
v 21.516087 54.379169 -39.096859
v 21.329205 54.338509 -38.818207
v 21.047695 54.311504 -38.633144
v 20.716427 54.301834 -38.566868
v 20.385124 54.311481 -38.632980
v 20.103521 54.338463 -38.817905
v 19.916500 54.379112 -39.096466
v 19.849524 54.426941 -39.424263
v 19.916336 54.474777 -39.752090
v 20.103218 54.515438 -40.030743
v 20.384727 54.542442 -40.215805
v 20.715996 54.552113 -40.282082
v 21.047298 54.542465 -40.215969
v 21.328901 54.515484 -40.031044
v 21.515923 54.474834 -39.752487
v 21.534529 -0.009920 -47.727612
v 21.343155 -0.002657 -48.015579
v 21.055000 0.002165 -48.206745
v 20.715990 0.003889 -48.275093
v 20.377016 0.002161 -48.206577
v 20.088957 -0.002664 -48.015266
v 19.897726 -0.009931 -47.727203
v 19.829359 -0.018479 -47.388302
v 19.897896 -0.027026 -47.049435
v 20.089268 -0.034290 -46.761467
v 20.377422 -0.039112 -46.570297
v 20.716433 -0.040836 -46.501953
v 21.055407 -0.039108 -46.570465
v 21.343466 -0.034282 -46.761780
v 21.534697 -0.027016 -47.049839
v 21.694094 51.098610 -39.501118
v 21.856592 47.607819 -39.942741
v 21.927179 45.717884 -40.189243
v 21.988075 43.696556 -40.459091
v 22.037338 41.517548 -40.756966
v 22.073030 39.154587 -41.087532
v 22.093216 36.581387 -41.455460
v 22.095995 33.772236 -41.865322
v 22.081079 30.723211 -42.317814
v 22.050268 27.458700 -42.808601
v 22.005499 24.004984 -43.333015
v 21.948711 20.388340 -43.886387
v 21.881845 16.635050 -44.464039
v 21.806835 12.771390 -45.061310
v 21.674736 6.425996 -46.046013
v 21.465622 51.048954 -39.160450
v 21.590155 47.550262 -39.545433
v 21.644251 45.657139 -39.767311
v 21.690918 43.633301 -40.015896
v 21.728670 41.452610 -40.296539
v 21.756025 39.088928 -40.614574
v 21.771494 36.516106 -40.975353
v 21.773623 33.708569 -41.384098
v 21.762192 30.662407 -41.841606
v 21.738581 27.401886 -42.342922
v 21.704271 23.953150 -42.882702
v 21.660751 20.342339 -43.455601
v 21.609507 16.595592 -44.056282
v 21.552023 12.739057 -44.679398
v 21.450787 6.405915 -45.709648
v 21.121466 51.015976 -38.934200
v 21.188808 47.512039 -39.281567
v 21.218060 45.616791 -39.487091
v 21.243296 43.591290 -39.721554
v 21.263712 41.409485 -39.990753
v 21.278503 39.045322 -40.300468
v 21.286869 36.472752 -40.656498
v 21.288021 33.666283 -41.064499
v 21.281839 30.622023 -41.525341
v 21.269070 27.364155 -42.033646
v 21.250517 23.918724 -42.583630
v 21.226984 20.311787 -43.169502
v 21.199272 16.569387 -43.785477
v 21.168188 12.717583 -44.425758
v 21.113443 6.392579 -45.486259
v 20.716475 51.004166 -38.853176
v 20.716518 47.498352 -39.187073
v 20.716537 45.602345 -39.386734
v 20.716555 43.576244 -39.616142
v 20.716568 41.394039 -39.881241
v 20.716578 39.029705 -40.187981
v 20.716581 36.457226 -40.542305
v 20.716583 33.651138 -40.950043
v 20.716579 30.607561 -41.412075
v 20.716570 27.350641 -41.922886
v 20.716558 23.906397 -42.476524
v 20.716543 20.300844 -43.067043
v 20.716526 16.560003 -43.688492
v 20.716505 12.709892 -44.334923
v 20.716469 6.387803 -45.406258
v 20.376371 51.012413 -38.909771
v 20.319899 47.507912 -39.253075
v 20.295368 45.612434 -39.456833
v 20.274206 43.586754 -39.689774
v 20.257086 41.404827 -39.957733
v 20.244680 39.040611 -40.266552
v 20.237667 36.468071 -40.622066
v 20.236700 33.661716 -41.029991
v 20.241884 30.617662 -41.491188
v 20.252592 27.360081 -42.000252
v 20.268150 23.915009 -42.551338
v 20.287886 20.308487 -43.138611
v 20.311123 16.566559 -43.756233
v 20.337191 12.715263 -44.398373
v 20.383099 6.391139 -45.462139
v 20.071424 51.035786 -39.070122
v 19.964279 47.535004 -39.440086
v 19.917736 45.641029 -39.655430
v 19.877584 43.616528 -39.898380
v 19.845100 41.435390 -40.174454
v 19.821566 39.071518 -40.489170
v 19.808256 36.498798 -40.848049
v 19.806425 33.691685 -41.256496
v 19.816259 30.646284 -41.715336
v 19.836575 27.386822 -42.219444
v 19.866095 23.939405 -42.763298
v 19.903538 20.330139 -43.341377
v 19.947628 16.585131 -43.948162
v 19.997087 12.730483 -44.578133
v 20.084190 6.400590 -45.620461
v 19.836081 51.072075 -39.319077
v 19.689827 47.577065 -39.730434
v 19.626295 45.685425 -39.963776
v 19.571487 43.662754 -40.222263
v 19.527149 41.482849 -40.510925
v 19.495024 39.119499 -40.834797
v 19.476858 36.546505 -41.198906
v 19.474356 33.738213 -41.608170
v 19.487780 30.690720 -42.063343
v 19.515512 27.428341 -42.559757
v 19.555805 23.977285 -43.092381
v 19.606916 20.363758 -43.656189
v 19.667099 16.613964 -44.246147
v 19.734610 12.754112 -44.857227
v 19.853504 6.415266 -45.866268
v 19.693684 51.117470 -39.630505
v 19.523767 47.629677 -40.093639
v 19.449957 45.740959 -40.349491
v 19.386284 43.720581 -40.627419
v 19.334770 41.542213 -40.931835
v 19.297449 39.179523 -41.267159
v 19.276342 36.606182 -41.637802
v 19.273436 33.796417 -42.048092
v 19.289032 30.746305 -42.498676
v 19.321251 27.480278 -42.985466
v 19.368063 24.024670 -43.504047
v 19.427443 20.405811 -44.049995
v 19.497362 16.650034 -44.618904
v 19.575796 12.783670 -45.206356
v 19.713926 6.433623 -46.173759
v 19.658998 51.166927 -39.969810
v 19.483318 47.687004 -40.489361
v 19.407003 45.801464 -40.769737
v 19.341169 43.783581 -41.068844
v 19.287910 41.606892 -41.390423
v 19.249321 39.244919 -41.738224
v 19.227499 36.671204 -42.115993
v 19.224495 33.859833 -42.527390
v 19.240620 30.806868 -42.972980
v 19.273932 27.536865 -43.449287
v 19.322332 24.076298 -43.952560
v 19.383726 20.451630 -44.479057
v 19.456017 16.689333 -45.025032
v 19.537111 12.815875 -45.586739
v 19.679928 6.453624 -46.508778
v 19.919596 51.257740 -40.592800
v 19.787220 47.792255 -41.215931
v 19.729717 45.912556 -41.541336
v 19.680109 43.899258 -41.879330
v 19.639978 41.725643 -42.232422
v 19.610901 39.364994 -42.603134
v 19.594458 36.790585 -42.993977
v 19.592194 33.976269 -43.407421
v 19.604345 30.918064 -43.843838
v 19.629446 27.640764 -44.300892
v 19.665915 24.171087 -44.776066
v 19.712175 20.535757 -45.266846
v 19.766647 16.761488 -45.770714
v 19.827753 12.875005 -46.285149
v 19.935366 6.490347 -47.123894
v 19.757687 6.473216 -46.836948
v 19.625587 12.847422 -45.959347
v 19.550577 16.727829 -45.422859
v 19.483711 20.496511 -44.899349
v 19.426924 24.126869 -44.391911
v 19.382154 27.592297 -43.903625
v 19.351343 30.866192 -43.437592
v 19.336428 33.921955 -42.996895
v 19.339207 36.734894 -42.584408
v 19.359392 39.308979 -42.199661
v 19.395084 41.670246 -41.839638
v 19.444347 43.845295 -41.501244
v 19.505243 45.860733 -41.181393
v 19.575830 47.743156 -40.876991
v 19.738329 51.215378 -40.302181
v 20.186478 51.289192 -40.808586
v 20.098450 47.828712 -41.467594
v 20.060211 45.951035 -41.808598
v 20.027224 43.939327 -42.160061
v 20.000538 41.766777 -42.524067
v 19.981201 39.406582 -42.902714
v 19.970266 36.831936 -43.298088
v 19.968761 34.016602 -43.712242
v 19.976841 30.956579 -44.145481
v 19.993532 27.676750 -44.595867
v 20.017784 24.203920 -45.061310
v 20.048548 20.564896 -45.539715
v 20.084770 16.786482 -46.028996
v 20.125404 12.895486 -46.527058
v 20.196964 6.503067 -47.336952
v 20.509647 51.306789 -40.929325
v 20.475323 47.849110 -41.608406
v 20.460413 45.972565 -41.958138
v 20.447550 43.961742 -42.317135
v 20.437143 41.789791 -42.687248
v 20.429604 39.429852 -43.070335
v 20.425341 36.855072 -43.468243
v 20.424753 34.039165 -43.882790
v 20.427904 30.978130 -44.314251
v 20.434412 27.696886 -44.760906
v 20.443869 24.222292 -45.220905
v 20.455864 20.581200 -45.692390
v 20.469988 16.800465 -46.173508
v 20.485834 12.906945 -46.662411
v 20.513737 6.510184 -47.456161
v 20.853956 51.308472 -40.940861
v 20.876846 47.851059 -41.621857
v 20.886789 45.974621 -41.972424
v 20.895367 43.963886 -42.332142
v 20.902306 41.791992 -42.702839
v 20.907333 39.432076 -43.086349
v 20.910177 36.857281 -43.484501
v 20.910568 34.041321 -43.899086
v 20.908466 30.980188 -44.330379
v 20.904127 27.698811 -44.776676
v 20.897821 24.224047 -45.236153
v 20.889822 20.582756 -45.706978
v 20.880404 16.801802 -46.187317
v 20.869837 12.908040 -46.675343
v 20.851229 6.510864 -47.467552
v 21.184219 51.293922 -40.841034
v 21.261990 47.834194 -41.505436
v 21.295773 45.956821 -41.848785
v 21.324917 43.945351 -42.202271
v 21.348494 41.772961 -42.567921
v 21.365576 39.412834 -42.947758
v 21.375237 36.838150 -43.343815
v 21.376566 34.022663 -43.758072
v 21.369427 30.962370 -44.190834
v 21.354681 27.682161 -44.640217
v 21.333256 24.208857 -45.104195
v 21.306078 20.569277 -45.580742
v 21.274075 16.790239 -46.067829
v 21.238176 12.898565 -46.563431
v 21.174953 6.504980 -47.368988
v 21.693893 51.215446 -40.302662
v 21.856358 47.743237 -40.877552
v 21.926931 45.860817 -41.181988
v 21.987812 43.845387 -41.501869
v 22.037066 41.670338 -41.840286
v 22.072752 39.309071 -42.200329
v 22.092932 36.734985 -42.585083
v 22.095711 33.922043 -42.997574
v 22.080799 30.866278 -43.438263
v 22.049994 27.592377 -43.904285
v 22.005234 24.126942 -44.392544
v 21.948458 20.496576 -44.899960
v 21.881605 16.727884 -45.423435
v 21.806612 12.847466 -45.959888
v 21.674538 6.473245 -46.837421
v 21.450422 6.493319 -47.173676
v 21.551609 12.879790 -46.341671
v 21.609064 16.767328 -45.831059
v 21.660282 20.542564 -45.330601
v 21.703779 24.178759 -44.842712
v 21.738071 27.649172 -44.369812
v 21.761673 30.927063 -43.914314
v 21.773098 33.985691 -43.478642
v 21.770969 36.800243 -43.065033
v 21.755508 39.374710 -42.673130
v 21.728168 41.735256 -42.300564
v 21.690434 43.908619 -41.944920
v 21.643789 45.921547 -41.603783
v 21.589722 47.800774 -41.274731
v 21.465250 51.265087 -40.643219
v -21.603064 -0.018468 -47.388744
v -21.827991 9.650364 -45.973122
v -21.931383 14.370559 -45.282070
v -22.023884 18.953688 -44.611130
v -22.101870 23.354063 -43.967007
v -22.161705 27.525995 -43.356403
v -22.199764 31.423798 -42.786026
v -22.212418 35.001778 -42.262573
v -22.197245 38.229481 -41.790520
v -22.156664 41.137363 -41.365391
v -22.094307 43.771114 -40.980488
v -22.013803 46.176426 -40.629105
v -21.918781 48.398979 -40.304535
v -21.812870 50.484470 -40.000080
v -21.582901 54.427006 -39.424686
v -21.515923 54.474834 -39.752487
v -21.328901 54.515484 -40.031044
v -21.047298 54.542465 -40.215969
v -20.715996 54.552113 -40.282082
v -20.384727 54.542442 -40.215805
v -20.103218 54.515438 -40.030743
v -19.916336 54.474777 -39.752090
v -19.849524 54.426941 -39.424263
v -19.916500 54.379112 -39.096466
v -20.103521 54.338463 -38.817905
v -20.385124 54.311481 -38.632980
v -20.716427 54.301834 -38.566868
v -21.047695 54.311504 -38.633144
v -21.329205 54.338509 -38.818207
v -21.516087 54.379169 -39.096859
v -21.534697 -0.027016 -47.049839
v -21.343466 -0.034282 -46.761780
v -21.055407 -0.039108 -46.570465
v -20.716433 -0.040836 -46.501953
v -20.377422 -0.039112 -46.570297
v -20.089268 -0.034290 -46.761467
v -19.897896 -0.027026 -47.049435
v -19.829359 -0.018479 -47.388302
v -19.897726 -0.009931 -47.727203
v -20.088957 -0.002664 -48.015266
v -20.377016 0.002161 -48.206577
v -20.715990 0.003889 -48.275093
v -21.055000 0.002165 -48.206745
v -21.343155 -0.002657 -48.015579
v -21.534529 -0.009920 -47.727612
v -21.693893 51.215446 -40.302662
v -21.856358 47.743237 -40.877552
v -21.926931 45.860817 -41.181988
v -21.987812 43.845387 -41.501869
v -22.037066 41.670338 -41.840286
v -22.072752 39.309071 -42.200329
v -22.092932 36.734985 -42.585083
v -22.095711 33.922043 -42.997574
v -22.080799 30.866278 -43.438263
v -22.049994 27.592377 -43.904285
v -22.005234 24.126942 -44.392544
v -21.948458 20.496576 -44.899960
v -21.881605 16.727884 -45.423435
v -21.806612 12.847466 -45.959888
v -21.674538 6.473245 -46.837421
v -21.465250 51.265087 -40.643219
v -21.589722 47.800774 -41.274731
v -21.643789 45.921547 -41.603783
v -21.690434 43.908619 -41.944920
v -21.728168 41.735256 -42.300564
v -21.755508 39.374710 -42.673130
v -21.770969 36.800243 -43.065033
v -21.773098 33.985691 -43.478642
v -21.761673 30.927063 -43.914314
v -21.738071 27.649172 -44.369812
v -21.703779 24.178759 -44.842712
v -21.660282 20.542564 -45.330601
v -21.609064 16.767328 -45.831059
v -21.551609 12.879790 -46.341671
v -21.450422 6.493319 -47.173676
v -21.120979 51.298042 -40.869297
v -21.188240 47.838970 -41.538399
v -21.217459 45.961861 -41.883793
v -21.242664 43.950600 -42.239044
v -21.263056 41.778351 -42.606121
v -21.277830 39.418282 -42.987000
v -21.286184 36.843567 -43.383652
v -21.287334 34.027946 -43.798000
v -21.281160 30.967415 -44.230347
v -21.268408 27.686876 -44.678856
v -21.249876 24.213158 -45.141560
v -21.226372 20.573093 -45.616486
v -21.198692 16.793512 -46.101662
v -21.167645 12.901248 -46.595119
v -21.112967 6.506646 -47.396896
v -20.715948 51.309822 -40.950127
v -20.715904 47.852623 -41.632664
v -20.715885 45.976273 -41.983898
v -20.715868 43.965607 -42.344196
v -20.715857 41.793758 -42.715363
v -20.715845 39.433861 -43.099213
v -20.715841 36.859058 -43.497559
v -20.715839 34.043053 -43.912174
v -20.715843 30.981842 -44.343330
v -20.715853 27.700356 -44.789341
v -20.715864 24.225456 -45.248402
v -20.715879 20.584007 -45.718693
v -20.715897 16.802874 -46.198406
v -20.715918 12.908919 -46.685730
v -20.715954 6.511410 -47.476700
v -20.375874 51.301548 -40.893364
v -20.319319 47.843033 -41.566463
v -20.294750 45.966152 -41.913597
v -20.273558 43.955067 -42.270348
v -20.256413 41.782936 -42.638645
v -20.243990 39.422920 -43.020409
v -20.236965 36.848179 -43.417564
v -20.235998 34.032444 -43.831993
v -20.241188 30.971710 -44.263985
v -20.251913 27.690889 -44.711750
v -20.267494 24.216820 -45.173367
v -20.287258 20.576344 -45.646915
v -20.310530 16.796301 -46.130466
v -20.336636 12.903532 -46.622097
v -20.382610 6.508064 -47.420654
v -20.071007 51.278152 -40.732864
v -19.963791 47.815918 -41.379280
v -19.917219 45.937531 -41.714813
v -19.877041 43.925266 -42.061546
v -19.844538 41.752342 -42.421722
v -19.820986 39.391987 -42.797585
v -19.807669 36.817425 -43.191368
v -19.805836 34.002449 -43.605274
v -19.815676 30.943064 -44.039627
v -19.836006 27.664122 -44.492352
v -19.865543 24.192398 -44.961212
v -19.903011 20.554670 -45.443958
v -19.947130 16.777710 -45.938358
v -19.996620 12.888298 -46.442165
v -20.083780 6.498603 -47.262184
v -19.835789 51.241848 -40.483791
v -19.689486 47.773838 -41.088799
v -19.625933 45.893116 -41.406326
v -19.571108 43.879017 -41.737514
v -19.526754 41.704865 -42.085091
v -19.494617 39.343983 -42.451794
v -19.476446 36.769695 -42.840351
v -19.473944 33.955894 -43.253437
v -19.487371 30.898607 -43.691460
v -19.515112 27.622583 -44.151882
v -19.555420 24.154501 -44.631973
v -19.606546 20.521036 -45.129002
v -19.666750 16.748863 -45.640236
v -19.734283 12.864658 -46.162945
v -19.853218 6.483922 -47.016262
v -19.693548 51.196445 -40.172295
v -19.523609 47.721210 -40.725510
v -19.449789 45.837570 -41.020523
v -19.386106 43.821178 -41.332264
v -19.334587 41.645489 -41.664089
v -19.297260 39.283947 -42.019337
v -19.276150 36.710003 -42.401352
v -19.273245 33.897678 -42.813416
v -19.288843 30.843008 -43.256027
v -19.321064 27.570635 -43.726074
v -19.367884 24.107105 -44.220215
v -19.427271 20.478973 -44.735104
v -19.497200 16.712786 -45.267391
v -19.575644 12.835093 -45.813736
v -19.713795 6.465559 -46.708702
v -19.659033 51.146984 -39.832970
v -19.483358 47.663883 -40.329769
v -19.407047 45.777061 -40.600254
v -19.341215 43.758175 -40.890820
v -19.287956 41.580807 -41.205479
v -19.249369 39.218544 -41.548248
v -19.227549 36.644981 -41.923141
v -19.224543 33.834259 -42.334091
v -19.240669 30.782444 -42.781696
v -19.273979 27.514044 -43.262230
v -19.322376 24.055477 -43.771679
v -19.383768 20.433151 -44.306019
v -19.456059 16.673485 -44.861244
v -19.537149 12.802887 -45.433334
v -19.679962 6.445558 -46.373669
v -19.919943 51.056194 -39.210110
v -19.787624 47.558655 -39.603348
v -19.730146 45.665993 -39.828812
v -19.680561 43.642521 -40.080498
v -19.640448 41.462078 -40.363651
v -19.611383 39.098499 -40.683517
v -19.594948 36.525623 -41.045338
v -19.592684 33.717846 -41.454243
v -19.604830 30.671270 -41.911022
v -19.629919 27.410168 -42.410801
v -19.666372 23.960705 -42.948341
v -19.712614 20.349043 -43.518394
v -19.767061 16.601343 -44.115719
v -19.828140 12.743770 -44.735069
v -19.935707 6.408843 -45.758678
v -19.757885 6.425968 -46.045536
v -19.625811 12.771344 -45.060768
v -19.550817 16.634993 -44.463463
v -19.483965 20.388275 -43.885777
v -19.427189 24.004911 -43.332382
v -19.382429 27.458620 -42.807945
v -19.351625 30.723125 -42.317142
v -19.336712 33.772148 -41.864643
v -19.339491 36.581295 -41.454781
v -19.359671 39.154495 -41.086864
v -19.395357 41.517456 -40.756317
v -19.444611 43.696465 -40.458466
v -19.505491 45.717800 -40.188648
v -19.576065 47.607738 -39.942181
v -19.738529 51.098541 -39.500637
v -20.186934 51.024757 -38.994453
v -20.098980 47.522217 -39.351837
v -20.060776 45.627537 -39.561714
v -20.027817 43.602478 -39.799938
v -20.001152 41.420967 -40.072186
v -19.981834 39.056934 -40.384117
v -19.970909 36.484299 -40.741409
v -19.969404 33.677544 -41.149609
v -19.977478 30.632778 -41.609562
v -19.994154 27.374203 -42.116009
v -20.018385 23.927893 -42.663273
v -20.049122 20.319921 -43.245693
v -20.085314 16.576366 -43.857594
v -20.125912 12.723301 -44.493305
v -20.197411 6.396130 -45.545750
v -20.510164 51.007183 -38.873875
v -20.475925 47.501846 -39.211212
v -20.461052 45.606033 -39.412373
v -20.448221 43.580090 -39.643074
v -20.437841 41.397984 -39.909218
v -20.430319 39.033695 -40.216717
v -20.426067 36.461193 -40.571480
v -20.425482 33.655006 -40.979282
v -20.428623 30.611256 -41.441013
v -20.435116 27.354094 -41.951183
v -20.444550 23.909546 -42.503887
v -20.456514 20.303640 -43.093220
v -20.470604 16.562401 -43.713268
v -20.486408 12.711857 -44.358131
v -20.514244 6.389023 -45.426697
v -20.854479 51.005524 -38.862511
v -20.877455 47.499928 -39.197956
v -20.887436 45.604008 -39.398296
v -20.896046 43.577980 -39.628284
v -20.903011 41.395817 -39.893856
v -20.908058 39.031502 -40.200939
v -20.910912 36.459015 -40.555462
v -20.911304 33.652882 -40.963226
v -20.909195 30.609228 -41.425125
v -20.904839 27.352198 -41.935646
v -20.898510 23.907816 -42.488861
v -20.890480 20.302105 -43.078846
v -20.881025 16.561085 -43.699665
v -20.870419 12.710778 -44.345387
v -20.851742 6.388352 -45.415474
v -21.184690 51.020100 -38.962498
v -21.262541 47.516819 -39.314568
v -21.296356 45.621838 -39.522137
v -21.325529 43.596546 -39.758366
v -21.349131 41.414879 -40.028996
v -21.366230 39.050774 -40.339756
v -21.375900 36.478172 -40.696377
v -21.377232 33.671570 -41.104469
v -21.370087 30.627073 -41.564896
v -21.355326 27.368874 -42.072327
v -21.333878 23.923031 -42.621033
v -21.306671 20.315607 -43.205284
v -21.274637 16.572666 -43.819344
v -21.238703 12.720268 -44.457481
v -21.175417 6.394247 -45.514198
v -21.694094 51.098610 -39.501118
v -21.856592 47.607819 -39.942741
v -21.927179 45.717884 -40.189243
v -21.988075 43.696556 -40.459091
v -22.037338 41.517548 -40.756966
v -22.073030 39.154587 -41.087532
v -22.093216 36.581387 -41.455460
v -22.095995 33.772236 -41.865322
v -22.081079 30.723211 -42.317814
v -22.050268 27.458700 -42.808601
v -22.005499 24.004984 -43.333015
v -21.948711 20.388340 -43.886387
v -21.881845 16.635050 -44.464039
v -21.806835 12.771390 -45.061310
v -21.674736 6.425996 -46.046013
v -21.450787 6.405915 -45.709648
v -21.552023 12.739057 -44.679398
v -21.609507 16.595592 -44.056282
v -21.660751 20.342339 -43.455601
v -21.704271 23.953150 -42.882702
v -21.738581 27.401886 -42.342922
v -21.762192 30.662407 -41.841606
v -21.773623 33.708569 -41.384098
v -21.771494 36.516106 -40.975353
v -21.756025 39.088928 -40.614574
v -21.728670 41.452610 -40.296539
v -21.690918 43.633301 -40.015896
v -21.644251 45.657139 -39.767311
v -21.590155 47.550262 -39.545433
v -21.465622 51.048954 -39.160450
v -22.804129 33.524475 -10.768125
v -11.402064 33.118614 -10.599298
v 0.000000 32.934132 -10.522559
v 11.402064 33.118614 -10.599298
v 22.804129 33.524475 -10.768125
v 22.804129 33.078941 -10.635840
v 22.804129 32.738850 -10.341399
v 22.804129 32.583023 -9.910210
v 22.804129 32.651283 -9.455159
v 22.804129 32.924065 -9.094751
v 22.804129 33.339645 -8.901713
v 22.804129 34.268230 -8.855984
v 22.804129 37.977119 -8.865615
v 22.804129 38.422649 -8.997899
v 22.804129 38.762745 -9.292340
v 22.804129 38.918568 -9.723530
v 22.804129 38.850307 -10.178579
v 22.804129 38.577530 -10.538988
v 22.804129 38.161949 -10.732026
v 22.804129 37.233360 -10.777756
v -22.804129 37.233360 -10.777756
v -22.804129 38.161949 -10.732026
v -22.804129 38.577530 -10.538988
v -22.804129 38.850307 -10.178579
v -22.804129 38.918568 -9.723530
v -22.804129 38.762745 -9.292340
v -22.804129 38.422649 -8.997899
v -22.804129 37.977119 -8.865615
v -22.804129 34.268230 -8.855984
v -22.804129 33.339645 -8.901713
v -22.804129 32.924065 -9.094751
v -22.804129 32.651283 -9.455159
v -22.804129 32.583023 -9.910210
v -22.804129 32.738850 -10.341399
v -22.804129 33.078941 -10.635840
v -15.202875 32.571095 -10.296091
v 13.302379 32.705700 -10.446517
v -15.202875 32.627445 -9.035485
v 13.302379 32.429111 -9.227137
v 8.551502 32.592735 -10.390872
v 3.800627 32.520340 -10.355211
v -0.950248 32.502003 -10.346179
v -5.701124 32.543564 -10.366652
v -10.452000 32.633812 -10.411106
v -15.202875 32.759220 -10.472880
v 13.302379 32.393845 -10.034788
v 8.551502 32.294647 -9.979143
v 3.800627 32.231079 -9.943482
v -0.950248 32.214977 -9.934450
v -5.701124 32.251472 -9.954924
v -10.452000 32.330719 -9.999378
v -15.202875 32.440842 -10.061152
v -10.452000 32.454716 -10.234318
v -5.701124 32.370972 -10.189863
v -0.950248 32.332401 -10.169390
v 3.800627 32.349415 -10.178422
v 8.551502 32.416595 -10.214083
v 13.302379 32.521427 -10.269728
v 13.302379 32.344791 -9.487847
v 8.551502 32.247761 -9.432202
v 3.800627 32.185577 -9.396542
v -0.950248 32.169830 -9.387509
v -5.701124 32.205528 -9.407983
v -10.452000 32.283043 -9.452437
v -15.202875 32.390762 -9.514211
v -15.202875 32.378029 -9.791976
v -10.452000 32.270924 -9.730202
v -5.701124 32.193848 -9.685748
v -0.950248 32.158348 -9.665275
v 3.800627 32.174011 -9.674307
v 8.551502 32.235840 -9.709968
v 13.302379 32.332317 -9.765613
v 8.551502 32.328362 -9.171492
v 3.800627 32.263790 -9.135831
v -0.950248 32.247437 -9.126799
v -5.701124 32.284508 -9.147272
v -10.452000 32.364998 -9.191726
v -15.202875 32.476849 -9.253500
v 13.302379 32.851978 -8.815354
v 8.551502 32.732552 -8.759709
v 3.800627 32.656017 -8.724049
v -0.950248 32.636635 -8.715016
v -5.701124 32.680573 -8.735489
v -10.452000 32.775982 -8.779943
v -15.202875 32.908562 -8.841718
v -10.452000 32.508366 -8.973711
v -5.701124 32.422672 -8.929257
v -0.950248 32.383205 -8.908784
v 3.800627 32.400616 -8.917816
v 8.551502 32.469360 -8.953477
v 13.302379 32.576626 -9.009122
v 13.302379 33.176468 -8.720955
v 8.551502 33.042713 -8.665310
v 3.800627 32.956997 -8.629649
v -0.950248 32.935287 -8.620617
v -5.701124 32.984497 -8.641089
v -10.452000 33.091351 -8.685544
v -15.202875 33.239838 -8.747318
v 13.302379 35.174023 -8.719772
v 8.551502 34.952065 -8.664127
v 3.800627 34.809818 -8.628467
v -0.950248 34.773792 -8.619434
v -5.701124 34.855457 -8.639908
v -10.452000 35.032776 -8.684362
v -15.202875 35.279182 -8.746136
v -15.202875 33.921398 -8.737750
v -10.452000 33.740189 -8.675976
v -5.701124 33.609783 -8.631521
v -0.950248 33.549725 -8.611049
v 3.800627 33.576221 -8.620081
v 8.551502 33.680828 -8.655742
v 13.302379 33.844063 -8.711387
v 13.302379 37.570854 -8.853302
v 8.551502 37.243061 -8.797657
v 3.800627 37.032993 -8.761996
v -0.950248 36.979782 -8.752964
v -5.701124 37.100388 -8.773438
v -10.452000 37.362259 -8.817891
v -15.202875 37.726158 -8.879665
v -15.202875 37.318123 -8.747381
v -10.452000 36.973816 -8.685607
v -5.701124 36.726044 -8.641152
v -0.950248 36.611935 -8.620679
v 3.800627 36.662277 -8.629712
v 8.551502 36.861038 -8.665372
v 13.302379 37.171185 -8.721017
v 13.302379 37.875942 -9.147743
v 8.551502 37.534676 -9.092098
v 3.800627 37.315975 -9.056437
v -0.950248 37.260578 -9.047405
v -5.701124 37.386139 -9.067878
v -10.452000 37.658772 -9.112332
v -15.202875 38.037628 -9.174107
v 13.302379 38.015728 -9.578932
v 8.551502 37.668289 -9.523287
v 3.800627 37.445629 -9.487627
v -0.950248 37.389233 -9.478594
v -5.701124 37.517067 -9.499067
v -10.452000 37.794632 -9.543522
v -15.202875 38.180336 -9.605296
v 13.302379 37.954494 -10.033982
v 8.551502 37.609760 -9.978337
v 3.800627 37.388832 -9.942677
v -0.950248 37.332874 -9.933644
v -5.701124 37.459713 -9.954118
v -10.452000 37.735119 -9.998572
v -15.202875 38.117821 -10.060346
v 13.302379 37.709793 -10.394390
v 8.551502 37.375862 -10.338745
v 3.800627 37.161861 -10.303085
v -0.950248 37.107658 -10.294052
v -5.701124 37.230518 -10.314526
v -10.452000 37.497292 -10.358980
v -15.202875 37.868000 -10.420754
v 13.302379 37.336987 -10.587429
v 8.551502 37.019520 -10.531784
v 3.800627 36.816071 -10.496123
v -0.950248 36.764538 -10.487091
v -5.701124 36.881340 -10.507565
v -10.452000 37.134964 -10.552018
v -15.202875 37.487396 -10.613792
v 13.302379 36.503983 -10.633159
v 8.551502 36.223297 -10.577514
v 3.800627 36.043419 -10.541853
v -0.950248 35.997856 -10.532821
v -5.701124 36.101128 -10.553293
v -10.452000 36.325367 -10.597748
v -15.202875 36.636967 -10.659522
v 13.302379 35.174023 -10.624772
v 8.551502 34.952065 -10.569127
v 3.800627 34.809818 -10.533467
v -0.950248 34.773792 -10.524434
v -5.701124 34.855457 -10.544908
v -10.452000 35.032776 -10.589362
v -15.202875 35.279182 -10.651136
v 22.159878 40.439503 -10.868356
v 22.159878 40.439503 -10.868356
v 22.159878 40.439503 -10.868356
v 22.215786 40.416157 -10.759030
v 22.215786 40.416157 -10.759030
v 22.231071 40.389420 -10.721663
v 22.231071 40.389420 -10.721663
v 22.237408 40.351273 -10.696533
v 22.237408 40.351273 -10.696533
v 22.201599 39.888035 -10.645743
v 22.201599 39.888035 -10.645743
v 22.153564 39.248810 -10.633773
v 22.153564 39.248810 -10.633773
v 22.101131 38.740253 -10.604038
v 22.101131 38.740253 -10.604038
v 22.061712 38.560909 -10.602458
v 22.061712 38.560909 -10.602458
v 22.005785 38.437466 -10.631532
v 22.005785 38.437466 -10.631532
v 21.947109 38.386658 -10.691626
v 21.947109 38.386658 -10.691626
v 21.859467 38.353046 -10.800049
v 21.859467 38.353046 -10.800049
v 21.859467 38.353046 -10.800049
v 21.863644 38.347908 -10.873434
v 21.863644 38.347908 -10.873434
v 21.867783 38.342133 -10.973655
v 21.867783 38.342133 -10.973655
v 21.935083 38.321239 -11.428372
v 21.935083 38.321239 -11.428372
v 21.964882 38.297234 -12.069884
v 21.964882 38.297234 -12.069884
v 21.897524 38.264828 -13.081594
v 21.897524 38.264828 -13.081594
v 21.843184 38.242180 -13.789892
v 21.843184 38.242180 -13.789892
v 21.784725 38.213413 -14.666290
v 21.784725 38.213413 -14.666290
v 21.726004 38.177723 -15.712905
v 21.726004 38.177723 -15.712905
v 21.667814 38.134796 -16.911278
v 21.667814 38.134796 -16.911278
v 21.555746 38.026081 -19.686424
v 21.555746 38.026081 -19.686424
v 21.453964 37.884937 -22.837971
v 21.453964 37.884937 -22.837971
v 21.367910 37.709042 -26.212164
v 21.367910 37.709042 -26.212164
v 21.290209 37.500092 -29.639406
v 21.290209 37.500092 -29.639406
v 21.162243 37.275890 -32.886745
v 21.162243 37.275890 -32.886745
v 21.057087 37.164898 -34.365204
v 21.057087 37.164898 -34.365204
v 20.912579 37.058281 -35.705391
v 20.912579 37.058281 -35.705391
v 20.719786 36.958767 -36.876202
v 20.719786 36.958767 -36.876202
v 20.469780 36.869087 -37.846546
v 20.469780 36.869087 -37.846546
v 20.154528 36.791870 -38.587170
v 20.154528 36.791870 -38.587170
v 19.790159 36.726959 -39.118916
v 19.790159 36.726959 -39.118916
v 19.085382 36.621159 -39.860466
v 19.085382 36.621159 -39.860466
v 18.680393 36.527412 -40.649734
v 18.680393 36.527412 -40.649734
v 18.552921 36.454311 -41.430683
v 18.552921 36.454311 -41.430683
v 18.543926 36.434944 -41.688053
v 18.543926 36.434944 -41.688053
v 18.543926 36.434944 -41.688053
v 18.750443 36.445068 -42.076756
v 18.750443 36.445068 -42.076756
v 18.928127 36.475994 -42.429909
v 18.928127 36.475994 -42.429909
v 19.152855 36.571312 -42.931789
v 19.152855 36.571312 -42.931789
v 19.289791 36.729195 -43.300941
v 19.289791 36.729195 -43.300941
v 19.329773 36.944405 -43.501568
v 19.329773 36.944405 -43.501568
v 19.303745 37.207966 -43.596985
v 19.303745 37.207966 -43.596985
v 19.234148 37.507801 -43.630634
v 19.234148 37.507801 -43.630634
v 19.106831 37.819706 -43.560036
v 19.106831 37.819706 -43.560036
v 18.899189 38.116302 -43.322754
v 18.899189 38.116302 -43.322754
v 18.632065 38.359962 -42.950596
v 18.632065 38.359962 -42.950596
v 18.257174 38.562515 -42.389030
v 18.257174 38.562515 -42.389030
v 18.257174 38.562515 -42.389030
v 18.249475 38.572472 -42.269009
v 18.249475 38.572472 -42.269009
v 18.240318 38.586075 -42.085453
v 18.240318 38.586075 -42.085453
v 18.295532 38.645660 -41.166054
v 18.295532 38.645660 -41.166054
v 18.427025 38.680672 -40.698753
v 18.427025 38.680672 -40.698753
v 18.684568 38.717892 -40.327068
v 18.684568 38.717892 -40.327068
v 19.459942 38.806057 -39.651955
v 19.459942 38.806057 -39.651955
v 19.874178 38.862591 -39.158607
v 19.874178 38.862591 -39.158607
v 20.238544 38.931026 -38.437927
v 20.238544 38.931026 -38.437927
v 20.534191 39.011528 -37.463406
v 20.534191 39.011528 -37.463406
v 20.771070 39.101952 -36.268368
v 20.771070 39.101952 -36.268368
v 20.960205 39.200073 -34.888355
v 20.960205 39.200073 -34.888355
v 21.112614 39.303673 -33.358910
v 21.112614 39.303673 -33.358910
v 21.351337 39.518410 -29.993876
v 21.351337 39.518410 -29.993876
v 21.575403 39.728363 -26.457588
v 21.575403 39.728363 -26.457588
v 21.849989 39.918030 -23.010727
v 21.849989 39.918030 -23.010727
v 22.148327 40.081066 -19.819418
v 22.148327 40.081066 -19.819418
v 22.420656 40.213402 -17.026142
v 22.420656 40.213402 -17.026142
v 22.531521 40.266788 -15.823294
v 22.531521 40.266788 -15.823294
v 22.617226 40.310978 -14.773385
v 22.617226 40.310978 -14.773385
v 22.671656 40.345509 -13.893497
v 22.671656 40.345509 -13.893497
v 22.691500 40.371212 -13.180927
v 22.691500 40.371212 -13.180927
v 22.626589 40.405178 -12.159564
v 22.626589 40.405178 -12.159564
v 22.428865 40.429760 -11.508960
v 22.428865 40.429760 -11.508960
v 22.217472 40.441113 -11.045529
v 22.217472 40.441113 -11.045529
v 23.037991 40.380165 -12.045443
v 22.270206 38.345169 -11.580708
v 20.837877 38.858566 -38.589310
v 21.266083 36.968170 -37.474617
v 18.738035 38.602699 -40.680546
v 19.198275 36.617432 -40.374111
v 21.992065 38.379089 -10.829563
v 22.081455 38.428013 -10.812760
v 22.122032 38.475266 -10.809827
v 22.170685 38.569138 -10.806574
v 22.209089 38.687515 -10.808056
v 22.235830 38.803799 -10.813113
v 22.259161 38.935844 -10.820292
v 22.300705 39.246250 -10.835824
v 22.333099 39.532593 -10.845112
v 22.362417 39.824173 -10.853307
v 22.384506 40.087746 -10.863849
v 22.388859 40.291634 -10.877795
v 22.373629 40.362766 -10.883520
v 22.347807 40.399921 -10.889687
v 22.306589 40.424217 -10.901606
v 22.037970 38.370384 -10.976121
v 22.159315 38.418335 -10.979423
v 22.218113 38.465252 -10.980039
v 22.288061 38.558689 -10.978106
v 22.343075 38.677322 -10.978486
v 22.381306 38.794456 -10.981970
v 22.414549 38.927856 -10.987538
v 22.473236 39.242168 -11.001801
v 22.517704 39.532383 -11.013486
v 22.553123 39.827782 -11.025660
v 22.569464 40.094357 -11.039476
v 22.550154 40.299583 -11.052968
v 22.514301 40.370544 -11.055262
v 22.468880 40.407192 -11.054441
v 22.404118 40.430309 -11.052556
v 22.166710 38.356236 -11.293181
v 22.368786 38.405151 -11.296865
v 22.479773 38.450653 -11.297996
v 22.617247 38.539734 -11.299048
v 22.727180 38.655025 -11.300953
v 22.802492 38.771084 -11.303845
v 22.866322 38.904655 -11.308078
v 22.972002 39.221794 -11.321108
v 23.042671 39.515247 -11.335940
v 23.081415 39.813274 -11.352341
v 23.061766 40.080463 -11.367396
v 22.956253 40.284649 -11.377740
v 22.861526 40.356892 -11.379551
v 22.768776 40.396446 -11.378874
v 22.655445 40.422909 -11.376184
v 22.531872 38.396725 -11.556971
v 22.680464 38.443085 -11.545429
v 22.869425 38.531826 -11.533862
v 23.023426 38.644939 -11.528380
v 23.129314 38.757965 -11.527822
v 23.218191 38.887592 -11.530374
v 23.357626 39.194912 -11.542805
v 23.439173 39.479893 -11.557896
v 23.471128 39.771633 -11.577003
v 23.423048 40.037739 -11.600035
v 23.264931 40.248173 -11.627068
v 23.135765 40.325932 -11.642318
v 23.014122 40.370373 -11.654613
v 22.869619 40.401863 -11.667699
v 22.341875 38.316692 -12.471227
v 22.689407 38.373344 -12.378603
v 22.890728 38.422466 -12.332669
v 23.151136 38.513397 -12.284179
v 23.366432 38.625294 -12.256207
v 23.515219 38.734665 -12.245354
v 23.639408 38.858711 -12.243071
v 23.826191 39.150925 -12.253893
v 23.922474 39.422523 -12.269183
v 23.946882 39.704258 -12.295555
v 23.867109 39.968521 -12.341967
v 23.650904 40.187981 -12.417399
v 23.481627 40.272682 -12.468831
v 23.324625 40.322594 -12.514338
v 23.139999 40.359314 -12.566319
v 23.205441 40.344975 -12.012232
v 23.347448 40.296700 -11.982780
v 23.499929 40.214100 -11.948884
v 23.692499 39.997334 -11.897073
v 23.760275 39.732216 -11.862311
v 23.734119 39.446957 -11.839794
v 23.645088 39.170738 -11.824798
v 23.478600 38.873352 -11.813104
v 23.369228 38.747429 -11.812901
v 23.238451 38.636887 -11.818600
v 23.049038 38.524742 -11.835483
v 22.819155 38.434830 -11.865952
v 22.640669 38.386906 -11.895202
v 22.330954 38.332500 -11.954558
v 22.318462 38.294884 -13.185525
v 22.695318 38.353104 -13.066199
v 22.913383 38.402996 -13.006804
v 23.195024 38.494606 -12.943671
v 23.427277 38.606518 -12.906573
v 23.587275 38.715424 -12.891389
v 23.720356 38.838669 -12.886947
v 23.919178 39.128578 -12.896958
v 24.020435 39.398067 -12.912695
v 24.044487 39.678001 -12.942543
v 23.957279 39.941326 -12.998715
v 23.724766 40.161018 -13.093428
v 23.543388 40.246086 -13.159056
v 23.375376 40.296291 -13.217525
v 23.177958 40.333267 -13.284636
v 22.276888 38.264160 -14.152171
v 22.676317 38.323223 -14.016723
v 22.906027 38.373447 -13.949172
v 23.200741 38.465233 -13.877131
v 23.441656 38.576969 -13.834434
v 23.606205 38.685493 -13.816556
v 23.742016 38.808178 -13.810744
v 23.943087 39.096565 -13.820208
v 24.044844 39.364616 -13.836279
v 24.067093 39.643108 -13.868384
v 23.973806 39.905190 -13.930682
v 23.728956 40.123997 -14.037331
v 23.538437 40.208782 -14.111711
v 23.362061 40.258846 -14.178160
v 23.154873 40.295746 -14.254578
v 22.229752 38.222221 -15.402918
v 22.646536 38.281387 -15.264726
v 22.883730 38.331505 -15.195787
v 23.184580 38.422886 -15.122231
v 23.426758 38.533943 -15.078582
v 23.589647 38.641716 -15.060249
v 23.722193 38.763485 -15.054209
v 23.915155 39.049629 -15.063597
v 24.011591 39.315590 -15.079761
v 24.028627 39.592030 -15.112376
v 23.928244 39.852432 -15.176014
v 23.672424 40.070267 -15.285243
v 23.474344 40.154934 -15.361508
v 23.291187 40.205109 -15.429673
v 23.076147 40.242302 -15.508091
v 22.194542 38.184990 -16.455023
v 22.621080 38.243824 -16.322878
v 22.861544 38.293633 -16.257008
v 23.163322 38.384418 -16.186829
v 23.402727 38.494724 -16.145332
v 23.561337 38.601746 -16.128065
v 23.688547 38.722656 -16.122604
v 23.870441 39.006752 -16.132355
v 23.959986 39.270813 -16.148560
v 23.971355 39.545425 -16.180622
v 23.865154 39.804424 -16.242498
v 23.601982 40.021637 -16.348141
v 23.399223 40.106396 -16.421734
v 23.211975 40.156849 -16.487450
v 22.992264 40.194527 -16.562996
v 22.158747 38.141499 -17.623579
v 22.593210 38.199715 -17.503778
v 22.835546 38.249054 -17.444183
v 23.135992 38.339043 -17.380907
v 23.370243 38.448425 -17.343826
v 23.522583 38.554573 -17.328758
v 23.642530 38.674500 -17.324511
v 23.809942 38.956284 -17.335070
v 23.890539 39.218201 -17.351408
v 23.894901 39.490768 -17.382328
v 23.782322 39.748260 -17.440451
v 23.512091 39.964943 -17.538393
v 23.305136 40.049938 -17.606241
v 23.114313 40.100834 -17.666677
v 22.890589 40.139206 -17.736042
v 22.087866 38.035072 -20.254251
v 22.533995 38.091335 -20.176718
v 22.777102 38.139366 -20.138634
v 23.070234 38.227337 -20.099098
v 23.289461 38.334560 -20.077297
v 23.425371 38.438747 -20.069935
v 23.527040 38.556534 -20.070047
v 23.658714 38.833290 -20.083910
v 23.717072 39.090508 -20.101204
v 23.704378 39.358646 -20.128685
v 23.577604 39.613056 -20.174292
v 23.293722 39.829079 -20.245958
v 23.079420 39.914993 -20.294044
v 22.882624 39.967228 -20.336283
v 22.652388 40.007568 -20.384279
v 22.022036 37.901596 -23.183342
v 22.476431 37.955219 -23.169308
v 22.718338 38.001644 -23.163618
v 23.001564 38.087326 -23.159975
v 23.203499 38.192299 -23.161480
v 23.321268 38.294544 -23.166079
v 23.403032 38.410244 -23.173210
v 23.495722 38.682095 -23.193197
v 23.529100 38.934605 -23.213049
v 23.496922 39.198360 -23.236578
v 23.354424 39.449978 -23.264597
v 23.056843 39.666080 -23.297915
v 22.835911 39.753502 -23.316814
v 22.634058 39.807648 -23.332054
v 22.398596 39.850636 -23.348253
v 21.914694 37.551025 -29.475945
v 22.384256 37.598614 -29.639528
v 22.626348 37.641819 -29.724827
v 22.897573 37.723557 -29.822685
v 23.075903 37.825256 -29.891100
v 23.167681 37.924969 -29.931026
v 23.219881 38.038044 -29.960045
v 23.250881 38.303345 -30.002703
v 23.239925 38.548893 -30.035046
v 23.169102 38.806282 -30.053534
v 22.992819 39.054916 -30.038929
v 22.665491 39.274193 -29.971996
v 22.430939 39.366386 -29.912897
v 22.219336 39.425789 -29.855385
v 21.974472 39.475632 -29.785442
v 22.166267 39.671665 -26.523418
v 22.406565 39.625458 -26.547562
v 22.613321 39.568886 -26.566452
v 22.840982 39.479347 -26.584244
v 23.153114 39.262192 -26.598427
v 23.312399 39.012608 -26.591137
v 23.364532 38.752586 -26.570843
v 23.355209 38.504131 -26.546009
v 23.297815 38.236294 -26.516390
v 23.233526 38.122261 -26.499493
v 23.131449 38.021595 -26.478863
v 22.944231 37.918571 -26.446709
v 22.669199 37.835075 -26.403618
v 22.428062 37.790337 -26.367315
v 21.966185 37.739723 -26.299253
v 21.819752 37.348755 -32.529587
v 22.291670 37.393803 -32.786823
v 22.533325 37.435848 -32.920284
v 22.801233 37.516449 -33.072151
v 22.973476 37.617508 -33.176517
v 23.058405 37.716881 -33.235710
v 23.102438 37.829620 -33.276924
v 23.114243 38.093697 -33.332726
v 23.086464 38.337383 -33.372383
v 22.999050 38.593105 -33.389111
v 22.807922 38.841595 -33.353600
v 22.469000 39.063572 -33.236530
v 22.230341 39.158596 -33.138256
v 22.016552 39.220901 -33.044155
v 21.770355 39.274399 -32.930855
v 21.737749 37.247581 -33.948303
v 22.206610 37.291714 -34.246098
v 22.446205 37.333389 -34.400463
v 22.710909 37.413704 -34.575836
v 22.879717 37.514698 -34.695885
v 22.961531 37.614090 -34.763474
v 23.002151 37.726856 -34.809959
v 23.005985 37.990696 -34.871086
v 22.970734 38.233757 -34.913250
v 22.876007 38.488918 -34.928524
v 22.679123 38.737511 -34.883617
v 22.337399 38.960854 -34.745228
v 22.098885 39.057220 -34.630573
v 21.886023 39.120888 -34.521282
v 21.641541 39.176079 -34.390064
v 21.623001 37.149078 -35.261902
v 22.084785 37.192623 -35.593105
v 22.320389 37.234100 -35.764740
v 22.579937 37.314346 -35.959568
v 22.744284 37.415440 -36.092606
v 22.822659 37.514973 -36.167118
v 22.859884 37.627857 -36.217857
v 22.856262 37.891647 -36.282799
v 22.813976 38.134251 -36.326130
v 22.712690 38.388988 -36.339252
v 22.511618 38.637730 -36.286018
v 22.169968 38.862339 -36.130280
v 21.933680 38.959930 -36.002678
v 21.723642 39.024826 -35.881512
v 21.483082 39.081551 -35.736401
v 21.468210 37.055271 -36.445602
v 21.918007 37.098614 -36.800835
v 22.147160 37.140102 -36.984951
v 22.398907 37.220512 -37.193901
v 22.557186 37.321873 -37.336372
v 22.631407 37.421646 -37.415836
v 22.664936 37.534733 -37.469471
v 22.653944 37.798618 -37.536209
v 22.604923 38.040897 -37.578938
v 22.497911 38.295303 -37.588966
v 22.294559 38.544189 -37.528751
v 21.956514 38.769890 -37.360744
v 21.724998 38.868530 -37.224586
v 21.520088 38.934479 -37.095798
v 21.286123 38.992516 -36.941956
v 21.698084 37.011776 -37.842274
v 21.917797 37.053509 -38.032948
v 22.158409 37.134338 -38.249397
v 22.308441 37.236130 -38.396862
v 22.377398 37.336231 -38.478828
v 22.406609 37.449585 -38.533653
v 22.387899 37.713665 -38.599651
v 22.332300 37.955711 -38.639576
v 22.220472 38.209854 -38.645344
v 22.017097 38.458824 -38.579769
v 21.686848 38.685360 -38.405678
v 21.463108 38.784817 -38.266319
v 21.266037 38.851597 -38.135101
v 21.041811 38.910671 -37.978817
v 20.889692 36.861359 -38.608177
v 21.285316 36.906239 -38.969486
v 21.485792 36.948750 -39.157207
v 21.703892 37.030628 -39.370579
v 21.837618 37.133305 -39.515938
v 21.896584 37.233994 -39.596344
v 21.918093 37.347778 -39.649326
v 21.887190 37.612209 -39.709049
v 21.822374 37.854042 -39.740540
v 21.705479 38.107845 -39.737907
v 21.506508 38.356743 -39.668076
v 21.195465 38.583855 -39.497959
v 20.988543 38.683968 -39.364960
v 20.807787 38.751442 -39.240841
v 20.603363 38.811401 -39.093895
v 21.053165 38.798958 -38.742939
v 21.242914 38.731758 -38.872269
v 21.459175 38.631893 -39.010162
v 21.781120 38.404972 -39.184242
v 21.982990 38.156006 -39.252457
v 22.097607 37.902031 -39.250504
v 22.157793 37.660099 -39.214077
v 22.182337 37.395851 -39.150383
v 22.156689 37.282288 -39.095917
v 22.092293 37.181911 -39.013927
v 21.949640 37.079716 -38.866066
v 21.719177 36.998432 -38.648998
v 21.508131 36.956379 -38.457874
v 21.092524 36.912277 -38.089619
v 20.398827 36.775799 -39.347778
v 20.744061 36.823021 -39.672325
v 20.917831 36.866825 -39.841560
v 21.104694 36.950275 -40.034531
v 21.215948 37.054131 -40.166225
v 21.261402 37.155540 -40.238705
v 21.272882 37.269836 -40.285465
v 21.227606 37.534737 -40.332432
v 21.153425 37.776539 -40.349792
v 21.033543 38.030083 -40.335670
v 20.844543 38.278637 -40.265675
v 20.563007 38.505478 -40.115406
v 20.380209 38.605549 -40.002529
v 20.222315 38.673054 -39.898846
v 20.045223 38.733120 -39.777428
v 19.385254 36.646721 -40.173969
v 19.626907 36.697968 -40.396740
v 19.746132 36.743835 -40.515434
v 19.869852 36.829922 -40.654221
v 19.936655 36.936375 -40.752411
v 19.956276 37.040104 -40.807961
v 19.949442 37.156857 -40.843334
v 19.880108 37.427128 -40.867466
v 19.791643 37.673401 -40.854774
v 19.670927 37.930267 -40.815811
v 19.507935 38.179440 -40.749245
v 19.292336 38.403240 -40.653229
v 19.161209 38.500832 -40.592976
v 19.051443 38.566269 -40.541969
v 18.931189 38.624203 -40.485714
v 18.899147 36.529430 -41.145519
v 19.104115 36.576168 -41.358067
v 19.207512 36.619431 -41.482311
v 19.317663 36.703384 -41.641602
v 19.379025 36.810955 -41.765491
v 19.398043 36.918228 -41.841949
v 19.392874 37.040539 -41.895855
v 19.328800 37.326534 -41.942890
v 19.242710 37.587818 -41.929489
v 19.125937 37.858002 -41.876957
v 18.973570 38.114693 -41.790680
v 18.781195 38.337040 -41.678970
v 18.669220 38.430679 -41.619640
v 18.578028 38.491978 -41.575783
v 18.479979 38.545273 -41.532845
v 18.604996 38.582180 -40.930241
v 18.708694 38.526398 -40.969284
v 18.804173 38.463078 -41.006531
v 18.919601 38.367981 -41.053371
v 19.114317 38.146687 -41.137112
v 19.268244 37.895180 -41.205925
v 19.387568 37.632553 -41.253452
v 19.477766 37.379379 -41.272194
v 19.549410 37.101784 -41.244049
v 19.558798 36.982342 -41.204758
v 19.543858 36.876747 -41.146542
v 19.486729 36.769291 -41.049450
v 19.378517 36.683426 -40.918915
v 19.273571 36.638058 -40.810535
v 19.060268 36.587582 -40.611584
v 18.785885 36.458630 -41.922882
v 18.977251 36.493790 -42.227032
v 19.081730 36.530884 -42.423660
v 19.215017 36.608315 -42.713123
v 19.303770 36.712517 -42.942608
v 19.342285 36.819103 -43.077084
v 19.354174 36.942150 -43.169556
v 19.319572 37.231949 -43.265839
v 19.253506 37.497154 -43.286812
v 19.146160 37.773891 -43.237194
v 18.983150 38.042469 -43.082237
v 18.762465 38.280231 -42.817574
v 18.645170 38.376461 -42.679565
v 18.555193 38.436363 -42.580921
v 18.458113 38.488476 -42.479012
v 18.452904 38.506729 -42.223705
v 18.550962 38.455307 -42.300182
v 18.642469 38.395382 -42.379875
v 18.759739 38.299740 -42.495407
v 18.974157 38.065239 -42.720310
v 19.135447 37.798782 -42.860176
v 19.246569 37.522778 -42.914192
v 19.319233 37.257729 -42.905270
v 19.363050 36.968060 -42.823513
v 19.356245 36.844845 -42.741314
v 19.323341 36.737743 -42.622036
v 19.242182 36.632275 -42.420261
v 19.114353 36.552773 -42.165203
v 19.008175 36.513844 -41.987782
v 18.808310 36.475002 -41.716461
v 18.848410 38.545761 -40.725788
v 18.949686 38.481300 -40.767906
v 19.071527 38.384869 -40.819336
v 19.274866 38.162296 -40.906654
v 19.432632 37.912205 -40.973618
v 19.552769 37.652885 -41.017410
v 19.642719 37.403637 -41.034378
v 19.714386 37.130180 -41.010208
v 19.723330 37.012226 -40.974129
v 19.707113 36.907631 -40.918785
v 19.646805 36.800625 -40.823479
v 19.532988 36.714455 -40.691795
v 19.422636 36.668644 -40.580658
v -21.906231 38.353046 -10.800049
v -21.906231 38.353046 -10.800049
v -21.906231 38.353046 -10.800049
v -21.910534 38.347916 -10.873402
v -21.910534 38.347916 -10.873402
v -21.914642 38.342136 -10.973637
v -21.914642 38.342136 -10.973637
v -21.981846 38.321239 -11.428372
v -21.981846 38.321239 -11.428372
v -22.011644 38.297234 -12.069884
v -22.011644 38.297234 -12.069884
v -21.944286 38.264828 -13.081594
v -21.944286 38.264828 -13.081594
v -21.889948 38.242180 -13.789892
v -21.889948 38.242180 -13.789892
v -21.831488 38.213413 -14.666290
v -21.831488 38.213413 -14.666290
v -21.772768 38.177723 -15.712905
v -21.772768 38.177723 -15.712905
v -21.714577 38.134796 -16.911278
v -21.714577 38.134796 -16.911278
v -21.602510 38.026081 -19.686424
v -21.602510 38.026081 -19.686424
v -21.500727 37.884937 -22.837971
v -21.500727 37.884937 -22.837971
v -21.414673 37.709042 -26.212164
v -21.414673 37.709042 -26.212164
v -21.336971 37.500092 -29.639406
v -21.336971 37.500092 -29.639406
v -21.209005 37.275890 -32.886745
v -21.209005 37.275890 -32.886745
v -21.103851 37.164898 -34.365204
v -21.103851 37.164898 -34.365204
v -20.959341 37.058281 -35.705391
v -20.959341 37.058281 -35.705391
v -20.766548 36.958767 -36.876202
v -20.766548 36.958767 -36.876202
v -20.516544 36.869087 -37.846546
v -20.516544 36.869087 -37.846546
v -20.201290 36.791870 -38.587170
v -20.201290 36.791870 -38.587170
v -19.836922 36.726959 -39.118916
v -19.836922 36.726959 -39.118916
v -19.132145 36.621159 -39.860466
v -19.132145 36.621159 -39.860466
v -18.727156 36.527412 -40.649734
v -18.727156 36.527412 -40.649734
v -18.599575 36.454315 -41.430576
v -18.599575 36.454315 -41.430576
v -18.590689 36.434944 -41.688053
v -18.590689 36.434944 -41.688053
v -18.590689 36.434944 -41.688053
v -18.461210 36.424515 -41.650326
v -18.461210 36.424515 -41.650326
v -18.272964 36.414120 -41.604755
v -18.272964 36.414120 -41.604755
v -17.737762 36.383812 -41.567276
v -17.737762 36.383812 -41.567276
v -16.804470 36.326584 -41.574642
v -16.804470 36.326584 -41.574642
v -16.144440 36.283123 -41.603813
v -16.144440 36.283123 -41.603813
v -15.334453 36.226509 -41.664101
v -15.334453 36.226509 -41.664101
v -14.358753 36.154293 -41.766098
v -14.358753 36.154293 -41.766098
v -13.210319 36.066059 -41.914345
v -13.210319 36.066059 -41.914345
v -11.905043 35.966690 -42.097454
v -11.905043 35.966690 -42.097454
v -10.462530 35.861931 -42.301460
v -10.462530 35.861931 -42.301460
v -7.244217 35.659222 -42.716301
v -7.244217 35.659222 -42.716301
v -3.712220 35.503895 -43.047134
v -3.712220 35.503895 -43.047134
v -0.023381 35.441906 -43.182243
v -0.023381 35.441906 -43.182243
v 3.665457 35.503895 -43.047134
v 3.665457 35.503895 -43.047134
v 7.197454 35.659222 -42.716301
v 7.197454 35.659222 -42.716301
v 10.415768 35.861931 -42.301460
v 10.415768 35.861931 -42.301460
v 11.858280 35.966690 -42.097454
v 11.858280 35.966690 -42.097454
v 13.163556 36.066059 -41.914345
v 13.163556 36.066059 -41.914345
v 14.311990 36.154293 -41.766098
v 14.311990 36.154293 -41.766098
v 15.287690 36.226509 -41.664101
v 15.287690 36.226509 -41.664101
v 16.097677 36.283123 -41.603813
v 16.097677 36.283123 -41.603813
v 16.757706 36.326584 -41.574642
v 16.757706 36.326584 -41.574642
v 17.691000 36.383812 -41.567276
v 17.691000 36.383812 -41.567276
v 18.226135 36.414139 -41.604393
v 18.226135 36.414139 -41.604393
v 21.823927 38.351673 -10.767451
v 21.823927 38.351673 -10.767451
v 21.772621 38.350826 -10.726537
v 21.772621 38.350826 -10.726537
v 21.488136 38.353905 -10.442237
v 21.488136 38.353905 -10.442237
v 20.883028 38.353920 -10.144925
v 20.883028 38.353920 -10.144925
v 20.368650 38.343048 -10.034816
v 20.368650 38.343048 -10.034816
v 19.653772 38.312332 -9.946792
v 19.653772 38.312332 -9.946792
v 18.692909 38.251656 -9.875899
v 18.692909 38.251656 -9.875899
v 17.442661 38.151485 -9.817293
v 17.442661 38.151485 -9.817293
v 15.900659 38.013950 -9.768255
v 15.900659 38.013950 -9.768255
v 14.102156 37.851871 -9.728016
v 14.102156 37.851871 -9.728016
v 12.083794 37.678471 -9.695879
v 12.083794 37.678471 -9.695879
v 9.882216 37.506958 -9.671148
v 9.882216 37.506958 -9.671148
v 5.075990 37.222469 -9.641114
v 5.075990 37.222469 -9.641114
v -0.023381 37.104145 -9.632342
v -0.023381 37.104145 -9.632342
v -5.122753 37.222469 -9.641114
v -5.122753 37.222469 -9.641114
v -9.928980 37.506958 -9.671148
v -9.928980 37.506958 -9.671148
v -12.130556 37.678471 -9.695879
v -12.130556 37.678471 -9.695879
v -14.148918 37.851871 -9.728016
v -14.148918 37.851871 -9.728016
v -15.947421 38.013950 -9.768255
v -15.947421 38.013950 -9.768255
v -17.489424 38.151485 -9.817293
v -17.489424 38.151485 -9.817293
v -18.739672 38.251656 -9.875899
v -18.739672 38.251656 -9.875899
v -19.700535 38.312332 -9.946792
v -19.700535 38.312332 -9.946792
v -20.415413 38.343048 -10.034816
v -20.415413 38.343048 -10.034816
v -20.929790 38.353920 -10.144925
v -20.929790 38.353920 -10.144925
v -21.534899 38.353905 -10.442237
v -21.534899 38.353905 -10.442237
v -21.819344 38.350815 -10.726710
v -21.819344 38.350815 -10.726710
v -21.402712 38.344707 -10.514958
v -19.526524 38.292694 -10.138350
v -14.253950 36.160114 -41.534725
v -14.223121 37.846928 -9.953082
v 8.472318 35.742699 -42.321953
v 21.355949 38.344707 -10.514958
v 18.401081 36.433735 -41.492115
v -18.525511 36.437511 -41.539669
v -18.525501 36.450912 -41.364014
v -18.639896 36.521381 -40.600315
v -19.009237 36.612720 -39.810181
v -19.850964 36.749229 -38.805004
v -20.258638 36.838482 -38.001091
v -20.574726 36.947010 -36.855347
v -20.747343 37.034187 -35.846684
v -20.882456 37.127274 -34.703243
v -21.064150 37.323643 -32.095947
v -21.167770 37.521042 -29.201330
v -21.241280 37.704399 -26.187252
v -21.324011 37.861439 -23.211430
v -21.420767 37.991058 -20.390936
v -21.527727 38.094967 -17.832685
v -21.641064 38.174862 -15.643583
v -21.713440 38.213352 -14.510352
v -21.785332 38.243633 -13.585427
v -21.849989 38.267044 -12.855030
v -21.897707 38.285393 -12.285193
v -21.918758 38.300503 -11.841730
v -21.907043 38.313984 -11.491645
v -21.859756 38.338261 -10.963833
v -21.865168 38.344795 -10.854263
v -18.252350 36.425915 -41.405045
v -18.240259 36.440769 -41.194111
v -18.329819 36.511368 -40.393188
v -18.651739 36.603252 -39.557930
v -19.368423 36.745415 -38.417225
v -19.715784 36.837074 -37.564999
v -19.987974 36.946461 -36.409637
v -20.139072 37.033382 -35.415642
v -20.259907 37.125626 -34.301620
v -20.431393 37.319012 -31.786205
v -20.543644 37.512470 -29.008881
v -20.637871 37.691864 -26.115248
v -20.747629 37.845703 -23.243950
v -20.875910 37.973148 -20.505295
v -21.018074 38.076042 -18.002117
v -21.169510 38.156242 -15.836852
v -21.266829 38.195667 -14.700574
v -21.364414 38.227470 -13.757666
v -21.456373 38.252811 -12.995974
v -21.534386 38.273197 -12.384634
v -21.590086 38.290134 -11.892642
v -21.618492 38.305119 -11.489761
v -21.656567 38.334785 -10.850607
v -21.672796 38.343067 -10.717349
v -21.806519 38.342991 -10.828003
v -21.796917 38.335789 -10.943553
v -21.818893 38.310196 -11.494556
v -21.817831 38.296295 -11.859180
v -21.785683 38.280666 -12.316581
v -21.728277 38.261742 -12.898587
v -21.654951 38.237808 -13.638296
v -21.575003 38.207134 -14.568592
v -21.494926 38.168442 -15.702645
v -21.370031 38.088600 -17.884192
v -21.252558 37.985157 -20.425066
v -21.146461 37.856342 -23.219597
v -21.055693 37.700397 -26.162064
v -20.975931 37.518326 -29.137537
v -20.869738 37.322159 -31.994488
v -20.691399 37.126686 -34.572247
v -20.560886 37.033833 -35.706223
v -20.395195 36.946697 -36.710155
v -20.093246 36.837837 -37.858963
v -19.705017 36.747757 -38.678356
v -18.903553 36.609409 -39.726730
v -18.549221 36.518021 -40.530300
v -18.442497 36.447815 -41.302536
v -18.447886 36.433735 -41.492146
v -17.872385 36.407013 -41.340832
v -17.857712 36.422993 -41.107361
v -17.919544 36.496723 -40.235973
v -18.194111 36.589951 -39.347027
v -18.792484 36.736961 -38.074234
v -19.083057 36.830311 -37.175964
v -19.313774 36.939854 -36.011436
v -19.444515 37.026066 -35.031338
v -19.551916 37.117069 -33.945210
v -19.714455 37.306923 -31.516981
v -19.836920 37.496326 -28.851282
v -19.954821 37.672180 -26.073174
v -20.096573 37.823841 -23.303865
v -20.262466 37.950565 -20.646988
v -20.445860 38.054173 -18.200001
v -20.640265 38.136536 -16.058580
v -20.764540 38.178062 -14.917403
v -20.888803 38.212536 -13.952311
v -21.008135 38.240913 -13.152040
v -21.115824 38.264381 -12.488300
v -21.205078 38.284115 -11.932938
v -21.271530 38.301376 -11.459035
v -21.377695 38.335480 -10.677205
v -17.289223 36.372890 -41.322559
v -17.275467 36.389984 -41.071941
v -17.316170 36.466953 -40.133125
v -17.540974 36.561863 -39.178989
v -18.020292 36.712688 -37.768860
v -18.254118 36.806824 -36.824375
v -18.443224 36.915524 -35.650860
v -18.553530 37.000317 -34.684868
v -18.647562 37.089424 -33.626884
v -18.802197 37.274708 -31.286461
v -18.937874 37.459621 -28.733509
v -19.085247 37.632343 -26.073299
v -19.267912 37.783203 -23.410532
v -19.481998 37.911331 -20.841751
v -19.717152 38.018253 -18.456820
v -19.963547 38.105663 -16.340908
v -20.119102 38.151176 -15.191610
v -20.273016 38.190220 -14.196484
v -20.420769 38.223473 -13.346108
v -20.556473 38.251698 -12.617222
v -20.674006 38.275612 -11.987364
v -20.768732 38.296074 -11.435999
v -20.911638 38.333908 -10.520470
v -20.940382 38.343735 -10.332545
v -16.368008 36.313931 -41.343719
v -16.358755 36.331158 -41.087154
v -16.390789 36.408981 -40.107323
v -16.563570 36.505108 -39.077339
v -16.922634 36.657715 -37.524231
v -17.099478 36.751156 -36.533470
v -17.246511 36.857395 -35.351433
v -17.336042 36.939606 -34.400017
v -17.416492 37.025696 -33.370678
v -17.563637 37.204506 -31.119051
v -17.714804 37.383755 -28.679737
v -17.896585 37.553242 -26.138454
v -18.127916 37.704464 -23.583853
v -18.398926 37.836086 -21.105131
v -18.693531 37.948986 -18.782972
v -18.996933 38.044395 -16.689222
v -19.184961 38.095776 -15.525957
v -19.367865 38.141258 -14.490958
v -19.540913 38.181164 -13.578279
v -19.698135 38.215725 -12.773133
v -19.833057 38.245060 -12.062735
v -19.940371 38.269501 -11.436209
v -20.088991 38.311584 -10.402423
v -20.115881 38.321999 -10.192369
v -15.769562 36.272636 -41.381245
v -15.763165 36.289585 -41.124725
v -15.794134 36.366806 -40.132633
v -15.942506 36.462894 -39.065186
v -16.246353 36.615078 -37.445366
v -16.397060 36.707401 -36.433571
v -16.524618 36.811649 -35.247940
v -16.604406 36.892044 -34.303436
v -16.678373 36.976128 -33.287437
v -16.821556 37.150829 -31.076660
v -16.979437 37.326599 -28.689005
v -17.176914 37.494129 -26.200949
v -17.430773 37.645535 -23.693604
v -17.727846 37.779144 -21.252903
v -18.048836 37.895378 -18.955439
v -18.376198 37.995113 -16.866991
v -18.576912 38.049587 -15.693839
v -18.770157 38.098373 -14.636669
v -18.951130 38.141644 -13.691547
v -19.113886 38.179379 -12.848355
v -19.251837 38.211411 -12.099665
v -19.359522 38.237816 -11.439791
v -19.501942 38.281998 -10.357249
v -15.067724 36.221779 -41.443295
v -15.064155 36.238262 -41.187775
v -15.094988 36.314201 -40.186630
v -15.220715 36.409588 -39.083683
v -15.473989 36.560219 -37.402359
v -15.600718 36.650826 -36.371479
v -15.710239 36.752487 -35.182850
v -15.780862 36.830654 -34.244896
v -15.848569 36.912334 -33.241283
v -15.987255 37.082203 -31.067997
v -16.150145 37.253891 -28.727034
v -16.360600 37.419018 -26.285984
v -16.633402 37.570335 -23.818741
v -16.952150 37.705784 -21.408417
v -17.294374 37.825241 -19.128325
v -17.639799 37.929153 -17.039261
v -17.849127 37.986557 -15.853780
v -18.048332 38.038425 -14.773304
v -18.232691 38.084789 -13.795959
v -18.396544 38.125423 -12.916185
v -18.533485 38.159920 -12.131787
v -18.638199 38.188133 -11.442077
v -18.770613 38.234295 -10.318239
v -18.792471 38.245262 -10.092093
v -14.252851 36.175976 -41.280384
v -14.283549 36.249954 -40.271679
v -14.388916 36.343800 -39.136444
v -14.597282 36.491577 -37.400318
v -14.702630 36.579784 -36.352722
v -14.795847 36.678200 -35.161789
v -14.857983 36.753689 -34.229927
v -14.919653 36.832531 -33.237549
v -15.052958 36.996731 -31.097645
v -15.218260 37.163589 -28.797274
v -15.437493 37.325680 -26.395521
v -15.723608 37.476414 -23.959358
v -16.057312 37.613304 -21.569668
v -16.413279 37.735619 -19.297588
v -16.768715 37.843273 -17.200481
v -16.981388 37.903267 -15.999823
v -17.181131 37.957798 -14.895091
v -17.363520 38.006783 -13.886449
v -17.523561 38.049850 -12.972535
v -17.655458 38.086426 -12.155915
v -17.754446 38.116192 -11.440374
v -17.874811 38.164150 -10.283101
v -17.893900 38.175385 -10.051391
v -12.294008 36.007931 -41.801003
v -12.296230 36.022202 -41.548073
v -12.324885 36.090542 -40.525372
v -12.396975 36.178837 -39.337246
v -12.533467 36.317226 -37.513599
v -12.604208 36.398788 -36.440067
v -12.670264 36.488972 -35.246651
v -12.717505 36.557903 -34.325420
v -12.767651 36.629894 -33.351734
v -12.886667 36.780529 -31.265383
v -13.047076 36.935608 -29.026875
v -13.268007 37.089649 -26.679594
v -13.559324 37.237404 -24.277729
v -13.897864 37.375530 -21.899492
v -14.254463 37.501949 -19.615097
v -14.602708 37.615356 -17.479912
v -14.805324 37.679264 -16.240982
v -14.989839 37.737656 -15.086068
v -15.153033 37.790295 -14.019241
v -15.292233 37.836693 -13.046064
v -15.404034 37.876125 -12.176692
v -15.485807 37.908138 -11.421726
v -15.580283 37.959064 -10.220090
v -15.594446 37.970806 -9.982030
v -16.823315 38.082195 -10.014772
v -16.806795 38.070702 -10.250383
v -16.699211 38.021160 -11.433302
v -16.608059 37.990143 -12.170481
v -16.484823 37.951946 -13.015357
v -16.333326 37.906982 -13.960397
v -16.158316 37.855930 -14.998927
v -15.963737 37.799252 -16.128618
v -15.753493 37.737103 -17.347326
v -15.397290 37.626293 -19.460299
v -15.036587 37.501663 -21.734367
v -14.696268 37.363892 -24.113884
v -14.403941 37.214367 -26.528673
v -14.181191 37.056019 -28.899458
v -14.016704 36.894760 -31.165850
v -13.889939 36.737045 -33.276859
v -13.834107 36.661476 -34.259277
v -13.779742 36.589108 -35.185562
v -13.700963 36.494568 -36.378059
v -13.614207 36.409428 -37.439812
v -13.444610 36.265823 -39.223236
v -13.357059 36.174400 -40.386818
v -13.327086 36.103001 -41.402699
v -13.326265 36.087891 -41.656174
v -11.167637 35.923313 -41.961842
v -11.170790 35.936691 -41.709194
v -11.197598 36.001644 -40.680096
v -11.256344 36.086300 -39.470993
v -11.364830 36.218735 -37.613655
v -11.421873 36.296383 -36.530510
v -11.476747 36.381912 -35.336712
v -11.517429 36.447212 -34.420013
v -11.561996 36.515450 -33.453888
v -11.672035 36.658649 -31.388287
v -11.825138 36.807190 -29.172190
v -12.038963 36.956516 -26.841949
v -12.322074 37.102039 -24.445988
v -12.650543 37.240028 -22.061880
v -12.994502 37.367748 -19.760658
v -13.326719 37.483234 -17.598555
v -13.517167 37.548569 -16.338001
v -13.687624 37.608303 -15.158091
v -13.835622 37.662155 -14.064756
v -13.959841 37.709633 -13.066376
v -14.058332 37.750004 -12.176022
v -14.129749 37.782806 -11.406737
v -14.211115 37.834949 -10.192365
v -8.674376 35.752422 -42.302116
v -8.678197 35.763981 -42.049427
v -8.699955 35.821804 -41.009079
v -8.737424 35.898441 -39.767792
v -8.802928 36.017963 -37.860523
v -8.838498 36.087425 -36.763763
v -8.874927 36.163467 -35.570408
v -8.903887 36.221451 -34.661198
v -8.937443 36.282150 -33.706928
v -9.025852 36.410439 -31.672361
v -9.154987 36.545685 -29.487165
v -9.339190 36.685032 -27.175539
v -9.584753 36.825130 -24.775875
v -9.868902 36.961609 -22.365379
v -10.163346 37.090580 -20.018209
v -10.441886 37.208885 -17.794645
v -10.596909 37.276241 -16.489807
v -10.730669 37.337868 -15.262679
v -10.842141 37.393387 -14.122654
v -10.932355 37.442322 -13.082593
v -11.001958 37.483982 -12.159895
v -11.051848 37.517948 -11.370873
v -11.108170 37.572102 -10.145207
v -11.116407 37.584503 -9.906243
v -5.930140 35.599857 -42.618095
v -5.933382 35.609779 -42.364887
v -5.948674 35.660995 -41.315819
v -5.970515 35.729950 -40.053837
v -6.006631 35.837242 -38.116272
v -6.026911 35.899181 -37.011936
v -6.048959 35.966690 -35.819931
v -6.067571 36.018150 -34.916100
v -6.090100 36.072151 -33.969738
v -6.152271 36.187157 -31.954357
v -6.246074 36.310375 -29.785532
v -6.381796 36.440289 -27.478251
v -6.563675 36.574574 -25.063189
v -6.773750 36.708485 -22.617811
v -6.989646 36.837303 -20.220146
v -7.190322 36.956970 -17.935907
v -7.299067 37.025517 -16.590862
v -7.389625 37.088326 -15.323974
v -7.461951 37.144913 -14.147534
v -7.518204 37.194809 -13.077477
v -7.560364 37.237339 -12.133812
v -7.590413 37.272129 -11.334428
v -7.624700 37.327820 -10.110077
v -7.629794 37.340557 -9.873599
v -3.018590 35.490257 -42.850880
v -3.020419 35.498993 -42.597069
v -3.028301 35.545353 -41.542358
v -3.038280 35.608540 -40.269321
v -3.054072 35.706715 -38.316757
v -3.063182 35.763145 -37.209152
v -3.073538 35.824486 -36.018578
v -3.082650 35.871262 -35.117989
v -3.093991 35.920456 -34.176041
v -3.126177 36.025913 -32.170444
v -3.175667 36.140366 -30.008125
v -3.247887 36.263172 -27.698250
v -3.345003 36.392693 -25.266500
v -3.457058 36.524044 -22.790751
v -3.571587 36.652050 -20.352268
v -3.676735 36.772110 -18.021557
v -3.732600 36.841251 -16.647215
v -3.777846 36.904743 -15.352821
v -3.812719 36.962021 -14.152677
v -3.838906 37.012562 -13.064485
v -3.858029 37.055691 -12.109515
v -3.871639 37.091042 -11.306138
v -3.887489 37.147758 -10.088141
v -3.889908 37.160725 -9.854493
v 3.494093 35.505386 -42.818447
v 3.496213 35.514290 -42.564732
v 3.505450 35.561325 -41.510769
v 3.517333 35.625320 -40.239063
v 3.536253 35.724770 -38.288227
v 3.547126 35.781967 -37.180962
v 3.559410 35.844162 -35.990166
v 3.570158 35.891582 -35.089161
v 3.583487 35.941441 -34.146667
v 3.621177 36.048218 -32.139923
v 3.678991 36.163887 -29.976973
v 3.763265 36.287693 -27.667744
v 3.876537 36.417904 -25.238583
v 4.007250 36.549648 -22.767296
v 4.140947 36.677807 -20.334682
v 4.263904 36.797840 -18.010536
v 4.329412 36.866913 -16.640263
v 4.382679 36.930317 -15.349612
v 4.423951 36.987499 -14.152617
v 4.455107 37.037952 -13.066753
v 4.477948 37.080997 -12.113153
v 4.494206 37.116272 -11.310151
v 4.513071 37.172852 -10.091002
v 4.515936 37.185787 -9.856911
v -0.023381 37.090641 -9.848270
v -0.023381 37.077591 -10.080570
v -0.023381 37.020496 -11.294761
v -0.023381 36.984936 -12.098793
v -0.023381 36.941574 -13.057139
v -0.023381 36.890785 -14.151413
v -0.023381 36.833260 -15.360017
v -0.023381 36.769543 -16.664684
v -0.023381 36.700237 -18.050364
v -0.023381 36.580177 -20.399632
v -0.023381 36.452667 -22.854916
v -0.023381 36.322491 -25.343658
v -0.023381 36.194950 -27.783224
v -0.023381 36.074959 -30.095535
v -0.023381 35.963902 -32.256683
v -0.023381 35.862106 -34.259544
v -0.023381 35.814751 -35.200119
v -0.023381 35.769772 -36.099617
v -0.023381 35.710804 -37.289532
v -0.023381 35.656506 -38.397842
v -0.023381 35.561913 -40.354439
v -0.023381 35.501003 -41.630749
v -0.023381 35.456528 -42.687462
v -0.023381 35.448246 -42.941563
v 6.875345 35.650066 -42.513042
v 6.878907 35.660526 -42.260044
v 6.896614 35.713940 -41.213730
v 6.923444 35.785469 -39.957859
v 6.968664 35.896847 -38.029015
v 6.993763 35.961281 -36.926769
v 7.020509 36.031605 -35.734238
v 7.042651 36.085209 -34.828751
v 7.069086 36.141415 -33.880020
v 7.141004 36.260792 -31.859066
v 7.248453 36.387989 -29.685825
v 7.403247 36.521065 -27.378174
v 7.610343 36.657360 -24.969221
v 7.849674 36.792244 -22.536304
v 8.096284 36.921234 -20.156090
v 8.326822 37.040558 -17.892344
v 8.452861 37.108765 -16.560602
v 8.559093 37.171215 -15.306600
v 8.645197 37.227474 -14.141690
v 8.713115 37.277069 -13.080876
v 8.764543 37.319324 -12.143419
v 8.801250 37.353851 -11.346810
v 8.842901 37.409054 -10.121029
v 8.849042 37.421684 -9.883541
v 8.476135 35.754154 -42.069241
v 8.497547 35.811562 -41.028305
v 8.533959 35.887722 -39.785500
v 8.597403 36.006481 -37.875950
v 8.631923 36.075470 -36.778591
v 8.667406 36.150974 -35.585297
v 8.695724 36.208542 -34.676464
v 8.728635 36.268810 -33.722767
v 8.815623 36.396252 -31.689631
v 8.942977 36.530739 -29.505753
v 9.124823 36.669498 -27.194704
v 9.367330 36.809254 -24.794353
v 9.647905 36.945602 -22.381912
v 9.938486 37.074596 -20.031759
v 10.213058 37.193020 -17.804476
v 10.365614 37.260464 -16.497095
v 10.496962 37.322174 -15.267376
v 10.606147 37.377769 -14.124902
v 10.694308 37.426773 -13.082751
v 10.762213 37.468491 -12.158522
v 10.810863 37.502514 -11.368661
v 10.865792 37.556774 -10.142797
v 10.873829 37.569195 -9.903936
v 11.393816 35.943478 -41.922947
v 11.396790 35.957069 -41.670254
v 11.424078 36.022842 -40.642620
v 11.485785 36.108387 -39.438141
v 11.600432 36.242275 -37.588173
v 11.660502 36.320866 -36.507107
v 11.717878 36.407509 -35.313354
v 11.760057 36.473671 -34.395638
v 11.805929 36.542801 -33.427837
v 11.918192 36.687771 -31.357687
v 12.073301 36.837872 -29.136776
v 12.289270 36.988335 -26.803055
v 12.574956 37.134418 -24.406261
v 12.906535 37.272484 -22.024088
v 13.254219 37.399937 -19.727314
v 13.590899 37.514980 -17.571880
v 13.784585 37.580006 -16.316500
v 13.958662 37.639454 -15.142424
v 14.110484 37.693050 -14.055155
v 14.238414 37.740299 -13.062442
v 14.340159 37.780468 -12.176721
v 14.414071 37.813103 -11.410514
v 14.498506 37.864971 -10.198649
v 14.511002 37.876896 -9.959557
v 12.769739 37.724030 -9.929231
v 12.759593 37.711842 -10.168749
v 12.690294 37.658691 -11.390487
v 12.629029 37.625282 -12.170417
v 12.544005 37.584232 -13.077518
v 12.435418 37.535980 -14.096961
v 12.303892 37.481239 -15.213402
v 12.149540 37.420506 -16.416168
v 11.974117 37.354099 -17.697649
v 11.663783 37.237076 -19.887936
v 11.339228 37.108559 -22.209311
v 11.027679 36.971096 -24.603943
v 10.758788 36.828003 -26.999514
v 10.556398 36.683338 -29.318739
v 10.413058 36.541092 -31.518179
v 10.312593 36.404984 -33.567543
v 10.273222 36.340332 -34.527565
v 10.238262 36.278507 -35.440475
v 10.192663 36.197468 -36.634232
v 10.146626 36.123669 -37.724651
v 10.060348 35.997242 -39.608204
v 10.012439 35.916302 -40.834003
v 9.987801 35.854691 -41.868675
v 9.984150 35.842175 -42.121258
v 12.684287 36.041595 -41.739006
v 12.685991 36.056221 -41.485889
v 12.715257 36.125866 -40.465950
v 12.793443 36.215523 -39.287483
v 12.942917 36.356167 -37.479576
v 13.019957 36.439255 -36.410622
v 13.091055 36.531277 -35.217510
v 13.141156 36.601654 -34.294262
v 13.193628 36.675148 -33.317127
v 13.315983 36.828754 -31.221115
v 13.478465 36.986435 -28.971823
v 13.700788 37.142307 -26.615705
v 13.993395 37.290852 -24.209450
v 14.333678 37.428894 -21.831650
v 14.693018 37.554638 -19.552397
v 15.045554 37.667038 -17.427021
v 15.251898 37.730267 -16.196632
v 15.441091 37.788002 -15.052105
v 15.609620 37.840038 -13.996725
v 15.754269 37.885895 -13.034777
v 15.871057 37.924858 -12.175052
v 15.956842 37.956490 -11.426968
v 16.056734 38.006870 -10.232261
v 16.071844 38.018509 -9.995048
v 14.258277 36.164059 -41.528465
v 14.257048 36.179958 -41.274063
v 14.287769 36.254070 -40.265789
v 14.394262 36.348030 -39.132343
v 14.605098 36.496017 -37.399235
v 14.711624 36.584381 -36.352551
v 14.805748 36.683010 -35.161732
v 14.868363 36.758671 -34.229527
v 14.930382 36.837688 -33.236523
v 15.064034 37.002247 -31.094778
v 15.229282 37.169411 -28.792206
v 15.448143 37.331703 -26.388378
v 15.733666 37.482487 -23.950665
v 16.066719 37.619312 -21.560061
v 16.422123 37.741470 -19.287796
v 16.777227 37.848923 -17.191391
v 16.989868 37.908775 -15.991710
v 17.189743 37.963161 -14.888428
v 17.372404 38.012012 -13.881590
v 17.532810 38.054951 -12.969602
v 17.665110 38.091415 -12.154766
v 17.764498 38.121098 -11.440627
v 17.885599 38.168957 -10.285098
v 17.904844 38.180176 -10.053667
v 15.527495 36.258728 -41.396729
v 15.521949 36.275558 -41.140438
v 15.552822 36.352474 -40.145432
v 15.694327 36.448433 -39.067280
v 15.982771 36.600281 -37.428764
v 16.126184 36.692169 -36.411133
v 16.248274 36.795719 -35.224556
v 16.325302 36.875504 -34.282021
v 16.397404 36.958923 -33.269768
v 16.539333 37.132282 -31.070404
v 16.698902 37.306923 -28.697048
v 16.900543 37.473801 -26.223532
v 17.160431 37.625217 -23.728809
v 17.464434 37.759392 -21.297932
v 17.792307 37.876598 -19.006430
v 18.125689 37.977592 -16.918484
v 18.329414 38.032951 -15.741977
v 18.524918 38.082676 -14.678061
v 18.707399 38.126896 -13.723406
v 18.870964 38.165516 -12.869258
v 19.009041 38.198307 -12.109756
v 19.116175 38.225266 -11.440719
v 19.255970 38.270042 -10.345240
v 19.279779 38.280819 -10.124040
v 16.509390 36.326458 -41.335407
v 16.499184 36.343731 -41.079205
v 16.531990 36.421604 -40.104786
v 16.713711 36.517620 -39.088264
v 17.093180 36.670143 -37.559658
v 17.279680 36.763844 -36.576710
v 17.433874 36.870659 -35.396061
v 17.526962 36.953423 -34.442135
v 17.609753 37.040131 -33.407906
v 17.758226 37.220242 -31.141197
v 17.906765 37.400600 -28.682678
v 18.082607 37.570702 -26.121414
v 18.305479 37.721836 -23.548786
v 18.566645 37.852764 -21.055231
v 18.851126 37.964508 -18.723001
v 19.145065 38.058403 -16.626253
v 19.327877 38.108696 -15.465968
v 19.506302 38.152992 -14.438478
v 19.675655 38.191689 -13.537157
v 19.829990 38.225101 -12.745597
v 19.962910 38.253464 -12.049155
v 20.069202 38.277191 -11.435142
v 20.218786 38.318523 -10.420269
v 20.246319 38.328835 -10.213702
v 17.242460 36.372890 -41.322559
v 17.228704 36.389984 -41.071941
v 17.269407 36.466953 -40.133125
v 17.494211 36.561863 -39.178989
v 17.973530 36.712688 -37.768860
v 18.207355 36.806824 -36.824375
v 18.396461 36.915524 -35.650860
v 18.506767 37.000317 -34.684868
v 18.600800 37.089424 -33.626884
v 18.755434 37.274708 -31.286461
v 18.891111 37.459621 -28.733509
v 19.038485 37.632343 -26.073299
v 19.221149 37.783203 -23.410532
v 19.435236 37.911331 -20.841751
v 19.670389 38.018253 -18.456820
v 19.916784 38.105663 -16.340908
v 20.072340 38.151176 -15.191610
v 20.226254 38.190220 -14.196484
v 20.374006 38.223473 -13.346108
v 20.509710 38.251698 -12.617222
v 20.627243 38.275612 -11.987364
v 20.721970 38.296074 -11.435999
v 20.864876 38.333908 -10.520470
v 20.893620 38.343735 -10.332545
v 17.825613 36.407013 -41.340813
v 17.810947 36.422993 -41.107361
v 17.872782 36.496723 -40.235973
v 18.147348 36.589951 -39.347027
v 18.745722 36.736961 -38.074234
v 19.036295 36.830311 -37.175964
v 19.267012 36.939854 -36.011436
v 19.397753 37.026066 -35.031338
v 19.505154 37.117069 -33.945210
v 19.667692 37.306923 -31.516981
v 19.790157 37.496326 -28.851282
v 19.908058 37.672180 -26.073174
v 20.049810 37.823841 -23.303865
v 20.215704 37.950565 -20.646988
v 20.399097 38.054173 -18.200001
v 20.593502 38.136536 -16.058580
v 20.717777 38.178062 -14.917403
v 20.842041 38.212536 -13.952311
v 20.961370 38.240913 -13.152040
v 21.069061 38.264381 -12.488300
v 21.158316 38.284115 -11.932938
v 21.224766 38.301376 -11.459035
v 21.330933 38.335480 -10.677205
v 18.395914 36.447803 -41.303055
v 18.502459 36.518021 -40.530300
v 18.856791 36.609409 -39.726730
v 19.658255 36.747757 -38.678356
v 20.046484 36.837837 -37.858963
v 20.348433 36.946697 -36.710155
v 20.514124 37.033833 -35.706223
v 20.644634 37.126686 -34.572247
v 20.822975 37.322159 -31.994488
v 20.929169 37.518326 -29.137537
v 21.008930 37.700397 -26.162064
v 21.099699 37.856342 -23.219597
v 21.205795 37.985157 -20.425066
v 21.323267 38.088600 -17.884192
v 21.448164 38.168442 -15.702645
v 21.528240 38.207134 -14.568592
v 21.608189 38.237808 -13.638296
v 21.681515 38.261742 -12.898587
v 21.738918 38.280666 -12.316581
v 21.771069 38.296295 -11.859180
v 21.772131 38.310196 -11.494556
v 21.750179 38.335789 -10.943621
v 21.759924 38.343018 -10.827880
v 21.626034 38.343067 -10.717349
v 21.609804 38.334785 -10.850607
v 21.571730 38.305119 -11.489761
v 21.543324 38.290134 -11.892642
v 21.487623 38.273197 -12.384634
v 21.409611 38.252811 -12.995974
v 21.317652 38.227470 -13.757666
v 21.220066 38.195667 -14.700574
v 21.122747 38.156242 -15.836852
v 20.971310 38.076042 -18.002117
v 20.829147 37.973148 -20.505295
v 20.700867 37.845703 -23.243950
v 20.591108 37.691864 -26.115248
v 20.496881 37.512470 -29.008881
v 20.384630 37.319012 -31.786205
v 20.213144 37.125626 -34.301620
v 20.092310 37.033382 -35.415642
v 19.941212 36.946461 -36.409637
v 19.669022 36.837074 -37.564999
v 19.321661 36.745415 -38.417225
v 18.604977 36.603252 -39.557930
v 18.283056 36.511368 -40.393188
v 18.193453 36.440762 -41.194153
v 18.205317 36.425915 -41.404594
v 21.818417 38.344795 -10.854293
v 21.812874 38.338230 -10.964094
v 21.860281 38.313984 -11.491645
v 21.871996 38.300503 -11.841730
v 21.850945 38.285393 -12.285193
v 21.803225 38.267044 -12.855030
v 21.738569 38.243633 -13.585427
v 21.666677 38.213352 -14.510352
v 21.594301 38.174862 -15.643583
v 21.480963 38.094967 -17.832685
v 21.374004 37.991058 -20.390936
v 21.277248 37.861439 -23.211430
v 21.194517 37.704399 -26.187252
v 21.121008 37.521042 -29.201330
v 21.017387 37.323643 -32.095947
v 20.835693 37.127274 -34.703243
v 20.700581 37.034187 -35.846684
v 20.527964 36.947010 -36.855347
v 20.211876 36.838482 -38.001091
v 19.804201 36.749229 -38.805004
v 18.962475 36.612720 -39.810181
v 18.593134 36.521381 -40.600315
v 18.478931 36.450905 -41.364429
v 18.478870 36.437508 -41.539852
v -18.303936 38.562515 -42.389030
v -18.303936 38.562515 -42.389030
v -18.303936 38.562515 -42.389030
v -18.208735 38.577072 -42.434811
v -18.208735 38.577072 -42.434811
v -18.063404 38.583416 -42.483639
v -18.063404 38.583416 -42.483639
v -17.611712 38.567993 -42.611771
v -17.611712 38.567993 -42.611771
v -16.753899 38.512184 -42.740845
v -16.753899 38.512184 -42.740845
v -16.125782 38.466415 -42.804485
v -16.125782 38.466415 -42.804485
v -15.342545 38.406746 -42.876274
v -15.342545 38.406746 -42.876274
v -14.387483 38.331699 -42.962780
v -14.387483 38.331699 -42.962780
v -13.253042 38.241531 -43.067307
v -13.253042 38.241531 -43.067307
v -11.955694 38.141079 -43.184563
v -11.955694 38.141079 -43.184563
v -10.515802 38.035919 -43.307865
v -10.515802 38.035919 -43.307865
v -7.289841 37.833801 -43.545883
v -7.289841 37.833801 -43.545883
v -3.738065 37.679802 -43.727898
v -3.738065 37.679802 -43.727898
v -0.023381 37.618553 -43.800449
v -0.023381 37.618553 -43.800449
v 3.691302 37.679802 -43.727898
v 3.691302 37.679802 -43.727898
v 7.243079 37.833801 -43.545883
v 7.243079 37.833801 -43.545883
v 10.469040 38.035919 -43.307865
v 10.469040 38.035919 -43.307865
v 11.908932 38.141079 -43.184563
v 11.908932 38.141079 -43.184563
v 13.206280 38.241531 -43.067307
v 13.206280 38.241531 -43.067307
v 14.340720 38.331699 -42.962780
v 14.340720 38.331699 -42.962780
v 15.295782 38.406746 -42.876274
v 15.295782 38.406746 -42.876274
v 16.079020 38.466415 -42.804485
v 16.079020 38.466415 -42.804485
v 16.707136 38.512184 -42.740845
v 16.707136 38.512184 -42.740845
v 17.564949 38.567993 -42.611774
v 17.564949 38.567993 -42.611774
v 18.016718 38.583374 -42.484005
v 18.016718 38.583374 -42.484005
v -18.797375 36.445095 -42.076347
v -18.797375 36.445095 -42.076347
v -18.975010 36.476013 -42.429600
v -18.975010 36.476013 -42.429600
v -19.199619 36.571312 -42.931786
v -19.199619 36.571312 -42.931786
v -19.336554 36.729195 -43.300941
v -19.336554 36.729195 -43.300941
v -19.376535 36.944405 -43.501568
v -19.376535 36.944405 -43.501568
v -19.350508 37.207966 -43.596985
v -19.350508 37.207966 -43.596985
v -19.280910 37.507801 -43.630634
v -19.280910 37.507801 -43.630634
v -19.153593 37.819706 -43.560036
v -19.153593 37.819706 -43.560036
v -18.945951 38.116302 -43.322762
v -18.945951 38.116302 -43.322762
v -18.678791 38.359913 -42.951050
v -18.678791 38.359913 -42.951050
v -18.494579 38.415092 -43.188358
v 18.352579 38.476524 -42.956436
v -18.710617 38.239399 -43.624199
v 18.663885 38.239376 -43.624062
v -18.937628 37.989990 -43.983864
v 18.890865 37.989990 -43.983864
v 18.189217 38.475014 -43.181694
v 17.843952 38.459282 -43.404663
v 17.287233 38.423485 -43.558258
v 16.564877 38.374107 -43.650047
v 15.585314 38.303833 -43.730648
v 14.313503 38.208679 -43.828011
v 12.734669 38.088791 -43.959110
v 10.024852 37.896782 -44.180252
v 6.903867 37.713737 -44.397861
v 3.508771 37.576729 -44.563763
v -0.023381 37.522820 -44.629768
v -3.555533 37.576729 -44.563763
v -6.950630 37.713737 -44.397861
v -10.071614 37.896782 -44.180252
v -12.781431 38.088791 -43.959110
v -14.360266 38.208679 -43.828011
v -15.632076 38.303833 -43.730648
v -16.611639 38.374107 -43.650047
v -17.333996 38.423485 -43.558258
v -17.890720 38.459282 -43.404652
v -18.236189 38.475006 -43.181286
v -18.399406 38.476540 -42.956528
v 18.481003 38.224636 -43.998589
v 18.083618 38.198635 -44.333065
v 17.460222 38.157799 -44.528244
v 16.683416 38.105824 -44.624901
v 15.656485 38.034664 -44.694126
v 14.347141 37.940468 -44.776012
v 12.742242 37.823318 -44.896362
v 10.012381 37.637180 -45.110371
v 6.886909 37.460636 -45.327301
v 3.497699 37.328892 -45.495407
v -0.023381 37.277153 -45.562943
v -3.544461 37.328892 -45.495407
v -6.933672 37.460636 -45.327301
v -10.059143 37.637180 -45.110371
v -12.789004 37.823318 -44.896362
v -14.393904 37.940468 -44.776012
v -15.703247 38.034664 -44.694126
v -16.730179 38.105824 -44.624901
v -17.506985 38.157799 -44.528244
v -18.130381 38.198635 -44.333065
v -18.527784 38.224640 -43.998596
v -18.587353 38.345825 -43.389999
v -18.411768 38.335545 -43.722244
v -18.035778 38.312687 -44.021267
v -17.440470 38.272964 -44.206558
v -16.685371 38.221771 -44.303253
v -15.676574 38.151062 -44.376652
v -14.381270 38.056778 -44.463341
v -12.786090 37.938900 -44.586620
v -10.063713 37.750977 -44.801830
v -6.939936 37.572350 -45.017792
v -3.548559 37.438881 -45.184231
v -0.023381 37.386421 -45.250885
v 3.501796 37.438881 -45.184231
v 6.893173 37.572350 -45.017792
v 10.016951 37.750977 -44.801830
v 12.739327 37.938900 -44.586620
v 14.334508 38.056778 -44.463341
v 15.629811 38.151062 -44.376652
v 16.638607 38.221771 -44.303253
v 17.393705 38.272964 -44.206558
v 17.989014 38.312687 -44.021263
v 18.364939 38.335537 -43.722214
v 18.540672 38.345768 -43.389503
v 18.692905 37.968918 -44.391991
v 18.250528 37.940201 -44.746284
v 17.574816 37.899086 -44.942104
v 16.759377 37.846451 -45.033871
v 15.701195 37.774666 -45.096687
v 14.368132 37.680405 -45.173809
v 12.746881 37.564072 -45.293133
v 10.004459 37.380173 -45.510727
v 6.876200 37.206329 -45.734253
v 3.490716 37.076859 -45.908710
v -0.023381 37.026073 -45.979084
v -3.537478 37.076859 -45.908710
v -6.922962 37.206329 -45.734253
v -10.051222 37.380173 -45.510727
v -12.793644 37.564072 -45.293133
v -14.414894 37.680405 -45.173809
v -15.747957 37.774666 -45.096687
v -16.806139 37.846451 -45.033871
v -17.621578 37.899086 -44.942104
v -18.297291 37.940201 -44.746284
v -18.739668 37.968918 -44.391991
v -18.830305 38.119442 -43.825466
v -18.639734 38.101234 -44.223038
v -18.219006 38.073666 -44.573265
v -17.567972 38.032585 -44.770950
v -16.770687 37.980179 -44.865604
v -15.727152 37.908627 -44.931232
v -14.405186 37.814369 -45.009975
v -12.791576 37.697670 -45.129059
v -10.055013 37.512810 -45.343903
v -6.928033 37.337814 -45.563381
v -3.540776 37.207375 -45.734169
v -0.023381 37.156185 -45.802944
v 3.494014 37.207375 -45.734169
v 6.881270 37.337814 -45.563381
v 10.008250 37.512810 -45.343903
v 12.744814 37.697670 -45.129059
v 14.358422 37.814369 -45.009975
v 15.680388 37.908627 -44.931232
v 16.723923 37.980179 -44.865604
v 17.521210 38.032585 -44.770950
v 18.172243 38.073666 -44.573265
v 18.592968 38.101231 -44.223038
v 18.783546 38.119438 -43.825451
v 19.049402 37.715244 -44.158298
v 18.839079 37.689362 -44.567501
v 18.366003 37.657368 -44.915062
v 17.655422 37.615219 -45.102013
v 16.813137 37.562370 -45.188019
v 15.732518 37.490860 -45.247864
v 14.382120 37.397255 -45.325554
v 12.748952 37.281853 -45.449245
v 9.997535 37.099522 -45.677448
v 6.867546 36.927223 -45.913284
v 3.485178 36.798927 -46.097923
v -0.023381 36.748615 -46.172546
v -3.531940 36.798927 -46.097923
v -6.914309 36.927223 -45.913284
v -10.044297 37.099522 -45.677448
v -12.795714 37.281853 -45.449245
v -14.428883 37.397255 -45.325554
v -15.779282 37.490860 -45.247864
v -16.859900 37.562370 -45.188019
v -17.702185 37.615219 -45.102013
v -18.412766 37.657368 -44.915062
v -18.885841 37.689362 -44.567501
v -19.096165 37.715244 -44.158298
v -19.026072 37.854439 -44.093201
v -18.821562 37.830830 -44.504555
v -18.361799 37.800644 -44.857391
v -17.666317 37.759178 -45.049442
v -16.835913 37.706402 -45.138309
v -15.765377 37.634632 -45.199257
v -14.422832 37.540588 -45.276104
v -12.795056 37.424675 -45.397030
v -10.047674 37.241604 -45.619133
v -6.918404 37.068638 -45.848145
v -3.534541 36.939865 -46.027229
v -0.023381 36.889366 -46.099556
v 3.487778 36.939865 -46.027229
v 6.871641 37.068638 -45.848145
v 10.000912 37.241604 -45.619133
v 12.748293 37.424675 -45.397030
v 14.376069 37.540588 -45.276104
v 15.718614 37.634632 -45.199257
v 16.789150 37.706402 -45.138309
v 17.619555 37.759178 -45.049442
v 18.315037 37.800644 -44.857391
v 18.774799 37.830830 -44.504555
v 18.979309 37.854439 -44.093201
v 19.143503 37.435066 -44.185764
v 18.922829 37.405304 -44.579033
v 18.431913 37.369122 -44.907200
v 17.701969 37.325035 -45.080318
v 16.843847 37.272308 -45.160164
v 15.749430 37.201923 -45.219101
v 14.388182 37.109756 -45.300781
v 12.747668 36.995586 -45.432709
v 9.991016 36.814587 -45.677113
v 6.860556 36.643162 -45.930233
v 3.480889 36.515347 -46.128632
v -0.023381 36.465176 -46.208858
v -3.527651 36.515347 -46.128632
v -6.907319 36.643162 -45.930233
v -10.037779 36.814587 -45.677113
v -12.794431 36.995586 -45.432709
v -14.434945 37.109756 -45.300781
v -15.796192 37.201923 -45.219101
v -16.890610 37.272308 -45.160164
v -17.748732 37.325035 -45.080318
v -18.478676 37.369122 -44.907200
v -18.969591 37.405304 -44.579033
v -19.190268 37.435066 -44.185764
v 19.203623 36.929592 -44.020348
v 18.961838 36.894012 -44.364620
v 18.448946 36.850288 -44.636414
v 17.703772 36.803017 -44.770447
v 16.837156 36.751877 -44.832802
v 15.737745 36.685287 -44.888775
v 14.374019 36.597229 -44.980858
v 12.732735 36.486099 -45.134624
v 9.977335 36.307644 -45.422218
v 6.850253 36.137230 -45.721500
v 3.475383 36.009544 -45.956661
v -0.023381 35.959274 -46.051895
v -3.522146 36.009544 -45.956661
v -6.897016 36.137230 -45.721500
v -10.024097 36.307644 -45.422218
v -12.779497 36.486099 -45.134624
v -14.420781 36.597229 -44.980858
v -15.784508 36.685287 -44.888775
v -16.883919 36.751877 -44.832802
v -17.750534 36.803017 -44.770447
v -18.495708 36.850288 -44.636414
v -19.008600 36.894012 -44.364620
v -19.250385 36.929592 -44.020348
v -19.237862 37.167717 -44.126217
v -19.007002 37.134762 -44.495564
v -18.504230 37.094376 -44.796917
v -17.764099 37.048332 -44.951954
v -16.898455 36.996159 -45.024082
v -15.797982 36.927513 -45.082191
v -14.432324 36.837303 -45.169212
v -12.789108 36.724613 -45.311634
v -10.031121 36.544899 -45.576355
v -6.901610 36.374039 -45.850971
v -3.524417 36.246357 -46.066402
v -0.023381 36.196167 -46.153564
v 3.477654 36.246357 -46.066402
v 6.854848 36.374039 -45.850971
v 9.984359 36.544899 -45.576355
v 12.742345 36.724613 -45.311634
v 14.385562 36.837303 -45.169212
v 15.751220 36.927513 -45.082191
v 16.851692 36.996159 -45.024082
v 17.717337 37.048332 -44.951954
v 18.457468 37.094376 -44.796917
v 18.960239 37.134762 -44.495564
v 19.191099 37.167717 -44.126217
v 19.166550 36.729660 -43.831783
v 18.915949 36.692429 -44.147884
v 18.400928 36.646919 -44.389839
v 17.660999 36.599514 -44.503704
v 16.801950 36.549656 -44.556313
v 15.711124 36.484932 -44.609882
v 14.355378 36.398590 -44.706856
v 12.720322 36.288528 -44.872169
v 9.970999 36.110615 -45.183422
v 6.847445 35.940014 -45.508396
v 3.474404 35.811871 -45.764179
v -0.023381 35.761349 -45.867867
v -3.521167 35.811871 -45.764179
v -6.894208 35.940014 -45.508396
v -10.017761 36.110615 -45.183422
v -12.767084 36.288528 -44.872169
v -14.402142 36.398590 -44.706856
v -15.757887 36.484932 -44.609882
v -16.848713 36.549656 -44.556313
v -17.707764 36.599514 -44.503704
v -18.447691 36.646919 -44.389839
v -18.962711 36.692429 -44.147884
v -19.213312 36.729660 -43.831783
v 19.058863 36.575031 -43.504887
v 18.805353 36.537636 -43.785576
v 18.305063 36.492577 -43.999321
v 17.588123 36.446362 -44.098202
v 16.748079 36.397755 -44.143852
v 15.674036 36.334129 -44.196388
v 14.331985 36.248386 -44.298630
v 12.707024 36.138218 -44.475246
v 9.966724 35.959270 -44.809109
v 6.847310 35.787148 -45.158375
v 3.475150 35.657635 -45.433563
v -0.023381 35.606514 -45.545177
v -3.521913 35.657635 -45.433563
v -6.894072 35.787148 -45.158375
v -10.013487 35.959270 -44.809109
v -12.753786 36.138218 -44.475246
v -14.378749 36.248386 -44.298630
v -15.720798 36.334129 -44.196388
v -16.794842 36.397755 -44.143852
v -17.634886 36.446362 -44.098202
v -18.351826 36.492577 -43.999321
v -18.852116 36.537636 -43.785576
v -19.105625 36.575031 -43.504887
v 18.873686 36.471584 -43.008801
v 18.626211 36.436565 -43.236629
v 18.160767 36.395100 -43.415176
v 17.487339 36.351513 -43.502827
v 16.678627 36.303883 -43.544777
v 15.629482 36.240131 -43.598663
v 14.306347 36.153316 -43.707214
v 12.694860 36.041313 -43.894577
v 9.965928 35.858982 -44.248306
v 6.850743 35.683372 -44.618130
v 3.478056 35.551132 -44.909416
v -0.023381 35.498909 -45.027538
v -3.524819 35.551132 -44.909416
v -6.897505 35.683372 -44.618130
v -10.012691 35.858982 -44.248306
v -12.741623 36.041313 -43.894577
v -14.353109 36.153316 -43.707214
v -15.676245 36.240131 -43.598663
v -16.725389 36.303883 -43.544777
v -17.534101 36.351513 -43.502827
v -18.207529 36.395100 -43.415173
v -18.672943 36.436569 -43.236603
v -18.920486 36.471611 -43.008717
v 18.597130 36.418701 -42.220139
v 18.374210 36.394253 -42.310307
v 17.958405 36.362240 -42.382793
v 17.344454 36.323315 -42.427032
v 16.581192 36.276398 -42.456657
v 15.569834 36.210869 -42.513649
v 14.275979 36.120407 -42.633255
v 12.684958 36.003510 -42.833763
v 9.972245 35.813152 -43.206776
v 6.861499 35.629768 -43.593906
v 3.485398 35.491657 -43.897667
v -0.023381 35.437107 -44.020584
v -3.532160 35.491657 -43.897667
v -6.908262 35.629768 -43.593906
v -10.019008 35.813152 -43.206776
v -12.731721 36.003510 -42.833763
v -14.322742 36.120407 -42.633255
v -15.616596 36.210869 -42.513649
v -16.627954 36.276398 -42.456657
v -17.391216 36.323315 -42.427032
v -18.005156 36.362240 -42.382797
v -18.420626 36.394215 -42.310421
v -18.643785 36.418720 -42.219994
v -18.814152 36.439690 -42.718349
v -18.572645 36.407612 -42.902634
v -18.126257 36.369595 -43.044739
v -17.477617 36.327732 -43.120808
v -16.687059 36.280453 -43.159573
v -15.652484 36.216187 -43.214607
v -14.340426 36.128204 -43.327030
v -12.736718 36.014587 -43.519650
v -10.014090 35.829578 -43.881927
v -6.900856 35.651348 -44.259975
v -3.527219 35.517120 -44.557453
v -0.023381 35.464108 -44.678024
v 3.480457 35.517120 -44.557453
v 6.854093 35.651348 -44.259975
v 9.967327 35.829578 -43.881927
v 12.689956 36.014587 -43.519650
v 14.293664 36.128204 -43.327030
v 15.605721 36.216187 -43.214607
v 16.640297 36.280453 -43.159573
v 17.430855 36.327732 -43.120808
v 18.079500 36.369595 -43.044743
v 18.525988 36.407600 -42.902725
v 18.767275 36.439610 -42.718685
v -18.324434 38.409050 -43.473770
v -17.963291 38.389763 -43.736977
v -17.388020 38.351746 -43.908817
v -16.649384 38.301414 -44.003746
v -15.654946 38.231003 -44.080559
v -14.371040 38.136429 -44.172031
v -12.783777 38.017715 -44.298683
v -10.067491 37.827991 -44.516216
v -6.945079 37.647373 -44.732525
v -3.551918 37.512291 -44.898399
v -0.023381 37.459167 -44.964622
v 3.505155 37.512291 -44.898399
v 6.898316 37.647373 -44.732525
v 10.020727 37.827991 -44.516216
v 12.737015 38.017715 -44.298683
v 14.324278 38.136429 -44.172031
v 15.608184 38.231003 -44.080559
v 16.602621 38.301414 -44.003746
v 17.341257 38.351746 -43.908817
v 17.916523 38.389763 -43.736980
v 18.277512 38.409054 -43.473839
v 18.447845 38.415043 -43.187820
v -22.206640 40.439503 -10.868356
v -22.206640 40.439503 -10.868356
v -22.206640 40.439503 -10.868356
v -22.231972 40.441574 -10.943356
v -22.231972 40.441574 -10.943356
v -22.264120 40.441093 -11.045544
v -22.264120 40.441093 -11.045544
v -22.475628 40.429760 -11.508960
v -22.475628 40.429760 -11.508960
v -22.673351 40.405178 -12.159564
v -22.673351 40.405178 -12.159564
v -22.738262 40.371212 -13.180927
v -22.738262 40.371212 -13.180927
v -22.718418 40.345509 -13.893497
v -22.718418 40.345509 -13.893497
v -22.663988 40.310978 -14.773385
v -22.663988 40.310978 -14.773385
v -22.578283 40.266788 -15.823294
v -22.578283 40.266788 -15.823294
v -22.467419 40.213402 -17.026142
v -22.467419 40.213402 -17.026142
v -22.195089 40.081066 -19.819418
v -22.195089 40.081066 -19.819418
v -21.896751 39.918030 -23.010727
v -21.896751 39.918030 -23.010727
v -21.622166 39.728363 -26.457588
v -21.622166 39.728363 -26.457588
v -21.398100 39.518410 -29.993876
v -21.398100 39.518410 -29.993876
v -21.159376 39.303673 -33.358910
v -21.159376 39.303673 -33.358910
v -21.006968 39.200073 -34.888355
v -21.006968 39.200073 -34.888355
v -20.817833 39.101952 -36.268368
v -20.817833 39.101952 -36.268368
v -20.580954 39.011528 -37.463406
v -20.580954 39.011528 -37.463406
v -20.285307 38.931026 -38.437927
v -20.285307 38.931026 -38.437927
v -19.920940 38.862591 -39.158607
v -19.920940 38.862591 -39.158607
v -19.506706 38.806057 -39.651955
v -19.506706 38.806057 -39.651955
v -18.731331 38.717892 -40.327068
v -18.731331 38.717892 -40.327068
v -18.473787 38.680672 -40.698753
v -18.473787 38.680672 -40.698753
v -18.342295 38.645660 -41.166054
v -18.342295 38.645660 -41.166054
v -18.287159 38.586067 -42.085491
v -18.287159 38.586067 -42.085491
v -21.993731 38.386673 -10.691228
v -21.993731 38.386673 -10.691228
v -22.052443 38.437477 -10.631236
v -22.052443 38.437477 -10.631236
v -22.108473 38.560909 -10.602453
v -22.108473 38.560909 -10.602453
v -22.147894 38.740253 -10.604038
v -22.147894 38.740253 -10.604038
v -22.200327 39.248810 -10.633773
v -22.200327 39.248810 -10.633773
v -22.248362 39.888035 -10.645743
v -22.248362 39.888035 -10.645743
v -22.284378 40.351292 -10.696839
v -22.284378 40.351292 -10.696839
v -22.278137 40.389446 -10.722109
v -22.278137 40.389446 -10.722109
v -22.262829 40.416180 -10.759442
v -22.262829 40.416180 -10.759442
v -18.504805 38.488453 -42.478989
v -22.431271 40.087746 -10.863849
v -22.379862 39.532593 -10.845112
v -22.282593 38.803799 -10.813113
v -19.389048 36.819103 -43.077084
v -22.217447 38.569138 -10.806573
v -19.350533 36.712517 -42.942608
v -18.499554 38.506817 -42.223106
v -18.526741 38.545273 -41.532845
v -18.651758 38.582180 -40.930241
v -18.784798 38.602699 -40.680546
v -18.977951 38.624203 -40.485714
v -20.091986 38.733120 -39.777428
v -20.650126 38.811401 -39.093895
v -20.884640 38.858566 -38.589310
v -21.088573 38.910671 -37.978817
v -21.332886 38.992516 -36.941956
v -21.529844 39.081551 -35.736401
v -21.688303 39.176079 -34.390064
v -21.817118 39.274399 -32.930855
v -22.021235 39.475632 -29.785442
v -22.213030 39.671665 -26.523418
v -22.445358 39.850636 -23.348253
v -22.699150 40.007568 -20.384279
v -22.937351 40.139206 -17.736042
v -23.039026 40.194527 -16.562996
v -23.122910 40.242302 -15.508091
v -23.201635 40.295746 -14.254578
v -23.224720 40.333267 -13.284636
v -23.186762 40.359314 -12.566319
v -23.084753 40.380165 -12.045443
v -22.916382 40.401863 -11.667699
v -22.702208 40.422909 -11.376184
v -22.450720 40.430279 -11.052075
v -22.353464 40.424290 -10.901500
v -18.809233 38.280186 -42.817688
v -18.806490 38.299736 -42.495373
v -18.827957 38.337040 -41.678970
v -18.966364 38.367981 -41.053371
v -19.118290 38.384869 -40.819336
v -19.339098 38.403240 -40.653229
v -20.609770 38.505478 -40.115406
v -21.242228 38.583855 -39.497959
v -21.505938 38.631893 -39.010162
v -21.733610 38.685360 -38.405678
v -22.003279 38.769890 -37.360744
v -22.216730 38.862339 -36.130280
v -22.384161 38.960854 -34.745228
v -22.515762 39.063572 -33.236530
v -22.712254 39.274193 -29.971996
v -22.887745 39.479347 -26.584244
v -23.103605 39.666080 -23.297915
v -23.340485 39.829079 -20.245958
v -23.558855 39.964943 -17.538393
v -23.648745 40.021637 -16.348141
v -23.719187 40.070267 -15.285243
v -23.775719 40.123997 -14.037331
v -23.771528 40.161018 -13.093428
v -23.697666 40.187981 -12.417399
v -23.546692 40.214100 -11.948884
v -23.311693 40.248173 -11.627068
v -23.003016 40.284649 -11.377740
v -22.596930 40.299599 -11.052931
v -22.435713 40.291691 -10.877839
v -22.420706 40.362942 -10.883666
v -22.561110 40.370590 -11.055137
v -22.908289 40.356892 -11.379551
v -23.182528 40.325932 -11.642318
v -23.394211 40.296700 -11.982780
v -23.528389 40.272682 -12.468831
v -23.590151 40.246086 -13.159056
v -23.585199 40.208782 -14.111711
v -23.521107 40.154934 -15.361508
v -23.445986 40.106396 -16.421734
v -23.351898 40.049938 -17.606241
v -23.126183 39.914993 -20.294044
v -22.882673 39.753502 -23.316814
v -22.660084 39.568886 -26.566452
v -22.477701 39.366386 -29.912897
v -22.277103 39.158596 -33.138256
v -22.145647 39.057220 -34.630573
v -21.980442 38.959930 -36.002678
v -21.771761 38.868530 -37.224586
v -21.509871 38.784817 -38.266319
v -21.289677 38.731758 -38.872269
v -21.035305 38.683968 -39.364960
v -20.426971 38.605549 -40.002529
v -19.207973 38.500832 -40.592976
v -18.996450 38.481300 -40.767906
v -18.850935 38.463078 -41.006531
v -18.715982 38.430679 -41.619640
v -18.689190 38.395370 -42.379768
v -18.691936 38.376324 -42.679939
v -19.029913 38.042469 -43.082237
v -19.020920 38.065239 -42.720310
v -19.020332 38.114693 -41.790680
v -19.161079 38.146687 -41.137112
v -19.321629 38.162296 -40.906654
v -19.554697 38.179440 -40.749245
v -20.891306 38.278637 -40.265675
v -21.553270 38.356743 -39.668076
v -21.827883 38.404972 -39.184242
v -22.063860 38.458824 -38.579769
v -22.341322 38.544189 -37.528751
v -22.558380 38.637730 -36.286018
v -22.725885 38.737511 -34.883617
v -22.854685 38.841595 -33.353600
v -23.039581 39.054916 -30.038929
v -23.199877 39.262192 -26.598427
v -23.401186 39.449978 -23.264597
v -23.624367 39.613056 -20.174292
v -23.829084 39.748260 -17.440451
v -23.911917 39.804424 -16.242498
v -23.975006 39.852432 -15.176014
v -24.020569 39.905190 -13.930682
v -24.004042 39.941326 -12.998715
v -23.913874 39.968521 -12.341967
v -23.739262 39.997334 -11.897073
v -23.469810 40.037739 -11.600035
v -23.108528 40.080463 -11.367396
v -22.616226 40.094357 -11.039476
v -19.192923 37.773891 -43.237194
v -19.182209 37.798782 -42.860176
v -19.172701 37.858002 -41.876957
v -19.315006 37.895180 -41.205925
v -19.479395 37.912205 -40.973618
v -19.717690 37.930267 -40.815811
v -21.080305 38.030083 -40.335670
v -21.752241 38.107845 -39.737907
v -22.029753 38.156006 -39.252457
v -22.267237 38.209854 -38.645344
v -22.544674 38.295303 -37.588966
v -22.759455 38.388988 -36.339252
v -22.922770 38.488918 -34.928524
v -23.045813 38.593105 -33.389111
v -23.215864 38.806282 -30.053534
v -23.359161 39.012608 -26.591137
v -23.543684 39.198360 -23.236578
v -23.751141 39.358646 -20.128685
v -23.941664 39.490768 -17.382328
v -24.018118 39.545425 -16.180622
v -24.075390 39.592030 -15.112376
v -24.113855 39.643108 -13.868384
v -24.091249 39.678001 -12.942543
v -23.993645 39.704258 -12.295555
v -23.807037 39.732216 -11.862311
v -23.517891 39.771633 -11.577003
v -23.128178 39.813274 -11.352341
v -22.599886 39.827782 -11.025660
v -22.409180 39.824173 -10.853307
v -19.300268 37.497154 -43.286812
v -19.293331 37.522778 -42.914192
v -19.289473 37.587818 -41.929489
v -19.434330 37.632553 -41.253452
v -19.599531 37.652885 -41.017410
v -19.838406 37.673401 -40.854774
v -21.200188 37.776539 -40.349792
v -21.869137 37.854042 -39.740540
v -22.144369 37.902031 -39.250504
v -22.379063 37.955711 -38.639576
v -22.651686 38.040897 -37.578938
v -22.860739 38.134251 -36.326130
v -23.017496 38.233757 -34.913250
v -23.133226 38.337383 -33.372383
v -23.286690 38.548893 -30.035046
v -23.411295 38.752586 -26.570843
v -23.575865 38.934605 -23.213049
v -23.763836 39.090508 -20.101204
v -23.937302 39.218201 -17.351408
v -24.006748 39.270813 -16.148560
v -24.058353 39.315590 -15.079761
v -24.091608 39.364616 -13.836279
v -24.067198 39.398067 -12.912695
v -23.969236 39.422523 -12.269183
v -23.780882 39.446957 -11.839794
v -23.485935 39.479893 -11.557896
v -23.089434 39.515247 -11.335940
v -22.564466 39.532383 -11.013486
v -19.400936 36.942150 -43.169556
v -19.409813 36.968060 -42.823513
v -19.439636 37.040539 -41.895855
v -19.596172 37.101784 -41.244049
v -19.761148 37.130180 -41.010208
v -19.996204 37.156857 -40.843334
v -21.319645 37.269836 -40.285465
v -21.964855 37.347778 -39.649326
v -22.229099 37.395851 -39.150383
v -22.453371 37.449585 -38.533653
v -22.711699 37.534733 -37.469471
v -22.906647 37.627857 -36.217857
v -23.048914 37.726856 -34.809959
v -23.149202 37.829620 -33.276924
v -23.266644 38.038044 -29.960045
v -23.344578 38.236294 -26.516390
v -23.449795 38.410244 -23.173210
v -23.573805 38.556534 -20.070047
v -23.689295 38.674500 -17.324511
v -23.735310 38.722656 -16.122604
v -23.768955 38.763485 -15.054209
v -23.788778 38.808178 -13.810744
v -23.767118 38.838669 -12.886947
v -23.686171 38.858711 -12.243071
v -23.525362 38.873352 -11.813104
v -23.264954 38.887592 -11.530374
v -22.913084 38.904655 -11.308078
v -22.461311 38.927856 -10.987538
v -22.305923 38.935844 -10.820292
v -22.347467 39.246250 -10.835824
v -22.519999 39.242168 -11.001801
v -23.018764 39.221794 -11.321108
v -23.404388 39.194912 -11.542805
v -23.691851 39.170738 -11.824798
v -23.872953 39.150925 -12.253893
v -23.965940 39.128578 -12.896958
v -23.989849 39.096565 -13.820208
v -23.961918 39.049629 -15.063597
v -23.917204 39.006752 -16.132355
v -23.856705 38.956284 -17.335070
v -23.705477 38.833290 -20.083910
v -23.542484 38.682095 -23.193197
v -23.401972 38.504131 -26.546009
v -23.297644 38.303345 -30.002703
v -23.161005 38.093697 -33.332726
v -23.052748 37.990696 -34.871086
v -22.903025 37.891647 -36.282799
v -22.700706 37.798618 -37.536209
v -22.434662 37.713665 -38.599651
v -22.204556 37.660099 -39.214077
v -21.933952 37.612209 -39.709049
v -21.274368 37.534737 -40.332432
v -19.926870 37.427128 -40.867466
v -19.689482 37.403637 -41.034378
v -19.524529 37.379379 -41.272194
v -19.375563 37.326534 -41.942890
v -19.365995 37.257729 -42.905270
v -19.366335 37.231949 -43.265839
v -19.370104 36.737743 -42.622036
v -19.425787 36.810955 -41.765491
v -19.590620 36.876747 -41.146542
v -19.753876 36.907631 -40.918785
v -19.983419 36.936375 -40.752411
v -21.262711 37.054131 -40.166225
v -21.884380 37.133305 -39.515938
v -22.139055 37.181911 -39.013927
v -22.355204 37.236130 -38.396862
v -22.603949 37.321873 -37.336372
v -22.791046 37.415440 -36.092606
v -22.926481 37.514698 -34.695885
v -23.020239 37.617508 -33.176517
v -23.122665 37.825256 -29.891100
v -23.178211 38.021595 -26.478863
v -23.250261 38.192299 -23.161480
v -23.336224 38.334560 -20.077297
v -23.417006 38.448425 -17.343826
v -23.449490 38.494724 -16.145332
v -23.473520 38.533943 -15.078582
v -23.488419 38.576969 -13.834434
v -23.474039 38.606518 -12.906573
v -23.413195 38.625294 -12.256207
v -23.285213 38.636887 -11.818600
v -23.070189 38.644939 -11.528380
v -22.773945 38.655025 -11.300953
v -22.389837 38.677322 -10.978486
v -22.255852 38.687515 -10.808056
v -22.428068 38.794456 -10.981970
v -22.849255 38.771084 -11.303845
v -23.176077 38.757965 -11.527822
v -23.415991 38.747429 -11.812901
v -23.561981 38.734665 -12.245354
v -23.634037 38.715424 -12.891389
v -23.652967 38.685493 -13.816556
v -23.636412 38.641716 -15.060249
v -23.608099 38.601746 -16.128065
v -23.569345 38.554573 -17.328758
v -23.472134 38.438747 -20.069935
v -23.368031 38.294544 -23.166079
v -23.280289 38.122261 -26.499493
v -23.214443 37.924969 -29.931026
v -23.105169 37.716881 -33.235710
v -23.008295 37.614090 -34.763474
v -22.869421 37.514973 -36.167118
v -22.678169 37.421646 -37.415836
v -22.424160 37.336231 -38.478828
v -22.203451 37.282288 -39.095917
v -21.943346 37.233994 -39.596344
v -21.308165 37.155540 -40.238705
v -20.003038 37.040104 -40.807961
v -19.770092 37.012226 -40.974129
v -19.605560 36.982342 -41.204758
v -19.444805 36.918228 -41.841949
v -19.403008 36.844845 -42.741314
v -19.128521 36.530872 -42.423576
v -19.161135 36.552765 -42.165241
v -19.254274 36.619431 -41.482311
v -19.425280 36.683426 -40.918915
v -19.579750 36.714455 -40.691795
v -19.792894 36.743835 -40.515434
v -20.964594 36.866825 -39.841560
v -21.532555 36.948750 -39.157207
v -21.765940 36.998432 -38.648998
v -21.964560 37.053509 -38.032948
v -22.193922 37.140102 -36.984951
v -22.367151 37.234100 -35.764740
v -22.492968 37.333389 -34.400463
v -22.580088 37.435848 -32.920284
v -22.673111 37.641819 -29.724827
v -22.715963 37.835075 -26.403618
v -22.765100 38.001644 -23.163618
v -22.823864 38.139366 -20.138634
v -22.882309 38.249054 -17.444183
v -22.908306 38.293633 -16.257008
v -22.930492 38.331505 -15.195787
v -22.952789 38.373447 -13.949172
v -22.960146 38.402996 -13.006804
v -22.937490 38.422466 -12.332669
v -22.865917 38.434830 -11.865952
v -22.727226 38.443085 -11.545429
v -22.526535 38.450653 -11.297996
v -22.264860 38.465256 -10.980076
v -22.168747 38.475288 -10.809789
v -22.334824 38.558689 -10.978106
v -22.664009 38.539734 -11.299048
v -22.916187 38.531826 -11.533862
v -23.095800 38.524742 -11.835483
v -23.197899 38.513397 -12.284179
v -23.241787 38.494606 -12.943671
v -23.247503 38.465233 -13.877131
v -23.231342 38.422886 -15.122231
v -23.210085 38.384418 -16.186829
v -23.182755 38.339043 -17.380907
v -23.116999 38.227337 -20.099098
v -23.048326 38.087326 -23.159975
v -22.990993 37.918571 -26.446709
v -22.944336 37.723557 -29.822685
v -22.847996 37.516449 -33.072151
v -22.757671 37.413704 -34.575836
v -22.626699 37.314346 -35.959568
v -22.445669 37.220512 -37.193901
v -22.205172 37.134338 -38.249397
v -21.996403 37.079716 -38.866066
v -21.750654 37.030628 -39.370579
v -21.151459 36.950275 -40.034531
v -19.916615 36.829922 -40.654221
v -19.693567 36.800625 -40.823479
v -19.533491 36.769291 -41.049450
v -19.364426 36.703384 -41.641602
v -19.288946 36.632275 -42.420261
v -19.261780 36.608315 -42.713120
v -18.832771 36.458614 -41.922977
v -18.855139 36.474987 -41.717018
v -18.945910 36.529430 -41.145519
v -19.107031 36.587582 -40.611584
v -19.245037 36.617432 -40.374111
v -19.432016 36.646721 -40.173969
v -20.445589 36.775799 -39.347778
v -20.936455 36.861359 -38.608177
v -21.139286 36.912277 -38.089619
v -21.312845 36.968170 -37.474617
v -21.514973 37.055271 -36.445602
v -21.669764 37.149078 -35.261902
v -21.784512 37.247581 -33.948303
v -21.866514 37.348755 -32.529587
v -21.961456 37.551025 -29.475945
v -22.012949 37.739723 -26.299253
v -22.068798 37.901596 -23.183342
v -22.134628 38.035072 -20.254251
v -22.205509 38.141499 -17.623579
v -22.241304 38.184990 -16.455023
v -22.276514 38.222221 -15.402918
v -22.323650 38.264160 -14.152171
v -22.365225 38.294884 -13.185525
v -22.388638 38.316692 -12.471227
v -22.377716 38.332500 -11.954558
v -22.316969 38.345169 -11.580708
v -22.213472 38.356236 -11.293181
v -22.084749 38.370346 -10.976589
v -22.038736 38.379108 -10.829674
v -22.128050 38.428089 -10.812630
v -22.206028 38.418343 -10.979548
v -22.415548 38.405151 -11.296865
v -22.578634 38.396725 -11.556971
v -22.687431 38.386906 -11.895202
v -22.736172 38.373344 -12.378603
v -22.742081 38.353104 -13.066199
v -22.723080 38.323223 -14.016723
v -22.693298 38.281387 -15.264726
v -22.667843 38.243824 -16.322878
v -22.639973 38.199715 -17.503778
v -22.580757 38.091335 -20.176718
v -22.523193 37.955219 -23.169308
v -22.474825 37.790337 -26.367315
v -22.431019 37.598614 -29.639528
v -22.338432 37.393803 -32.786823
v -22.253372 37.291714 -34.246098
v -22.131548 37.192623 -35.593105
v -21.964769 37.098614 -36.800835
v -21.744846 37.011776 -37.842274
v -21.554893 36.956379 -38.457874
v -21.332079 36.906239 -38.969486
v -20.790823 36.823021 -39.672325
v -19.673670 36.697968 -40.396740
v -19.469398 36.668644 -40.580658
v -19.320333 36.638058 -40.810535
v -19.150877 36.576168 -41.358067
v -19.055000 36.513828 -41.987911
v -19.024128 36.493755 -42.226780
v -22.394909 40.400105 -10.889771
v -22.515642 40.407227 -11.054131
v -22.815538 40.396446 -11.378874
v -23.060884 40.370373 -11.654613
v -23.252205 40.344975 -12.012232
v -23.371387 40.322594 -12.514338
v -23.422138 40.296291 -13.217525
v -23.408825 40.258846 -14.178160
v -23.337950 40.205109 -15.429673
v -23.258738 40.156849 -16.487450
v -23.161076 40.100834 -17.666677
v -22.929386 39.967228 -20.336283
v -22.680820 39.807648 -23.332054
v -22.453327 39.625458 -26.547562
v -22.266098 39.425789 -29.855385
v -22.063314 39.220901 -33.044155
v -21.932785 39.120888 -34.521282
v -21.770405 39.024826 -35.881512
v -21.566851 38.934479 -37.095798
v -21.312799 38.851597 -38.135101
v -21.099928 38.798958 -38.742939
v -20.854549 38.751442 -39.240841
v -20.269077 38.673054 -39.898846
v -19.098206 38.566269 -40.541969
v -18.895172 38.545761 -40.725788
v -18.755457 38.526398 -40.969284
v -18.624790 38.491978 -41.575783
v -18.597628 38.455334 -42.299835
v -18.601915 38.436241 -42.581230
v -22.157505 40.435814 -10.833963
v -22.157505 40.435814 -10.833963
v -22.088627 40.427578 -10.790672
v -22.088627 40.427578 -10.790672
v -21.731924 40.375618 -10.497796
v -21.731924 40.375618 -10.497796
v -21.086380 40.298416 -10.203951
v -21.086380 40.298416 -10.203951
v -20.562420 40.248356 -10.101953
v -20.562420 40.248356 -10.101953
v -19.841612 40.180710 -10.024215
v -19.841612 40.180710 -10.024215
v -18.875721 40.087193 -9.963950
v -18.875721 40.087193 -9.963950
v -17.618664 39.960037 -9.914532
v -17.618664 39.960037 -9.914532
v -16.066957 39.801804 -9.872523
v -16.066957 39.801804 -9.872523
v -14.256170 39.624512 -9.837416
v -14.256170 39.624512 -9.837416
v -12.223312 39.440544 -9.808810
v -12.223312 39.440544 -9.808810
v -10.005396 39.262276 -9.786304
v -10.005396 39.262276 -9.786304
v -5.162435 38.972328 -9.757987
v -5.162435 38.972328 -9.757987
v -0.023381 38.853676 -9.749261
v -0.023381 38.853676 -9.749261
v 5.115673 38.972328 -9.757987
v 5.115673 38.972328 -9.757987
v 9.958633 39.262276 -9.786304
v 9.958633 39.262276 -9.786304
v 12.176549 39.440544 -9.808810
v 12.176549 39.440544 -9.808810
v 14.209407 39.624512 -9.837416
v 14.209407 39.624512 -9.837416
v 16.020195 39.801804 -9.872523
v 16.020195 39.801804 -9.872523
v 17.571901 39.960037 -9.914532
v 17.571901 39.960037 -9.914532
v 18.828959 40.087193 -9.963950
v 18.828959 40.087193 -9.963950
v 19.794849 40.180710 -10.024215
v 19.794849 40.180710 -10.024215
v 20.515657 40.248356 -10.101953
v 20.515657 40.248356 -10.101953
v 21.039618 40.298416 -10.203951
v 21.039618 40.298416 -10.203951
v 21.685160 40.375618 -10.497796
v 21.685160 40.375618 -10.497796
v 22.041859 40.427567 -10.790848
v 22.041859 40.427567 -10.790848
v 22.128061 40.437344 -10.922347
v 22.053141 40.428036 -10.893739
v 21.880039 40.404675 -10.778275
v 21.404123 40.341225 -10.498071
v 21.400534 40.341595 -10.672897
v 21.031410 40.301796 -10.384248
v 20.518858 40.252975 -10.297782
v 19.820782 40.187187 -10.232244
v 18.891474 40.096840 -10.181169
v 17.686485 39.974636 -10.138197
v 16.197519 39.821915 -10.099918
v 14.624708 39.665882 -10.069118
v 12.869980 39.502449 -10.042198
v 10.959322 39.340317 -10.019227
v 8.918718 39.188168 -10.000277
v 4.551629 38.948605 -9.974712
v -0.023381 38.853298 -9.966067
v -4.598392 38.948605 -9.974712
v -8.965481 39.188168 -10.000277
v -11.006084 39.340317 -10.019227
v -12.916743 39.502449 -10.042198
v -14.671471 39.665882 -10.069118
v -16.244282 39.821915 -10.099918
v -18.091122 40.011387 -10.149424
v -19.476543 40.149620 -10.207623
v -20.453836 40.242500 -10.284499
v -21.117147 40.305653 -10.393369
v -21.610407 40.360859 -10.572003
v -21.926802 40.404675 -10.778275
v -22.100067 40.428043 -10.893618
v -22.174845 40.437344 -10.922379
v 22.326000 40.425053 -11.496983
v 22.220697 40.416664 -11.494371
v 21.981377 40.392174 -11.475695
v 21.392492 40.327896 -11.406157
v 20.983007 40.287380 -11.385765
v 20.448238 40.236271 -11.380406
v 19.739519 40.167477 -11.383029
v 18.808102 40.073891 -11.386562
v 17.606369 39.948689 -11.384091
v 16.123844 39.793419 -11.372951
v 14.558878 39.635426 -11.357065
v 12.813240 39.470325 -11.337531
v 10.912342 39.306778 -11.316121
v 8.881694 39.153461 -11.294613
v 4.533838 38.912266 -11.258414
v -0.023381 38.816383 -11.243179
v -4.580601 38.912266 -11.258414
v -8.928456 39.153461 -11.294613
v -10.959105 39.306778 -11.316121
v -12.860003 39.470325 -11.337531
v -14.605640 39.635426 -11.357065
v -16.170607 39.793419 -11.372951
v -18.009754 39.986214 -11.385681
v -19.393452 40.128437 -11.384947
v -20.380508 40.225285 -11.380497
v -21.071444 40.291393 -11.386892
v -21.625448 40.347591 -11.424539
v -22.028139 40.392174 -11.475695
v -22.267460 40.416664 -11.494371
v -22.372763 40.425053 -11.496983
v -22.197195 40.435555 -11.034046
v -22.118376 40.426502 -11.011261
v -21.938768 40.403786 -10.913651
v -21.610737 40.360867 -10.736653
v -21.108740 40.306335 -10.583718
v -20.442083 40.243027 -10.493245
v -19.464231 40.149567 -10.430630
v -18.079716 40.010609 -10.382284
v -16.234226 39.820484 -10.338269
v -14.662522 39.664047 -10.309194
v -12.908990 39.500267 -10.282580
v -10.999585 39.337833 -10.258866
v -8.960271 39.185436 -10.238486
v -4.595792 38.945538 -10.209472
v -0.023381 38.850113 -10.199026
v 4.549030 38.945538 -10.209472
v 8.913508 39.185436 -10.238486
v 10.952823 39.337833 -10.258866
v 12.862227 39.500267 -10.282580
v 14.615760 39.664047 -10.309194
v 16.187464 39.820484 -10.338269
v 17.675344 39.973709 -10.372578
v 18.879448 40.096474 -10.408954
v 19.808432 40.187370 -10.450649
v 20.507383 40.253559 -10.504147
v 21.022644 40.302486 -10.576042
v 21.892006 40.403786 -10.913651
v 22.071566 40.426498 -11.011191
v 22.150499 40.435555 -11.033782
v 22.497482 40.402908 -12.146687
v 22.365379 40.395634 -12.170116
v 22.067503 40.371162 -12.219280
v 21.364479 40.299774 -12.324421
v 20.908178 40.253922 -12.395720
v 20.338133 40.197189 -12.476574
v 19.605940 40.122936 -12.557864
v 18.662870 40.024483 -12.630571
v 17.460754 39.895367 -12.685971
v 15.987289 39.737202 -12.721078
v 14.436474 39.577251 -12.738225
v 12.708519 39.410660 -12.744164
v 10.826998 39.245941 -12.741644
v 8.815902 39.091667 -12.733405
v 4.503785 38.849094 -12.710763
v -0.023381 38.752686 -12.698298
v -4.550547 38.849094 -12.710763
v -8.862664 39.091667 -12.733405
v -10.873761 39.245941 -12.741644
v -12.755281 39.410660 -12.744164
v -14.483236 39.577251 -12.738225
v -16.034052 39.737202 -12.721078
v -17.863201 39.933853 -12.672974
v -19.253126 40.081589 -12.592515
v -20.265251 40.185188 -12.491588
v -21.000397 40.258438 -12.388706
v -21.627254 40.322067 -12.291842
v -22.114265 40.371162 -12.219280
v -22.412142 40.395634 -12.170116
v -22.544245 40.402908 -12.146687
v 22.550060 40.379704 -12.874868
v 22.402992 40.372444 -12.916290
v 22.071886 40.346989 -13.008779
v 21.297596 40.269283 -13.224031
v 20.805035 40.218346 -13.360460
v 20.202499 40.155849 -13.508911
v 19.445030 40.075802 -13.657149
v 18.486982 39.972137 -13.793287
v 17.282484 39.838924 -13.905998
v 15.818601 39.677864 -13.991143
v 14.284131 39.516075 -14.047702
v 12.577229 39.348167 -14.087461
v 10.719213 39.182465 -14.113305
v 8.732197 39.027412 -14.128078
v 4.465041 38.783707 -14.135749
v -0.023381 38.686855 -14.133222
v -4.511803 38.783707 -14.135749
v -8.778959 39.027412 -14.128078
v -10.765976 39.182465 -14.113305
v -12.623991 39.348167 -14.087461
v -14.330894 39.516075 -14.047702
v -15.865363 39.677864 -13.991143
v -17.684277 39.878395 -13.878097
v -19.083967 40.031979 -13.721232
v -20.124390 40.142776 -13.536233
v -20.900448 40.223362 -13.347375
v -21.580517 40.293858 -13.158132
v -22.118649 40.346989 -13.008779
v -22.449755 40.372444 -12.916290
v -22.596823 40.379704 -12.874868
v 22.526798 40.344189 -13.891737
v 22.368744 40.336758 -13.946076
v 22.012814 40.310356 -14.068717
v 21.181408 40.227448 -14.358900
v 20.655447 40.171776 -14.542640
v 20.020344 40.103584 -14.742989
v 19.235935 40.017628 -14.945319
v 18.260946 39.908554 -15.135667
v 17.053068 39.771027 -15.300945
v 15.599411 39.606899 -15.435911
v 14.083323 39.443146 -15.534848
v 12.400887 39.273827 -15.613641
v 10.571164 39.107079 -15.674536
v 8.614334 38.951229 -15.719686
v 4.407762 38.706413 -15.771103
v -0.023381 38.609150 -15.784520
v -4.454525 38.706413 -15.771103
v -8.661097 38.951229 -15.719686
v -10.617927 39.107079 -15.674536
v -12.447650 39.273827 -15.613641
v -14.130085 39.443146 -15.534848
v -15.646173 39.606899 -15.435911
v -17.454317 39.811539 -15.258952
v -18.865690 39.971245 -15.034142
v -19.936783 40.089432 -14.780046
v -20.753937 40.177277 -14.525025
v -21.481384 40.253983 -14.269903
v -22.059576 40.310356 -14.068717
v -22.415506 40.336758 -13.946076
v -22.573561 40.344189 -13.891737
v 22.427719 40.289520 -15.275488
v 22.261395 40.282360 -15.335028
v 21.886532 40.256145 -15.469749
v 21.009432 40.170670 -15.790299
v 20.454702 40.111557 -15.994260
v 19.790377 40.038803 -16.218391
v 18.980991 39.947865 -16.448099
v 17.989662 39.834042 -16.669622
v 16.777933 39.692589 -16.870235
v 15.333671 39.525547 -17.044149
v 13.835650 39.359856 -17.180170
v 12.178495 39.189110 -17.296179
v 10.379581 39.021328 -17.392952
v 8.457570 38.864723 -17.471106
v 4.327634 38.619022 -17.573507
v -0.023381 38.521503 -17.606869
v -4.374397 38.619022 -17.573507
v -8.504333 38.864723 -17.471106
v -10.426344 39.021328 -17.392952
v -12.225258 39.189110 -17.296179
v -13.882413 39.359856 -17.180170
v -15.380433 39.525547 -17.044149
v -17.178841 39.734070 -16.818184
v -18.602001 39.899258 -16.550600
v -19.701824 40.023758 -16.260157
v -20.555899 40.117428 -15.974659
v -21.323479 40.198418 -15.691772
v -21.933294 40.256145 -15.469749
v -22.308157 40.282360 -15.335028
v -22.474482 40.289520 -15.275488
v 22.265299 40.213875 -17.022285
v 22.092680 40.207649 -17.078766
v 21.703270 40.183071 -17.206945
v 20.789808 40.098068 -17.514450
v 20.211136 40.037106 -17.711849
v 19.521803 39.961304 -17.931379
v 18.690443 39.866703 -18.160898
v 17.684143 39.749180 -18.389059
v 16.468279 39.604542 -18.605442
v 15.032115 39.435059 -18.804241
v 13.551008 39.267723 -18.968565
v 11.918810 39.095798 -19.116135
v 10.151885 38.927227 -19.245626
v 8.267868 38.770153 -19.355520
v 4.227599 38.524155 -19.509720
v -0.023381 38.426674 -19.564360
v -4.274362 38.524155 -19.509720
v -8.314631 38.770153 -19.355520
v -10.198647 38.927227 -19.245626
v -11.965572 39.095798 -19.116135
v -13.597771 39.267723 -18.968565
v -15.078877 39.435059 -18.804241
v -16.869066 39.646812 -18.548092
v -18.303543 39.816383 -18.265429
v -19.428911 39.945618 -17.972712
v -20.314615 40.043201 -17.692802
v -21.115271 40.126171 -17.419577
v -21.750032 40.183071 -17.206945
v -22.139442 40.207649 -17.078766
v -22.312061 40.213875 -17.022285
v 22.060474 40.118862 -19.072533
v 21.883158 40.114128 -19.118567
v 21.482779 40.092453 -19.223881
v 20.540724 40.010639 -19.482403
v 19.942221 39.949318 -19.652302
v 19.231514 39.871941 -19.845449
v 18.380795 39.775051 -20.053595
v 17.360781 39.655033 -20.269081
v 16.140625 39.508202 -20.484919
v 14.711473 39.337112 -20.695589
v 13.246146 39.168797 -20.878868
v 11.638214 38.996315 -21.050676
v 9.903510 38.827560 -21.207302
v 8.058988 38.670601 -21.344843
v 4.115722 38.425312 -21.546228
v -0.023381 38.328316 -21.620966
v -4.162484 38.425312 -21.546228
v -8.105750 38.670601 -21.344843
v -9.950273 38.827560 -21.207302
v -11.684977 38.996315 -21.050676
v -13.292909 39.168797 -20.878868
v -14.758235 39.337112 -20.695589
v -16.541456 39.551018 -20.426376
v -17.986736 39.723591 -20.151070
v -19.134850 39.855881 -19.882410
v -20.047619 39.955505 -19.635767
v -20.875362 40.038311 -19.401796
v -21.529541 40.092453 -19.223881
v -21.929920 40.114128 -19.118567
v -22.107237 40.118862 -19.072533
v 21.834347 40.006138 -21.365568
v 21.653551 40.003376 -21.394657
v 21.244989 39.985664 -21.463060
v 20.280643 39.909431 -21.643724
v 19.665815 39.849152 -21.770517
v 18.936953 39.771675 -21.921415
v 18.069313 39.673965 -22.092587
v 17.036909 39.552845 -22.280544
v 15.812560 39.405132 -22.482145
v 14.389554 39.233654 -22.692348
v 12.938829 39.065407 -22.884527
v 11.353988 38.893372 -23.071623
v 9.650636 38.725380 -23.247564
v 7.845274 38.569412 -23.406111
v 4.000342 38.326237 -23.645309
v -0.023381 38.230293 -23.736790
v -4.047105 38.326237 -23.645309
v -7.892036 38.569412 -23.406111
v -9.697398 38.725380 -23.247564
v -11.400750 38.893372 -23.071623
v -12.985592 39.065407 -22.884527
v -14.436316 39.233654 -22.692348
v -16.213526 39.448139 -22.426012
v -17.668852 39.622009 -22.176136
v -18.837027 39.755505 -21.951136
v -19.772820 39.855297 -21.757935
v -20.622608 39.935963 -21.585613
v -21.291752 39.985664 -21.463060
v -21.700314 40.003376 -21.394657
v -21.881109 40.006138 -21.365568
v 21.608015 39.877377 -23.840725
v 21.424587 39.876957 -23.847240
v 21.009861 39.864075 -23.866831
v 20.028223 39.795532 -23.946838
v 19.400160 39.737656 -24.019272
v 18.656206 39.661602 -24.116768
v 17.774210 39.564690 -24.239729
v 16.731098 39.444141 -24.388685
v 15.503069 39.297211 -24.564219
v 14.085598 39.126984 -24.761881
v 12.648171 38.960255 -24.952091
v 11.084604 38.790043 -25.143999
v 9.410436 38.624100 -25.329462
v 7.641839 38.470280 -25.500214
v 3.890143 38.230957 -25.763943
v -0.023381 38.136734 -25.867075
v -3.936906 38.230957 -25.763943
v -7.688602 38.470280 -25.500214
v -9.457198 38.624100 -25.329462
v -11.131367 38.790043 -25.143999
v -12.694934 38.960255 -24.952091
v -14.132361 39.126984 -24.761881
v -15.904151 39.339958 -24.513758
v -17.368237 39.512997 -24.304174
v -18.553534 39.645615 -24.137218
v -19.508480 39.743629 -24.011656
v -20.375975 39.820267 -23.917454
v -21.056623 39.864075 -23.866831
v -21.471352 39.876957 -23.847240
v -21.654778 39.877377 -23.840725
v 21.200630 39.551273 -29.549786
v 21.013174 39.556793 -29.492786
v 20.589561 39.556458 -29.376240
v 19.584333 39.510662 -29.183729
v 18.938189 39.462662 -29.114048
v 18.173553 39.395435 -29.072145
v 17.272102 39.306835 -29.065168
v 16.215202 39.194687 -29.100239
v 14.984380 39.056957 -29.184145
v 13.578666 38.896992 -29.314001
v 12.165095 38.740215 -29.460320
v 10.638148 38.580235 -29.622402
v 9.013274 38.424423 -29.789431
v 7.306118 38.280193 -29.950560
v 3.708780 38.056286 -30.211563
v -0.023381 37.968334 -30.318018
v -3.755543 38.056286 -30.211563
v -7.352880 38.280193 -29.950560
v -9.060037 38.424423 -29.789431
v -10.684912 38.580235 -29.622402
v -12.211858 38.740215 -29.460320
v -13.625428 38.896992 -29.314001
v -15.384830 39.097080 -29.156200
v -16.858862 39.258907 -29.075470
v -18.067133 39.380978 -29.068069
v -19.048313 39.467789 -29.119343
v -19.939939 39.529469 -29.230820
v -20.636324 39.556458 -29.376240
v -21.059937 39.556793 -29.492786
v -21.247393 39.551273 -29.549786
v -21.449343 39.734238 -26.437336
v -21.263763 39.736450 -26.416498
v -20.844145 39.729080 -26.377314
v -20.154575 39.692425 -26.342739
v -19.273279 39.621658 -26.346647
v -18.303244 39.527527 -26.394461
v -17.104429 39.398224 -26.492428
v -15.633698 39.228634 -26.648811
v -13.867178 39.019836 -26.863451
v -12.441553 38.856476 -27.039997
v -10.896647 38.689835 -27.224941
v -9.247973 38.527538 -27.408562
v -7.511442 38.377258 -27.581066
v -3.840968 38.143806 -27.853180
v -0.023381 38.052040 -27.961645
v 3.794205 38.143806 -27.853180
v 7.464679 38.377258 -27.581066
v 9.201211 38.527538 -27.408562
v 10.849885 38.689835 -27.224941
v 12.394791 38.856476 -27.039997
v 13.820415 39.019836 -26.863451
v 15.232664 39.186718 -26.690495
v 16.463242 39.330780 -26.551809
v 17.514744 39.448757 -26.451166
v 18.408083 39.543011 -26.384750
v 19.163925 39.615993 -26.348574
v 19.802334 39.670097 -26.338659
v 20.797382 39.729080 -26.377314
v 21.217001 39.736450 -26.416498
v 21.402580 39.734238 -26.437336
v 20.997433 39.362900 -32.553764
v 20.810894 39.371655 -32.462616
v 20.389526 39.378311 -32.273163
v 19.388147 39.346416 -31.936472
v 18.742792 39.305527 -31.792635
v 17.978462 39.245518 -31.677643
v 17.077763 39.164413 -31.600777
v 16.023174 39.060219 -31.571293
v 14.797590 38.931107 -31.598063
v 13.400978 38.780380 -31.679073
v 11.999181 38.632240 -31.787817
v 10.487398 38.480824 -31.918428
v 8.881044 38.333206 -32.059715
v 7.195616 38.196480 -32.200478
v 3.650002 37.984123 -32.435585
v -0.023381 37.900681 -32.533928
v -3.696765 37.984123 -32.435585
v -7.242379 38.196480 -32.200478
v -8.927808 38.333206 -32.059715
v -10.534161 38.480824 -31.918428
v -12.045944 38.632240 -31.787817
v -13.447741 38.780380 -31.679073
v -15.196243 38.968807 -31.584867
v -16.665302 39.120033 -31.580946
v -17.872116 39.232399 -31.660559
v -18.852879 39.310005 -31.804659
v -19.742910 39.361355 -32.023746
v -20.436289 39.378311 -32.273163
v -20.857656 39.371655 -32.462616
v -21.044195 39.362900 -32.553764
v 20.733606 39.181290 -35.256672
v 20.553423 39.192883 -35.140900
v 20.145990 39.205734 -34.898903
v 19.172335 39.186794 -34.458004
v 18.540728 39.153011 -34.260166
v 17.789766 39.100567 -34.091270
v 16.902195 39.027596 -33.961700
v 15.860721 38.932224 -33.881844
v 14.648602 38.812744 -33.861679
v 13.266155 38.672329 -33.899940
v 11.878032 38.533798 -33.973709
v 10.380816 38.391869 -34.073265
v 8.790014 38.253269 -34.187637
v 7.121154 38.124748 -34.305843
v 3.611497 37.924896 -34.509834
v -0.023381 37.846283 -34.597363
v -3.658260 37.924896 -34.509834
v -7.167917 38.124748 -34.305843
v -8.836777 38.253269 -34.187637
v -10.427579 38.391869 -34.073265
v -11.924794 38.533798 -33.973709
v -13.312919 38.672329 -33.899940
v -15.043522 38.847733 -33.860886
v -16.495680 38.987133 -33.918617
v -17.685820 39.088882 -34.064484
v -18.649582 39.156826 -34.277115
v -19.519453 39.198021 -34.574394
v -20.192753 39.205734 -34.898903
v -20.600185 39.192883 -35.140900
v -20.780369 39.181290 -35.256672
v 20.560404 39.096828 -36.435040
v 20.386259 39.109577 -36.312874
v 19.991879 39.125000 -36.057240
v 19.044094 39.111652 -35.588879
v 18.425577 39.081097 -35.376377
v 17.687405 39.032207 -35.192368
v 16.812098 38.963154 -35.047375
v 15.782162 38.872116 -34.951931
v 14.580688 38.757431 -34.916168
v 13.207998 38.622185 -34.939079
v 11.828113 38.488487 -34.999435
v 10.338663 38.351337 -35.086411
v 8.755272 38.217285 -35.189312
v 7.093570 38.092896 -35.297462
v 3.597805 37.899334 -35.486774
v -0.023381 37.823151 -35.568874
v -3.644567 37.899334 -35.486774
v -7.140333 38.092896 -35.297462
v -8.802034 38.217285 -35.189312
v -10.385426 38.351337 -35.086411
v -11.874875 38.488487 -34.999435
v -13.254761 38.622185 -34.939079
v -14.972799 38.791065 -34.919621
v -16.410929 38.924610 -34.997219
v -17.585733 39.021206 -35.162792
v -18.533251 39.084606 -35.394676
v -19.384039 39.121239 -35.713032
v -20.038641 39.125000 -36.057240
v -20.433022 39.109577 -36.312874
v -20.607166 39.096828 -36.435040
v 20.349775 39.018627 -37.465919
v 20.184021 39.032307 -37.342556
v 19.807657 39.049820 -37.084385
v 18.895370 39.041187 -36.610229
v 18.294809 39.013466 -36.393917
v 17.574129 38.967777 -36.205265
v 16.715439 38.902336 -36.054626
v 15.700845 38.815361 -35.952354
v 14.513060 38.705231 -35.908432
v 13.152319 38.574955 -35.922020
v 11.781976 38.445934 -35.973331
v 10.300996 38.313427 -36.051136
v 8.725179 38.183804 -36.145157
v 7.070324 38.063446 -36.245121
v 3.586716 37.876038 -36.421783
v -0.023381 37.802231 -36.498940
v -3.633478 37.876038 -36.421783
v -7.117087 38.063446 -36.245121
v -8.771941 38.183804 -36.145157
v -10.347758 38.313427 -36.051136
v -11.828738 38.445934 -35.973331
v -13.199082 38.574955 -35.922020
v -14.901618 38.737576 -35.914246
v -16.321424 38.865578 -36.001518
v -17.475555 38.957401 -36.174744
v -18.400864 39.016705 -36.412598
v -19.225481 39.049366 -36.736168
v -19.854420 39.049820 -37.084385
v -20.230783 39.032307 -37.342556
v -20.396538 39.018627 -37.465919
v 19.977894 38.922558 -38.615524
v 19.828457 38.937077 -38.501026
v 19.486948 38.956528 -38.261799
v 18.642855 38.952610 -37.823490
v 18.076616 38.927940 -37.623951
v 17.389219 38.885853 -37.450188
v 16.561888 38.824638 -37.311722
v 15.575850 38.742584 -37.218075
v 14.412961 38.638134 -37.178432
v 13.073217 38.514172 -37.191967
v 11.718954 38.391182 -37.240276
v 10.251565 38.264713 -37.313038
v 8.687213 38.140896 -37.400730
v 7.042058 38.025848 -37.493828
v 3.573981 37.846588 -37.658161
v -0.023381 37.775944 -37.729866
v -3.620744 37.846588 -37.658161
v -7.088821 38.025848 -37.493828
v -8.733976 38.140896 -37.400730
v -10.298328 38.264713 -37.313038
v -11.765717 38.391182 -37.240276
v -13.119980 38.514172 -37.191967
v -14.795131 38.668850 -37.183540
v -16.181255 38.790028 -37.263027
v -17.296516 38.876198 -37.422108
v -18.179579 38.930878 -37.641171
v -18.954121 38.959335 -37.939789
v -19.533710 38.956528 -38.261799
v -19.875219 38.937077 -38.501026
v -20.024656 38.922558 -38.615524
v 19.509863 38.844933 -39.388042
v 19.382265 38.859673 -39.295769
v 19.087198 38.879761 -39.104069
v 18.333349 38.877983 -38.757732
v 17.812260 38.855045 -38.603352
v 17.168425 38.815254 -38.472095
v 16.381870 38.756989 -38.371902
v 15.432617 38.678631 -38.310703
v 14.301348 38.578712 -38.296127
v 12.987728 38.460022 -38.327095
v 11.652965 38.342194 -38.385609
v 10.201551 38.220989 -38.464169
v 8.650152 38.102291 -38.554192
v 7.015431 37.991985 -38.647091
v 3.562682 37.820072 -38.807198
v -0.023381 37.752312 -38.875828
v -3.609445 37.820072 -38.807198
v -7.062194 37.991985 -38.647091
v -8.696915 38.102291 -38.554192
v -10.248314 38.220989 -38.464169
v -11.699727 38.342194 -38.385609
v -13.034491 38.460022 -38.327095
v -14.675458 38.608112 -38.295197
v -16.018524 38.723957 -38.338772
v -17.083380 38.806080 -38.451336
v -17.911165 38.857803 -38.616550
v -18.619753 38.883968 -38.848850
v -19.133961 38.879761 -39.104069
v -19.429028 38.859673 -39.295769
v -19.556625 38.844933 -39.388042
v 18.579966 38.731129 -40.320713
v 18.496517 38.745087 -40.284206
v 18.295065 38.763973 -40.212280
v 17.722673 38.761787 -40.102493
v 17.292387 38.739830 -40.068176
v 16.736193 38.702057 -40.053005
v 16.031603 38.647072 -40.060440
v 15.156132 38.573483 -40.093937
v 14.088015 38.480030 -40.156750
v 12.826221 38.369339 -40.246590
v 11.529814 38.259644 -40.344524
v 10.109490 38.146931 -40.451061
v 8.582952 38.036640 -40.559513
v 6.967900 37.934204 -40.663216
v 3.543069 37.774666 -40.829666
v -0.023381 37.711819 -40.897011
v -3.589832 37.774666 -40.829666
v -7.014662 37.934204 -40.663216
v -8.629714 38.036640 -40.559513
v -10.156253 38.146931 -40.451061
v -11.576576 38.259644 -40.344524
v -12.872983 38.369339 -40.246590
v -14.446065 38.507492 -40.136623
v -15.702959 38.616013 -40.072227
v -16.666544 38.693378 -40.052574
v -17.383133 38.742458 -40.070557
v -17.959095 38.767605 -40.127956
v -18.341827 38.763973 -40.212280
v -18.543282 38.745087 -40.284206
v -18.626728 38.731129 -40.320713
v 18.305702 38.684650 -40.824902
v 18.234449 38.698017 -40.803364
v 18.058786 38.716042 -40.764343
v 17.536787 38.713379 -40.724472
v 17.132174 38.691719 -40.729034
v 16.601093 38.654678 -40.753525
v 15.920286 38.600964 -40.799191
v 15.066489 38.529282 -40.867279
v 14.017180 38.438469 -40.958893
v 12.771090 38.331093 -41.070965
v 11.486558 38.224785 -41.184067
v 10.076116 38.115623 -41.301632
v 8.557749 38.008858 -41.417641
v 6.949447 37.909737 -41.526062
v 3.534982 37.755413 -41.696056
v -0.023381 37.694641 -41.763432
v -3.581744 37.755413 -41.696056
v -6.996209 37.909737 -41.526062
v -8.604512 38.008858 -41.417641
v -10.122878 38.115623 -41.301632
v -11.533320 38.224785 -41.184067
v -12.817853 38.331093 -41.070965
v -14.370420 38.465134 -40.931583
v -15.601803 38.570686 -40.827286
v -16.535891 38.646191 -40.760216
v -17.220594 38.694305 -40.727814
v -17.759232 38.719185 -40.729725
v -18.105549 38.716042 -40.764343
v -18.281212 38.698017 -40.803364
v -18.352465 38.684650 -40.824902
v 18.199301 38.642097 -41.430183
v 18.132412 38.654728 -41.411751
v 17.966406 38.671551 -41.383533
v 17.464544 38.667332 -41.379963
v 17.069090 38.645622 -41.405090
v 16.546007 38.609173 -41.449276
v 15.872234 38.556698 -41.513077
v 15.024717 38.486904 -41.597027
v 13.981134 38.398636 -41.701557
v 12.740350 38.294357 -41.823418
v 11.460321 38.191166 -41.943047
v 10.054119 38.085239 -42.065216
v 8.539765 37.981663 -42.184227
v 6.935287 37.885517 -42.294376
v 3.528053 37.735855 -42.465305
v -0.023381 37.676933 -42.532413
v -3.574815 37.735855 -42.465305
v -6.982049 37.885517 -42.294376
v -8.586528 37.981663 -42.184227
v -10.100882 38.085239 -42.065216
v -11.507084 38.191166 -41.943047
v -12.787112 38.294357 -41.823418
v -14.332856 38.424545 -41.671047
v -15.556686 38.527195 -41.548702
v -16.482149 38.600861 -41.459404
v -17.156731 38.648186 -41.402027
v -17.681520 38.673416 -41.374054
v -18.013168 38.671551 -41.383533
v -18.179174 38.654728 -41.411751
v -18.246063 38.642097 -41.430183
v 18.197279 38.585121 -42.264729
v 18.138624 38.594761 -42.263103
v 17.986887 38.605312 -42.272415
v 17.503695 38.590900 -42.367943
v 17.107967 38.566711 -42.429459
v 16.577417 38.529831 -42.491962
v 15.892035 38.478626 -42.561249
v 15.031822 38.411461 -42.643139
v 13.977462 38.326828 -42.743244
v 12.729258 38.226875 -42.861134
v 11.445130 38.127979 -42.977650
v 10.037022 38.026470 -43.097168
v 8.522643 37.927212 -43.213974
v 6.919708 37.835083 -43.322353
v 3.519009 37.691677 -43.490978
v -0.023381 37.635216 -43.557343
v -3.565772 37.691677 -43.490978
v -6.966470 37.835083 -43.322353
v -8.569406 37.927212 -43.213974
v -10.083784 38.026470 -43.097168
v -11.491893 38.127979 -42.977650
v -12.776020 38.226875 -42.861134
v -14.331788 38.351665 -42.713921
v -15.570667 38.450172 -42.596558
v -16.511667 38.521637 -42.503883
v -17.195976 38.569412 -42.423912
v -17.717253 38.599247 -42.334427
v -18.033426 38.605392 -42.272106
v -18.185356 38.594769 -42.263100
v -18.244137 38.585098 -42.264851
v -18.229967 38.600269 -42.063374
v -18.166927 38.611317 -42.049896
v -18.009489 38.624737 -42.040230
v -17.691551 38.621269 -42.080826
v -17.172953 38.592705 -42.154243
v -16.494251 38.545082 -42.230167
v -15.560082 38.473080 -42.324646
v -14.327444 38.373528 -42.445972
v -12.776034 38.247379 -42.596542
v -11.493904 38.147404 -42.714916
v -10.086994 38.044781 -42.835892
v -8.573129 37.944435 -42.953800
v -6.970134 37.851295 -43.062977
v -3.568061 37.706314 -43.232468
v -0.023381 37.649235 -43.299034
v 3.521298 37.706314 -43.232468
v 6.923371 37.851295 -43.062977
v 8.526366 37.944435 -42.953800
v 10.040232 38.044781 -42.835892
v 11.447142 38.147404 -42.714916
v 12.729272 38.247379 -42.596542
v 13.974217 38.348423 -42.476093
v 15.024090 38.433971 -42.372875
v 15.878984 38.501793 -42.288250
v 16.559084 38.553307 -42.218376
v 17.085266 38.590046 -42.159229
v 17.478422 38.613552 -42.106800
v 17.962751 38.624741 -42.040150
v 18.119991 38.611393 -42.049431
v 18.183037 38.600330 -42.063034
v -21.399101 40.288723 -9.729037
v -21.302629 38.404964 -9.682424
v -19.896908 40.141899 -9.324738
v -20.461769 38.394764 -9.371398
v 21.447929 40.301922 -9.793671
v 21.012264 38.405441 -9.555089
v 21.860430 40.377213 -10.253780
v 21.571648 38.400196 -9.969853
v -21.937878 38.388462 -10.565331
v -21.981522 38.441082 -10.439938
v -22.001749 38.489460 -10.398031
v -22.028471 38.583572 -10.367932
v -22.049067 38.701008 -10.361215
v -22.061762 38.815811 -10.365285
v -22.071501 38.945744 -10.374237
v -22.086306 39.250046 -10.392366
v -22.097832 39.529911 -10.395848
v -22.111338 39.814705 -10.397498
v -22.128307 40.072453 -10.410678
v -22.138441 40.181461 -10.426476
v -22.149300 40.273170 -10.454373
v -22.160322 40.344738 -10.500031
v -22.166393 40.383503 -10.553700
v -22.168097 40.410503 -10.629101
v -21.704773 38.397270 -10.096463
v -21.754194 38.456619 -9.784551
v -21.778900 38.506332 -9.636138
v -21.805122 38.597820 -9.486648
v -21.819983 38.711063 -9.406070
v -21.825373 38.822147 -9.377124
v -21.826063 38.947849 -9.371074
v -21.819586 39.240883 -9.383327
v -21.813030 39.508270 -9.382664
v -21.808512 39.779243 -9.400679
v -21.808125 40.024216 -9.482554
v -21.810133 40.128086 -9.561688
v -21.813951 40.216640 -9.674491
v -21.819838 40.288448 -9.827372
v -21.825775 40.330532 -9.972238
v -21.833191 40.362240 -10.146251
v -22.068243 40.402073 -10.492669
v -22.058285 40.374523 -10.384119
v -22.048628 40.335468 -10.302902
v -22.037106 40.264137 -10.228486
v -22.027672 40.173069 -10.180479
v -22.020086 40.064960 -10.151439
v -22.009394 39.809551 -10.126146
v -22.002996 39.527378 -10.124028
v -21.998907 39.249844 -10.123082
v -21.993008 38.947460 -10.104709
v -21.987150 38.818142 -10.097408
v -21.977707 38.703804 -10.098882
v -21.959921 38.586807 -10.120263
v -21.934591 38.492790 -10.178110
v -21.914406 38.443851 -10.248780
v -21.874830 38.389534 -10.433784
v -21.543531 38.401943 -9.881660
v -21.602610 38.464260 -9.510107
v -21.631809 38.515053 -9.327089
v -21.662420 38.606529 -9.134763
v -21.679705 38.717869 -9.023267
v -21.686056 38.826000 -8.977073
v -21.686970 38.947582 -8.960150
v -21.679544 39.229198 -8.964579
v -21.671442 39.485195 -8.967100
v -21.663757 39.745380 -9.000256
v -21.657270 39.983170 -9.114857
v -21.654715 40.085670 -9.218516
v -21.652710 40.174469 -9.361222
v -21.651312 40.248108 -9.548956
v -21.650700 40.292522 -9.722909
v -21.650494 40.327023 -9.928112
v -20.952641 38.404739 -9.512469
v -21.020979 38.471432 -9.053837
v -21.055252 38.524475 -8.823234
v -21.092134 38.617210 -8.573576
v -21.114462 38.726074 -8.419617
v -21.124310 38.829067 -8.348126
v -21.128222 38.942989 -8.314206
v -21.125860 39.202763 -8.306286
v -21.120955 39.436947 -8.317235
v -21.113432 39.676582 -8.377216
v -21.101250 39.900806 -8.540440
v -21.092772 40.000706 -8.677683
v -21.082350 40.089458 -8.860914
v -21.069715 40.164989 -9.096759
v -21.058626 40.211708 -9.312155
v -21.046030 40.248940 -9.563666
v -21.406923 40.252235 -9.498819
v -21.414030 40.206078 -9.302341
v -21.422495 40.130817 -9.088292
v -21.429922 40.041538 -8.923280
v -21.436445 39.940060 -8.801050
v -21.447269 39.709221 -8.659504
v -21.455839 39.460144 -8.611528
v -21.462994 39.216141 -8.604577
v -21.468409 38.946625 -8.607677
v -21.466017 38.829304 -8.634431
v -21.457682 38.724037 -8.695028
v -21.437159 38.614075 -8.830409
v -21.402086 38.521873 -9.054570
v -21.369043 38.469795 -9.263700
v -20.527330 38.462780 -8.879154
v -20.560490 38.516449 -8.630865
v -20.596666 38.609444 -8.360820
v -20.619289 38.717422 -8.192728
v -20.630009 38.818729 -8.113474
v -20.635229 38.930149 -8.074867
v -20.636305 39.182663 -8.064663
v -20.634363 39.409321 -8.078938
v -20.629242 39.641315 -8.148062
v -20.618155 39.859375 -8.328289
v -20.609501 39.957188 -8.477638
v -20.598305 40.044491 -8.675801
v -20.584211 40.119080 -8.929754
v -20.571529 40.165352 -9.161026
v -20.556870 40.202293 -9.430544
v -18.928171 38.315384 -9.162129
v -18.980186 38.385033 -8.621346
v -19.007034 38.439354 -8.348257
v -19.037285 38.532452 -8.050780
v -19.057577 38.639236 -7.865100
v -19.068560 38.738461 -7.777267
v -19.075588 38.846817 -7.734424
v -19.083164 39.090225 -7.724346
v -19.087481 39.306988 -7.743526
v -19.088707 39.528015 -7.824267
v -19.083542 39.735523 -8.026928
v -19.077528 39.828648 -8.192841
v -19.068678 39.911720 -8.411868
v -19.056578 39.982529 -8.691552
v -19.045120 40.026245 -8.945661
v -19.031429 40.060875 -9.241316
v -19.911678 40.105938 -9.040504
v -19.924253 40.060783 -8.796346
v -19.937901 39.987911 -8.527827
v -19.948341 39.902622 -8.317804
v -19.955978 39.807152 -8.158989
v -19.964426 39.594704 -7.965819
v -19.966421 39.368820 -7.889936
v -19.965137 39.147823 -7.872940
v -19.960621 38.900593 -7.883619
v -19.954348 38.790970 -7.925009
v -19.943289 38.690880 -8.009507
v -19.921474 38.583588 -8.187950
v -19.887760 38.490505 -8.473771
v -19.857325 38.436443 -8.736156
v -19.797714 38.367496 -9.255767
v -17.821325 38.231014 -9.087057
v -17.865612 38.301292 -8.531234
v -17.888744 38.355846 -8.250633
v -17.915283 38.448990 -7.945126
v -17.933741 38.555416 -7.754658
v -17.944340 38.654026 -7.664793
v -17.951782 38.761452 -7.621255
v -17.961657 39.002003 -7.612134
v -17.968363 39.215511 -7.633026
v -17.972282 39.432678 -7.717201
v -17.970142 39.636021 -7.926513
v -17.965776 39.727047 -8.097424
v -17.958672 39.808064 -8.322814
v -17.948416 39.876881 -8.610415
v -17.938410 39.919178 -8.871592
v -17.926231 39.952461 -9.175373
v -16.468840 38.113853 -9.027746
v -16.506147 38.184780 -8.462594
v -16.525866 38.239590 -8.177357
v -16.548883 38.332851 -7.866933
v -16.565434 38.439060 -7.673596
v -16.575420 38.537216 -7.582578
v -16.582928 38.643932 -7.538731
v -16.594149 38.882259 -7.530482
v -16.602371 39.093208 -7.552679
v -16.608116 39.307304 -7.639219
v -16.608240 39.507290 -7.852858
v -16.605211 39.596600 -8.026951
v -16.599602 39.675911 -8.256352
v -16.591015 39.743065 -8.548906
v -16.582386 39.784157 -8.814486
v -16.571697 39.816284 -9.123310
v -14.895742 37.973129 -8.982293
v -14.926797 38.044701 -8.412581
v -14.943399 38.099789 -8.125101
v -14.963099 38.193233 -7.812344
v -14.977690 38.299335 -7.617711
v -14.986867 38.397179 -7.526243
v -14.994123 38.503368 -7.482382
v -15.005828 38.740002 -7.474895
v -15.014770 38.948990 -7.498043
v -15.021542 39.160717 -7.586056
v -15.023213 39.358074 -7.802090
v -15.021222 39.446022 -7.977851
v -15.016858 39.523964 -8.209303
v -15.009754 39.589767 -8.504337
v -15.002408 39.629864 -8.772090
v -14.993160 39.661026 -9.083380
v -13.129611 37.818813 -8.948860
v -13.155048 37.891010 -8.378377
v -13.168796 37.946384 -8.090555
v -13.185354 38.040051 -7.777512
v -13.197942 38.146137 -7.582825
v -13.206133 38.243778 -7.491462
v -13.212863 38.349606 -7.447814
v -13.224298 38.585014 -7.440980
v -13.233259 38.792557 -7.464777
v -13.240360 39.002514 -7.553534
v -13.242956 39.197884 -7.770411
v -13.241737 39.284786 -7.946632
v -13.238401 39.361664 -8.178569
v -13.232615 39.426392 -8.474116
v -13.226471 39.465687 -8.742271
v -13.218623 39.496059 -9.053979
v -11.198022 37.660877 -8.925611
v -11.218388 37.733662 -8.357165
v -11.229503 37.789314 -8.070408
v -11.243070 37.883224 -7.758590
v -11.253617 37.989357 -7.564764
v -11.260673 38.086895 -7.473906
v -11.266642 38.192490 -7.430627
v -11.277159 38.427055 -7.424340
v -11.285541 38.633598 -7.448541
v -11.292373 38.842308 -7.537477
v -11.295355 39.036236 -7.754023
v -11.294684 39.122360 -7.929799
v -11.292190 39.198437 -8.161056
v -11.287582 39.262344 -8.455652
v -11.282569 39.301014 -8.722895
v -11.276084 39.330757 -9.033503
v -9.128551 37.509296 -8.910707
v -9.144300 37.582607 -8.346128
v -9.152968 37.638512 -8.061348
v -9.163671 37.732670 -7.751732
v -9.172146 37.838898 -7.559351
v -9.177940 37.936398 -7.469247
v -9.182951 38.041862 -7.426426
v -9.192012 38.275909 -7.420580
v -9.199317 38.481808 -7.444991
v -9.205380 38.689693 -7.533706
v -9.208302 38.882641 -7.749131
v -9.207992 38.968227 -7.923860
v -9.206182 39.043728 -8.153667
v -9.202638 39.107033 -8.446355
v -9.198696 39.145233 -8.711826
v -9.193544 39.174492 -9.020347
v -4.686272 37.265079 -8.898592
v -4.693782 37.339180 -8.343307
v -4.697968 37.395481 -8.063249
v -4.703218 37.490055 -7.758828
v -4.707481 37.596500 -7.569765
v -4.710478 37.694054 -7.481309
v -4.713141 37.799458 -7.439391
v -4.718102 38.033119 -7.434124
v -4.722154 38.238495 -7.458588
v -4.725585 38.445663 -7.546317
v -4.727404 38.637680 -7.758640
v -4.727398 38.722713 -7.930689
v -4.726618 38.797604 -8.156886
v -4.724939 38.860233 -8.444896
v -4.723015 38.897888 -8.706079
v -4.720464 38.926559 -9.009580
v 4.527509 37.260612 -8.898498
v 4.534830 37.334728 -8.343415
v 4.538911 37.391037 -8.063460
v 4.544032 37.485615 -7.759152
v 4.548192 37.592068 -7.570161
v 4.551117 37.689621 -7.481740
v 4.553717 37.795025 -7.439840
v 4.558565 38.028683 -7.434582
v 4.562523 38.234055 -7.459044
v 4.565877 38.441216 -7.546748
v 4.567657 38.633224 -7.759000
v 4.567654 38.718250 -7.930990
v 4.566895 38.793133 -8.157107
v 4.565259 38.855755 -8.445014
v 4.563382 38.893402 -8.706104
v 4.560894 38.922066 -9.009495
v -0.023381 38.827255 -9.008843
v -0.023381 38.798752 -8.707958
v -0.023381 38.761246 -8.449016
v -0.023381 38.698784 -8.163462
v -0.023381 38.624035 -7.939176
v -0.023381 38.539112 -7.768560
v -0.023381 38.347244 -7.557947
v -0.023381 38.140156 -7.470839
v -0.023381 37.934818 -7.446452
v -0.023381 37.701157 -7.451530
v -0.023381 37.595718 -7.493024
v -0.023381 37.498112 -7.580660
v -0.023381 37.391552 -7.768030
v -0.023381 37.296803 -8.069769
v -0.023381 37.240349 -8.347375
v -0.023381 37.165947 -8.897820
v 8.873540 37.495220 -8.909631
v 8.888858 37.568581 -8.345490
v 8.897296 37.624508 -8.060934
v 8.907725 37.718689 -7.751565
v 8.915998 37.824924 -7.559343
v 8.921662 37.922428 -7.469321
v 8.926571 38.027882 -7.426547
v 8.935465 38.261894 -7.420739
v 8.942641 38.467743 -7.445161
v 8.948607 38.675571 -7.533840
v 8.951503 38.868446 -7.749126
v 8.951219 38.953987 -7.923733
v 8.949469 39.029442 -8.153373
v 8.946022 39.092701 -8.445841
v 8.942183 39.130863 -8.711112
v 8.937160 39.160080 -9.019396
v 10.905715 37.641853 -8.923383
v 10.925495 37.714706 -8.355330
v 10.936302 37.770386 -8.068775
v 10.949514 37.864330 -7.757185
v 10.959810 37.970474 -7.563510
v 10.966718 38.068005 -7.472733
v 10.972580 38.173576 -7.429508
v 10.982946 38.408066 -7.423280
v 10.991221 38.614510 -7.447515
v 10.997985 38.823097 -7.536443
v 11.000982 39.016884 -7.752887
v 11.000364 39.102932 -7.928561
v 10.997961 39.178925 -8.159675
v 10.993489 39.242748 -8.454080
v 10.988609 39.281353 -8.721143
v 10.982288 39.311028 -9.031539
v 12.809854 37.795689 -8.944865
v 12.834517 37.867977 -8.374529
v 12.847866 37.923389 -8.086786
v 12.863977 38.017090 -7.773840
v 12.876269 38.123180 -7.579231
v 12.884303 38.220802 -7.487920
v 12.890936 38.326588 -7.444318
v 12.902274 38.561848 -7.437571
v 12.911185 38.769222 -7.461442
v 12.918282 38.978966 -7.550255
v 12.920965 39.174091 -7.767148
v 12.919841 39.260864 -7.943353
v 12.916638 39.337608 -8.175254
v 12.911034 39.402203 -8.470742
v 12.905058 39.441399 -8.738834
v 12.897412 39.471664 -9.050463
v 14.560349 37.947472 -8.975784
v 14.590402 38.019150 -8.405700
v 14.606500 38.074287 -8.118040
v 14.625651 38.167767 -7.805105
v 14.639902 38.273861 -7.610384
v 14.648923 38.371662 -7.518898
v 14.656108 38.477779 -7.475060
v 14.667817 38.714172 -7.467692
v 14.676808 38.922882 -7.490971
v 14.683683 39.134262 -7.579157
v 14.685555 39.331238 -7.795434
v 14.683713 39.418987 -7.971352
v 14.679539 39.496727 -8.202986
v 14.672670 39.562328 -8.498234
v 14.665535 39.602276 -8.766168
v 14.656529 39.633289 -9.077659
v 16.131592 38.087936 -9.017846
v 16.167625 38.158985 -8.451461
v 16.186714 38.213852 -8.165613
v 16.209068 38.307140 -7.854549
v 16.225239 38.413322 -7.660845
v 16.235085 38.511406 -7.569688
v 16.242565 38.618008 -7.525818
v 16.253944 38.855961 -7.517726
v 16.262367 39.066486 -7.540135
v 16.268372 39.280067 -7.627028
v 16.268852 39.479488 -7.841274
v 16.266048 39.568504 -8.015801
v 16.260700 39.647522 -8.245745
v 16.252417 39.714390 -8.538961
v 16.244045 39.755268 -8.805125
v 16.233641 39.787197 -9.114615
v 17.981434 38.247940 -9.098701
v 18.026991 38.318111 -8.545018
v 18.050739 38.372623 -8.265484
v 18.077900 38.465752 -7.961112
v 18.096678 38.572231 -7.771316
v 18.107361 38.670933 -7.681730
v 18.114758 38.778500 -7.638279
v 18.124306 39.019493 -7.628997
v 18.130667 39.233505 -7.649627
v 18.134188 39.451271 -7.733298
v 18.131582 39.655266 -7.941650
v 18.126957 39.746620 -8.111844
v 18.119570 39.827965 -8.336325
v 18.109009 39.897099 -8.622796
v 18.098759 39.939625 -8.882966
v 18.086319 39.973125 -9.185591
v 19.375500 38.346893 -9.209848
v 19.431704 38.416183 -8.679659
v 19.460539 38.470375 -8.411904
v 19.492725 38.563469 -8.120199
v 19.513899 38.670506 -7.938056
v 19.524967 38.770157 -7.851812
v 19.531630 38.879139 -7.809618
v 19.537636 39.124447 -7.799128
v 19.540377 39.343330 -7.817198
v 19.539902 39.566822 -7.895540
v 19.532949 39.776894 -8.093500
v 19.526026 39.871262 -8.255882
v 19.516258 39.955528 -8.470421
v 19.503241 40.027458 -8.744527
v 19.491098 40.071968 -8.993658
v 19.476727 40.107334 -9.283595
v 20.358364 38.392986 -9.359053
v 20.423462 38.461109 -8.863865
v 20.456411 38.514824 -8.614045
v 20.492414 38.607834 -8.342266
v 20.515001 38.715736 -8.173008
v 20.525774 38.816906 -8.093142
v 20.531109 38.928123 -8.054189
v 20.532528 39.180042 -8.043871
v 20.530897 39.406075 -8.058437
v 20.526058 39.637409 -8.128317
v 20.515175 39.854893 -8.309977
v 20.506577 39.952484 -8.460361
v 20.495398 40.039612 -8.659813
v 20.481279 40.114059 -8.915339
v 20.468542 40.160244 -9.148000
v 20.453798 40.197117 -9.419098
v 21.080612 38.471695 -9.106544
v 21.114817 38.524517 -8.881321
v 21.151491 38.617142 -8.637982
v 21.173500 38.726276 -8.488544
v 21.183008 38.829819 -8.419643
v 21.186533 38.944557 -8.387379
v 21.183298 39.206680 -8.380472
v 21.177698 39.443253 -8.390417
v 21.169737 39.685234 -8.447478
v 21.157640 39.911194 -8.605371
v 21.149488 40.011578 -8.738882
v 21.139624 40.100578 -8.917557
v 21.127808 40.176170 -9.147922
v 21.117525 40.222855 -9.358542
v 21.105911 40.260002 -9.604664
v 21.626764 38.461323 -9.621148
v 21.654030 38.511600 -9.451178
v 21.682610 38.602928 -9.274955
v 21.698626 38.714977 -9.175311
v 21.704348 38.824356 -9.135980
v 21.704929 38.947739 -9.123561
v 21.697407 39.234394 -9.131379
v 21.689566 39.495388 -9.132309
v 21.682901 39.760231 -9.159041
v 21.678829 40.000977 -9.260804
v 21.678200 40.103935 -9.355184
v 21.678713 40.192513 -9.486658
v 21.680511 40.265327 -9.661260
v 21.682793 40.308800 -9.824157
v 21.685957 40.342205 -10.017350
v 21.453379 40.265984 -9.571489
v 21.458475 40.220306 -9.382192
v 21.464769 40.145481 -9.176476
v 21.470556 40.056293 -9.018493
v 21.475908 39.954430 -8.902115
v 21.485558 39.721249 -8.769150
v 21.494064 39.468502 -8.726000
v 21.501738 39.220554 -8.720572
v 21.508030 38.947071 -8.721331
v 21.506189 38.828358 -8.744978
v 21.498531 38.722168 -8.801037
v 21.479027 38.611774 -8.928929
v 21.445265 38.519829 -9.143106
v 21.413300 38.468170 -9.343980
v 21.348869 38.404129 -9.747600
v 21.891035 38.388477 -10.565491
v 21.934780 38.441139 -10.440357
v 21.954994 38.489479 -10.398154
v 21.981709 38.583572 -10.367934
v 22.002304 38.701008 -10.361215
v 22.014999 38.815811 -10.365285
v 22.024738 38.945744 -10.374237
v 22.039543 39.250046 -10.392366
v 22.051069 39.529911 -10.395848
v 22.064575 39.814705 -10.397498
v 22.081545 40.072453 -10.410678
v 22.091677 40.181469 -10.426460
v 22.102516 40.273216 -10.454249
v 22.113487 40.344879 -10.499608
v 22.119596 40.383652 -10.553237
v 22.121410 40.410568 -10.628943
v 22.021791 40.402081 -10.492882
v 22.011730 40.374573 -10.384110
v 22.001953 40.335514 -10.302838
v 21.990368 40.264153 -10.228468
v 21.980913 40.173073 -10.180477
v 21.973324 40.064960 -10.151439
v 21.962631 39.809551 -10.126146
v 21.956234 39.527378 -10.124028
v 21.952145 39.249844 -10.123082
v 21.946245 38.947460 -10.104709
v 21.940388 38.818142 -10.097408
v 21.930944 38.703804 -10.098882
v 21.913158 38.586807 -10.120263
v 21.887806 38.492794 -10.178129
v 21.867569 38.443863 -10.248847
v 21.827845 38.389519 -10.433583
v 21.850401 40.346977 -10.098135
v 21.842215 40.305992 -9.970934
v 21.833754 40.234692 -9.839636
v 21.827751 40.145687 -9.745463
v 21.823868 40.040665 -9.681327
v 21.821157 39.792137 -9.617654
v 21.823217 39.516785 -9.606178
v 21.827703 39.245113 -9.607315
v 21.831957 38.947933 -9.592086
v 21.830469 38.820663 -9.593100
v 21.824615 38.708298 -9.612896
v 21.809778 38.593845 -9.675245
v 21.784603 38.501732 -9.798153
v 21.761541 38.452267 -9.925183
v 21.716415 38.394451 -10.201548
v -20.904976 31.527233 -43.772484
v -15.678732 31.373423 -44.506165
v -15.678732 31.373423 -44.506165
v -10.452488 31.239246 -45.146183
v -5.226244 31.144342 -45.598881
v -0.000000 31.108343 -45.770596
v 5.226244 31.144342 -45.598881
v 10.452488 31.239246 -45.146183
v 15.678732 31.373423 -44.506165
v 20.904976 31.527233 -43.772484
v 20.904976 31.067268 -43.705914
v 20.904976 30.688225 -43.463665
v 20.904976 30.471773 -43.059494
v 20.904976 30.473614 -42.599358
v 20.904976 30.691494 -42.203339
v 20.904976 31.074848 -41.952316
v 20.904976 31.987101 -41.772987
v 20.904976 35.658512 -41.246986
v 20.904976 36.118477 -41.313557
v 20.904976 36.497520 -41.555805
v 20.904976 36.713970 -41.959976
v 20.904976 36.712132 -42.420113
v 20.904976 36.494251 -42.816132
v 20.904976 36.110897 -43.067154
v 20.904976 35.198647 -43.246483
v -20.904976 35.198647 -43.246483
v -20.904976 36.110897 -43.067154
v -20.904976 36.494251 -42.816132
v -20.904976 36.712132 -42.420113
v -20.904976 36.713970 -41.959976
v -20.904976 36.497520 -41.555805
v -20.904976 36.118477 -41.313557
v -20.904976 35.658512 -41.246986
v -20.904976 31.987101 -41.772987
v -20.904976 31.074848 -41.952316
v -20.904976 30.691494 -42.203339
v -20.904976 30.473614 -42.599358
v -20.904976 30.471773 -43.059494
v -20.904976 30.688225 -43.463665
v -20.904976 31.067268 -43.705914
v -17.420835 30.680714 -44.018219
v 12.194558 30.788795 -44.841911
v -17.420835 30.556944 -42.762325
v 12.194558 30.339039 -43.675243
v 12.194558 33.256989 -44.661892
v 7.839349 30.714462 -45.291676
v 3.484140 30.666824 -45.579914
v -0.871069 30.654758 -45.652924
v -5.226278 30.682106 -45.487442
v -9.581487 30.741491 -45.128132
v -13.936696 30.824011 -44.628830
v -17.420835 30.900705 -44.164780
v 12.194558 30.420755 -44.479527
v 7.839349 30.360048 -44.927303
v 3.484140 30.321144 -45.214264
v -0.871069 30.311291 -45.286953
v -5.226278 30.333626 -45.122204
v -9.581487 30.382124 -44.764481
v -13.936696 30.449516 -44.267387
v -17.420835 30.512152 -43.805389
v -13.936696 30.612328 -44.481056
v -9.581487 30.538744 -44.979057
v -5.226278 30.485794 -45.337429
v -0.871069 30.461407 -45.502476
v 3.484140 30.472166 -45.429657
v 7.839349 30.514643 -45.142174
v 12.194558 30.580925 -44.693581
v 12.194558 30.293243 -43.945400
v 7.839349 30.234680 -44.392864
v 3.484140 30.197149 -44.679626
v -0.871069 30.187643 -44.752262
v -5.226278 30.209188 -44.587631
v -9.581487 30.255974 -44.230156
v -13.936696 30.320988 -43.733410
v -17.420835 30.381413 -43.271732
v -17.420835 30.408356 -43.548508
v -13.936696 30.348495 -44.010101
v -9.581487 30.284086 -44.506760
v -5.226278 30.237736 -44.864170
v -0.871069 30.216391 -45.028774
v 3.484140 30.225807 -44.956150
v 7.839349 30.262989 -44.669437
v 12.194558 30.321009 -44.222054
v 7.839349 30.276791 -44.123245
v 3.484140 30.236898 -44.410355
v -0.871069 30.226793 -44.483078
v -5.226278 30.249695 -44.318249
v -9.581487 30.299425 -43.960346
v -13.936696 30.368528 -43.463001
v -17.420835 30.432753 -43.000771
v 12.194558 30.698015 -43.206718
v 7.839349 30.617290 -43.657417
v 3.484140 30.565557 -43.946251
v -0.871069 30.552454 -44.019413
v -5.226278 30.582153 -43.853592
v -9.581487 30.646643 -43.493534
v -13.936696 30.736259 -42.993198
v -17.420835 30.819548 -42.528187
v -13.936696 30.486071 -43.225525
v -9.581487 30.409811 -43.723915
v -5.226278 30.354933 -44.082569
v -0.871069 30.329659 -44.247742
v 3.484140 30.340809 -44.174866
v 7.839349 30.384832 -43.887157
v 12.194558 30.453526 -43.438213
v 12.194558 31.005472 -43.066456
v 7.839349 30.910570 -43.519222
v 3.484140 30.849751 -43.809383
v -0.871069 30.834345 -43.882881
v -5.226278 30.869263 -43.716297
v -9.581487 30.945078 -43.354588
v -13.936696 31.050434 -42.851955
v -17.420835 31.148350 -42.384808
v 12.194558 32.981926 -42.776855
v 7.839349 32.799740 -43.242359
v 3.484140 32.682987 -43.540684
v -0.871069 32.653416 -43.616245
v -5.226278 32.720444 -43.444977
v -9.581487 32.865986 -43.073093
v -13.936696 33.068237 -42.556320
v -17.420835 33.256203 -42.076035
v -17.420835 31.851482 -42.272537
v -13.936696 31.723471 -42.744076
v -9.581487 31.585732 -43.251434
v -5.226278 31.486612 -43.616543
v -0.871069 31.440964 -43.784691
v 3.484140 31.461103 -43.710506
v 7.839349 31.540617 -43.417618
v 12.194558 31.664690 -42.960594
v 12.194558 35.372921 -42.562904
v 7.839349 35.086010 -43.043690
v 3.484140 34.902142 -43.351807
v -0.871069 34.855568 -43.429852
v -5.226278 34.961128 -43.252960
v -9.581487 35.190338 -42.868866
v -13.936696 35.508846 -42.335129
v -17.420835 35.804871 -41.839077
v -17.420835 35.363991 -41.769722
v -13.936696 35.085987 -42.263149
v -9.581487 34.786865 -42.794056
v -5.226278 34.571609 -43.176113
v -0.871069 34.472473 -43.352066
v 3.484140 34.516212 -43.274437
v 7.839349 34.688889 -42.967953
v 12.194558 34.958336 -42.489716
v 12.194558 35.717327 -42.810211
v 7.839349 35.417084 -43.292938
v 3.484140 35.224674 -43.602303
v -0.871069 35.175938 -43.680664
v -5.226278 35.286400 -43.503056
v -9.581487 35.526257 -43.117409
v -13.936696 35.859566 -42.581512
v -17.420835 36.169342 -42.083450
v 12.194558 35.917908 -43.216698
v 7.839349 35.611557 -43.700317
v 3.484140 35.415234 -44.010250
v -0.871069 35.365501 -44.088757
v -5.226278 35.478214 -43.910824
v -9.581487 35.722954 -43.524464
v -13.936696 36.063042 -42.987576
v -17.420835 36.379116 -42.488598
v 12.194558 35.923019 -43.675819
v 7.839349 35.619347 -44.159050
v 3.484140 35.424736 -44.468735
v -0.871069 35.375443 -44.547176
v -5.226278 35.487167 -44.369385
v -9.581487 35.729767 -43.983337
v -13.936696 36.066887 -43.446884
v -17.420835 36.380203 -42.948307
v 12.194558 35.850906 -43.887825
v 7.839349 35.551693 -44.370407
v 3.484140 35.359936 -44.679672
v -0.871069 35.311363 -44.758011
v -5.226278 35.421452 -44.580460
v -9.581487 35.660492 -44.194931
v -13.936696 35.992664 -43.659199
v -17.420835 36.301384 -43.161293
v 12.194558 35.391895 -44.312630
v 7.839349 35.115208 -44.791924
v 3.484140 34.937885 -45.099083
v -0.871069 34.892971 -45.176884
v -5.226278 34.994770 -45.000542
v -9.581487 35.215816 -44.617641
v -13.936696 35.522984 -44.085560
v -17.420835 35.808460 -43.591045
v -17.420835 36.174007 -43.342621
v -13.936696 35.871723 -43.839588
v -9.581487 35.546474 -44.374310
v -5.226278 35.312416 -44.759109
v -0.871069 35.204620 -44.936325
v 3.484140 35.252182 -44.858139
v 7.839349 35.439941 -44.549454
v 12.194558 35.732922 -44.067783
v 12.194558 34.574226 -44.478157
v 7.839349 34.333931 -44.952141
v 3.484140 34.179935 -45.255898
v -0.871069 34.140930 -45.332836
v -5.226278 34.229340 -45.158447
v -9.581487 34.421307 -44.779789
v -13.936696 34.688065 -44.253605
v -17.420835 34.935993 -43.764568
v 7.839349 33.074806 -45.127396
v 3.484140 32.958054 -45.425720
v -0.871069 32.928478 -45.501282
v -5.226278 32.995506 -45.330013
v -9.581487 33.141052 -44.958130
v -13.936696 33.343300 -44.441357
v -17.420835 33.531269 -43.961071
f 1 6 155
f 155 6 185
f 155 185 154
f 154 185 213
f 154 213 151
f 151 213 212
f 151 212 150
f 150 212 251
f 150 251 158
f 158 251 250
f 158 250 275
f 275 250 249
f 275 249 276
f 276 249 248
f 276 248 277
f 277 248 247
f 277 247 278
f 278 247 246
f 278 246 279
f 279 246 245
f 279 245 280
f 280 245 244
f 280 244 281
f 281 244 243
f 281 243 282
f 282 243 242
f 282 242 283
f 283 242 241
f 283 241 284
f 284 241 240
f 284 240 285
f 285 240 239
f 285 239 286
f 286 239 238
f 286 238 287
f 287 238 237
f 287 237 288
f 288 237 236
f 288 236 289
f 289 236 235
f 289 235 290
f 290 235 234
f 290 234 291
f 291 234 233
f 291 233 292
f 292 233 232
f 292 232 293
f 293 232 231
f 293 231 294
f 294 231 230
f 294 230 295
f 295 230 159
f 295 159 296
f 296 159 58
f 296 58 252
f 252 58 59
f 252 59 297
f 297 59 60
f 297 60 365
f 365 60 320
f 365 320 321
f 321 320 367
f 321 367 368
f 368 367 391
f 368 391 392
f 392 391 414
f 392 414 415
f 415 414 438
f 415 438 439
f 439 438 497
f 439 497 496
f 496 497 474
f 496 474 473
f 473 474 80
f 473 80 83
f 6 8 185
f 185 8 184
f 185 184 213
f 213 184 214
f 213 214 212
f 212 214 211
f 212 211 251
f 251 211 250
f 184 8 182
f 182 8 10
f 182 10 183
f 183 10 181
f 183 181 210
f 210 181 209
f 210 209 249
f 249 209 248
f 10 12 181
f 181 12 186
f 181 186 14
f 14 186 12
f 14 16 181
f 181 16 180
f 181 180 209
f 209 180 208
f 209 208 248
f 248 208 247
f 180 16 187
f 187 16 19
f 187 19 180
f 180 19 179
f 180 179 208
f 208 179 207
f 208 207 247
f 247 207 246
f 179 19 188
f 188 19 21
f 188 21 179
f 179 21 189
f 179 189 178
f 178 189 23
f 178 23 177
f 177 23 24
f 177 24 176
f 176 24 27
f 176 27 175
f 175 27 29
f 175 29 174
f 174 29 31
f 174 31 173
f 173 31 32
f 173 32 172
f 172 32 34
f 172 34 171
f 171 34 37
f 171 37 170
f 170 37 38
f 170 38 169
f 169 38 41
f 169 41 168
f 168 41 43
f 168 43 167
f 167 43 45
f 167 45 166
f 166 45 46
f 166 46 165
f 165 46 48
f 165 48 164
f 164 48 50
f 164 50 163
f 163 50 52
f 163 52 162
f 162 52 55
f 162 55 157
f 157 55 56
f 157 56 190
f 190 56 57
f 190 57 159
f 159 57 58
f 21 23 189
f 60 61 320
f 320 61 366
f 320 366 367
f 367 366 390
f 367 390 391
f 391 390 413
f 391 413 414
f 414 413 437
f 414 437 438
f 438 437 498
f 438 498 497
f 497 498 475
f 497 475 474
f 474 475 78
f 474 78 80
f 61 62 366
f 366 62 63
f 366 63 389
f 389 63 64
f 389 64 411
f 411 64 65
f 411 65 434
f 434 65 67
f 434 67 161
f 161 67 480
f 161 480 479
f 479 480 68
f 479 68 70
f 67 68 480
f 479 70 478
f 478 70 72
f 478 72 477
f 477 72 74
f 477 74 476
f 476 74 77
f 476 77 475
f 475 77 78
f 473 83 472
f 472 83 84
f 472 84 471
f 471 84 87
f 471 87 470
f 470 87 89
f 470 89 469
f 469 89 90
f 469 90 468
f 468 90 92
f 468 92 467
f 467 92 95
f 467 95 466
f 466 95 96
f 466 96 465
f 465 96 99
f 465 99 464
f 464 99 101
f 464 101 462
f 462 101 102
f 462 102 463
f 463 102 461
f 463 461 451
f 451 461 452
f 451 452 428
f 428 452 429
f 428 429 406
f 406 429 407
f 406 407 383
f 383 407 384
f 383 384 337
f 337 384 338
f 337 338 348
f 348 338 347
f 348 347 314
f 314 347 315
f 314 315 269
f 269 315 270
f 269 270 279
f 279 270 278
f 461 102 482
f 482 102 105
f 482 105 461
f 461 105 107
f 461 107 452
f 452 107 460
f 452 460 453
f 453 460 485
f 453 485 454
f 454 485 484
f 454 484 455
f 455 484 483
f 455 483 456
f 456 483 125
f 456 125 127
f 460 107 481
f 481 107 108
f 481 108 460
f 460 108 111
f 460 111 485
f 485 111 459
f 485 459 458
f 458 459 112
f 458 112 115
f 111 112 459
f 458 115 457
f 457 115 117
f 457 117 121
f 457 121 483
f 483 121 123
f 483 123 125
f 129 160 127
f 127 160 433
f 127 433 456
f 456 433 432
f 456 432 455
f 455 432 431
f 455 431 454
f 454 431 430
f 454 430 453
f 453 430 429
f 453 429 452
f 129 132 160
f 160 132 410
f 160 410 433
f 433 410 432
f 134 388 132
f 132 388 387
f 132 387 410
f 410 387 386
f 410 386 409
f 409 386 385
f 409 385 408
f 408 385 384
f 408 384 407
f 134 136 388
f 388 136 138
f 388 138 387
f 387 138 341
f 387 341 340
f 340 341 345
f 340 345 346
f 346 345 316
f 346 316 315
f 315 316 270
f 341 138 342
f 342 138 141
f 342 141 344
f 344 141 343
f 344 343 318
f 318 343 319
f 318 319 145
f 145 319 142
f 142 319 343
f 142 343 141
f 148 274 145
f 145 274 273
f 145 273 318
f 318 273 272
f 318 272 317
f 317 272 271
f 317 271 316
f 316 271 270
f 274 148 158
f 158 148 150
f 163 162 229
f 229 162 157
f 229 157 191
f 191 157 190
f 191 190 230
f 230 190 159
f 164 163 228
f 228 163 229
f 228 229 192
f 192 229 191
f 192 191 231
f 231 191 230
f 165 164 227
f 227 164 228
f 227 228 193
f 193 228 192
f 193 192 232
f 232 192 231
f 166 165 226
f 226 165 227
f 226 227 194
f 194 227 193
f 194 193 233
f 233 193 232
f 167 166 225
f 225 166 226
f 225 226 195
f 195 226 194
f 195 194 234
f 234 194 233
f 168 167 224
f 224 167 225
f 224 225 196
f 196 225 195
f 196 195 235
f 235 195 234
f 169 168 223
f 223 168 224
f 223 224 197
f 197 224 196
f 197 196 236
f 236 196 235
f 170 169 222
f 222 169 223
f 222 223 198
f 198 223 197
f 198 197 237
f 237 197 236
f 171 170 221
f 221 170 222
f 221 222 199
f 199 222 198
f 199 198 238
f 238 198 237
f 172 171 220
f 220 171 221
f 220 221 200
f 200 221 199
f 200 199 239
f 239 199 238
f 173 172 219
f 219 172 220
f 219 220 201
f 201 220 200
f 201 200 240
f 240 200 239
f 174 173 218
f 218 173 219
f 218 219 202
f 202 219 201
f 202 201 241
f 241 201 240
f 175 174 217
f 217 174 218
f 217 218 203
f 203 218 202
f 203 202 242
f 242 202 241
f 176 175 216
f 216 175 217
f 216 217 204
f 204 217 203
f 204 203 243
f 243 203 242
f 177 176 215
f 215 176 216
f 215 216 205
f 205 216 204
f 205 204 244
f 244 204 243
f 214 184 182
f 205 206 215
f 215 206 178
f 215 178 177
f 179 178 207
f 207 178 206
f 207 206 246
f 246 206 245
f 244 245 205
f 205 245 206
f 210 211 183
f 183 211 214
f 183 214 182
f 249 250 210
f 210 250 211
f 295 296 253
f 253 296 252
f 253 252 298
f 298 252 297
f 298 297 364
f 364 297 365
f 364 365 321
f 294 295 254
f 254 295 253
f 254 253 299
f 299 253 298
f 299 298 363
f 363 298 364
f 363 364 322
f 322 364 321
f 322 321 368
f 293 294 255
f 255 294 254
f 255 254 300
f 300 254 299
f 300 299 362
f 362 299 363
f 362 363 323
f 323 363 322
f 323 322 369
f 369 322 368
f 369 368 392
f 292 293 256
f 256 293 255
f 256 255 301
f 301 255 300
f 301 300 361
f 361 300 362
f 361 362 324
f 324 362 323
f 324 323 370
f 370 323 369
f 370 369 393
f 393 369 392
f 393 392 415
f 291 292 257
f 257 292 256
f 257 256 302
f 302 256 301
f 302 301 360
f 360 301 361
f 360 361 325
f 325 361 324
f 325 324 371
f 371 324 370
f 371 370 394
f 394 370 393
f 394 393 416
f 416 393 415
f 416 415 439
f 290 291 258
f 258 291 257
f 258 257 303
f 303 257 302
f 303 302 359
f 359 302 360
f 359 360 326
f 326 360 325
f 326 325 372
f 372 325 371
f 372 371 395
f 395 371 394
f 395 394 417
f 417 394 416
f 417 416 440
f 440 416 439
f 440 439 496
f 289 290 259
f 259 290 258
f 259 258 304
f 304 258 303
f 304 303 358
f 358 303 359
f 358 359 327
f 327 359 326
f 327 326 373
f 373 326 372
f 373 372 396
f 396 372 395
f 396 395 418
f 418 395 417
f 418 417 441
f 441 417 440
f 441 440 495
f 495 440 496
f 495 496 473
f 288 289 260
f 260 289 259
f 260 259 305
f 305 259 304
f 305 304 357
f 357 304 358
f 357 358 328
f 328 358 327
f 328 327 374
f 374 327 373
f 374 373 397
f 397 373 396
f 397 396 419
f 419 396 418
f 419 418 442
f 442 418 441
f 442 441 494
f 494 441 495
f 494 495 472
f 472 495 473
f 287 288 261
f 261 288 260
f 261 260 306
f 306 260 305
f 306 305 356
f 356 305 357
f 356 357 329
f 329 357 328
f 329 328 375
f 375 328 374
f 375 374 398
f 398 374 397
f 398 397 420
f 420 397 419
f 420 419 443
f 443 419 442
f 443 442 493
f 493 442 494
f 493 494 471
f 471 494 472
f 286 287 262
f 262 287 261
f 262 261 307
f 307 261 306
f 307 306 355
f 355 306 356
f 355 356 330
f 330 356 329
f 330 329 376
f 376 329 375
f 376 375 399
f 399 375 398
f 399 398 421
f 421 398 420
f 421 420 444
f 444 420 443
f 444 443 492
f 492 443 493
f 492 493 470
f 470 493 471
f 285 286 263
f 263 286 262
f 263 262 308
f 308 262 307
f 308 307 354
f 354 307 355
f 354 355 331
f 331 355 330
f 331 330 377
f 377 330 376
f 377 376 400
f 400 376 399
f 400 399 422
f 422 399 421
f 422 421 445
f 445 421 444
f 445 444 491
f 491 444 492
f 491 492 469
f 469 492 470
f 284 285 264
f 264 285 263
f 264 263 309
f 309 263 308
f 309 308 353
f 353 308 354
f 353 354 332
f 332 354 331
f 332 331 378
f 378 331 377
f 378 377 401
f 401 377 400
f 401 400 423
f 423 400 422
f 423 422 446
f 446 422 445
f 446 445 490
f 490 445 491
f 490 491 468
f 468 491 469
f 283 284 265
f 265 284 264
f 265 264 310
f 310 264 309
f 310 309 352
f 352 309 353
f 352 353 333
f 333 353 332
f 333 332 379
f 379 332 378
f 379 378 402
f 402 378 401
f 402 401 424
f 424 401 423
f 424 423 447
f 447 423 446
f 447 446 489
f 489 446 490
f 489 490 467
f 467 490 468
f 282 283 266
f 266 283 265
f 266 265 311
f 311 265 310
f 311 310 351
f 351 310 352
f 351 352 334
f 334 352 333
f 334 333 380
f 380 333 379
f 380 379 403
f 403 379 402
f 403 402 425
f 425 402 424
f 425 424 448
f 448 424 447
f 448 447 488
f 488 447 489
f 488 489 466
f 466 489 467
f 281 282 267
f 267 282 266
f 267 266 312
f 312 266 311
f 312 311 350
f 350 311 351
f 350 351 335
f 335 351 334
f 335 334 381
f 381 334 380
f 381 380 404
f 404 380 403
f 404 403 426
f 426 403 425
f 426 425 449
f 449 425 448
f 449 448 487
f 487 448 488
f 487 488 465
f 465 488 466
f 280 281 268
f 268 281 267
f 268 267 313
f 313 267 312
f 313 312 349
f 349 312 350
f 349 350 336
f 336 350 335
f 336 335 382
f 382 335 381
f 382 381 405
f 405 381 404
f 405 404 427
f 427 404 426
f 427 426 450
f 450 426 449
f 450 449 486
f 486 449 487
f 486 487 464
f 464 487 465
f 279 280 269
f 269 280 268
f 269 268 314
f 314 268 313
f 314 313 348
f 348 313 349
f 348 349 337
f 337 349 336
f 337 336 383
f 383 336 382
f 383 382 406
f 406 382 405
f 406 405 428
f 428 405 427
f 428 427 451
f 451 427 450
f 451 450 463
f 463 450 486
f 463 486 462
f 462 486 464
f 277 278 271
f 271 278 270
f 276 277 272
f 272 277 271
f 275 276 273
f 273 276 272
f 158 275 274
f 274 275 273
f 346 315 347
f 344 318 317
f 344 317 345
f 345 317 316
f 346 347 339
f 339 347 338
f 339 338 385
f 385 338 384
f 346 339 340
f 340 339 386
f 340 386 387
f 386 339 385
f 344 345 341
f 341 342 344
f 366 389 390
f 390 389 412
f 390 412 413
f 413 412 436
f 413 436 437
f 437 436 499
f 437 499 498
f 498 499 476
f 498 476 475
f 429 430 407
f 407 430 408
f 432 410 409
f 430 431 408
f 408 431 409
f 431 432 409
f 389 411 412
f 412 411 435
f 412 435 436
f 436 435 500
f 436 500 499
f 499 500 477
f 499 477 476
f 411 434 435
f 435 434 501
f 435 501 500
f 500 501 478
f 500 478 477
f 483 484 457
f 457 484 458
f 484 485 458
f 161 479 501
f 501 479 478
f 501 434 161
f 4 502 7
f 7 502 536
f 7 536 9
f 9 536 544
f 9 544 553
f 553 544 543
f 553 543 552
f 552 543 542
f 552 542 551
f 551 542 533
f 551 533 550
f 550 533 541
f 550 541 549
f 549 541 540
f 549 540 548
f 548 540 539
f 548 539 547
f 547 539 538
f 547 538 546
f 546 538 537
f 546 537 545
f 545 537 113
f 545 113 110
f 502 504 536
f 536 504 535
f 536 535 544
f 544 535 543
f 535 504 534
f 534 504 507
f 534 507 532
f 532 507 509
f 532 509 511
f 512 531 511
f 511 531 541
f 511 541 533
f 531 512 530
f 530 512 514
f 530 514 529
f 529 514 516
f 529 516 528
f 528 516 518
f 528 518 527
f 527 518 120
f 527 120 114
f 527 114 537
f 537 114 113
f 545 110 554
f 554 110 109
f 554 109 563
f 563 109 106
f 563 106 104
f 103 572 104
f 104 572 573
f 104 573 564
f 564 573 574
f 564 574 565
f 565 574 575
f 565 575 566
f 566 575 576
f 566 576 567
f 567 576 577
f 567 577 568
f 568 577 578
f 568 578 569
f 569 578 579
f 569 579 570
f 570 579 17
f 570 17 571
f 571 17 15
f 571 15 13
f 100 526 103
f 103 526 581
f 103 581 572
f 572 581 573
f 100 98 526
f 526 98 605
f 526 605 604
f 604 605 590
f 604 590 591
f 591 590 608
f 591 608 609
f 609 608 618
f 609 618 619
f 619 618 628
f 619 628 629
f 629 628 638
f 629 638 639
f 639 638 648
f 639 648 649
f 649 648 658
f 649 658 659
f 659 658 668
f 659 668 36
f 36 668 39
f 39 668 677
f 39 677 40
f 40 677 686
f 40 686 42
f 42 686 695
f 42 695 44
f 44 695 704
f 44 704 47
f 47 704 713
f 47 713 49
f 49 713 722
f 49 722 51
f 51 722 731
f 51 731 53
f 53 731 740
f 53 740 54
f 54 740 524
f 524 740 739
f 524 739 523
f 523 739 738
f 523 738 737
f 737 738 728
f 737 728 727
f 727 728 718
f 727 718 717
f 717 718 708
f 717 708 707
f 707 708 698
f 707 698 697
f 697 698 688
f 697 688 687
f 687 688 678
f 687 678 79
f 79 678 81
f 81 678 669
f 81 669 82
f 82 669 660
f 82 660 85
f 85 660 651
f 85 651 86
f 86 651 642
f 86 642 88
f 88 642 633
f 88 633 91
f 91 633 624
f 91 624 93
f 93 624 615
f 93 615 94
f 94 615 606
f 94 606 97
f 97 606 589
f 97 589 98
f 98 589 605
f 79 76 687
f 687 76 696
f 687 696 697
f 697 696 706
f 697 706 707
f 707 706 716
f 707 716 717
f 717 716 726
f 717 726 727
f 727 726 736
f 727 736 737
f 737 736 522
f 737 522 523
f 76 75 696
f 696 75 705
f 696 705 706
f 706 705 715
f 706 715 716
f 716 715 725
f 716 725 726
f 726 725 735
f 726 735 736
f 736 735 521
f 736 521 522
f 75 73 705
f 705 73 714
f 705 714 715
f 715 714 724
f 715 724 725
f 725 724 734
f 725 734 735
f 735 734 521
f 73 71 714
f 714 71 723
f 714 723 724
f 724 723 733
f 724 733 734
f 734 733 520
f 734 520 521
f 71 69 723
f 723 69 732
f 723 732 733
f 733 732 520
f 69 66 732
f 732 66 520
f 36 35 659
f 659 35 650
f 659 650 649
f 649 650 640
f 649 640 639
f 639 640 630
f 639 630 629
f 629 630 620
f 629 620 619
f 619 620 610
f 619 610 609
f 609 610 592
f 609 592 591
f 591 592 603
f 591 603 604
f 604 603 581
f 604 581 526
f 35 33 650
f 650 33 641
f 650 641 640
f 640 641 631
f 640 631 630
f 630 631 621
f 630 621 620
f 620 621 611
f 620 611 610
f 610 611 593
f 610 593 592
f 592 593 602
f 592 602 603
f 603 602 582
f 603 582 581
f 581 582 573
f 33 30 641
f 641 30 632
f 641 632 631
f 631 632 622
f 631 622 621
f 621 622 612
f 621 612 611
f 611 612 594
f 611 594 593
f 593 594 601
f 593 601 602
f 602 601 583
f 602 583 582
f 582 583 574
f 582 574 573
f 30 28 632
f 632 28 623
f 632 623 622
f 622 623 613
f 622 613 612
f 612 613 595
f 612 595 594
f 594 595 600
f 594 600 601
f 601 600 584
f 601 584 583
f 583 584 575
f 583 575 574
f 28 26 623
f 623 26 614
f 623 614 613
f 613 614 596
f 613 596 595
f 595 596 599
f 595 599 600
f 600 599 585
f 600 585 584
f 584 585 576
f 584 576 575
f 26 25 614
f 614 25 597
f 614 597 596
f 596 597 598
f 596 598 599
f 599 598 586
f 599 586 585
f 585 586 577
f 585 577 576
f 25 22 597
f 597 22 525
f 597 525 598
f 598 525 587
f 598 587 586
f 586 587 578
f 586 578 577
f 22 20 525
f 525 20 588
f 525 588 587
f 587 588 579
f 587 579 578
f 20 18 588
f 588 18 580
f 588 580 579
f 579 580 17
f 18 17 580
f 571 13 562
f 562 13 11
f 562 11 553
f 553 11 9
f 537 538 527
f 527 538 528
f 538 539 528
f 528 539 529
f 541 531 530
f 539 540 529
f 529 540 530
f 511 533 532
f 532 533 542
f 532 542 534
f 534 542 543
f 534 543 535
f 540 541 530
f 546 545 555
f 555 545 554
f 555 554 564
f 564 554 563
f 564 563 104
f 547 546 556
f 556 546 555
f 556 555 565
f 565 555 564
f 548 547 557
f 557 547 556
f 557 556 566
f 566 556 565
f 549 548 558
f 558 548 557
f 558 557 567
f 567 557 566
f 550 549 559
f 559 549 558
f 559 558 568
f 568 558 567
f 551 550 560
f 560 550 559
f 560 559 569
f 569 559 568
f 562 553 552
f 552 551 561
f 561 551 560
f 561 560 570
f 570 560 569
f 571 562 561
f 561 562 552
f 571 561 570
f 605 589 590
f 590 589 607
f 590 607 608
f 608 607 617
f 608 617 618
f 618 617 627
f 618 627 628
f 628 627 637
f 628 637 638
f 638 637 647
f 638 647 648
f 648 647 657
f 648 657 658
f 658 657 667
f 658 667 668
f 668 667 677
f 589 606 607
f 607 606 616
f 607 616 617
f 617 616 626
f 617 626 627
f 627 626 636
f 627 636 637
f 637 636 646
f 637 646 647
f 647 646 656
f 647 656 657
f 657 656 666
f 657 666 667
f 667 666 676
f 667 676 677
f 677 676 686
f 606 615 616
f 616 615 625
f 616 625 626
f 626 625 635
f 626 635 636
f 636 635 645
f 636 645 646
f 646 645 655
f 646 655 656
f 656 655 665
f 656 665 666
f 666 665 675
f 666 675 676
f 676 675 685
f 676 685 686
f 686 685 695
f 615 624 625
f 625 624 634
f 625 634 635
f 635 634 644
f 635 644 645
f 645 644 654
f 645 654 655
f 655 654 664
f 655 664 665
f 665 664 674
f 665 674 675
f 675 674 684
f 675 684 685
f 685 684 694
f 685 694 695
f 695 694 704
f 624 633 634
f 634 633 643
f 634 643 644
f 644 643 653
f 644 653 654
f 654 653 663
f 654 663 664
f 664 663 673
f 664 673 674
f 674 673 683
f 674 683 684
f 684 683 693
f 684 693 694
f 694 693 703
f 694 703 704
f 704 703 713
f 633 642 643
f 643 642 652
f 643 652 653
f 653 652 662
f 653 662 663
f 663 662 672
f 663 672 673
f 673 672 682
f 673 682 683
f 683 682 692
f 683 692 693
f 693 692 702
f 693 702 703
f 703 702 712
f 703 712 713
f 713 712 722
f 642 651 652
f 652 651 661
f 652 661 662
f 662 661 671
f 662 671 672
f 672 671 681
f 672 681 682
f 682 681 691
f 682 691 692
f 692 691 701
f 692 701 702
f 702 701 711
f 702 711 712
f 712 711 721
f 712 721 722
f 722 721 731
f 651 660 661
f 661 660 670
f 661 670 671
f 671 670 680
f 671 680 681
f 681 680 690
f 681 690 691
f 691 690 700
f 691 700 701
f 701 700 710
f 701 710 711
f 711 710 720
f 711 720 721
f 721 720 730
f 721 730 731
f 731 730 740
f 660 669 670
f 670 669 679
f 670 679 680
f 680 679 689
f 680 689 690
f 690 689 699
f 690 699 700
f 700 699 709
f 700 709 710
f 710 709 719
f 710 719 720
f 720 719 729
f 720 729 730
f 730 729 739
f 730 739 740
f 669 678 679
f 679 678 688
f 679 688 689
f 689 688 698
f 689 698 699
f 699 698 708
f 699 708 709
f 709 708 718
f 709 718 719
f 719 718 728
f 719 728 729
f 729 728 738
f 729 738 739
f 743 747 895
f 895 747 913
f 895 913 893
f 893 913 926
f 893 926 941
f 941 926 925
f 941 925 940
f 940 925 924
f 940 924 939
f 939 924 923
f 939 923 938
f 938 923 922
f 938 922 937
f 937 922 908
f 937 908 936
f 936 908 921
f 936 921 935
f 935 921 920
f 935 920 934
f 934 920 904
f 934 904 933
f 933 904 902
f 933 902 932
f 932 902 919
f 932 919 931
f 931 919 918
f 931 918 930
f 930 918 917
f 930 917 929
f 929 917 916
f 929 916 928
f 928 916 915
f 928 915 927
f 927 915 790
f 927 790 791
f 747 748 913
f 913 748 912
f 913 912 926
f 926 912 925
f 748 750 912
f 912 750 911
f 912 911 925
f 925 911 924
f 750 753 911
f 911 753 910
f 911 910 924
f 924 910 923
f 910 753 909
f 909 753 754
f 909 754 907
f 907 754 758
f 907 758 908
f 908 758 921
f 921 758 906
f 906 758 759
f 906 759 905
f 905 759 762
f 905 762 903
f 903 762 764
f 903 764 904
f 904 764 902
f 902 764 914
f 914 764 766
f 914 766 768
f 768 769 914
f 914 769 902
f 771 901 769
f 769 901 919
f 769 919 902
f 771 775 901
f 901 775 900
f 901 900 919
f 919 900 918
f 775 777 900
f 900 777 899
f 900 899 918
f 918 899 917
f 899 777 898
f 898 777 779
f 898 779 780
f 898 780 897
f 897 780 782
f 897 782 788
f 897 788 915
f 915 788 790
f 794 942 791
f 791 942 943
f 791 943 928
f 928 943 944
f 928 944 929
f 929 944 945
f 929 945 930
f 930 945 946
f 930 946 931
f 931 946 947
f 931 947 932
f 932 947 948
f 932 948 933
f 933 948 949
f 933 949 934
f 934 949 950
f 934 950 935
f 935 950 951
f 935 951 936
f 936 951 952
f 936 952 937
f 937 952 953
f 937 953 938
f 938 953 954
f 938 954 939
f 939 954 955
f 939 955 940
f 940 955 891
f 940 891 941
f 941 891 893
f 942 794 957
f 957 794 795
f 957 795 958
f 958 795 798
f 958 798 973
f 973 798 972
f 973 972 800
f 800 972 798
f 802 987 800
f 800 987 988
f 800 988 973
f 973 988 989
f 973 989 974
f 974 989 990
f 974 990 975
f 975 990 991
f 975 991 976
f 976 991 992
f 976 992 977
f 977 992 993
f 977 993 978
f 978 993 994
f 978 994 979
f 979 994 995
f 979 995 980
f 980 995 996
f 980 996 981
f 981 996 997
f 981 997 982
f 982 997 998
f 982 998 983
f 983 998 999
f 983 999 984
f 984 999 1000
f 984 1000 985
f 985 1000 883
f 985 883 986
f 986 883 886
f 986 886 985
f 985 886 970
f 985 970 969
f 969 970 954
f 969 954 953
f 987 802 1002
f 1002 802 803
f 1002 803 1017
f 1017 803 805
f 1017 805 1032
f 1032 805 807
f 1032 807 1047
f 1047 807 810
f 1047 810 1062
f 1062 810 812
f 1062 812 1077
f 1077 812 813
f 1077 813 1092
f 1092 813 815
f 1092 815 1107
f 1107 815 818
f 1107 818 1122
f 1122 818 819
f 1122 819 1137
f 1137 819 821
f 1137 821 1152
f 1152 821 823
f 1152 823 1167
f 1167 823 826
f 1167 826 1182
f 1182 826 828
f 1182 828 1197
f 1197 828 830
f 1197 830 1212
f 1212 830 832
f 1212 832 1227
f 1227 832 834
f 1227 834 1242
f 1242 834 836
f 1242 836 1243
f 1243 836 837
f 1243 837 1244
f 1244 837 1245
f 1244 1245 1229
f 1229 1245 1230
f 1229 1230 1214
f 1214 1230 1215
f 1214 1215 1199
f 1199 1215 1200
f 1199 1200 1184
f 1184 1200 1185
f 1184 1185 1169
f 1169 1185 1170
f 1169 1170 1154
f 1154 1170 1155
f 1154 1155 1139
f 1139 1155 1140
f 1139 1140 1124
f 1124 1140 1125
f 1124 1125 1109
f 1109 1125 1110
f 1109 1110 1094
f 1094 1110 1095
f 1094 1095 1079
f 1079 1095 1080
f 1079 1080 1064
f 1064 1080 1065
f 1064 1065 1049
f 1049 1065 1050
f 1049 1050 1034
f 1034 1050 1035
f 1034 1035 1019
f 1019 1035 1020
f 1019 1020 1004
f 1004 1020 1005
f 1004 1005 989
f 989 1005 990
f 837 838 1245
f 1245 838 1246
f 1245 1246 1230
f 1230 1246 1231
f 1230 1231 1215
f 1215 1231 1216
f 1215 1216 1200
f 1200 1216 1201
f 1200 1201 1185
f 1185 1201 1186
f 1185 1186 1170
f 1170 1186 1171
f 1170 1171 1155
f 1155 1171 1156
f 1155 1156 1140
f 1140 1156 1141
f 1140 1141 1125
f 1125 1141 1126
f 1125 1126 1110
f 1110 1126 1111
f 1110 1111 1095
f 1095 1111 1096
f 1095 1096 1080
f 1080 1096 1081
f 1080 1081 1065
f 1065 1081 1066
f 1065 1066 1050
f 1050 1066 1051
f 1050 1051 1035
f 1035 1051 1036
f 1035 1036 1020
f 1020 1036 1021
f 1020 1021 1005
f 1005 1021 1006
f 1005 1006 990
f 990 1006 991
f 838 839 1246
f 1246 839 1247
f 1246 1247 1231
f 1231 1247 1232
f 1231 1232 1216
f 1216 1232 1217
f 1216 1217 1201
f 1201 1217 1202
f 1201 1202 1186
f 1186 1202 1187
f 1186 1187 1171
f 1171 1187 1172
f 1171 1172 1156
f 1156 1172 1157
f 1156 1157 1141
f 1141 1157 1142
f 1141 1142 1126
f 1126 1142 1127
f 1126 1127 1111
f 1111 1127 1112
f 1111 1112 1096
f 1096 1112 1097
f 1096 1097 1081
f 1081 1097 1082
f 1081 1082 1066
f 1066 1082 1067
f 1066 1067 1051
f 1051 1067 1052
f 1051 1052 1036
f 1036 1052 1037
f 1036 1037 1021
f 1021 1037 1022
f 1021 1022 1006
f 1006 1022 1007
f 1006 1007 991
f 991 1007 992
f 839 840 1247
f 1247 840 841
f 1247 841 1248
f 1248 841 842
f 1248 842 1249
f 1249 842 1250
f 1249 1250 1234
f 1234 1250 1235
f 1234 1235 1219
f 1219 1235 1220
f 1219 1220 1204
f 1204 1220 1205
f 1204 1205 1189
f 1189 1205 1190
f 1189 1190 1174
f 1174 1190 1175
f 1174 1175 1159
f 1159 1175 1160
f 1159 1160 1144
f 1144 1160 1145
f 1144 1145 1129
f 1129 1145 1130
f 1129 1130 1114
f 1114 1130 1115
f 1114 1115 1099
f 1099 1115 1100
f 1099 1100 1084
f 1084 1100 1085
f 1084 1085 1069
f 1069 1085 1070
f 1069 1070 1054
f 1054 1070 1055
f 1054 1055 1039
f 1039 1055 1040
f 1039 1040 1024
f 1024 1040 1025
f 1024 1025 1009
f 1009 1025 1010
f 1009 1010 994
f 994 1010 995
f 842 843 1250
f 1250 843 1251
f 1250 1251 1235
f 1235 1251 1236
f 1235 1236 1220
f 1220 1236 1221
f 1220 1221 1205
f 1205 1221 1206
f 1205 1206 1190
f 1190 1206 1191
f 1190 1191 1175
f 1175 1191 1176
f 1175 1176 1160
f 1160 1176 1161
f 1160 1161 1145
f 1145 1161 1146
f 1145 1146 1130
f 1130 1146 1131
f 1130 1131 1115
f 1115 1131 1116
f 1115 1116 1100
f 1100 1116 1101
f 1100 1101 1085
f 1085 1101 1086
f 1085 1086 1070
f 1070 1086 1071
f 1070 1071 1055
f 1055 1071 1056
f 1055 1056 1040
f 1040 1056 1041
f 1040 1041 1025
f 1025 1041 1026
f 1025 1026 1010
f 1010 1026 1011
f 1010 1011 995
f 995 1011 996
f 843 844 1251
f 1251 844 1252
f 1251 1252 1236
f 1236 1252 1237
f 1236 1237 1221
f 1221 1237 1222
f 1221 1222 1206
f 1206 1222 1207
f 1206 1207 1191
f 1191 1207 1192
f 1191 1192 1176
f 1176 1192 1177
f 1176 1177 1161
f 1161 1177 1162
f 1161 1162 1146
f 1146 1162 1147
f 1146 1147 1131
f 1131 1147 1132
f 1131 1132 1116
f 1116 1132 1117
f 1116 1117 1101
f 1101 1117 1102
f 1101 1102 1086
f 1086 1102 1087
f 1086 1087 1071
f 1071 1087 1072
f 1071 1072 1056
f 1056 1072 1057
f 1056 1057 1041
f 1041 1057 1042
f 1041 1042 1026
f 1026 1042 1027
f 1026 1027 1011
f 1011 1027 1012
f 1011 1012 996
f 996 1012 997
f 844 845 1252
f 1252 845 1253
f 1252 1253 1237
f 1237 1253 1238
f 1237 1238 1222
f 1222 1238 1223
f 1222 1223 1207
f 1207 1223 1208
f 1207 1208 1192
f 1192 1208 1193
f 1192 1193 1177
f 1177 1193 1178
f 1177 1178 1162
f 1162 1178 1163
f 1162 1163 1147
f 1147 1163 1148
f 1147 1148 1132
f 1132 1148 1133
f 1132 1133 1117
f 1117 1133 1118
f 1117 1118 1102
f 1102 1118 1103
f 1102 1103 1087
f 1087 1103 1088
f 1087 1088 1072
f 1072 1088 1073
f 1072 1073 1057
f 1057 1073 1058
f 1057 1058 1042
f 1042 1058 1043
f 1042 1043 1027
f 1027 1043 1028
f 1027 1028 1012
f 1012 1028 1013
f 1012 1013 997
f 997 1013 998
f 1253 845 1254
f 1254 845 846
f 1254 846 1255
f 1255 846 848
f 1255 848 1256
f 1256 848 850
f 1256 850 1241
f 1241 850 852
f 1241 852 1226
f 1226 852 854
f 1226 854 1211
f 1211 854 856
f 1211 856 1196
f 1196 856 858
f 1196 858 1181
f 1181 858 859
f 1181 859 1166
f 1166 859 862
f 1166 862 1151
f 1151 862 864
f 1151 864 1136
f 1136 864 866
f 1136 866 1121
f 1121 866 868
f 1121 868 1106
f 1106 868 870
f 1106 870 1091
f 1091 870 871
f 1091 871 1076
f 1076 871 873
f 1076 873 1061
f 1061 873 875
f 1061 875 1046
f 1046 875 878
f 1046 878 1031
f 1031 878 880
f 1031 880 1015
f 1015 880 1016
f 1015 1016 1000
f 1000 1016 882
f 1000 882 1001
f 1001 882 883
f 1001 883 1000
f 880 882 1016
f 886 887 970
f 970 887 971
f 970 971 955
f 955 971 956
f 955 956 891
f 891 956 889
f 889 956 971
f 889 971 887
f 917 899 898
f 915 916 897
f 897 916 898
f 916 917 898
f 921 906 905
f 904 920 903
f 903 920 905
f 920 921 905
f 923 910 909
f 908 922 907
f 907 922 909
f 922 923 909
f 791 928 927
f 957 958 942
f 942 958 943
f 944 943 959
f 959 943 958
f 959 958 974
f 974 958 973
f 945 944 960
f 960 944 959
f 960 959 975
f 975 959 974
f 946 945 961
f 961 945 960
f 961 960 976
f 976 960 975
f 947 946 962
f 962 946 961
f 962 961 977
f 977 961 976
f 948 947 963
f 963 947 962
f 963 962 978
f 978 962 977
f 949 948 964
f 964 948 963
f 964 963 979
f 979 963 978
f 950 949 965
f 965 949 964
f 965 964 980
f 980 964 979
f 951 950 966
f 966 950 965
f 966 965 981
f 981 965 980
f 952 951 967
f 967 951 966
f 967 966 982
f 982 966 981
f 953 952 968
f 968 952 967
f 968 967 983
f 983 967 982
f 970 955 954
f 953 968 969
f 969 968 984
f 969 984 985
f 984 968 983
f 1004 989 988
f 988 987 1003
f 1003 987 1002
f 1003 1002 1018
f 1018 1002 1017
f 1018 1017 1033
f 1033 1017 1032
f 1033 1032 1048
f 1048 1032 1047
f 1048 1047 1063
f 1063 1047 1062
f 1063 1062 1078
f 1078 1062 1077
f 1078 1077 1093
f 1093 1077 1092
f 1093 1092 1108
f 1108 1092 1107
f 1108 1107 1123
f 1123 1107 1122
f 1123 1122 1138
f 1138 1122 1137
f 1138 1137 1153
f 1153 1137 1152
f 1153 1152 1168
f 1168 1152 1167
f 1168 1167 1183
f 1183 1167 1182
f 1183 1182 1198
f 1198 1182 1197
f 1198 1197 1213
f 1213 1197 1212
f 1213 1212 1228
f 1228 1212 1227
f 1228 1227 1243
f 1243 1227 1242
f 1009 994 993
f 993 992 1008
f 1008 992 1007
f 1008 1007 1023
f 1023 1007 1022
f 1023 1022 1038
f 1038 1022 1037
f 1038 1037 1053
f 1053 1037 1052
f 1053 1052 1068
f 1068 1052 1067
f 1068 1067 1083
f 1083 1067 1082
f 1083 1082 1098
f 1098 1082 1097
f 1098 1097 1113
f 1113 1097 1112
f 1113 1112 1128
f 1128 1112 1127
f 1128 1127 1143
f 1143 1127 1142
f 1143 1142 1158
f 1158 1142 1157
f 1158 1157 1173
f 1173 1157 1172
f 1173 1172 1188
f 1188 1172 1187
f 1188 1187 1203
f 1203 1187 1202
f 1203 1202 1218
f 1218 1202 1217
f 1218 1217 1233
f 1233 1217 1232
f 1233 1232 1248
f 1248 1232 1247
f 1015 1000 999
f 999 998 1014
f 1014 998 1013
f 1014 1013 1029
f 1029 1013 1028
f 1029 1028 1044
f 1044 1028 1043
f 1044 1043 1059
f 1059 1043 1058
f 1059 1058 1074
f 1074 1058 1073
f 1074 1073 1089
f 1089 1073 1088
f 1089 1088 1104
f 1104 1088 1103
f 1104 1103 1119
f 1119 1103 1118
f 1119 1118 1134
f 1134 1118 1133
f 1134 1133 1149
f 1149 1133 1148
f 1149 1148 1164
f 1164 1148 1163
f 1164 1163 1179
f 1179 1163 1178
f 1179 1178 1194
f 1194 1178 1193
f 1194 1193 1209
f 1209 1193 1208
f 1209 1208 1224
f 1224 1208 1223
f 1224 1223 1239
f 1239 1223 1238
f 1239 1238 1254
f 1254 1238 1253
f 1019 1004 1003
f 1003 1004 988
f 1019 1003 1018
f 1024 1009 1008
f 1008 1009 993
f 1024 1008 1023
f 999 1014 1015
f 1015 1014 1030
f 1015 1030 1031
f 1031 1030 1046
f 1030 1014 1029
f 1034 1019 1018
f 1034 1018 1033
f 1039 1024 1023
f 1039 1023 1038
f 1030 1029 1045
f 1045 1029 1044
f 1045 1044 1060
f 1060 1044 1059
f 1060 1059 1075
f 1075 1059 1074
f 1075 1074 1090
f 1090 1074 1089
f 1090 1089 1105
f 1105 1089 1104
f 1105 1104 1120
f 1120 1104 1119
f 1120 1119 1135
f 1135 1119 1134
f 1135 1134 1150
f 1150 1134 1149
f 1150 1149 1165
f 1165 1149 1164
f 1165 1164 1180
f 1180 1164 1179
f 1180 1179 1195
f 1195 1179 1194
f 1195 1194 1210
f 1210 1194 1209
f 1210 1209 1225
f 1225 1209 1224
f 1225 1224 1240
f 1240 1224 1239
f 1240 1239 1255
f 1255 1239 1254
f 1049 1034 1033
f 1049 1033 1048
f 1054 1039 1038
f 1054 1038 1053
f 1061 1046 1045
f 1045 1046 1030
f 1061 1045 1060
f 1064 1049 1048
f 1064 1048 1063
f 1069 1054 1053
f 1069 1053 1068
f 1076 1061 1060
f 1076 1060 1075
f 1079 1064 1063
f 1079 1063 1078
f 1084 1069 1068
f 1084 1068 1083
f 1091 1076 1075
f 1091 1075 1090
f 1094 1079 1078
f 1094 1078 1093
f 1099 1084 1083
f 1099 1083 1098
f 1106 1091 1090
f 1106 1090 1105
f 1109 1094 1093
f 1109 1093 1108
f 1114 1099 1098
f 1114 1098 1113
f 1121 1106 1105
f 1121 1105 1120
f 1124 1109 1108
f 1124 1108 1123
f 1129 1114 1113
f 1129 1113 1128
f 1136 1121 1120
f 1136 1120 1135
f 1139 1124 1123
f 1139 1123 1138
f 1144 1129 1128
f 1144 1128 1143
f 1151 1136 1135
f 1151 1135 1150
f 1154 1139 1138
f 1154 1138 1153
f 1159 1144 1143
f 1159 1143 1158
f 1166 1151 1150
f 1166 1150 1165
f 1169 1154 1153
f 1169 1153 1168
f 1174 1159 1158
f 1174 1158 1173
f 1181 1166 1165
f 1181 1165 1180
f 1184 1169 1168
f 1184 1168 1183
f 1189 1174 1173
f 1189 1173 1188
f 1196 1181 1180
f 1196 1180 1195
f 1199 1184 1183
f 1199 1183 1198
f 1204 1189 1188
f 1204 1188 1203
f 1211 1196 1195
f 1211 1195 1210
f 1214 1199 1198
f 1214 1198 1213
f 1219 1204 1203
f 1219 1203 1218
f 1226 1211 1210
f 1226 1210 1225
f 1229 1214 1213
f 1229 1213 1228
f 1234 1219 1218
f 1234 1218 1233
f 1241 1226 1225
f 1241 1225 1240
f 1244 1229 1228
f 1244 1228 1243
f 1249 1234 1233
f 1249 1233 1248
f 1256 1241 1240
f 1256 1240 1255
f 745 896 1278
f 1278 896 1307
f 1278 1307 1276
f 1276 1307 1332
f 1276 1332 1331
f 1331 1332 1333
f 1331 1333 1330
f 1330 1333 1334
f 1330 1334 1329
f 1329 1334 1335
f 1329 1335 1328
f 1328 1335 1303
f 1328 1303 1327
f 1327 1303 1336
f 1327 1336 1326
f 1326 1336 1337
f 1326 1337 1325
f 1325 1337 1338
f 1325 1338 1324
f 1324 1338 1339
f 1324 1339 1323
f 1323 1339 1340
f 1323 1340 1322
f 1322 1340 1341
f 1322 1341 1321
f 1321 1341 1342
f 1321 1342 1320
f 1320 1342 1343
f 1320 1343 1319
f 1319 1343 1344
f 1319 1344 1318
f 1318 1344 1345
f 1318 1345 1317
f 1317 1345 1346
f 1317 1346 1316
f 1316 1346 1347
f 1316 1347 1315
f 1315 1347 1348
f 1315 1348 1314
f 1314 1348 1349
f 1314 1349 1313
f 1313 1349 1350
f 1313 1350 1312
f 1312 1350 1351
f 1312 1351 1311
f 1311 1351 1352
f 1311 1352 1310
f 1310 1352 1353
f 1310 1353 1309
f 1309 1353 1354
f 1309 1354 1308
f 1308 1354 1258
f 1308 1258 1280
f 1280 1258 1259
f 1280 1259 1282
f 1282 1259 1260
f 1282 1260 1447
f 1447 1260 1401
f 1447 1401 1402
f 1402 1401 1493
f 1402 1493 1492
f 1492 1493 1450
f 1492 1450 1451
f 1451 1450 829
f 1451 829 827
f 896 894 1307
f 1307 894 1306
f 1307 1306 1332
f 1332 1306 1333
f 1306 894 1305
f 1305 894 892
f 1305 892 1304
f 1304 892 890
f 1304 890 1302
f 1302 890 888
f 1302 888 885
f 884 1301 885
f 885 1301 1336
f 885 1336 1303
f 1301 884 1300
f 1300 884 881
f 1300 881 879
f 1300 879 1299
f 1299 879 877
f 1299 877 1298
f 1298 877 876
f 1298 876 1297
f 1297 876 874
f 1297 874 1296
f 1296 874 1295
f 1296 1295 1341
f 1341 1295 1342
f 874 872 1295
f 1295 872 1294
f 1295 1294 1342
f 1342 1294 1343
f 872 869 1294
f 1294 869 1293
f 1294 1293 1343
f 1343 1293 1344
f 869 867 1293
f 1293 867 1292
f 1293 1292 1344
f 1344 1292 1345
f 867 865 1292
f 1292 865 1291
f 1292 1291 1345
f 1345 1291 1346
f 865 863 1291
f 1291 863 1290
f 1291 1290 1346
f 1346 1290 1347
f 863 861 1290
f 1290 861 1289
f 1290 1289 1347
f 1347 1289 1348
f 861 860 1289
f 1289 860 1288
f 1289 1288 1348
f 1348 1288 1349
f 860 857 1288
f 1288 857 1287
f 1288 1287 1349
f 1349 1287 1350
f 857 855 1287
f 1287 855 1286
f 1287 1286 1350
f 1350 1286 1351
f 855 853 1286
f 1286 853 1285
f 1286 1285 1351
f 1351 1285 1352
f 853 851 1285
f 1285 851 1284
f 1285 1284 1352
f 1352 1284 1353
f 851 849 1284
f 1284 849 1283
f 1284 1283 1353
f 1353 1283 1354
f 849 847 1283
f 1283 847 1257
f 1283 1257 1354
f 1354 1257 1258
f 1260 1261 1401
f 1401 1261 1494
f 1401 1494 1493
f 1493 1494 1449
f 1493 1449 1450
f 1450 1449 831
f 1450 831 829
f 1494 1261 1448
f 1448 1261 835
f 1448 835 833
f 1448 833 1449
f 1449 833 831
f 1451 827 1452
f 1452 827 825
f 1452 825 1453
f 1453 825 824
f 1453 824 1454
f 1454 824 822
f 1454 822 1455
f 1455 822 820
f 1455 820 1456
f 1456 820 817
f 1456 817 1457
f 1457 817 816
f 1457 816 1458
f 1458 816 814
f 1458 814 1459
f 1459 814 811
f 1459 811 1460
f 1460 811 809
f 1460 809 1461
f 1461 809 808
f 1461 808 806
f 1461 806 1462
f 1462 806 804
f 1462 804 1463
f 1463 804 1464
f 1463 1464 1479
f 1479 1464 1478
f 1479 1478 1416
f 1416 1478 1417
f 1416 1417 1432
f 1432 1417 1431
f 1432 1431 1369
f 1369 1431 1370
f 1369 1370 1386
f 1386 1370 1385
f 1386 1385 1323
f 1323 1385 1324
f 804 801 1464
f 1464 801 1466
f 1464 1466 1478
f 1478 1466 1465
f 1478 1465 1417
f 1417 1465 1418
f 1417 1418 1431
f 1431 1418 1430
f 1431 1430 1370
f 1370 1430 1371
f 1370 1371 1385
f 1385 1371 1384
f 1385 1384 1324
f 1324 1384 1325
f 801 799 1466
f 1466 799 1465
f 1465 799 1495
f 1495 799 797
f 1495 797 1467
f 1467 797 796
f 1467 796 1468
f 1468 796 793
f 1468 793 1469
f 1469 793 792
f 1469 792 1470
f 1470 792 789
f 1470 789 1471
f 1471 789 787
f 1471 787 1472
f 1472 787 786
f 1472 786 1262
f 1472 1262 1473
f 1473 1262 1264
f 1473 1264 1281
f 1281 1264 1266
f 1281 1266 1424
f 1424 1266 1268
f 1424 1268 1377
f 1377 1268 1270
f 1377 1270 1376
f 1376 1270 1379
f 1376 1379 1380
f 1380 1379 1329
f 1380 1329 1328
f 1379 1270 1378
f 1378 1270 1273
f 1378 1273 1274
f 1378 1274 1331
f 1331 1274 1276
f 1341 1340 1296
f 1296 1340 1297
f 1340 1339 1297
f 1297 1339 1298
f 1339 1338 1298
f 1298 1338 1299
f 1336 1301 1300
f 1338 1337 1299
f 1299 1337 1300
f 885 1303 1302
f 1302 1303 1335
f 1302 1335 1304
f 1304 1335 1334
f 1304 1334 1305
f 1305 1334 1333
f 1305 1333 1306
f 1337 1336 1300
f 1309 1308 1400
f 1400 1308 1280
f 1400 1280 1355
f 1355 1280 1282
f 1355 1282 1446
f 1446 1282 1447
f 1446 1447 1402
f 1310 1309 1399
f 1399 1309 1400
f 1399 1400 1356
f 1356 1400 1355
f 1356 1355 1445
f 1445 1355 1446
f 1445 1446 1403
f 1403 1446 1402
f 1403 1402 1492
f 1311 1310 1398
f 1398 1310 1399
f 1398 1399 1357
f 1357 1399 1356
f 1357 1356 1444
f 1444 1356 1445
f 1444 1445 1404
f 1404 1445 1403
f 1404 1403 1491
f 1491 1403 1492
f 1491 1492 1451
f 1312 1311 1397
f 1397 1311 1398
f 1397 1398 1358
f 1358 1398 1357
f 1358 1357 1443
f 1443 1357 1444
f 1443 1444 1405
f 1405 1444 1404
f 1405 1404 1490
f 1490 1404 1491
f 1490 1491 1452
f 1452 1491 1451
f 1313 1312 1396
f 1396 1312 1397
f 1396 1397 1359
f 1359 1397 1358
f 1359 1358 1442
f 1442 1358 1443
f 1442 1443 1406
f 1406 1443 1405
f 1406 1405 1489
f 1489 1405 1490
f 1489 1490 1453
f 1453 1490 1452
f 1314 1313 1395
f 1395 1313 1396
f 1395 1396 1360
f 1360 1396 1359
f 1360 1359 1441
f 1441 1359 1442
f 1441 1442 1407
f 1407 1442 1406
f 1407 1406 1488
f 1488 1406 1489
f 1488 1489 1454
f 1454 1489 1453
f 1315 1314 1394
f 1394 1314 1395
f 1394 1395 1361
f 1361 1395 1360
f 1361 1360 1440
f 1440 1360 1441
f 1440 1441 1408
f 1408 1441 1407
f 1408 1407 1487
f 1487 1407 1488
f 1487 1488 1455
f 1455 1488 1454
f 1316 1315 1393
f 1393 1315 1394
f 1393 1394 1362
f 1362 1394 1361
f 1362 1361 1439
f 1439 1361 1440
f 1439 1440 1409
f 1409 1440 1408
f 1409 1408 1486
f 1486 1408 1487
f 1486 1487 1456
f 1456 1487 1455
f 1317 1316 1392
f 1392 1316 1393
f 1392 1393 1363
f 1363 1393 1362
f 1363 1362 1438
f 1438 1362 1439
f 1438 1439 1410
f 1410 1439 1409
f 1410 1409 1485
f 1485 1409 1486
f 1485 1486 1457
f 1457 1486 1456
f 1318 1317 1391
f 1391 1317 1392
f 1391 1392 1364
f 1364 1392 1363
f 1364 1363 1437
f 1437 1363 1438
f 1437 1438 1411
f 1411 1438 1410
f 1411 1410 1484
f 1484 1410 1485
f 1484 1485 1458
f 1458 1485 1457
f 1319 1318 1390
f 1390 1318 1391
f 1390 1391 1365
f 1365 1391 1364
f 1365 1364 1436
f 1436 1364 1437
f 1436 1437 1412
f 1412 1437 1411
f 1412 1411 1483
f 1483 1411 1484
f 1483 1484 1459
f 1459 1484 1458
f 1320 1319 1389
f 1389 1319 1390
f 1389 1390 1366
f 1366 1390 1365
f 1366 1365 1435
f 1435 1365 1436
f 1435 1436 1413
f 1413 1436 1412
f 1413 1412 1482
f 1482 1412 1483
f 1482 1483 1460
f 1460 1483 1459
f 1321 1320 1388
f 1388 1320 1389
f 1388 1389 1367
f 1367 1389 1366
f 1367 1366 1434
f 1434 1366 1435
f 1434 1435 1414
f 1414 1435 1413
f 1414 1413 1481
f 1481 1413 1482
f 1481 1482 1461
f 1461 1482 1460
f 1386 1323 1322
f 1322 1321 1387
f 1387 1321 1388
f 1387 1388 1368
f 1368 1388 1367
f 1368 1367 1433
f 1433 1367 1434
f 1433 1434 1415
f 1415 1434 1414
f 1415 1414 1480
f 1480 1414 1481
f 1480 1481 1462
f 1462 1481 1461
f 1326 1325 1383
f 1383 1325 1384
f 1383 1384 1372
f 1372 1384 1371
f 1372 1371 1429
f 1429 1371 1430
f 1429 1430 1419
f 1419 1430 1418
f 1419 1418 1467
f 1467 1418 1465
f 1467 1465 1495
f 1327 1326 1382
f 1382 1326 1383
f 1382 1383 1373
f 1373 1383 1372
f 1373 1372 1428
f 1428 1372 1429
f 1428 1429 1420
f 1420 1429 1419
f 1420 1419 1477
f 1477 1419 1467
f 1477 1467 1468
f 1328 1327 1381
f 1381 1327 1382
f 1381 1382 1374
f 1374 1382 1373
f 1374 1373 1427
f 1427 1373 1428
f 1427 1428 1421
f 1421 1428 1420
f 1421 1420 1476
f 1476 1420 1477
f 1476 1477 1469
f 1469 1477 1468
f 1378 1331 1330
f 1378 1330 1379
f 1379 1330 1329
f 1368 1369 1387
f 1387 1369 1386
f 1387 1386 1322
f 1369 1368 1432
f 1432 1368 1433
f 1432 1433 1416
f 1416 1433 1415
f 1416 1415 1479
f 1479 1415 1480
f 1479 1480 1463
f 1463 1480 1462
f 1374 1375 1381
f 1381 1375 1380
f 1381 1380 1328
f 1380 1375 1376
f 1376 1375 1425
f 1376 1425 1424
f 1424 1425 1281
f 1375 1374 1426
f 1426 1374 1427
f 1426 1427 1422
f 1422 1427 1421
f 1422 1421 1475
f 1475 1421 1476
f 1475 1476 1470
f 1470 1476 1469
f 1424 1377 1376
f 1422 1423 1426
f 1426 1423 1425
f 1426 1425 1375
f 1473 1281 1423
f 1423 1281 1425
f 1423 1422 1474
f 1474 1422 1475
f 1474 1475 1471
f 1471 1475 1470
f 1448 1449 1494
f 1471 1472 1474
f 1474 1472 1473
f 1474 1473 1423
f 1497 1554 147
f 147 1554 1556
f 147 1556 1557
f 1557 1556 1567
f 1557 1567 1542
f 1542 1567 1568
f 1542 1568 147
f 147 1568 149
f 149 1568 1589
f 149 1589 1588
f 1588 1589 1590
f 1588 1590 1587
f 1587 1590 1591
f 1587 1591 1586
f 1586 1591 1592
f 1586 1592 1585
f 1585 1592 1593
f 1585 1593 1584
f 1584 1593 1594
f 1584 1594 1583
f 1583 1594 1595
f 1583 1595 1582
f 1582 1595 1596
f 1582 1596 1581
f 1581 1596 1597
f 1581 1597 1580
f 1580 1597 1598
f 1580 1598 1579
f 1579 1598 1599
f 1579 1599 1578
f 1578 1599 1515
f 1578 1515 1544
f 1544 1515 1517
f 1544 1517 1600
f 1600 1517 1520
f 1600 1520 1621
f 1621 1520 1546
f 1621 1546 1651
f 1651 1546 1641
f 1651 1641 1640
f 1640 1641 1524
f 1640 1524 1526
f 1498 1553 1497
f 1497 1553 1565
f 1497 1565 1555
f 1555 1565 1575
f 1555 1575 1576
f 1576 1575 1591
f 1576 1591 1590
f 1553 1498 1552
f 1552 1498 1501
f 1552 1501 1551
f 1551 1501 1550
f 1551 1550 1563
f 1563 1550 1562
f 1563 1562 1572
f 1572 1562 1571
f 1572 1571 1595
f 1595 1571 1596
f 1501 1503 1550
f 1550 1503 1549
f 1550 1549 1562
f 1562 1549 1561
f 1562 1561 1571
f 1571 1561 1570
f 1571 1570 1596
f 1596 1570 1597
f 1503 1504 1549
f 1549 1504 1548
f 1549 1548 1561
f 1561 1548 1560
f 1561 1560 1570
f 1570 1560 1569
f 1570 1569 1597
f 1597 1569 1598
f 1504 1506 1548
f 1548 1506 1547
f 1548 1547 1560
f 1560 1547 1559
f 1560 1559 1569
f 1569 1559 1543
f 1569 1543 1598
f 1598 1543 1599
f 1506 1509 1547
f 1547 1509 1512
f 1547 1512 1559
f 1559 1512 1514
f 1559 1514 1543
f 1543 1514 1515
f 1543 1515 1599
f 1520 1521 1546
f 1546 1521 1642
f 1546 1642 1641
f 1641 1642 1521
f 1641 1521 1524
f 1640 1526 1639
f 1639 1526 1529
f 1639 1529 1638
f 1638 1529 1530
f 1638 1530 1637
f 1637 1530 1533
f 1637 1533 1635
f 1635 1533 1535
f 1635 1535 1636
f 1636 1535 1646
f 1636 1646 1627
f 1627 1646 1628
f 1627 1628 1606
f 1606 1628 1607
f 1606 1607 1615
f 1615 1607 1614
f 1615 1614 1584
f 1584 1614 1585
f 1646 1535 1634
f 1634 1535 1537
f 1634 1537 1633
f 1633 1537 1539
f 1633 1539 1632
f 1632 1539 1541
f 1632 1541 1631
f 1631 1541 5
f 1631 5 156
f 1631 156 1643
f 1643 156 153
f 1643 153 1545
f 1545 153 152
f 1545 152 1610
f 1610 152 1609
f 1610 1609 1545
f 1545 1609 1630
f 1545 1630 1643
f 1643 1630 1644
f 1643 1644 1631
f 1631 1644 1632
f 149 1611 152
f 152 1611 1612
f 152 1612 1609
f 1609 1612 1613
f 1609 1613 1608
f 1608 1613 1614
f 1608 1614 1607
f 1542 147 1558
f 1558 147 1557
f 1558 1557 1542
f 1565 1553 1552
f 1552 1551 1564
f 1564 1551 1563
f 1564 1563 1573
f 1573 1563 1572
f 1573 1572 1594
f 1594 1572 1595
f 1497 1555 1554
f 1554 1555 1566
f 1554 1566 1556
f 1556 1566 1567
f 1552 1564 1565
f 1565 1564 1574
f 1565 1574 1575
f 1575 1574 1592
f 1575 1592 1591
f 1574 1564 1573
f 1555 1576 1566
f 1566 1576 1577
f 1566 1577 1567
f 1567 1577 1568
f 1594 1593 1573
f 1573 1593 1574
f 1593 1592 1574
f 1589 1568 1577
f 1589 1577 1590
f 1590 1577 1576
f 1579 1578 1620
f 1620 1578 1544
f 1620 1544 1601
f 1601 1544 1600
f 1601 1600 1622
f 1622 1600 1621
f 1622 1621 1651
f 1580 1579 1619
f 1619 1579 1620
f 1619 1620 1602
f 1602 1620 1601
f 1602 1601 1623
f 1623 1601 1622
f 1623 1622 1650
f 1650 1622 1651
f 1650 1651 1640
f 1581 1580 1618
f 1618 1580 1619
f 1618 1619 1603
f 1603 1619 1602
f 1603 1602 1624
f 1624 1602 1623
f 1624 1623 1649
f 1649 1623 1650
f 1649 1650 1639
f 1639 1650 1640
f 1582 1581 1617
f 1617 1581 1618
f 1617 1618 1604
f 1604 1618 1603
f 1604 1603 1625
f 1625 1603 1624
f 1625 1624 1648
f 1648 1624 1649
f 1648 1649 1638
f 1638 1649 1639
f 1615 1584 1583
f 1583 1582 1616
f 1616 1582 1617
f 1616 1617 1605
f 1605 1617 1604
f 1605 1604 1626
f 1626 1604 1625
f 1626 1625 1647
f 1647 1625 1648
f 1647 1648 1637
f 1637 1648 1638
f 1614 1613 1585
f 1585 1613 1586
f 1613 1612 1586
f 1586 1612 1587
f 1612 1611 1587
f 1587 1611 1588
f 1611 149 1588
f 1605 1606 1616
f 1616 1606 1615
f 1616 1615 1583
f 1606 1605 1627
f 1627 1605 1626
f 1627 1626 1636
f 1636 1626 1647
f 1636 1647 1635
f 1635 1647 1637
f 1630 1609 1608
f 1608 1607 1629
f 1629 1607 1628
f 1629 1628 1645
f 1645 1628 1646
f 1645 1646 1633
f 1633 1646 1634
f 1644 1630 1629
f 1629 1630 1608
f 1644 1629 1645
f 1645 1633 1632
f 1645 1632 1644
f 752 1708 755
f 755 1708 1710
f 755 1710 1711
f 1711 1710 1698
f 1711 1698 755
f 755 1698 1725
f 755 1725 1718
f 1718 1725 1724
f 1718 1724 1733
f 1733 1724 1723
f 1733 1723 1734
f 1734 1723 1722
f 1734 1722 1735
f 1735 1722 1721
f 1735 1721 1736
f 1736 1721 1720
f 1736 1720 1737
f 1737 1720 1719
f 1737 1719 1738
f 1738 1719 1699
f 1738 1699 1739
f 1739 1699 1656
f 1739 1656 1658
f 751 1712 752
f 752 1712 1707
f 752 1707 1709
f 1709 1707 1723
f 1709 1723 1724
f 749 1706 751
f 751 1706 1716
f 751 1716 1707
f 1707 1716 1722
f 1707 1722 1723
f 746 1704 749
f 749 1704 1705
f 749 1705 1706
f 1706 1705 1716
f 1704 746 1703
f 1703 746 741
f 1703 741 1653
f 1703 1653 1713
f 1713 1653 1655
f 1713 1655 1699
f 1699 1655 1656
f 1661 1700 1658
f 1658 1700 1726
f 1658 1726 1738
f 1738 1726 1727
f 1738 1727 1737
f 1737 1727 1728
f 1737 1728 1736
f 1736 1728 1729
f 1736 1729 1735
f 1735 1729 1730
f 1735 1730 1734
f 1734 1730 1731
f 1734 1731 1733
f 1733 1731 1697
f 1733 1697 1718
f 1718 1697 755
f 1700 1661 1755
f 1755 1661 1663
f 1755 1663 1740
f 1740 1663 1665
f 1740 1665 1756
f 1756 1665 1667
f 1756 1667 1763
f 1763 1667 1669
f 1763 1669 1702
f 1702 1669 1672
f 1702 1672 1785
f 1785 1672 1673
f 1785 1673 1784
f 1784 1673 1783
f 1784 1783 1771
f 1771 1783 1772
f 1771 1772 1764
f 1764 1772 1765
f 1764 1765 1757
f 1757 1765 1758
f 1757 1758 1741
f 1741 1758 1742
f 1741 1742 1754
f 1754 1742 1753
f 1754 1753 1726
f 1726 1753 1727
f 1783 1673 1782
f 1782 1673 1676
f 1782 1676 1781
f 1781 1676 1678
f 1781 1678 1780
f 1780 1678 1680
f 1780 1680 1779
f 1779 1680 1682
f 1779 1682 1778
f 1778 1682 1684
f 1778 1684 1686
f 1778 1686 1777
f 1777 1686 1688
f 1777 1688 1770
f 1770 1688 1690
f 1770 1690 1701
f 1701 1690 1692
f 1701 1692 1747
f 1747 1692 1748
f 1747 1748 1749
f 1749 1748 1731
f 1749 1731 1730
f 1692 1694 1748
f 1748 1694 1732
f 1748 1732 1731
f 1731 1732 1697
f 1694 1697 1732
f 1704 1703 1714
f 1714 1703 1713
f 1714 1713 1719
f 1719 1713 1699
f 1705 1704 1715
f 1715 1704 1714
f 1715 1714 1720
f 1720 1714 1719
f 751 1707 1712
f 752 1709 1708
f 1708 1709 1717
f 1708 1717 1710
f 1710 1717 1698
f 1705 1715 1716
f 1716 1715 1721
f 1716 1721 1722
f 1721 1715 1720
f 1725 1698 1717
f 1725 1717 1724
f 1724 1717 1709
f 1754 1726 1700
f 1728 1727 1752
f 1752 1727 1753
f 1752 1753 1743
f 1743 1753 1742
f 1743 1742 1759
f 1759 1742 1758
f 1759 1758 1766
f 1766 1758 1765
f 1766 1765 1773
f 1773 1765 1772
f 1773 1772 1782
f 1782 1772 1783
f 1729 1728 1751
f 1751 1728 1752
f 1751 1752 1744
f 1744 1752 1743
f 1744 1743 1760
f 1760 1743 1759
f 1760 1759 1767
f 1767 1759 1766
f 1767 1766 1774
f 1774 1766 1773
f 1774 1773 1781
f 1781 1773 1782
f 1730 1729 1750
f 1750 1729 1751
f 1750 1751 1745
f 1745 1751 1744
f 1745 1744 1761
f 1761 1744 1760
f 1761 1760 1768
f 1768 1760 1767
f 1768 1767 1775
f 1775 1767 1774
f 1775 1774 1780
f 1780 1774 1781
f 1738 1739 1658
f 1740 1741 1755
f 1755 1741 1754
f 1755 1754 1700
f 1741 1740 1757
f 1757 1740 1756
f 1757 1756 1764
f 1764 1756 1763
f 1764 1763 1771
f 1771 1763 1702
f 1771 1702 1784
f 1784 1702 1785
f 1745 1746 1750
f 1750 1746 1749
f 1750 1749 1730
f 1701 1747 1746
f 1746 1747 1749
f 1746 1745 1762
f 1762 1745 1761
f 1762 1761 1769
f 1769 1761 1768
f 1769 1768 1776
f 1776 1768 1775
f 1776 1775 1779
f 1779 1775 1780
f 1770 1701 1762
f 1762 1701 1746
f 1770 1762 1769
f 1777 1770 1769
f 1777 1769 1776
f 1778 1777 1776
f 1778 1776 1779
f 128 1849 131
f 131 1849 1850
f 131 1850 1851
f 1851 1850 1838
f 1851 1838 131
f 131 1838 1837
f 1837 1838 1858
f 1837 1858 1866
f 1866 1858 1857
f 1866 1857 1865
f 1865 1857 1848
f 1865 1848 1864
f 1864 1848 1856
f 1864 1856 1863
f 1863 1856 1855
f 1863 1855 1862
f 1862 1855 1854
f 1862 1854 1861
f 1861 1854 1853
f 1861 1853 1860
f 1860 1853 1791
f 1860 1791 1859
f 1859 1791 1793
f 1859 1793 1795
f 126 1846 128
f 128 1846 1856
f 128 1856 1848
f 1846 126 1845
f 1845 126 124
f 1845 124 1844
f 1844 124 1843
f 1844 1843 1854
f 1854 1843 1853
f 124 122 1843
f 1843 122 1842
f 1843 1842 1853
f 1853 1842 1852
f 1853 1852 1791
f 1791 1852 1788
f 1788 1852 1786
f 1786 1852 1842
f 1786 1842 116
f 116 1842 122
f 1859 1795 1868
f 1868 1795 1797
f 1868 1797 1877
f 1877 1797 1799
f 1877 1799 1886
f 1886 1799 1801
f 1886 1801 1840
f 1840 1801 1802
f 1840 1802 1919
f 1919 1802 1903
f 1919 1903 1904
f 1904 1903 1936
f 1904 1936 1935
f 1935 1936 1927
f 1935 1927 1925
f 1925 1927 1807
f 1925 1807 1809
f 1802 1806 1903
f 1903 1806 1841
f 1903 1841 1936
f 1936 1841 1928
f 1936 1928 1927
f 1927 1928 1807
f 1841 1806 1929
f 1929 1806 1807
f 1929 1807 1928
f 1812 1924 1809
f 1809 1924 1926
f 1809 1926 1925
f 1925 1926 1935
f 1924 1812 1923
f 1923 1812 1814
f 1923 1814 1922
f 1922 1814 1921
f 1922 1921 1932
f 1932 1921 1931
f 1932 1931 1909
f 1909 1931 1910
f 1909 1910 1913
f 1913 1910 1912
f 1913 1912 1900
f 1900 1912 1901
f 1900 1901 1892
f 1892 1901 1893
f 1892 1893 1883
f 1883 1893 1884
f 1883 1884 1874
f 1874 1884 1875
f 1874 1875 1865
f 1865 1875 1866
f 1814 1816 1921
f 1921 1816 1920
f 1921 1920 1931
f 1931 1920 1930
f 1931 1930 1910
f 1910 1930 1839
f 1910 1839 1912
f 1912 1839 1911
f 1912 1911 1901
f 1901 1911 1902
f 1901 1902 1893
f 1893 1902 1894
f 1893 1894 1884
f 1884 1894 1885
f 1884 1885 1875
f 1875 1885 1876
f 1875 1876 1866
f 1866 1876 1867
f 1866 1867 1837
f 1837 1867 1834
f 1834 1867 1876
f 1834 1876 1832
f 1832 1876 1885
f 1832 1885 1830
f 1830 1885 1894
f 1830 1894 1828
f 1828 1894 1902
f 1828 1902 1826
f 1826 1902 1824
f 1824 1902 1911
f 1824 1911 1839
f 1816 1817 1920
f 1920 1817 1820
f 1920 1820 1930
f 1930 1820 1822
f 1930 1822 1839
f 1839 1822 1824
f 1928 1841 1929
f 1856 1846 1845
f 1854 1855 1844
f 1844 1855 1845
f 128 1848 1847
f 1847 1848 1857
f 1847 1857 1849
f 1849 1857 1858
f 1849 1858 1850
f 1850 1858 1838
f 1855 1856 1845
f 1847 1849 128
f 1860 1859 1869
f 1869 1859 1868
f 1869 1868 1878
f 1878 1868 1877
f 1878 1877 1887
f 1887 1877 1886
f 1887 1886 1895
f 1895 1886 1840
f 1895 1840 1918
f 1918 1840 1919
f 1918 1919 1904
f 1861 1860 1870
f 1870 1860 1869
f 1870 1869 1879
f 1879 1869 1878
f 1879 1878 1888
f 1888 1878 1887
f 1888 1887 1896
f 1896 1887 1895
f 1896 1895 1917
f 1917 1895 1918
f 1917 1918 1905
f 1905 1918 1904
f 1905 1904 1935
f 1862 1861 1871
f 1871 1861 1870
f 1871 1870 1880
f 1880 1870 1879
f 1880 1879 1889
f 1889 1879 1888
f 1889 1888 1897
f 1897 1888 1896
f 1897 1896 1916
f 1916 1896 1917
f 1916 1917 1906
f 1906 1917 1905
f 1906 1905 1926
f 1926 1905 1935
f 1863 1862 1872
f 1872 1862 1871
f 1872 1871 1881
f 1881 1871 1880
f 1881 1880 1890
f 1890 1880 1889
f 1890 1889 1898
f 1898 1889 1897
f 1898 1897 1915
f 1915 1897 1916
f 1915 1916 1907
f 1907 1916 1906
f 1907 1906 1934
f 1934 1906 1926
f 1934 1926 1924
f 1874 1865 1864
f 1864 1863 1873
f 1873 1863 1872
f 1873 1872 1882
f 1882 1872 1881
f 1882 1881 1891
f 1891 1881 1890
f 1891 1890 1899
f 1899 1890 1898
f 1899 1898 1914
f 1914 1898 1915
f 1914 1915 1908
f 1908 1915 1907
f 1908 1907 1933
f 1933 1907 1934
f 1933 1934 1923
f 1923 1934 1924
f 1883 1874 1873
f 1873 1874 1864
f 1883 1873 1882
f 1892 1883 1882
f 1892 1882 1891
f 1900 1892 1891
f 1900 1891 1899
f 1913 1900 1899
f 1913 1899 1914
f 1913 1914 1909
f 1909 1914 1908
f 1909 1908 1932
f 1932 1908 1933
f 1932 1933 1922
f 1922 1933 1923
f 1937 2002 772
f 772 2002 2004
f 772 2004 1989
f 1989 2004 2002
f 1989 2002 2003
f 2003 2002 1937
f 2003 1937 2013
f 2013 1937 2001
f 2013 2001 2000
f 2000 2001 1940
f 2000 1940 1942
f 1937 1940 2001
f 2000 1942 1999
f 1999 1942 1944
f 1999 1944 1998
f 1998 1944 1945
f 1998 1945 1997
f 1997 1945 1947
f 1997 1947 1950
f 1951 1995 1950
f 1950 1995 1996
f 1950 1996 1997
f 1997 1996 2009
f 1997 2009 2010
f 2010 2009 2019
f 2010 2019 2020
f 2020 2019 2039
f 2020 2039 2038
f 2038 2039 2031
f 2038 2031 2032
f 2032 2031 2054
f 2032 2054 2055
f 2055 2054 2065
f 2055 2065 2066
f 2066 2065 2079
f 2066 2079 778
f 778 2079 781
f 781 2079 2067
f 781 2067 783
f 783 2067 1987
f 1987 2067 2068
f 1987 2068 1985
f 1985 2068 1984
f 1984 2068 2080
f 1984 2080 2070
f 2070 2080 2064
f 2070 2064 2063
f 2063 2064 2053
f 2063 2053 2052
f 2052 2053 2030
f 2052 2030 2029
f 2029 2030 2040
f 2029 2040 2041
f 2041 2040 2018
f 2041 2018 2017
f 2017 2018 2008
f 2017 2008 2007
f 2007 2008 1995
f 2007 1995 1994
f 1994 1995 1951
f 1994 1951 1953
f 1994 1953 1993
f 1993 1953 1955
f 1993 1955 1958
f 1993 1958 2005
f 2005 1958 1960
f 2005 1960 1990
f 1990 1960 1962
f 1990 1962 2045
f 2045 1962 2024
f 2045 2024 2025
f 2025 2024 2047
f 2025 2047 2048
f 2048 2047 2058
f 2048 2058 2059
f 2059 2058 2085
f 2059 2085 2084
f 2084 2085 2074
f 2084 2074 2073
f 2073 2074 1974
f 2073 1974 1975
f 1962 1964 2024
f 2024 1964 2047
f 2047 1964 2046
f 2046 1964 1966
f 2046 1966 2056
f 2056 1966 1992
f 2056 1992 2087
f 2087 1992 2077
f 2087 2077 2076
f 2076 2077 1970
f 2076 1970 1971
f 1966 1970 1992
f 1992 1970 2078
f 1992 2078 2077
f 2077 2078 1970
f 1974 2074 1971
f 1971 2074 2075
f 1971 2075 2076
f 2076 2075 2086
f 2076 2086 2087
f 2087 2086 2057
f 2087 2057 2056
f 2056 2057 2046
f 2073 1975 2072
f 2072 1975 1978
f 2072 1978 2071
f 2071 1978 1979
f 2071 1979 2069
f 2069 1979 1981
f 2069 1981 1984
f 2066 778 1991
f 1991 778 776
f 1991 776 2034
f 2034 776 774
f 2034 774 2033
f 2033 774 2036
f 2033 2036 2037
f 2037 2036 2022
f 2037 2022 2021
f 2021 2022 2012
f 2021 2012 2011
f 2011 2012 1999
f 2011 1999 1998
f 772 2014 774
f 774 2014 2035
f 774 2035 2036
f 2036 2035 2023
f 2036 2023 2022
f 2022 2023 2013
f 2022 2013 2012
f 2012 2013 2000
f 2012 2000 1999
f 2014 772 1989
f 2023 2035 2014
f 1994 1993 2006
f 2006 1993 2005
f 2006 2005 2015
f 2015 2005 1990
f 2015 1990 2044
f 2044 1990 2045
f 2044 2045 2025
f 2009 1996 2008
f 2008 1996 1995
f 2011 1998 2010
f 2010 1998 1997
f 1994 2006 2007
f 2007 2006 2016
f 2007 2016 2017
f 2017 2016 2042
f 2017 2042 2041
f 2041 2042 2028
f 2041 2028 2029
f 2029 2028 2051
f 2029 2051 2052
f 2052 2051 2062
f 2052 2062 2063
f 2063 2062 2081
f 2063 2081 2070
f 2070 2081 2069
f 2070 2069 1984
f 2016 2006 2015
f 2019 2009 2018
f 2018 2009 2008
f 2021 2011 2020
f 2020 2011 2010
f 2014 1989 2003
f 2014 2003 2023
f 2023 2003 2013
f 2016 2015 2043
f 2043 2015 2044
f 2043 2044 2026
f 2026 2044 2025
f 2026 2025 2048
f 2039 2019 2040
f 2040 2019 2018
f 2037 2021 2038
f 2038 2021 2020
f 2026 2027 2043
f 2043 2027 2042
f 2043 2042 2016
f 2042 2027 2028
f 2028 2027 2050
f 2028 2050 2051
f 2051 2050 2061
f 2051 2061 2062
f 2062 2061 2082
f 2062 2082 2081
f 2081 2082 2071
f 2081 2071 2069
f 2027 2026 2049
f 2049 2026 2048
f 2049 2048 2059
f 2039 2040 2030
f 2039 2030 2031
f 2031 2030 2053
f 2031 2053 2054
f 2054 2053 2064
f 2054 2064 2065
f 2065 2064 2080
f 2065 2080 2079
f 2079 2080 2067
f 2037 2038 2032
f 2037 2032 2033
f 2033 2032 2055
f 2033 2055 1991
f 1991 2055 2066
f 1991 2034 2033
f 2058 2047 2057
f 2057 2047 2046
f 2027 2049 2050
f 2050 2049 2060
f 2050 2060 2061
f 2061 2060 2083
f 2061 2083 2082
f 2082 2083 2072
f 2082 2072 2071
f 2060 2049 2059
f 2085 2058 2086
f 2086 2058 2057
f 2083 2060 2084
f 2084 2060 2059
f 2080 2068 2067
f 2084 2073 2083
f 2083 2073 2072
f 2086 2075 2085
f 2085 2075 2074
f 2271 1683 2329
f 2329 1683 1681
f 2329 1681 1679
f 2329 1679 2328
f 2328 1679 1677
f 2328 1677 2327
f 2327 1677 1675
f 2327 1675 2326
f 2326 1675 1674
f 2326 1674 1671
f 2089 2324 1671
f 1671 2324 2325
f 1671 2325 2326
f 2326 2325 2378
f 2326 2378 2379
f 2379 2378 2431
f 2379 2431 2432
f 2432 2431 2697
f 2432 2697 2696
f 2696 2697 2484
f 2696 2484 2268
f 2268 2484 2274
f 2268 2274 2266
f 2266 2274 2643
f 2266 2643 2591
f 2591 2643 2644
f 2591 2644 2592
f 2592 2644 2645
f 2592 2645 2593
f 2593 2645 2646
f 2593 2646 2594
f 2594 2646 2647
f 2594 2647 2595
f 2595 2647 2648
f 2595 2648 2596
f 2596 2648 2649
f 2596 2649 2597
f 2597 2649 2650
f 2597 2650 2598
f 2598 2650 2651
f 2598 2651 2599
f 2599 2651 2652
f 2599 2652 2600
f 2600 2652 2653
f 2600 2653 2601
f 2601 2653 2654
f 2601 2654 2602
f 2602 2654 2655
f 2602 2655 2603
f 2603 2655 2656
f 2603 2656 2604
f 2604 2656 2657
f 2604 2657 2605
f 2605 2657 2658
f 2605 2658 2606
f 2606 2658 2659
f 2606 2659 2607
f 2607 2659 2660
f 2607 2660 2608
f 2608 2660 2661
f 2608 2661 2609
f 2609 2661 2662
f 2609 2662 2610
f 2610 2662 2663
f 2610 2663 2611
f 2611 2663 2664
f 2611 2664 2612
f 2612 2664 2665
f 2612 2665 2613
f 2613 2665 2666
f 2613 2666 2614
f 2614 2666 2667
f 2614 2667 2615
f 2615 2667 2668
f 2615 2668 2616
f 2616 2668 2669
f 2616 2669 2617
f 2617 2669 2670
f 2617 2670 2618
f 2618 2670 2671
f 2618 2671 2619
f 2619 2671 2672
f 2619 2672 2620
f 2620 2672 2673
f 2620 2673 2621
f 2621 2673 2674
f 2621 2674 2622
f 2622 2674 2675
f 2622 2675 2623
f 2623 2675 2676
f 2623 2676 2624
f 2624 2676 2677
f 2624 2677 2625
f 2625 2677 2678
f 2625 2678 2554
f 2554 2678 2679
f 2554 2679 2626
f 2626 2679 2680
f 2626 2680 2627
f 2627 2680 2681
f 2627 2681 2628
f 2628 2681 2682
f 2628 2682 2629
f 2629 2682 2683
f 2629 2683 2630
f 2630 2683 2684
f 2630 2684 2631
f 2631 2684 2685
f 2631 2685 2632
f 2632 2685 2686
f 2632 2686 2633
f 2633 2686 2687
f 2633 2687 2634
f 2634 2687 2688
f 2634 2688 2635
f 2635 2688 2689
f 2635 2689 2636
f 2636 2689 2690
f 2636 2690 2637
f 2637 2690 2691
f 2637 2691 2638
f 2638 2691 2692
f 2638 2692 2639
f 2639 2692 2693
f 2639 2693 2640
f 2640 2693 2694
f 2640 2694 2641
f 2641 2694 2695
f 2641 2695 2642
f 2642 2695 2180
f 2642 2180 2537
f 2537 2180 1819
f 2537 1819 1815
f 2324 2089 2323
f 2323 2089 2091
f 2323 2091 2322
f 2322 2091 2093
f 2322 2093 2321
f 2321 2093 2094
f 2321 2094 2096
f 2321 2096 2320
f 2320 2096 2098
f 2320 2098 2319
f 2319 2098 2100
f 2319 2100 2318
f 2318 2100 2102
f 2318 2102 2317
f 2317 2102 2104
f 2317 2104 2107
f 2317 2107 2316
f 2316 2107 2108
f 2316 2108 2315
f 2315 2108 2110
f 2315 2110 2314
f 2314 2110 2112
f 2314 2112 2313
f 2313 2112 2115
f 2313 2115 2312
f 2312 2115 2116
f 2312 2116 2311
f 2311 2116 2118
f 2311 2118 2310
f 2310 2118 2120
f 2310 2120 2309
f 2309 2120 2122
f 2309 2122 2308
f 2308 2122 2124
f 2308 2124 2307
f 2307 2124 2306
f 2307 2306 2359
f 2359 2306 2358
f 2359 2358 2411
f 2411 2358 2410
f 2411 2410 2718
f 2718 2410 2719
f 2718 2719 2506
f 2506 2719 2507
f 2506 2507 2462
f 2462 2507 2461
f 2462 2461 2665
f 2665 2461 2666
f 2124 2127 2306
f 2306 2127 2305
f 2306 2305 2358
f 2358 2305 2357
f 2358 2357 2410
f 2410 2357 2409
f 2410 2409 2719
f 2719 2409 2720
f 2719 2720 2507
f 2507 2720 2508
f 2507 2508 2461
f 2461 2508 2460
f 2461 2460 2666
f 2666 2460 2667
f 2127 2129 2305
f 2305 2129 2304
f 2305 2304 2357
f 2357 2304 2356
f 2357 2356 2409
f 2409 2356 2408
f 2409 2408 2720
f 2720 2408 2721
f 2720 2721 2508
f 2508 2721 2509
f 2508 2509 2460
f 2460 2509 2459
f 2460 2459 2667
f 2667 2459 2668
f 2129 2131 2304
f 2304 2131 2303
f 2304 2303 2356
f 2356 2303 2355
f 2356 2355 2408
f 2408 2355 2407
f 2408 2407 2721
f 2721 2407 2722
f 2721 2722 2509
f 2509 2722 2510
f 2509 2510 2459
f 2459 2510 2458
f 2459 2458 2668
f 2668 2458 2669
f 2303 2131 2302
f 2302 2131 2132
f 2302 2132 2301
f 2301 2132 2134
f 2301 2134 2300
f 2300 2134 2136
f 2300 2136 2299
f 2299 2136 2298
f 2299 2298 2351
f 2351 2298 2350
f 2351 2350 2403
f 2403 2350 2402
f 2403 2402 2726
f 2726 2402 2727
f 2726 2727 2514
f 2514 2727 2515
f 2514 2515 2454
f 2454 2515 2453
f 2454 2453 2673
f 2673 2453 2674
f 2136 2138 2298
f 2298 2138 2297
f 2298 2297 2350
f 2350 2297 2349
f 2350 2349 2402
f 2402 2349 2401
f 2402 2401 2727
f 2727 2401 2728
f 2727 2728 2515
f 2515 2728 2516
f 2515 2516 2453
f 2453 2516 2452
f 2453 2452 2674
f 2674 2452 2675
f 2138 2140 2297
f 2297 2140 2296
f 2297 2296 2349
f 2349 2296 2348
f 2349 2348 2401
f 2401 2348 2400
f 2401 2400 2728
f 2728 2400 2729
f 2728 2729 2516
f 2516 2729 2517
f 2516 2517 2452
f 2452 2517 2451
f 2452 2451 2675
f 2675 2451 2676
f 2140 2143 2296
f 2296 2143 2294
f 2296 2294 2348
f 2348 2294 2295
f 2348 2295 2400
f 2400 2295 2399
f 2400 2399 2729
f 2729 2399 2730
f 2729 2730 2517
f 2517 2730 2518
f 2517 2518 2451
f 2451 2518 2450
f 2451 2450 2676
f 2676 2450 2677
f 2143 2144 2294
f 2294 2144 2295
f 2147 2293 2144
f 2144 2293 2347
f 2144 2347 2295
f 2295 2347 2399
f 2293 2147 2292
f 2292 2147 2149
f 2292 2149 2291
f 2291 2149 2150
f 2291 2150 2290
f 2290 2150 2152
f 2290 2152 2155
f 2290 2155 2289
f 2289 2155 2157
f 2289 2157 2288
f 2288 2157 2158
f 2288 2158 2287
f 2287 2158 2160
f 2287 2160 2286
f 2286 2160 2163
f 2286 2163 2285
f 2285 2163 2165
f 2285 2165 2284
f 2284 2165 2167
f 2284 2167 2169
f 2284 2169 2283
f 2283 2169 2171
f 2283 2171 2282
f 2282 2171 2172
f 2282 2172 2281
f 2281 2172 1522
f 2281 1522 2280
f 2280 1522 1519
f 2280 1519 2279
f 2279 1519 1518
f 2279 1518 2278
f 2278 1518 1516
f 2278 1516 2277
f 2277 1516 1513
f 2277 1513 1511
f 2277 1511 2276
f 2276 1511 1510
f 2276 1510 2174
f 2276 2174 2330
f 2330 2174 2176
f 2330 2176 2273
f 2273 2176 2178
f 2273 2178 2748
f 2748 2178 2536
f 2748 2536 2535
f 2535 2536 2433
f 2535 2433 2434
f 2434 2433 2693
f 2434 2693 2692
f 2536 2178 2275
f 2275 2178 2180
f 2275 2180 2695
f 1815 1813 2537
f 2537 1813 2538
f 2537 2538 2642
f 2642 2538 2641
f 1813 1811 2538
f 2538 1811 2539
f 2538 2539 2641
f 2641 2539 2640
f 1811 1810 2539
f 2539 1810 2540
f 2539 2540 2640
f 2640 2540 2639
f 1810 1808 2540
f 2540 1808 2541
f 2540 2541 2639
f 2639 2541 2638
f 1808 1805 2541
f 2541 1805 2542
f 2541 2542 2638
f 2638 2542 2637
f 1805 2183 2542
f 2542 2183 2543
f 2542 2543 2637
f 2637 2543 2636
f 2183 2185 2543
f 2543 2185 2544
f 2543 2544 2636
f 2636 2544 2635
f 2185 2186 2544
f 2544 2186 2545
f 2544 2545 2635
f 2635 2545 2634
f 2186 2188 2545
f 2545 2188 2190
f 2545 2190 2546
f 2546 2190 2192
f 2546 2192 2547
f 2547 2192 2195
f 2547 2195 2548
f 2548 2195 2197
f 2548 2197 2549
f 2549 2197 2199
f 2549 2199 2550
f 2550 2199 2200
f 2550 2200 2203
f 2550 2203 2551
f 2551 2203 2205
f 2551 2205 2552
f 2552 2205 2553
f 2552 2553 2627
f 2627 2553 2626
f 2205 2206 2553
f 2553 2206 2555
f 2553 2555 2626
f 2626 2555 2554
f 2206 2209 2555
f 2555 2209 2554
f 2210 2556 2209
f 2209 2556 2625
f 2209 2625 2554
f 2556 2210 2557
f 2557 2210 2212
f 2557 2212 2558
f 2558 2212 2214
f 2558 2214 2559
f 2559 2214 2216
f 2559 2216 2560
f 2560 2216 2561
f 2560 2561 2621
f 2621 2561 2620
f 2216 2218 2561
f 2561 2218 2562
f 2561 2562 2620
f 2620 2562 2619
f 2218 2221 2562
f 2562 2221 2563
f 2562 2563 2619
f 2619 2563 2618
f 2221 2223 2563
f 2563 2223 2564
f 2563 2564 2618
f 2618 2564 2617
f 2564 2223 2565
f 2565 2223 2224
f 2565 2224 2566
f 2566 2224 2227
f 2566 2227 2567
f 2567 2227 2229
f 2567 2229 2568
f 2568 2229 2569
f 2568 2569 2613
f 2613 2569 2612
f 2229 2231 2569
f 2569 2231 2570
f 2569 2570 2612
f 2612 2570 2611
f 2231 2233 2570
f 2570 2233 2571
f 2570 2571 2611
f 2611 2571 2610
f 2233 2235 2571
f 2571 2235 2572
f 2571 2572 2610
f 2610 2572 2609
f 2235 2237 2572
f 2572 2237 2573
f 2572 2573 2609
f 2609 2573 2608
f 2237 2238 2573
f 2573 2238 2574
f 2573 2574 2608
f 2608 2574 2607
f 2238 2240 2574
f 2574 2240 2575
f 2574 2575 2607
f 2607 2575 2606
f 2240 2243 2575
f 2575 2243 2576
f 2575 2576 2606
f 2606 2576 2605
f 2576 2243 2577
f 2577 2243 2244
f 2577 2244 2578
f 2578 2244 2246
f 2578 2246 2249
f 2578 2249 2579
f 2579 2249 2251
f 2579 2251 2580
f 2580 2251 2253
f 2580 2253 2581
f 2581 2253 2254
f 2581 2254 2257
f 2581 2257 2582
f 2582 2257 2259
f 2582 2259 2583
f 2583 2259 2261
f 2583 2261 2584
f 2584 2261 2262
f 2584 2262 2585
f 2585 2262 1969
f 2585 1969 2586
f 2586 1969 1967
f 2586 1967 2587
f 2587 1967 1965
f 2587 1965 2588
f 2588 1965 1963
f 2588 1963 2589
f 2589 1963 1961
f 2589 1961 1959
f 2589 1959 2590
f 2590 1959 1957
f 2590 1957 2265
f 2590 2265 2591
f 2591 2265 2266
f 2696 2268 2272
f 2272 2268 2271
f 2272 2271 2381
f 2381 2271 2329
f 2381 2329 2328
f 2277 2276 2331
f 2331 2276 2330
f 2331 2330 2382
f 2382 2330 2273
f 2382 2273 2747
f 2747 2273 2748
f 2747 2748 2535
f 2278 2277 2332
f 2332 2277 2331
f 2332 2331 2383
f 2383 2331 2382
f 2383 2382 2746
f 2746 2382 2747
f 2746 2747 2534
f 2534 2747 2535
f 2534 2535 2434
f 2279 2278 2333
f 2333 2278 2332
f 2333 2332 2384
f 2384 2332 2383
f 2384 2383 2745
f 2745 2383 2746
f 2745 2746 2533
f 2533 2746 2534
f 2533 2534 2435
f 2435 2534 2434
f 2435 2434 2692
f 2280 2279 2334
f 2334 2279 2333
f 2334 2333 2385
f 2385 2333 2384
f 2385 2384 2744
f 2744 2384 2745
f 2744 2745 2532
f 2532 2745 2533
f 2532 2533 2436
f 2436 2533 2435
f 2436 2435 2691
f 2691 2435 2692
f 2281 2280 2335
f 2335 2280 2334
f 2335 2334 2386
f 2386 2334 2385
f 2386 2385 2743
f 2743 2385 2744
f 2743 2744 2531
f 2531 2744 2532
f 2531 2532 2437
f 2437 2532 2436
f 2437 2436 2690
f 2690 2436 2691
f 2282 2281 2336
f 2336 2281 2335
f 2336 2335 2387
f 2387 2335 2386
f 2387 2386 2742
f 2742 2386 2743
f 2742 2743 2530
f 2530 2743 2531
f 2530 2531 2438
f 2438 2531 2437
f 2438 2437 2689
f 2689 2437 2690
f 2283 2282 2337
f 2337 2282 2336
f 2337 2336 2388
f 2388 2336 2387
f 2388 2387 2741
f 2741 2387 2742
f 2741 2742 2529
f 2529 2742 2530
f 2529 2530 2439
f 2439 2530 2438
f 2439 2438 2688
f 2688 2438 2689
f 2284 2283 2338
f 2338 2283 2337
f 2338 2337 2389
f 2389 2337 2388
f 2389 2388 2740
f 2740 2388 2741
f 2740 2741 2528
f 2528 2741 2529
f 2528 2529 2440
f 2440 2529 2439
f 2440 2439 2687
f 2687 2439 2688
f 2285 2284 2339
f 2339 2284 2338
f 2339 2338 2390
f 2390 2338 2389
f 2390 2389 2739
f 2739 2389 2740
f 2739 2740 2527
f 2527 2740 2528
f 2527 2528 2441
f 2441 2528 2440
f 2441 2440 2686
f 2686 2440 2687
f 2286 2285 2340
f 2340 2285 2339
f 2340 2339 2391
f 2391 2339 2390
f 2391 2390 2738
f 2738 2390 2739
f 2738 2739 2526
f 2526 2739 2527
f 2526 2527 2442
f 2442 2527 2441
f 2442 2441 2685
f 2685 2441 2686
f 2287 2286 2341
f 2341 2286 2340
f 2341 2340 2392
f 2392 2340 2391
f 2392 2391 2737
f 2737 2391 2738
f 2737 2738 2525
f 2525 2738 2526
f 2525 2526 2443
f 2443 2526 2442
f 2443 2442 2684
f 2684 2442 2685
f 2288 2287 2342
f 2342 2287 2341
f 2342 2341 2393
f 2393 2341 2392
f 2393 2392 2736
f 2736 2392 2737
f 2736 2737 2524
f 2524 2737 2525
f 2524 2525 2444
f 2444 2525 2443
f 2444 2443 2683
f 2683 2443 2684
f 2289 2288 2343
f 2343 2288 2342
f 2343 2342 2394
f 2394 2342 2393
f 2394 2393 2735
f 2735 2393 2736
f 2735 2736 2523
f 2523 2736 2524
f 2523 2524 2445
f 2445 2524 2444
f 2445 2444 2682
f 2682 2444 2683
f 2290 2289 2344
f 2344 2289 2343
f 2344 2343 2395
f 2395 2343 2394
f 2395 2394 2734
f 2734 2394 2735
f 2734 2735 2522
f 2522 2735 2523
f 2522 2523 2446
f 2446 2523 2445
f 2446 2445 2681
f 2681 2445 2682
f 2291 2290 2345
f 2345 2290 2344
f 2345 2344 2396
f 2396 2344 2395
f 2396 2395 2733
f 2733 2395 2734
f 2733 2734 2521
f 2521 2734 2522
f 2521 2522 2447
f 2447 2522 2446
f 2447 2446 2680
f 2680 2446 2681
f 2347 2293 2292
f 2292 2291 2346
f 2346 2291 2345
f 2346 2345 2397
f 2397 2345 2396
f 2397 2396 2732
f 2732 2396 2733
f 2732 2733 2520
f 2520 2733 2521
f 2520 2521 2448
f 2448 2521 2447
f 2448 2447 2679
f 2679 2447 2680
f 2300 2299 2352
f 2352 2299 2351
f 2352 2351 2404
f 2404 2351 2403
f 2404 2403 2725
f 2725 2403 2726
f 2725 2726 2513
f 2513 2726 2514
f 2513 2514 2455
f 2455 2514 2454
f 2455 2454 2672
f 2672 2454 2673
f 2301 2300 2353
f 2353 2300 2352
f 2353 2352 2405
f 2405 2352 2404
f 2405 2404 2724
f 2724 2404 2725
f 2724 2725 2512
f 2512 2725 2513
f 2512 2513 2456
f 2456 2513 2455
f 2456 2455 2671
f 2671 2455 2672
f 2355 2303 2302
f 2302 2301 2354
f 2354 2301 2353
f 2354 2353 2406
f 2406 2353 2405
f 2406 2405 2723
f 2723 2405 2724
f 2723 2724 2511
f 2511 2724 2512
f 2511 2512 2457
f 2457 2512 2456
f 2457 2456 2670
f 2670 2456 2671
f 2308 2307 2360
f 2360 2307 2359
f 2360 2359 2412
f 2412 2359 2411
f 2412 2411 2717
f 2717 2411 2718
f 2717 2718 2505
f 2505 2718 2506
f 2505 2506 2463
f 2463 2506 2462
f 2463 2462 2664
f 2664 2462 2665
f 2309 2308 2361
f 2361 2308 2360
f 2361 2360 2413
f 2413 2360 2412
f 2413 2412 2716
f 2716 2412 2717
f 2716 2717 2504
f 2504 2717 2505
f 2504 2505 2464
f 2464 2505 2463
f 2464 2463 2663
f 2663 2463 2664
f 2310 2309 2362
f 2362 2309 2361
f 2362 2361 2414
f 2414 2361 2413
f 2414 2413 2715
f 2715 2413 2716
f 2715 2716 2503
f 2503 2716 2504
f 2503 2504 2465
f 2465 2504 2464
f 2465 2464 2662
f 2662 2464 2663
f 2311 2310 2363
f 2363 2310 2362
f 2363 2362 2415
f 2415 2362 2414
f 2415 2414 2714
f 2714 2414 2715
f 2714 2715 2502
f 2502 2715 2503
f 2502 2503 2466
f 2466 2503 2465
f 2466 2465 2661
f 2661 2465 2662
f 2312 2311 2364
f 2364 2311 2363
f 2364 2363 2416
f 2416 2363 2415
f 2416 2415 2713
f 2713 2415 2714
f 2713 2714 2501
f 2501 2714 2502
f 2501 2502 2467
f 2467 2502 2466
f 2467 2466 2660
f 2660 2466 2661
f 2313 2312 2365
f 2365 2312 2364
f 2365 2364 2417
f 2417 2364 2416
f 2417 2416 2712
f 2712 2416 2713
f 2712 2713 2500
f 2500 2713 2501
f 2500 2501 2468
f 2468 2501 2467
f 2468 2467 2659
f 2659 2467 2660
f 2314 2313 2366
f 2366 2313 2365
f 2366 2365 2418
f 2418 2365 2417
f 2418 2417 2711
f 2711 2417 2712
f 2711 2712 2499
f 2499 2712 2500
f 2499 2500 2469
f 2469 2500 2468
f 2469 2468 2658
f 2658 2468 2659
f 2315 2314 2367
f 2367 2314 2366
f 2367 2366 2419
f 2419 2366 2418
f 2419 2418 2710
f 2710 2418 2711
f 2710 2711 2498
f 2498 2711 2499
f 2498 2499 2470
f 2470 2499 2469
f 2470 2469 2657
f 2657 2469 2658
f 2316 2315 2368
f 2368 2315 2367
f 2368 2367 2420
f 2420 2367 2419
f 2420 2419 2709
f 2709 2419 2710
f 2709 2710 2497
f 2497 2710 2498
f 2497 2498 2471
f 2471 2498 2470
f 2471 2470 2656
f 2656 2470 2657
f 2317 2316 2369
f 2369 2316 2368
f 2369 2368 2421
f 2421 2368 2420
f 2421 2420 2708
f 2708 2420 2709
f 2708 2709 2496
f 2496 2709 2497
f 2496 2497 2472
f 2472 2497 2471
f 2472 2471 2655
f 2655 2471 2656
f 2318 2317 2370
f 2370 2317 2369
f 2370 2369 2422
f 2422 2369 2421
f 2422 2421 2707
f 2707 2421 2708
f 2707 2708 2495
f 2495 2708 2496
f 2495 2496 2473
f 2473 2496 2472
f 2473 2472 2654
f 2654 2472 2655
f 2319 2318 2371
f 2371 2318 2370
f 2371 2370 2423
f 2423 2370 2422
f 2423 2422 2706
f 2706 2422 2707
f 2706 2707 2494
f 2494 2707 2495
f 2494 2495 2474
f 2474 2495 2473
f 2474 2473 2653
f 2653 2473 2654
f 2320 2319 2372
f 2372 2319 2371
f 2372 2371 2424
f 2424 2371 2423
f 2424 2423 2705
f 2705 2423 2706
f 2705 2706 2493
f 2493 2706 2494
f 2493 2494 2475
f 2475 2494 2474
f 2475 2474 2652
f 2652 2474 2653
f 2321 2320 2373
f 2373 2320 2372
f 2373 2372 2425
f 2425 2372 2424
f 2425 2424 2704
f 2704 2424 2705
f 2704 2705 2492
f 2492 2705 2493
f 2492 2493 2476
f 2476 2493 2475
f 2476 2475 2651
f 2651 2475 2652
f 2322 2321 2374
f 2374 2321 2373
f 2374 2373 2426
f 2426 2373 2425
f 2426 2425 2703
f 2703 2425 2704
f 2703 2704 2491
f 2491 2704 2492
f 2491 2492 2477
f 2477 2492 2476
f 2477 2476 2650
f 2650 2476 2651
f 2323 2322 2375
f 2375 2322 2374
f 2375 2374 2427
f 2427 2374 2426
f 2427 2426 2702
f 2702 2426 2703
f 2702 2703 2490
f 2490 2703 2491
f 2490 2491 2478
f 2478 2491 2477
f 2478 2477 2649
f 2649 2477 2650
f 2324 2323 2376
f 2376 2323 2375
f 2376 2375 2428
f 2428 2375 2427
f 2428 2427 2701
f 2701 2427 2702
f 2701 2702 2489
f 2489 2702 2490
f 2489 2490 2479
f 2479 2490 2478
f 2479 2478 2648
f 2648 2478 2649
f 2325 2324 2377
f 2377 2324 2376
f 2377 2376 2429
f 2429 2376 2428
f 2429 2428 2700
f 2700 2428 2701
f 2700 2701 2488
f 2488 2701 2489
f 2488 2489 2480
f 2480 2489 2479
f 2480 2479 2647
f 2647 2479 2648
f 2326 2379 2327
f 2327 2379 2380
f 2327 2380 2328
f 2328 2380 2381
f 2292 2346 2347
f 2347 2346 2398
f 2347 2398 2399
f 2399 2398 2730
f 2398 2346 2397
f 2407 2355 2354
f 2354 2355 2302
f 2407 2354 2406
f 2325 2377 2378
f 2378 2377 2430
f 2378 2430 2431
f 2431 2430 2698
f 2431 2698 2697
f 2697 2698 2485
f 2697 2485 2484
f 2484 2485 2274
f 2430 2377 2429
f 2272 2381 2380
f 2272 2380 2432
f 2432 2380 2379
f 2398 2397 2731
f 2731 2397 2732
f 2731 2732 2519
f 2519 2732 2520
f 2519 2520 2449
f 2449 2520 2448
f 2449 2448 2678
f 2678 2448 2679
f 2722 2407 2406
f 2722 2406 2723
f 2430 2429 2699
f 2699 2429 2700
f 2699 2700 2487
f 2487 2700 2488
f 2487 2488 2481
f 2481 2488 2480
f 2481 2480 2646
f 2646 2480 2647
f 2696 2272 2432
f 2536 2275 2433
f 2433 2275 2694
f 2433 2694 2693
f 2695 2694 2275
f 2449 2450 2519
f 2519 2450 2518
f 2519 2518 2731
f 2731 2518 2730
f 2731 2730 2398
f 2678 2677 2449
f 2449 2677 2450
f 2457 2458 2511
f 2511 2458 2510
f 2511 2510 2723
f 2723 2510 2722
f 2670 2669 2457
f 2457 2669 2458
f 2481 2482 2487
f 2487 2482 2486
f 2487 2486 2699
f 2699 2486 2698
f 2699 2698 2430
f 2482 2483 2486
f 2486 2483 2485
f 2486 2485 2698
f 2646 2645 2481
f 2481 2645 2482
f 2643 2274 2483
f 2483 2274 2485
f 2645 2644 2482
f 2482 2644 2483
f 2644 2643 2483
f 2633 2634 2546
f 2546 2634 2545
f 2632 2633 2547
f 2547 2633 2546
f 2631 2632 2548
f 2548 2632 2547
f 2630 2631 2549
f 2549 2631 2548
f 2629 2630 2550
f 2550 2630 2549
f 2628 2629 2551
f 2551 2629 2550
f 2627 2628 2552
f 2552 2628 2551
f 2624 2625 2557
f 2557 2625 2556
f 2623 2624 2558
f 2558 2624 2557
f 2622 2623 2559
f 2559 2623 2558
f 2621 2622 2560
f 2560 2622 2559
f 2616 2617 2565
f 2565 2617 2564
f 2615 2616 2566
f 2566 2616 2565
f 2614 2615 2567
f 2567 2615 2566
f 2613 2614 2568
f 2568 2614 2567
f 2604 2605 2577
f 2577 2605 2576
f 2603 2604 2578
f 2578 2604 2577
f 2602 2603 2579
f 2579 2603 2578
f 2601 2602 2580
f 2580 2602 2579
f 2600 2601 2581
f 2581 2601 2580
f 2599 2600 2582
f 2582 2600 2581
f 2598 2599 2583
f 2583 2599 2582
f 2597 2598 2584
f 2584 2598 2583
f 2596 2597 2585
f 2585 2597 2584
f 2595 2596 2586
f 2586 2596 2585
f 2594 2595 2587
f 2587 2595 2586
f 2593 2594 2588
f 2588 2594 2587
f 2592 2593 2589
f 2589 2593 2588
f 2591 2592 2590
f 2590 2592 2589
f 144 2762 146
f 146 2762 2763
f 146 2763 2749
f 2749 2763 2762
f 2749 2762 2771
f 2771 2762 2761
f 2771 2761 2770
f 2770 2761 2760
f 2770 2760 2769
f 2769 2760 2759
f 2769 2759 2768
f 2768 2759 2758
f 2768 2758 2767
f 2767 2758 2757
f 2767 2757 2766
f 2766 2757 2756
f 2766 2756 2765
f 2765 2756 2755
f 2765 2755 2764
f 2764 2755 1836
f 2764 1836 1835
f 2762 144 2761
f 2761 144 143
f 2761 143 2760
f 2760 143 140
f 2760 140 2759
f 2759 140 139
f 2759 139 2758
f 2758 139 137
f 2758 137 2757
f 2757 137 135
f 2757 135 2756
f 2756 135 133
f 2756 133 2755
f 2755 133 130
f 2755 130 1836
f 2764 1835 2773
f 2773 1835 1833
f 2773 1833 2781
f 2781 1833 1831
f 2781 1831 2790
f 2790 1831 1829
f 2790 1829 2799
f 2799 1829 1827
f 2799 1827 2807
f 2807 1827 2752
f 2807 2752 2831
f 2831 2752 2817
f 2831 2817 2818
f 2818 2817 2863
f 2818 2863 2862
f 2862 2863 2855
f 2862 2855 2854
f 2854 2855 2845
f 2854 2845 2844
f 2844 2845 2837
f 2844 2837 2838
f 2838 2837 2179
f 2838 2179 2177
f 1827 1825 2752
f 2752 1825 2816
f 2752 2816 2817
f 2817 2816 2864
f 2817 2864 2863
f 2863 2864 2856
f 2863 2856 2855
f 2855 2856 2846
f 2855 2846 2845
f 2845 2846 2836
f 2845 2836 2837
f 2837 2836 2179
f 1823 2754 1825
f 1825 2754 2865
f 1825 2865 2816
f 2816 2865 2864
f 1821 2832 1823
f 1823 2832 2849
f 1823 2849 2754
f 2754 2849 2848
f 2754 2848 2857
f 2857 2848 2847
f 2857 2847 2856
f 2856 2847 2846
f 1821 1818 2832
f 2832 1818 2181
f 2832 2181 2833
f 2833 2181 2834
f 2833 2834 2848
f 2848 2834 2847
f 2179 2836 2181
f 2181 2836 2835
f 2181 2835 2834
f 2834 2835 2847
f 2838 2177 2839
f 2839 2177 2175
f 2839 2175 2840
f 2840 2175 1508
f 2840 1508 1507
f 2840 1507 2841
f 2841 1507 1505
f 2841 1505 2850
f 2850 1505 1502
f 2850 1502 2753
f 2753 1502 1500
f 2753 1500 2824
f 2824 1500 2751
f 2824 2751 2825
f 2825 2751 2814
f 2825 2814 2813
f 2813 2814 2805
f 2813 2805 2804
f 2804 2805 2795
f 2804 2795 2794
f 2794 2795 2785
f 2794 2785 2784
f 2784 2785 2776
f 2784 2776 2775
f 2775 2776 2766
f 2775 2766 2765
f 1500 1499 2751
f 2751 1499 2815
f 2751 2815 2814
f 2814 2815 2806
f 2814 2806 2805
f 2805 2806 2796
f 2805 2796 2795
f 2795 2796 2786
f 2795 2786 2785
f 2785 2786 2777
f 2785 2777 2776
f 2776 2777 2767
f 2776 2767 2766
f 2815 1499 2750
f 2750 1499 1496
f 2750 1496 2798
f 2798 1496 2789
f 2798 2789 2788
f 2788 2789 2780
f 2788 2780 2779
f 2779 2780 2770
f 2779 2770 2769
f 146 2749 1496
f 1496 2749 2772
f 1496 2772 2789
f 2789 2772 2780
f 2765 2764 2774
f 2774 2764 2773
f 2774 2773 2782
f 2782 2773 2781
f 2782 2781 2791
f 2791 2781 2790
f 2791 2790 2800
f 2800 2790 2799
f 2800 2799 2808
f 2808 2799 2807
f 2808 2807 2831
f 2767 2777 2768
f 2768 2777 2778
f 2768 2778 2769
f 2769 2778 2779
f 2772 2749 2771
f 2772 2771 2780
f 2780 2771 2770
f 2765 2774 2775
f 2775 2774 2783
f 2775 2783 2784
f 2784 2783 2793
f 2784 2793 2794
f 2794 2793 2803
f 2794 2803 2804
f 2804 2803 2812
f 2804 2812 2813
f 2813 2812 2826
f 2813 2826 2825
f 2825 2826 2823
f 2825 2823 2824
f 2824 2823 2753
f 2783 2774 2782
f 2777 2786 2778
f 2778 2786 2787
f 2778 2787 2779
f 2779 2787 2788
f 2783 2782 2792
f 2792 2782 2791
f 2792 2791 2801
f 2801 2791 2800
f 2801 2800 2809
f 2809 2800 2808
f 2809 2808 2830
f 2830 2808 2831
f 2830 2831 2818
f 2786 2796 2787
f 2787 2796 2797
f 2787 2797 2788
f 2788 2797 2798
f 2783 2792 2793
f 2793 2792 2802
f 2793 2802 2803
f 2803 2802 2811
f 2803 2811 2812
f 2812 2811 2827
f 2812 2827 2826
f 2826 2827 2822
f 2826 2822 2823
f 2823 2822 2858
f 2823 2858 2753
f 2753 2858 2850
f 2802 2792 2801
f 2750 2798 2797
f 2750 2797 2806
f 2806 2797 2796
f 2802 2801 2810
f 2810 2801 2809
f 2810 2809 2829
f 2829 2809 2830
f 2829 2830 2819
f 2819 2830 2818
f 2819 2818 2862
f 2815 2750 2806
f 2802 2810 2811
f 2811 2810 2828
f 2811 2828 2827
f 2827 2828 2821
f 2827 2821 2822
f 2822 2821 2859
f 2822 2859 2858
f 2858 2859 2851
f 2858 2851 2850
f 2850 2851 2841
f 2828 2810 2829
f 2828 2829 2820
f 2820 2829 2819
f 2820 2819 2861
f 2861 2819 2862
f 2861 2862 2854
f 2828 2820 2821
f 2821 2820 2860
f 2821 2860 2859
f 2859 2860 2852
f 2859 2852 2851
f 2851 2852 2842
f 2851 2842 2841
f 2841 2842 2840
f 2860 2820 2861
f 2848 2849 2833
f 2833 2849 2832
f 2846 2847 2835
f 2835 2836 2846
f 2838 2839 2843
f 2843 2839 2842
f 2843 2842 2852
f 2839 2840 2842
f 2838 2843 2844
f 2844 2843 2853
f 2844 2853 2854
f 2854 2853 2861
f 2853 2843 2852
f 2861 2853 2860
f 2860 2853 2852
f 2865 2754 2857
f 2865 2857 2864
f 2864 2857 2856
f 1938 773 2866
f 2866 773 770
f 2866 770 767
f 2866 767 2880
f 2880 767 765
f 2880 765 2879
f 2879 765 763
f 2879 763 2878
f 2878 763 761
f 2878 761 2877
f 2877 761 760
f 2877 760 2876
f 2876 760 757
f 2876 757 2875
f 2875 757 2874
f 2875 2874 2990
f 2990 2874 2991
f 2990 2991 2981
f 2981 2991 2982
f 2981 2982 2972
f 2972 2982 2973
f 2972 2973 2896
f 2896 2973 2897
f 2896 2897 2883
f 2883 2897 2882
f 2883 2882 2914
f 2914 2882 2915
f 2914 2915 2901
f 2901 2915 2900
f 2901 2900 2930
f 2930 2900 2931
f 2930 2931 2918
f 2918 2931 2917
f 2918 2917 2946
f 2946 2917 2947
f 2946 2947 2934
f 2934 2947 2933
f 2934 2933 2963
f 2963 2933 2964
f 2963 2964 2950
f 2950 2964 2949
f 2950 2949 2270
f 2270 2949 2948
f 2270 2948 1685
f 1685 2948 1687
f 1687 2948 1689
f 1689 2948 2965
f 1689 2965 2932
f 2932 2965 2964
f 2932 2964 2933
f 757 756 2874
f 2874 756 2873
f 2874 2873 2991
f 2991 2873 2974
f 2991 2974 2982
f 2982 2974 2983
f 2982 2983 2973
f 2973 2983 2867
f 2973 2867 2897
f 2897 2867 2898
f 2897 2898 2882
f 2882 2898 2881
f 2882 2881 2915
f 2915 2881 2868
f 2915 2868 2900
f 2900 2868 2899
f 2900 2899 2931
f 2931 2899 2870
f 2931 2870 2917
f 2917 2870 2916
f 2917 2916 2947
f 2947 2916 2872
f 2947 2872 2933
f 2933 2872 2932
f 2873 756 2974
f 2974 756 1696
f 2974 1696 2983
f 2983 1696 2867
f 1695 2868 1696
f 1696 2868 2881
f 1696 2881 2898
f 1693 2870 1695
f 1695 2870 2899
f 1695 2899 2868
f 1691 2872 1693
f 1693 2872 2916
f 1693 2916 2870
f 2872 1691 2932
f 2932 1691 1689
f 2270 2269 2950
f 2950 2269 2951
f 2950 2951 2963
f 2963 2951 2962
f 2963 2962 2934
f 2934 2962 2935
f 2934 2935 2946
f 2946 2935 2945
f 2946 2945 2918
f 2918 2945 2919
f 2918 2919 2930
f 2930 2919 2929
f 2930 2929 2901
f 2901 2929 2902
f 2901 2902 2914
f 2914 2902 2913
f 2914 2913 2883
f 2883 2913 2884
f 2883 2884 2896
f 2896 2884 2895
f 2896 2895 2972
f 2972 2895 2971
f 2972 2971 2981
f 2981 2971 2980
f 2981 2980 2990
f 2990 2980 2989
f 2990 2989 2875
f 2875 2989 2876
f 2267 2953 2269
f 2269 2953 2952
f 2269 2952 2951
f 2951 2952 2962
f 2264 2955 2267
f 2267 2955 2954
f 2267 2954 2953
f 2953 2954 2960
f 2953 2960 2961
f 2961 2960 2936
f 2961 2936 2935
f 2935 2936 2945
f 2955 2264 2956
f 2956 2264 1956
f 2956 1956 1954
f 2956 1954 2957
f 2957 1954 1952
f 2957 1952 2940
f 2940 1952 1949
f 2940 1949 2871
f 2871 1949 2924
f 2871 2924 2923
f 2923 2924 2925
f 2923 2925 2926
f 2926 2925 2905
f 2926 2905 2904
f 2904 2905 2911
f 2904 2911 2912
f 2912 2911 2885
f 2912 2885 2884
f 2884 2885 2895
f 2924 1949 2869
f 2869 1949 1948
f 2869 1948 2907
f 2907 1948 2908
f 2907 2908 2909
f 2909 2908 2888
f 2909 2888 2887
f 2887 2888 2892
f 2887 2892 2893
f 2893 2892 2969
f 2893 2969 2970
f 2970 2969 2979
f 2970 2979 2980
f 2980 2979 2989
f 1948 1946 2908
f 2908 1946 2889
f 2908 2889 2888
f 2888 2889 2891
f 2888 2891 2892
f 2892 2891 2968
f 2892 2968 2969
f 2969 2968 2978
f 2969 2978 2979
f 2979 2978 2988
f 2979 2988 2989
f 2989 2988 2876
f 1946 1943 2889
f 2889 1943 2890
f 2889 2890 2891
f 2891 2890 2967
f 2891 2967 2968
f 2968 2967 2977
f 2968 2977 2978
f 2978 2977 2987
f 2978 2987 2988
f 2988 2987 2877
f 2988 2877 2876
f 1943 1941 2890
f 2890 1941 2966
f 2890 2966 2967
f 2967 2966 2976
f 2967 2976 2977
f 2977 2976 2986
f 2977 2986 2987
f 2987 2986 2878
f 2987 2878 2877
f 1941 1939 2966
f 2966 1939 2975
f 2966 2975 2976
f 2976 2975 2985
f 2976 2985 2986
f 2986 2985 2879
f 2986 2879 2878
f 1939 1938 2975
f 2975 1938 2984
f 2975 2984 2985
f 2985 2984 2880
f 2985 2880 2879
f 2984 1938 2866
f 2867 1696 2898
f 2984 2866 2880
f 2912 2884 2913
f 2885 2886 2894
f 2894 2886 2893
f 2894 2893 2970
f 2893 2886 2887
f 2887 2886 2910
f 2887 2910 2909
f 2909 2910 2906
f 2909 2906 2907
f 2907 2906 2869
f 2910 2886 2911
f 2911 2886 2885
f 2971 2895 2894
f 2894 2895 2885
f 2971 2894 2970
f 2912 2913 2903
f 2903 2913 2902
f 2903 2902 2928
f 2928 2902 2929
f 2928 2929 2920
f 2920 2929 2919
f 2920 2919 2944
f 2944 2919 2945
f 2944 2945 2936
f 2912 2903 2904
f 2904 2903 2927
f 2904 2927 2926
f 2926 2927 2922
f 2926 2922 2923
f 2923 2922 2941
f 2923 2941 2871
f 2871 2941 2940
f 2927 2903 2928
f 2910 2911 2905
f 2910 2905 2906
f 2906 2905 2925
f 2906 2925 2869
f 2869 2925 2924
f 2927 2928 2921
f 2921 2928 2920
f 2921 2920 2943
f 2943 2920 2944
f 2943 2944 2937
f 2937 2944 2936
f 2937 2936 2960
f 2927 2921 2922
f 2922 2921 2942
f 2922 2942 2941
f 2941 2942 2939
f 2941 2939 2940
f 2940 2939 2957
f 2942 2921 2943
f 2961 2935 2962
f 2942 2943 2938
f 2938 2943 2937
f 2938 2937 2959
f 2959 2937 2960
f 2959 2960 2954
f 2942 2938 2939
f 2939 2938 2958
f 2939 2958 2957
f 2957 2958 2956
f 2958 2938 2959
f 2964 2965 2949
f 2949 2965 2948
f 2961 2962 2952
f 2952 2953 2961
f 2958 2959 2955
f 2955 2959 2954
f 2955 2956 2958
f 2980 2971 2970
f 3159 744 3173
f 3173 744 1279
f 3173 1279 1277
f 1275 3170 1277
f 1277 3170 3172
f 1277 3172 3173
f 3173 3172 3181
f 3173 3181 3159
f 3159 3181 3190
f 3159 3190 3156
f 3156 3190 3199
f 3156 3199 3154
f 3154 3199 3208
f 3154 3208 3153
f 3153 3208 3217
f 3153 3217 3151
f 3151 3217 3226
f 3151 3226 3149
f 3149 3226 3235
f 3149 3235 3147
f 3147 3235 3244
f 3147 3244 3145
f 3145 3244 3253
f 3145 3253 3142
f 3142 3253 3262
f 3142 3262 3141
f 3141 3262 3271
f 3141 3271 3139
f 3139 3271 3280
f 3139 3280 3137
f 3137 3280 3160
f 3137 3160 3135
f 3135 3160 3297
f 3135 3297 3296
f 3296 3297 3298
f 3296 3298 3295
f 3295 3298 3299
f 3295 3299 3294
f 3294 3299 3300
f 3294 3300 3293
f 3293 3300 3301
f 3293 3301 3292
f 3292 3301 3302
f 3292 3302 3291
f 3291 3302 3303
f 3291 3303 3290
f 3290 3303 3304
f 3290 3304 3289
f 3289 3304 3305
f 3289 3305 3288
f 3288 3305 3019
f 3288 3019 3021
f 1272 3174 1275
f 1275 3174 3169
f 1275 3169 3171
f 3171 3169 3188
f 3171 3188 3189
f 3189 3188 3198
f 3189 3198 3199
f 3199 3198 3208
f 1272 1271 3174
f 3174 1271 3169
f 1269 3168 1271
f 1271 3168 3179
f 1271 3179 3169
f 3169 3179 3187
f 3169 3187 3188
f 3188 3187 3197
f 3188 3197 3198
f 3198 3197 3207
f 3198 3207 3208
f 3208 3207 3217
f 3168 1269 3167
f 3167 1269 1267
f 3167 1267 3166
f 3166 1267 1265
f 3166 1265 3165
f 3165 1265 1263
f 3165 1263 3164
f 3164 1263 784
f 3164 784 2992
f 3164 2992 3175
f 3175 2992 2994
f 3175 2994 3182
f 3182 2994 2996
f 3182 2996 3191
f 3191 2996 2998
f 3191 2998 3200
f 3200 2998 3001
f 3200 3001 3209
f 3209 3001 3003
f 3209 3003 3218
f 3218 3003 3005
f 3218 3005 3227
f 3227 3005 3007
f 3227 3007 3236
f 3236 3007 3009
f 3236 3009 3245
f 3245 3009 3011
f 3245 3011 3254
f 3254 3011 3013
f 3254 3013 3263
f 3263 3013 3014
f 3263 3014 3272
f 3272 3014 3017
f 3272 3017 3161
f 3161 3017 3019
f 3161 3019 3305
f 3288 3021 3306
f 3306 3021 3022
f 3306 3022 3315
f 3315 3022 3025
f 3315 3025 3324
f 3324 3025 3027
f 3324 3027 3333
f 3333 3027 3029
f 3333 3029 3342
f 3342 3029 3031
f 3342 3031 3351
f 3351 3031 3033
f 3351 3033 3360
f 3360 3033 3035
f 3360 3035 3386
f 3386 3035 3369
f 3386 3369 3370
f 3370 3369 3388
f 3370 3388 3389
f 3389 3388 3398
f 3389 3398 3399
f 3399 3398 3408
f 3399 3408 3409
f 3409 3408 3418
f 3409 3418 3419
f 3419 3418 3428
f 3419 3428 3429
f 3429 3428 3438
f 3429 3438 3439
f 3439 3438 3448
f 3439 3448 3449
f 3449 3448 3458
f 3449 3458 3103
f 3103 3458 3101
f 3101 3458 3162
f 3101 3162 3098
f 3098 3162 3475
f 3098 3475 3097
f 3097 3475 3474
f 3097 3474 3095
f 3095 3474 3492
f 3095 3492 3092
f 3092 3492 3501
f 3092 3501 3091
f 3091 3501 3089
f 3089 3501 3510
f 3089 3510 3087
f 3087 3510 3519
f 3087 3519 3085
f 3085 3519 3528
f 3085 3528 3083
f 3083 3528 3537
f 3083 3537 3080
f 3080 3537 3546
f 3080 3546 3079
f 3079 3546 3557
f 3079 3557 3077
f 3077 3557 3556
f 3077 3556 3
f 3 3556 503
f 503 3556 3555
f 503 3555 505
f 505 3555 3554
f 505 3554 506
f 506 3554 3559
f 506 3559 3553
f 3553 3559 3543
f 3553 3543 3542
f 3542 3543 3533
f 3542 3533 3532
f 3532 3533 3523
f 3532 3523 3522
f 3522 3523 3513
f 3522 3513 3512
f 3512 3513 3503
f 3512 3503 3502
f 3502 3503 3493
f 3502 3493 3064
f 3064 3493 3062
f 3062 3493 3060
f 3060 3493 3484
f 3060 3484 3058
f 3058 3484 3466
f 3058 3466 3056
f 3056 3466 3483
f 3056 3483 3055
f 3055 3483 3163
f 3055 3163 3053
f 3053 3163 3450
f 3053 3450 3050
f 3050 3450 3441
f 3050 3441 3048
f 3048 3441 3432
f 3048 3432 3046
f 3046 3432 3423
f 3046 3423 3044
f 3044 3423 3414
f 3044 3414 3043
f 3043 3414 3405
f 3043 3405 3041
f 3041 3405 3396
f 3041 3396 3039
f 3039 3396 3387
f 3039 3387 3037
f 3037 3387 3369
f 3037 3369 3035
f 3064 3066 3502
f 3502 3066 3511
f 3502 3511 3512
f 3512 3511 3521
f 3512 3521 3522
f 3522 3521 3531
f 3522 3531 3532
f 3532 3531 3541
f 3532 3541 3542
f 3542 3541 3552
f 3542 3552 3553
f 3553 3552 510
f 3553 510 3563
f 3563 510 508
f 3563 508 506
f 3066 3068 3511
f 3511 3068 3520
f 3511 3520 3521
f 3521 3520 3530
f 3521 3530 3531
f 3531 3530 3540
f 3531 3540 3541
f 3541 3540 3550
f 3541 3550 3552
f 3552 3550 3564
f 3552 3564 510
f 510 3564 513
f 513 3564 3550
f 513 3550 3551
f 3551 3550 3560
f 3551 3560 3549
f 3549 3560 3561
f 3549 3561 3548
f 3548 3561 3562
f 3548 3562 3547
f 3547 3562 3074
f 3547 3074 119
f 3068 3070 3520
f 3520 3070 3529
f 3520 3529 3530
f 3530 3529 3539
f 3530 3539 3540
f 3540 3539 3560
f 3540 3560 3550
f 3070 3072 3529
f 3529 3072 3538
f 3529 3538 3539
f 3539 3538 3561
f 3539 3561 3560
f 3072 3074 3538
f 3538 3074 3562
f 3538 3562 3561
f 119 519 3547
f 3547 519 517
f 3547 517 3548
f 3548 517 3549
f 517 515 3549
f 3549 515 3551
f 515 513 3551
f 3103 3104 3449
f 3449 3104 3440
f 3449 3440 3439
f 3439 3440 3430
f 3439 3430 3429
f 3429 3430 3420
f 3429 3420 3419
f 3419 3420 3410
f 3419 3410 3409
f 3409 3410 3400
f 3409 3400 3399
f 3399 3400 3390
f 3399 3390 3389
f 3389 3390 3371
f 3389 3371 3370
f 3370 3371 3385
f 3370 3385 3386
f 3386 3385 3360
f 3104 3106 3440
f 3440 3106 3431
f 3440 3431 3430
f 3430 3431 3421
f 3430 3421 3420
f 3420 3421 3411
f 3420 3411 3410
f 3410 3411 3401
f 3410 3401 3400
f 3400 3401 3391
f 3400 3391 3390
f 3390 3391 3372
f 3390 3372 3371
f 3371 3372 3384
f 3371 3384 3385
f 3385 3384 3361
f 3385 3361 3360
f 3360 3361 3351
f 3106 3108 3431
f 3431 3108 3422
f 3431 3422 3421
f 3421 3422 3412
f 3421 3412 3411
f 3411 3412 3402
f 3411 3402 3401
f 3401 3402 3392
f 3401 3392 3391
f 3391 3392 3373
f 3391 3373 3372
f 3372 3373 3383
f 3372 3383 3384
f 3384 3383 3362
f 3384 3362 3361
f 3361 3362 3352
f 3361 3352 3351
f 3351 3352 3342
f 3108 3110 3422
f 3422 3110 3413
f 3422 3413 3412
f 3412 3413 3403
f 3412 3403 3402
f 3402 3403 3393
f 3402 3393 3392
f 3392 3393 3374
f 3392 3374 3373
f 3373 3374 3382
f 3373 3382 3383
f 3383 3382 3363
f 3383 3363 3362
f 3362 3363 3353
f 3362 3353 3352
f 3352 3353 3343
f 3352 3343 3342
f 3342 3343 3333
f 3110 3113 3413
f 3413 3113 3404
f 3413 3404 3403
f 3403 3404 3394
f 3403 3394 3393
f 3393 3394 3375
f 3393 3375 3374
f 3374 3375 3381
f 3374 3381 3382
f 3382 3381 3364
f 3382 3364 3363
f 3363 3364 3354
f 3363 3354 3353
f 3353 3354 3344
f 3353 3344 3343
f 3343 3344 3334
f 3343 3334 3333
f 3333 3334 3324
f 3113 3114 3404
f 3404 3114 3395
f 3404 3395 3394
f 3394 3395 3376
f 3394 3376 3375
f 3375 3376 3380
f 3375 3380 3381
f 3381 3380 3365
f 3381 3365 3364
f 3364 3365 3355
f 3364 3355 3354
f 3354 3355 3345
f 3354 3345 3344
f 3344 3345 3335
f 3344 3335 3334
f 3334 3335 3325
f 3334 3325 3324
f 3324 3325 3315
f 3114 3116 3395
f 3395 3116 3377
f 3395 3377 3376
f 3376 3377 3379
f 3376 3379 3380
f 3380 3379 3366
f 3380 3366 3365
f 3365 3366 3356
f 3365 3356 3355
f 3355 3356 3346
f 3355 3346 3345
f 3345 3346 3336
f 3345 3336 3335
f 3335 3336 3326
f 3335 3326 3325
f 3325 3326 3316
f 3325 3316 3315
f 3315 3316 3306
f 3116 3118 3377
f 3377 3118 3378
f 3377 3378 3379
f 3379 3378 3367
f 3379 3367 3366
f 3366 3367 3357
f 3366 3357 3356
f 3356 3357 3347
f 3356 3347 3346
f 3346 3347 3337
f 3346 3337 3336
f 3336 3337 3327
f 3336 3327 3326
f 3326 3327 3317
f 3326 3317 3316
f 3316 3317 3307
f 3316 3307 3306
f 3306 3307 3288
f 3378 3118 3368
f 3368 3118 3121
f 3368 3121 3359
f 3359 3121 3122
f 3359 3122 3350
f 3350 3122 3125
f 3350 3125 3341
f 3341 3125 3126
f 3341 3126 3332
f 3332 3126 3128
f 3332 3128 3323
f 3323 3128 3130
f 3323 3130 3314
f 3314 3130 3132
f 3314 3132 3296
f 3296 3132 3135
f 3165 3164 3176
f 3176 3164 3175
f 3176 3175 3183
f 3183 3175 3182
f 3183 3182 3192
f 3192 3182 3191
f 3192 3191 3201
f 3201 3191 3200
f 3201 3200 3210
f 3210 3200 3209
f 3210 3209 3219
f 3219 3209 3218
f 3219 3218 3228
f 3228 3218 3227
f 3228 3227 3237
f 3237 3227 3236
f 3237 3236 3246
f 3246 3236 3245
f 3246 3245 3255
f 3255 3245 3254
f 3255 3254 3264
f 3264 3254 3263
f 3264 3263 3273
f 3273 3263 3272
f 3273 3272 3281
f 3281 3272 3161
f 3281 3161 3304
f 3304 3161 3305
f 3166 3165 3177
f 3177 3165 3176
f 3177 3176 3184
f 3184 3176 3183
f 3184 3183 3193
f 3193 3183 3192
f 3193 3192 3202
f 3202 3192 3201
f 3202 3201 3211
f 3211 3201 3210
f 3211 3210 3220
f 3220 3210 3219
f 3220 3219 3229
f 3229 3219 3228
f 3229 3228 3238
f 3238 3228 3237
f 3238 3237 3247
f 3247 3237 3246
f 3247 3246 3256
f 3256 3246 3255
f 3256 3255 3265
f 3265 3255 3264
f 3265 3264 3274
f 3274 3264 3273
f 3274 3273 3282
f 3282 3273 3281
f 3282 3281 3303
f 3303 3281 3304
f 3179 3168 3167
f 3167 3166 3178
f 3178 3166 3177
f 3178 3177 3185
f 3185 3177 3184
f 3185 3184 3194
f 3194 3184 3193
f 3194 3193 3203
f 3203 3193 3202
f 3203 3202 3212
f 3212 3202 3211
f 3212 3211 3221
f 3221 3211 3220
f 3221 3220 3230
f 3230 3220 3229
f 3230 3229 3239
f 3239 3229 3238
f 3239 3238 3248
f 3248 3238 3247
f 3248 3247 3257
f 3257 3247 3256
f 3257 3256 3266
f 3266 3256 3265
f 3266 3265 3275
f 3275 3265 3274
f 3275 3274 3283
f 3283 3274 3282
f 3283 3282 3302
f 3302 3282 3303
f 1275 3171 3170
f 3170 3171 3180
f 3170 3180 3172
f 3172 3180 3181
f 3167 3178 3179
f 3179 3178 3186
f 3179 3186 3187
f 3187 3186 3196
f 3187 3196 3197
f 3197 3196 3206
f 3197 3206 3207
f 3207 3206 3216
f 3207 3216 3217
f 3217 3216 3226
f 3186 3178 3185
f 3190 3181 3180
f 3190 3180 3189
f 3189 3180 3171
f 3186 3185 3195
f 3195 3185 3194
f 3195 3194 3204
f 3204 3194 3203
f 3204 3203 3213
f 3213 3203 3212
f 3213 3212 3222
f 3222 3212 3221
f 3222 3221 3231
f 3231 3221 3230
f 3231 3230 3240
f 3240 3230 3239
f 3240 3239 3249
f 3249 3239 3248
f 3249 3248 3258
f 3258 3248 3257
f 3258 3257 3267
f 3267 3257 3266
f 3267 3266 3276
f 3276 3266 3275
f 3276 3275 3284
f 3284 3275 3283
f 3284 3283 3301
f 3301 3283 3302
f 3199 3190 3189
f 3186 3195 3196
f 3196 3195 3205
f 3196 3205 3206
f 3206 3205 3215
f 3206 3215 3216
f 3216 3215 3225
f 3216 3225 3226
f 3226 3225 3235
f 3205 3195 3204
f 3205 3204 3214
f 3214 3204 3213
f 3214 3213 3223
f 3223 3213 3222
f 3223 3222 3232
f 3232 3222 3231
f 3232 3231 3241
f 3241 3231 3240
f 3241 3240 3250
f 3250 3240 3249
f 3250 3249 3259
f 3259 3249 3258
f 3259 3258 3268
f 3268 3258 3267
f 3268 3267 3277
f 3277 3267 3276
f 3277 3276 3285
f 3285 3276 3284
f 3285 3284 3300
f 3300 3284 3301
f 3205 3214 3215
f 3215 3214 3224
f 3215 3224 3225
f 3225 3224 3234
f 3225 3234 3235
f 3235 3234 3244
f 3224 3214 3223
f 3224 3223 3233
f 3233 3223 3232
f 3233 3232 3242
f 3242 3232 3241
f 3242 3241 3251
f 3251 3241 3250
f 3251 3250 3260
f 3260 3250 3259
f 3260 3259 3269
f 3269 3259 3268
f 3269 3268 3278
f 3278 3268 3277
f 3278 3277 3286
f 3286 3277 3285
f 3286 3285 3299
f 3299 3285 3300
f 3224 3233 3234
f 3234 3233 3243
f 3234 3243 3244
f 3244 3243 3253
f 3243 3233 3242
f 3243 3242 3252
f 3252 3242 3251
f 3252 3251 3261
f 3261 3251 3260
f 3261 3260 3270
f 3270 3260 3269
f 3270 3269 3279
f 3279 3269 3278
f 3279 3278 3287
f 3287 3278 3286
f 3287 3286 3298
f 3298 3286 3299
f 3262 3253 3252
f 3252 3253 3243
f 3262 3252 3261
f 3271 3262 3261
f 3271 3261 3270
f 3280 3271 3270
f 3280 3270 3279
f 3160 3280 3279
f 3160 3279 3287
f 3297 3160 3287
f 3297 3287 3298
f 3288 3307 3289
f 3289 3307 3308
f 3289 3308 3290
f 3290 3308 3309
f 3290 3309 3291
f 3291 3309 3310
f 3291 3310 3292
f 3292 3310 3311
f 3292 3311 3293
f 3293 3311 3312
f 3293 3312 3294
f 3294 3312 3313
f 3294 3313 3295
f 3295 3313 3314
f 3295 3314 3296
f 3307 3317 3308
f 3308 3317 3318
f 3308 3318 3309
f 3309 3318 3319
f 3309 3319 3310
f 3310 3319 3320
f 3310 3320 3311
f 3311 3320 3321
f 3311 3321 3312
f 3312 3321 3322
f 3312 3322 3313
f 3313 3322 3323
f 3313 3323 3314
f 3317 3327 3318
f 3318 3327 3328
f 3318 3328 3319
f 3319 3328 3329
f 3319 3329 3320
f 3320 3329 3330
f 3320 3330 3321
f 3321 3330 3331
f 3321 3331 3322
f 3322 3331 3332
f 3322 3332 3323
f 3327 3337 3328
f 3328 3337 3338
f 3328 3338 3329
f 3329 3338 3339
f 3329 3339 3330
f 3330 3339 3340
f 3330 3340 3331
f 3331 3340 3341
f 3331 3341 3332
f 3337 3347 3338
f 3338 3347 3348
f 3338 3348 3339
f 3339 3348 3349
f 3339 3349 3340
f 3340 3349 3350
f 3340 3350 3341
f 3347 3357 3348
f 3348 3357 3358
f 3348 3358 3349
f 3349 3358 3359
f 3349 3359 3350
f 3368 3359 3358
f 3368 3358 3367
f 3367 3358 3357
f 3378 3368 3367
f 3369 3387 3388
f 3388 3387 3397
f 3388 3397 3398
f 3398 3397 3407
f 3398 3407 3408
f 3408 3407 3417
f 3408 3417 3418
f 3418 3417 3427
f 3418 3427 3428
f 3428 3427 3437
f 3428 3437 3438
f 3438 3437 3447
f 3438 3447 3448
f 3448 3447 3457
f 3448 3457 3458
f 3458 3457 3162
f 3387 3396 3397
f 3397 3396 3406
f 3397 3406 3407
f 3407 3406 3416
f 3407 3416 3417
f 3417 3416 3426
f 3417 3426 3427
f 3427 3426 3436
f 3427 3436 3437
f 3437 3436 3446
f 3437 3446 3447
f 3447 3446 3456
f 3447 3456 3457
f 3457 3456 3465
f 3457 3465 3162
f 3162 3465 3475
f 3396 3405 3406
f 3406 3405 3415
f 3406 3415 3416
f 3416 3415 3425
f 3416 3425 3426
f 3426 3425 3435
f 3426 3435 3436
f 3436 3435 3445
f 3436 3445 3446
f 3446 3445 3455
f 3446 3455 3456
f 3456 3455 3464
f 3456 3464 3465
f 3465 3464 3476
f 3465 3476 3475
f 3475 3476 3474
f 3405 3414 3415
f 3415 3414 3424
f 3415 3424 3425
f 3425 3424 3434
f 3425 3434 3435
f 3435 3434 3444
f 3435 3444 3445
f 3445 3444 3454
f 3445 3454 3455
f 3455 3454 3463
f 3455 3463 3464
f 3464 3463 3477
f 3464 3477 3476
f 3476 3477 3473
f 3476 3473 3474
f 3474 3473 3492
f 3414 3423 3424
f 3424 3423 3433
f 3424 3433 3434
f 3434 3433 3443
f 3434 3443 3444
f 3444 3443 3453
f 3444 3453 3454
f 3454 3453 3462
f 3454 3462 3463
f 3463 3462 3478
f 3463 3478 3477
f 3477 3478 3472
f 3477 3472 3473
f 3473 3472 3491
f 3473 3491 3492
f 3492 3491 3501
f 3423 3432 3433
f 3433 3432 3442
f 3433 3442 3443
f 3443 3442 3452
f 3443 3452 3453
f 3453 3452 3461
f 3453 3461 3462
f 3462 3461 3479
f 3462 3479 3478
f 3478 3479 3471
f 3478 3471 3472
f 3472 3471 3490
f 3472 3490 3491
f 3491 3490 3500
f 3491 3500 3501
f 3501 3500 3510
f 3432 3441 3442
f 3442 3441 3451
f 3442 3451 3452
f 3452 3451 3460
f 3452 3460 3461
f 3461 3460 3480
f 3461 3480 3479
f 3479 3480 3470
f 3479 3470 3471
f 3471 3470 3489
f 3471 3489 3490
f 3490 3489 3499
f 3490 3499 3500
f 3500 3499 3509
f 3500 3509 3510
f 3510 3509 3519
f 3441 3450 3451
f 3451 3450 3459
f 3451 3459 3460
f 3460 3459 3481
f 3460 3481 3480
f 3480 3481 3469
f 3480 3469 3470
f 3470 3469 3488
f 3470 3488 3489
f 3489 3488 3498
f 3489 3498 3499
f 3499 3498 3508
f 3499 3508 3509
f 3509 3508 3518
f 3509 3518 3519
f 3519 3518 3528
f 3450 3163 3459
f 3459 3163 3482
f 3459 3482 3481
f 3481 3482 3468
f 3481 3468 3469
f 3469 3468 3487
f 3469 3487 3488
f 3488 3487 3497
f 3488 3497 3498
f 3498 3497 3507
f 3498 3507 3508
f 3508 3507 3517
f 3508 3517 3518
f 3518 3517 3527
f 3518 3527 3528
f 3528 3527 3537
f 3466 3467 3483
f 3483 3467 3482
f 3483 3482 3163
f 3482 3467 3468
f 3468 3467 3486
f 3468 3486 3487
f 3487 3486 3496
f 3487 3496 3497
f 3497 3496 3506
f 3497 3506 3507
f 3507 3506 3516
f 3507 3516 3517
f 3517 3516 3526
f 3517 3526 3527
f 3527 3526 3536
f 3527 3536 3537
f 3537 3536 3546
f 3467 3466 3485
f 3485 3466 3484
f 3485 3484 3494
f 3494 3484 3493
f 3494 3493 3503
f 3467 3485 3486
f 3486 3485 3495
f 3486 3495 3496
f 3496 3495 3505
f 3496 3505 3506
f 3506 3505 3515
f 3506 3515 3516
f 3516 3515 3525
f 3516 3525 3526
f 3526 3525 3535
f 3526 3535 3536
f 3536 3535 3545
f 3536 3545 3546
f 3546 3545 3557
f 3495 3485 3494
f 3495 3494 3504
f 3504 3494 3503
f 3504 3503 3513
f 3495 3504 3505
f 3505 3504 3514
f 3505 3514 3515
f 3515 3514 3524
f 3515 3524 3525
f 3525 3524 3534
f 3525 3534 3535
f 3535 3534 3544
f 3535 3544 3545
f 3545 3544 3558
f 3545 3558 3557
f 3557 3558 3556
f 3514 3504 3513
f 3524 3514 3523
f 3523 3514 3513
f 3534 3524 3533
f 3533 3524 3523
f 3544 3534 3543
f 3543 3534 3533
f 3558 3544 3559
f 3559 3544 3543
f 3563 506 3553
f 3558 3559 3555
f 3555 3559 3554
f 3555 3556 3558
f 1652 742 3611
f 3611 742 3158
f 3611 3158 3610
f 3610 3158 3609
f 3610 3609 3649
f 3649 3609 3648
f 3649 3648 3691
f 3691 3648 3690
f 3691 3690 3732
f 3732 3690 3731
f 3732 3731 3776
f 3776 3731 3777
f 3776 3777 3774
f 3774 3777 3773
f 3774 3773 3857
f 3857 3773 3856
f 3857 3856 3899
f 3899 3856 3898
f 3899 3898 3941
f 3941 3898 3940
f 3941 3940 3983
f 3983 3940 3982
f 3983 3982 2088
f 2088 3982 3981
f 2088 3981 2090
f 2090 3981 2092
f 2092 3981 3980
f 2092 3980 2095
f 2095 3980 2097
f 2097 3980 3979
f 2097 3979 2099
f 2099 3979 3978
f 2099 3978 2101
f 2101 3978 3977
f 2101 3977 3976
f 3976 3977 3934
f 3976 3934 3933
f 3933 3934 3891
f 3933 3891 3890
f 3890 3891 3848
f 3890 3848 3847
f 3847 3848 3764
f 3847 3764 3763
f 3763 3764 3787
f 3763 3787 3788
f 3788 3787 3720
f 3788 3720 3719
f 3719 3720 3678
f 3719 3678 3677
f 3677 3678 3595
f 3677 3595 3594
f 3594 3595 3129
f 3594 3129 3613
f 3613 3129 3127
f 3613 3127 3594
f 3594 3127 3593
f 3594 3593 3676
f 3676 3593 3675
f 3676 3675 3717
f 3717 3675 3716
f 3717 3716 3791
f 3791 3716 3792
f 3791 3792 3759
f 3759 3792 3758
f 3759 3758 3842
f 3842 3758 3841
f 3842 3841 3884
f 3884 3841 3883
f 3884 3883 3926
f 3926 3883 3925
f 3926 3925 3968
f 3968 3925 3967
f 3968 3967 2123
f 2123 3967 2125
f 2125 3967 3966
f 2125 3966 2126
f 2126 3966 3965
f 2126 3965 2128
f 2128 3965 3964
f 2128 3964 2130
f 2130 3964 3963
f 2130 3963 3962
f 3962 3963 3920
f 3962 3920 3919
f 3919 3920 3877
f 3919 3877 3876
f 3876 3877 3834
f 3876 3834 3833
f 3833 3834 3750
f 3833 3750 3749
f 3749 3750 3801
f 3749 3801 3802
f 3802 3801 3706
f 3802 3706 3705
f 3705 3706 3664
f 3705 3664 3663
f 3663 3664 3629
f 3663 3629 3628
f 3628 3629 3579
f 3628 3579 3578
f 3578 3579 3099
f 3578 3099 3096
f 3158 3157 3609
f 3609 3157 3608
f 3609 3608 3648
f 3648 3608 3647
f 3648 3647 3690
f 3690 3647 3689
f 3690 3689 3731
f 3731 3689 3730
f 3731 3730 3777
f 3777 3730 3778
f 3777 3778 3773
f 3773 3778 3772
f 3773 3772 3856
f 3856 3772 3855
f 3856 3855 3898
f 3898 3855 3897
f 3898 3897 3940
f 3940 3897 3939
f 3940 3939 3982
f 3982 3939 3981
f 3157 3155 3608
f 3608 3155 3607
f 3608 3607 3647
f 3647 3607 3646
f 3647 3646 3689
f 3689 3646 3688
f 3689 3688 3730
f 3730 3688 3729
f 3730 3729 3778
f 3778 3729 3779
f 3778 3779 3772
f 3772 3779 3771
f 3772 3771 3855
f 3855 3771 3854
f 3855 3854 3897
f 3897 3854 3896
f 3897 3896 3939
f 3939 3896 3938
f 3939 3938 3981
f 3981 3938 3980
f 3155 3152 3607
f 3607 3152 3606
f 3607 3606 3646
f 3646 3606 3645
f 3646 3645 3688
f 3688 3645 3687
f 3688 3687 3729
f 3729 3687 3728
f 3729 3728 3779
f 3779 3728 3780
f 3779 3780 3771
f 3771 3780 3770
f 3771 3770 3854
f 3854 3770 3853
f 3854 3853 3896
f 3896 3853 3895
f 3896 3895 3938
f 3938 3895 3937
f 3938 3937 3980
f 3980 3937 3979
f 3152 3150 3606
f 3606 3150 3605
f 3606 3605 3645
f 3645 3605 3644
f 3645 3644 3687
f 3687 3644 3686
f 3687 3686 3728
f 3728 3686 3727
f 3728 3727 3780
f 3780 3727 3781
f 3780 3781 3770
f 3770 3781 3769
f 3770 3769 3853
f 3853 3769 3852
f 3853 3852 3895
f 3895 3852 3894
f 3895 3894 3937
f 3937 3894 3936
f 3937 3936 3979
f 3979 3936 3978
f 3150 3148 3605
f 3605 3148 3604
f 3605 3604 3644
f 3644 3604 3643
f 3644 3643 3686
f 3686 3643 3685
f 3686 3685 3727
f 3727 3685 3726
f 3727 3726 3781
f 3781 3726 3782
f 3781 3782 3769
f 3769 3782 3768
f 3769 3768 3852
f 3852 3768 3851
f 3852 3851 3894
f 3894 3851 3893
f 3894 3893 3936
f 3936 3893 3935
f 3936 3935 3978
f 3978 3935 3977
f 3148 3146 3604
f 3604 3146 3603
f 3604 3603 3643
f 3643 3603 3642
f 3643 3642 3685
f 3685 3642 3684
f 3685 3684 3726
f 3726 3684 3725
f 3726 3725 3782
f 3782 3725 3783
f 3782 3783 3768
f 3768 3783 3767
f 3768 3767 3851
f 3851 3767 3850
f 3851 3850 3893
f 3893 3850 3892
f 3893 3892 3935
f 3935 3892 3934
f 3935 3934 3977
f 3146 3144 3603
f 3603 3144 3602
f 3603 3602 3642
f 3642 3602 3641
f 3642 3641 3684
f 3684 3641 3683
f 3684 3683 3725
f 3725 3683 3724
f 3725 3724 3783
f 3783 3724 3784
f 3783 3784 3767
f 3767 3784 3766
f 3767 3766 3850
f 3850 3766 3849
f 3850 3849 3892
f 3892 3849 3891
f 3892 3891 3934
f 3144 3143 3602
f 3602 3143 3601
f 3602 3601 3641
f 3641 3601 3640
f 3641 3640 3683
f 3683 3640 3682
f 3683 3682 3724
f 3724 3682 3723
f 3724 3723 3784
f 3784 3723 3785
f 3784 3785 3766
f 3766 3785 3765
f 3766 3765 3849
f 3849 3765 3848
f 3849 3848 3891
f 3143 3140 3601
f 3601 3140 3138
f 3601 3138 3600
f 3600 3138 3136
f 3600 3136 3599
f 3599 3136 3598
f 3599 3598 3638
f 3638 3598 3637
f 3638 3637 3680
f 3680 3637 3679
f 3680 3679 3721
f 3721 3679 3720
f 3721 3720 3787
f 3136 3134 3598
f 3598 3134 3596
f 3598 3596 3637
f 3637 3596 3597
f 3637 3597 3679
f 3679 3597 3678
f 3679 3678 3720
f 3134 3133 3596
f 3596 3133 3597
f 3133 3131 3597
f 3597 3131 3595
f 3597 3595 3678
f 3595 3131 3612
f 3612 3131 3129
f 3612 3129 3595
f 3593 3127 3614
f 3614 3127 3124
f 3614 3124 3593
f 3593 3124 3592
f 3593 3592 3636
f 3636 3592 3591
f 3636 3591 3635
f 3635 3591 3590
f 3635 3590 3634
f 3634 3590 3589
f 3634 3589 3633
f 3633 3589 3588
f 3633 3588 3632
f 3632 3588 3587
f 3632 3587 3631
f 3631 3587 3586
f 3631 3586 3630
f 3630 3586 3584
f 3630 3584 3585
f 3585 3584 3111
f 3585 3111 3583
f 3583 3111 3615
f 3583 3615 3109
f 3109 3615 3111
f 3124 3123 3592
f 3592 3123 3591
f 3123 3120 3591
f 3591 3120 3590
f 3120 3119 3590
f 3590 3119 3589
f 3589 3119 3588
f 3588 3119 3117
f 3588 3117 3587
f 3587 3117 3115
f 3587 3115 3586
f 3586 3115 3112
f 3586 3112 3584
f 3584 3112 3111
f 3107 3616 3109
f 3109 3616 3582
f 3109 3582 3583
f 3583 3582 3666
f 3583 3666 3667
f 3667 3666 3708
f 3667 3708 3709
f 3709 3708 3799
f 3709 3799 3798
f 3798 3799 3752
f 3798 3752 3753
f 3753 3752 3836
f 3753 3836 3837
f 3837 3836 3879
f 3837 3879 3880
f 3880 3879 3922
f 3880 3922 3923
f 3923 3922 3965
f 3923 3965 3966
f 3105 3581 3107
f 3107 3581 3582
f 3107 3582 3616
f 3581 3105 3617
f 3617 3105 3102
f 3617 3102 3581
f 3581 3102 3629
f 3581 3629 3664
f 3629 3102 3580
f 3580 3102 3100
f 3580 3100 3579
f 3579 3100 3099
f 3578 3096 3577
f 3577 3096 3094
f 3577 3094 3576
f 3576 3094 3093
f 3576 3093 3575
f 3575 3093 3090
f 3575 3090 3573
f 3573 3090 3088
f 3573 3088 3086
f 3084 3618 3086
f 3086 3618 3572
f 3086 3572 3574
f 3574 3572 3657
f 3574 3657 3658
f 3658 3657 3699
f 3658 3699 3700
f 3700 3699 3808
f 3700 3808 3807
f 3807 3808 3743
f 3807 3743 3744
f 3744 3743 3827
f 3744 3827 3828
f 3828 3827 3870
f 3828 3870 3871
f 3871 3870 3913
f 3871 3913 3914
f 3914 3913 3956
f 3914 3956 3957
f 3957 3956 2142
f 3957 2142 2141
f 3082 3571 3084
f 3084 3571 3572
f 3084 3572 3618
f 3571 3082 3570
f 3570 3082 3081
f 3570 3081 3569
f 3569 3081 3078
f 3569 3078 3568
f 3568 3078 3076
f 3568 3076 3567
f 3567 3076 2
f 3567 2 1540
f 3567 1540 3619
f 3619 1540 1538
f 3619 1538 3651
f 3651 1538 1536
f 3651 1536 3693
f 3693 1536 3566
f 3693 3566 3815
f 3815 3566 3816
f 3815 3816 3735
f 3735 3816 3734
f 3735 3734 3818
f 3818 3734 3817
f 3818 3817 3860
f 3860 3817 3859
f 3860 3859 3902
f 3902 3859 3901
f 3902 3901 3944
f 3944 3901 3943
f 3944 3943 2173
f 2173 3943 1525
f 2173 1525 1523
f 1536 1534 3566
f 3566 1534 3816
f 3816 1534 3734
f 3734 1534 1532
f 3734 1532 3817
f 3817 1532 1531
f 3817 1531 3859
f 3859 1531 1528
f 3859 1528 3901
f 3901 1528 1527
f 3901 1527 3943
f 3943 1527 1525
f 3944 2173 3945
f 3945 2173 2170
f 3945 2170 3946
f 3946 2170 2168
f 3946 2168 2166
f 3946 2166 3947
f 3947 2166 2164
f 3947 2164 3948
f 3948 2164 2162
f 3948 2162 3949
f 3949 2162 2161
f 3949 2161 2159
f 3949 2159 3950
f 3950 2159 2156
f 3950 2156 2154
f 3950 2154 3951
f 3951 2154 2153
f 3951 2153 3952
f 3952 2153 2151
f 3952 2151 3953
f 3953 2151 2148
f 3953 2148 3954
f 3954 2148 2146
f 3954 2146 3955
f 3955 2146 2145
f 3955 2145 3956
f 3956 2145 2142
f 3957 2141 3958
f 3958 2141 2139
f 3958 2139 3959
f 3959 2139 2137
f 3959 2137 3960
f 3960 2137 2135
f 3960 2135 3961
f 3961 2135 2133
f 3961 2133 3962
f 3962 2133 2130
f 2123 2121 3968
f 3968 2121 3969
f 3968 3969 3926
f 3926 3969 3927
f 3926 3927 3884
f 3884 3927 3885
f 3884 3885 3842
f 3842 3885 3843
f 3842 3843 3759
f 3759 3843 3760
f 3759 3760 3791
f 3791 3760 3790
f 3791 3790 3717
f 3717 3790 3718
f 3717 3718 3676
f 3676 3718 3677
f 3676 3677 3594
f 2121 2119 3969
f 3969 2119 3970
f 3969 3970 3927
f 3927 3970 3928
f 3927 3928 3885
f 3885 3928 3886
f 3885 3886 3843
f 3843 3886 3844
f 3843 3844 3760
f 3760 3844 3761
f 3760 3761 3790
f 3790 3761 3789
f 3790 3789 3718
f 3718 3789 3719
f 3718 3719 3677
f 2119 2117 3970
f 3970 2117 2114
f 3970 2114 3971
f 3971 2114 3972
f 3971 3972 3929
f 3929 3972 3930
f 3929 3930 3887
f 3887 3930 3888
f 3887 3888 3845
f 3845 3888 3846
f 3845 3846 3762
f 3762 3846 3763
f 3762 3763 3788
f 2114 2113 3972
f 3972 2113 3973
f 3972 3973 3930
f 3930 3973 3931
f 3930 3931 3888
f 3888 3931 3889
f 3888 3889 3846
f 3846 3889 3847
f 3846 3847 3763
f 2113 2111 3973
f 3973 2111 2109
f 3973 2109 3974
f 3974 2109 2106
f 3974 2106 2105
f 3974 2105 3975
f 3975 2105 2103
f 3975 2103 3976
f 3976 2103 2101
f 2088 1670 3983
f 3983 1670 3984
f 3983 3984 3941
f 3941 3984 3942
f 3941 3942 3899
f 3899 3942 3900
f 3899 3900 3857
f 3857 3900 3858
f 3857 3858 3774
f 3774 3858 3775
f 3774 3775 3776
f 3776 3775 3565
f 3776 3565 3732
f 3732 3565 3733
f 3732 3733 3691
f 3691 3733 3692
f 3691 3692 3649
f 3649 3692 3650
f 3649 3650 3610
f 3610 3650 3611
f 1670 1668 3984
f 3984 1668 1666
f 3984 1666 3942
f 3942 1666 1664
f 3942 1664 3900
f 3900 1664 1662
f 3900 1662 3858
f 3858 1662 1660
f 3858 1660 3775
f 3775 1660 1659
f 3775 1659 3565
f 3565 1659 1657
f 3565 1657 3733
f 3733 1657 3692
f 1657 1654 3692
f 3692 1654 3650
f 3650 1654 3611
f 3611 1654 1652
f 3568 3567 3620
f 3620 3567 3619
f 3620 3619 3652
f 3652 3619 3651
f 3652 3651 3693
f 3569 3568 3621
f 3621 3568 3620
f 3621 3620 3653
f 3653 3620 3652
f 3653 3652 3694
f 3694 3652 3693
f 3694 3693 3814
f 3814 3693 3815
f 3814 3815 3736
f 3736 3815 3735
f 3736 3735 3819
f 3819 3735 3818
f 3819 3818 3861
f 3861 3818 3860
f 3861 3860 3903
f 3903 3860 3902
f 3903 3902 3945
f 3945 3902 3944
f 3570 3569 3622
f 3622 3569 3621
f 3622 3621 3654
f 3654 3621 3653
f 3654 3653 3695
f 3695 3653 3694
f 3695 3694 3813
f 3813 3694 3814
f 3813 3814 3737
f 3737 3814 3736
f 3737 3736 3820
f 3820 3736 3819
f 3820 3819 3862
f 3862 3819 3861
f 3862 3861 3904
f 3904 3861 3903
f 3904 3903 3946
f 3946 3903 3945
f 3571 3570 3623
f 3623 3570 3622
f 3623 3622 3655
f 3655 3622 3654
f 3655 3654 3696
f 3696 3654 3695
f 3696 3695 3812
f 3812 3695 3813
f 3812 3813 3738
f 3738 3813 3737
f 3738 3737 3821
f 3821 3737 3820
f 3821 3820 3863
f 3863 3820 3862
f 3863 3862 3905
f 3905 3862 3904
f 3905 3904 3947
f 3947 3904 3946
f 3086 3574 3573
f 3573 3574 3624
f 3573 3624 3575
f 3575 3624 3625
f 3575 3625 3576
f 3576 3625 3626
f 3576 3626 3577
f 3577 3626 3627
f 3577 3627 3578
f 3578 3627 3628
f 3629 3580 3579
f 3640 3601 3600
f 3600 3599 3639
f 3639 3599 3638
f 3639 3638 3681
f 3681 3638 3680
f 3681 3680 3722
f 3722 3680 3721
f 3722 3721 3786
f 3786 3721 3787
f 3786 3787 3764
f 3571 3623 3572
f 3572 3623 3656
f 3572 3656 3657
f 3657 3656 3698
f 3657 3698 3699
f 3699 3698 3809
f 3699 3809 3808
f 3808 3809 3742
f 3808 3742 3743
f 3743 3742 3826
f 3743 3826 3827
f 3827 3826 3869
f 3827 3869 3870
f 3870 3869 3912
f 3870 3912 3913
f 3913 3912 3955
f 3913 3955 3956
f 3656 3623 3655
f 3574 3658 3624
f 3624 3658 3659
f 3624 3659 3625
f 3625 3659 3660
f 3625 3660 3626
f 3626 3660 3661
f 3626 3661 3627
f 3627 3661 3662
f 3627 3662 3628
f 3628 3662 3663
f 3582 3581 3665
f 3665 3581 3664
f 3665 3664 3706
f 3583 3667 3585
f 3585 3667 3668
f 3585 3668 3630
f 3630 3668 3669
f 3630 3669 3631
f 3631 3669 3670
f 3631 3670 3632
f 3632 3670 3671
f 3632 3671 3633
f 3633 3671 3672
f 3633 3672 3634
f 3634 3672 3673
f 3634 3673 3635
f 3635 3673 3674
f 3635 3674 3636
f 3636 3674 3675
f 3636 3675 3593
f 3682 3640 3639
f 3639 3640 3600
f 3682 3639 3681
f 3656 3655 3697
f 3697 3655 3696
f 3697 3696 3811
f 3811 3696 3812
f 3811 3812 3739
f 3739 3812 3738
f 3739 3738 3822
f 3822 3738 3821
f 3822 3821 3864
f 3864 3821 3863
f 3864 3863 3906
f 3906 3863 3905
f 3906 3905 3948
f 3948 3905 3947
f 3658 3700 3659
f 3659 3700 3701
f 3659 3701 3660
f 3660 3701 3702
f 3660 3702 3661
f 3661 3702 3703
f 3661 3703 3662
f 3662 3703 3704
f 3662 3704 3663
f 3663 3704 3705
f 3582 3665 3666
f 3666 3665 3707
f 3666 3707 3708
f 3708 3707 3800
f 3708 3800 3799
f 3799 3800 3751
f 3799 3751 3752
f 3752 3751 3835
f 3752 3835 3836
f 3836 3835 3878
f 3836 3878 3879
f 3879 3878 3921
f 3879 3921 3922
f 3922 3921 3964
f 3922 3964 3965
f 3707 3665 3706
f 3667 3709 3668
f 3668 3709 3710
f 3668 3710 3669
f 3669 3710 3711
f 3669 3711 3670
f 3670 3711 3712
f 3670 3712 3671
f 3671 3712 3713
f 3671 3713 3672
f 3672 3713 3714
f 3672 3714 3673
f 3673 3714 3715
f 3673 3715 3674
f 3674 3715 3716
f 3674 3716 3675
f 3723 3682 3681
f 3723 3681 3722
f 3656 3697 3698
f 3698 3697 3810
f 3698 3810 3809
f 3809 3810 3741
f 3809 3741 3742
f 3742 3741 3825
f 3742 3825 3826
f 3826 3825 3868
f 3826 3868 3869
f 3869 3868 3911
f 3869 3911 3912
f 3912 3911 3954
f 3912 3954 3955
f 3810 3697 3811
f 3700 3807 3701
f 3701 3807 3806
f 3701 3806 3702
f 3702 3806 3805
f 3702 3805 3703
f 3703 3805 3804
f 3703 3804 3704
f 3704 3804 3803
f 3704 3803 3705
f 3705 3803 3802
f 3800 3707 3801
f 3801 3707 3706
f 3709 3798 3710
f 3710 3798 3797
f 3710 3797 3711
f 3711 3797 3796
f 3711 3796 3712
f 3712 3796 3795
f 3712 3795 3713
f 3713 3795 3794
f 3713 3794 3714
f 3714 3794 3793
f 3714 3793 3715
f 3715 3793 3792
f 3715 3792 3716
f 3788 3719 3789
f 3785 3723 3722
f 3785 3722 3786
f 3810 3811 3740
f 3740 3811 3739
f 3740 3739 3823
f 3823 3739 3822
f 3823 3822 3865
f 3865 3822 3864
f 3865 3864 3907
f 3907 3864 3906
f 3907 3906 3949
f 3949 3906 3948
f 3810 3740 3741
f 3741 3740 3824
f 3741 3824 3825
f 3825 3824 3867
f 3825 3867 3868
f 3868 3867 3910
f 3868 3910 3911
f 3911 3910 3953
f 3911 3953 3954
f 3824 3740 3823
f 3806 3807 3744
f 3805 3806 3745
f 3745 3806 3744
f 3745 3744 3828
f 3804 3805 3746
f 3746 3805 3745
f 3746 3745 3829
f 3829 3745 3828
f 3829 3828 3871
f 3803 3804 3747
f 3747 3804 3746
f 3747 3746 3830
f 3830 3746 3829
f 3830 3829 3872
f 3872 3829 3871
f 3872 3871 3914
f 3802 3803 3748
f 3748 3803 3747
f 3748 3747 3831
f 3831 3747 3830
f 3831 3830 3873
f 3873 3830 3872
f 3873 3872 3915
f 3915 3872 3914
f 3915 3914 3957
f 3802 3748 3749
f 3749 3748 3832
f 3749 3832 3833
f 3833 3832 3875
f 3833 3875 3876
f 3876 3875 3918
f 3876 3918 3919
f 3919 3918 3961
f 3919 3961 3962
f 3832 3748 3831
f 3800 3801 3750
f 3800 3750 3751
f 3751 3750 3834
f 3751 3834 3835
f 3835 3834 3877
f 3835 3877 3878
f 3878 3877 3920
f 3878 3920 3921
f 3921 3920 3963
f 3921 3963 3964
f 3797 3798 3753
f 3796 3797 3754
f 3754 3797 3753
f 3754 3753 3837
f 3795 3796 3755
f 3755 3796 3754
f 3755 3754 3838
f 3838 3754 3837
f 3838 3837 3880
f 3794 3795 3756
f 3756 3795 3755
f 3756 3755 3839
f 3839 3755 3838
f 3839 3838 3881
f 3881 3838 3880
f 3881 3880 3923
f 3793 3794 3757
f 3757 3794 3756
f 3757 3756 3840
f 3840 3756 3839
f 3840 3839 3882
f 3882 3839 3881
f 3882 3881 3924
f 3924 3881 3923
f 3924 3923 3966
f 3792 3793 3758
f 3758 3793 3757
f 3758 3757 3841
f 3841 3757 3840
f 3841 3840 3883
f 3883 3840 3882
f 3883 3882 3925
f 3925 3882 3924
f 3925 3924 3967
f 3967 3924 3966
f 3788 3789 3762
f 3762 3789 3761
f 3762 3761 3845
f 3845 3761 3844
f 3845 3844 3887
f 3887 3844 3886
f 3887 3886 3929
f 3929 3886 3928
f 3929 3928 3971
f 3971 3928 3970
f 3785 3786 3765
f 3765 3786 3764
f 3765 3764 3848
f 3824 3823 3866
f 3866 3823 3865
f 3866 3865 3908
f 3908 3865 3907
f 3908 3907 3950
f 3950 3907 3949
f 3832 3831 3874
f 3874 3831 3873
f 3874 3873 3916
f 3916 3873 3915
f 3916 3915 3958
f 3958 3915 3957
f 3890 3847 3889
f 3824 3866 3867
f 3867 3866 3909
f 3867 3909 3910
f 3910 3909 3952
f 3910 3952 3953
f 3909 3866 3908
f 3832 3874 3875
f 3875 3874 3917
f 3875 3917 3918
f 3918 3917 3960
f 3918 3960 3961
f 3917 3874 3916
f 3890 3889 3932
f 3932 3889 3931
f 3932 3931 3974
f 3974 3931 3973
f 3950 3951 3908
f 3908 3951 3909
f 3951 3952 3909
f 3958 3959 3916
f 3916 3959 3917
f 3959 3960 3917
f 3890 3932 3933
f 3933 3932 3975
f 3933 3975 3976
f 3975 3932 3974
f 785 1988 2993
f 2993 1988 4001
f 2993 4001 2995
f 2995 4001 4012
f 2995 4012 2997
f 2997 4012 4023
f 2997 4023 2999
f 2999 4023 4034
f 2999 4034 3000
f 3000 4034 3985
f 3000 3985 3002
f 3002 3985 4055
f 3002 4055 3004
f 3004 4055 4066
f 3004 4066 3006
f 3006 4066 4077
f 3006 4077 3008
f 3008 4077 4088
f 3008 4088 3010
f 3010 4088 3012
f 3012 4088 4099
f 3012 4099 3015
f 3015 4099 4110
f 3015 4110 3016
f 3016 4110 3987
f 3016 3987 3018
f 3018 3987 4129
f 3018 4129 4141
f 4141 4129 4128
f 4141 4128 4142
f 4142 4128 4127
f 4142 4127 4143
f 4143 4127 4126
f 4143 4126 4144
f 4144 4126 4125
f 4144 4125 4145
f 4145 4125 4124
f 4145 4124 4146
f 4146 4124 4123
f 4146 4123 4147
f 4147 4123 4122
f 4147 4122 4148
f 4148 4122 4121
f 4148 4121 4149
f 4149 4121 4120
f 4149 4120 4150
f 4150 4120 3988
f 4150 3988 4151
f 4151 3988 2236
f 4151 2236 4130
f 4130 2236 2234
f 4130 2234 4152
f 4152 2234 2232
f 4152 2232 4163
f 4163 2232 2230
f 4163 2230 4174
f 4174 2230 2228
f 4174 2228 4185
f 4185 2228 2226
f 4185 2226 4196
f 4196 2226 2225
f 4196 2225 4207
f 4207 2225 2222
f 4207 2222 4239
f 4239 2222 4218
f 4239 4218 4219
f 4219 4218 4241
f 4219 4241 4242
f 4242 4241 4253
f 4242 4253 4254
f 4254 4253 4265
f 4254 4265 4266
f 4266 4265 4277
f 4266 4277 4278
f 4278 4277 4289
f 4278 4289 4290
f 4290 4289 4301
f 4290 4301 4302
f 4302 4301 4313
f 4302 4313 4314
f 4314 4313 4325
f 4314 4325 4326
f 4326 4325 4340
f 4326 4340 4339
f 4339 4340 4336
f 4339 4336 4337
f 4337 4336 4358
f 4337 4358 4359
f 4359 4358 4370
f 4359 4370 3059
f 3059 4370 3061
f 3061 4370 4381
f 3061 4381 3063
f 3063 4381 4392
f 3063 4392 3065
f 3065 4392 3067
f 3067 4392 4403
f 3067 4403 3069
f 3069 4403 4414
f 3069 4414 3071
f 3071 4414 4425
f 3071 4425 3073
f 3073 4425 4435
f 3073 4435 3075
f 3075 4435 4448
f 3075 4448 4447
f 4447 4448 4449
f 4447 4449 4446
f 4446 4449 4450
f 4446 4450 4445
f 4445 4450 4451
f 4445 4451 4444
f 4444 4451 4452
f 4444 4452 4443
f 4443 4452 4453
f 4443 4453 4442
f 4442 4453 4454
f 4442 4454 4441
f 4441 4454 4455
f 4441 4455 4440
f 4440 4455 4438
f 4440 4438 1800
f 1800 4438 4439
f 1800 4439 1803
f 1803 4439 4437
f 1803 4437 4456
f 4456 4437 4439
f 4456 4439 4438
f 1988 1986 4001
f 4001 1986 4000
f 4001 4000 4012
f 4012 4000 4011
f 4012 4011 4023
f 4023 4011 4022
f 4023 4022 4034
f 4034 4022 4033
f 4034 4033 3985
f 3985 4033 4044
f 3985 4044 4055
f 4055 4044 4054
f 4055 4054 4066
f 4066 4054 4065
f 4066 4065 4077
f 4077 4065 4076
f 4077 4076 4088
f 4088 4076 4087
f 4088 4087 4099
f 4099 4087 4098
f 4099 4098 4110
f 4110 4098 4111
f 4110 4111 3987
f 3987 4111 4109
f 3987 4109 4129
f 4129 4109 4128
f 4000 1986 3999
f 3999 1986 1983
f 3999 1983 1982
f 1980 3997 1982
f 1982 3997 3998
f 1982 3998 3999
f 3999 3998 4010
f 3999 4010 4011
f 4011 4010 4022
f 3997 1980 3996
f 3996 1980 1977
f 3996 1977 3995
f 3995 1977 1976
f 3995 1976 3994
f 3994 1976 1973
f 3994 1973 3993
f 3993 1973 1972
f 3993 1972 3991
f 3991 1972 3992
f 3991 3992 4004
f 4004 3992 4015
f 4004 4015 4016
f 4016 4015 4027
f 4016 4027 4028
f 4028 4027 4039
f 4028 4039 4040
f 4040 4039 4050
f 4040 4050 4051
f 4051 4050 4062
f 4051 4062 4063
f 4063 4062 4074
f 4063 4074 4075
f 4075 4074 4086
f 4075 4086 4087
f 4087 4086 4098
f 1968 4002 1972
f 1972 4002 4003
f 1972 4003 3992
f 3992 4003 4014
f 3992 4014 4015
f 4015 4014 4026
f 4015 4026 4027
f 4027 4026 4038
f 4027 4038 4039
f 4039 4038 4049
f 4039 4049 4050
f 4050 4049 4061
f 4050 4061 4062
f 4062 4061 4073
f 4062 4073 4074
f 4074 4073 4085
f 4074 4085 4086
f 4086 4085 4097
f 4086 4097 4098
f 4098 4097 4111
f 1968 2263 4002
f 4002 2263 4003
f 2263 2260 4003
f 4003 2260 4013
f 4003 4013 4014
f 4014 4013 4025
f 4014 4025 4026
f 4026 4025 4037
f 4026 4037 4038
f 4038 4037 4048
f 4038 4048 4049
f 4049 4048 4060
f 4049 4060 4061
f 4061 4060 4072
f 4061 4072 4073
f 4073 4072 4084
f 4073 4084 4085
f 4085 4084 4096
f 4085 4096 4097
f 4097 4096 4112
f 4097 4112 4111
f 4111 4112 4109
f 2260 2258 4013
f 4013 2258 4024
f 4013 4024 4025
f 4025 4024 4036
f 4025 4036 4037
f 4037 4036 4047
f 4037 4047 4048
f 4048 4047 4059
f 4048 4059 4060
f 4060 4059 4071
f 4060 4071 4072
f 4072 4071 4083
f 4072 4083 4084
f 4084 4083 4095
f 4084 4095 4096
f 4096 4095 4113
f 4096 4113 4112
f 4112 4113 4108
f 4112 4108 4109
f 4109 4108 4128
f 2258 2256 4024
f 4024 2256 4035
f 4024 4035 4036
f 4036 4035 4046
f 4036 4046 4047
f 4047 4046 4058
f 4047 4058 4059
f 4059 4058 4070
f 4059 4070 4071
f 4071 4070 4082
f 4071 4082 4083
f 4083 4082 4094
f 4083 4094 4095
f 4095 4094 4114
f 4095 4114 4113
f 4113 4114 4107
f 4113 4107 4108
f 4108 4107 4127
f 4108 4127 4128
f 2256 2255 4035
f 4035 2255 4045
f 4035 4045 4046
f 4046 4045 4057
f 4046 4057 4058
f 4058 4057 4069
f 4058 4069 4070
f 4070 4069 4081
f 4070 4081 4082
f 4082 4081 4093
f 4082 4093 4094
f 4094 4093 4115
f 4094 4115 4114
f 4114 4115 4106
f 4114 4106 4107
f 4107 4106 4126
f 4107 4126 4127
f 2255 2252 4045
f 4045 2252 4056
f 4045 4056 4057
f 4057 4056 4068
f 4057 4068 4069
f 4069 4068 4080
f 4069 4080 4081
f 4081 4080 4092
f 4081 4092 4093
f 4093 4092 4116
f 4093 4116 4115
f 4115 4116 4105
f 4115 4105 4106
f 4106 4105 4125
f 4106 4125 4126
f 2252 2250 4056
f 4056 2250 2248
f 4056 2248 4067
f 4067 2248 2247
f 4067 2247 4078
f 4078 2247 2245
f 4078 2245 2242
f 2241 3986 2242
f 2242 3986 4089
f 2242 4089 4078
f 4078 4089 4090
f 4078 4090 4079
f 4079 4090 4091
f 4079 4091 4080
f 4080 4091 4092
f 3986 2241 4100
f 4100 2241 2239
f 4100 2239 3988
f 3988 2239 2236
f 2222 2220 4218
f 4218 2220 4240
f 4218 4240 4241
f 4241 4240 4252
f 4241 4252 4253
f 4253 4252 4264
f 4253 4264 4265
f 4265 4264 4276
f 4265 4276 4277
f 4277 4276 4288
f 4277 4288 4289
f 4289 4288 4300
f 4289 4300 4301
f 4301 4300 4312
f 4301 4312 4313
f 4313 4312 4324
f 4313 4324 4325
f 4325 4324 4341
f 4325 4341 4340
f 4340 4341 4336
f 2220 2219 4240
f 4240 2219 4251
f 4240 4251 4252
f 4252 4251 4263
f 4252 4263 4264
f 4264 4263 4275
f 4264 4275 4276
f 4276 4275 4287
f 4276 4287 4288
f 4288 4287 4299
f 4288 4299 4300
f 4300 4299 4311
f 4300 4311 4312
f 4312 4311 4323
f 4312 4323 4324
f 4324 4323 4342
f 4324 4342 4341
f 4341 4342 4335
f 4341 4335 4336
f 4336 4335 4357
f 4336 4357 4358
f 4358 4357 4369
f 4358 4369 4370
f 4370 4369 4381
f 2219 2217 4251
f 4251 2217 4262
f 4251 4262 4263
f 4263 4262 4274
f 4263 4274 4275
f 4275 4274 4286
f 4275 4286 4287
f 4287 4286 4298
f 4287 4298 4299
f 4299 4298 4310
f 4299 4310 4311
f 4311 4310 4322
f 4311 4322 4323
f 4323 4322 4343
f 4323 4343 4342
f 4342 4343 4334
f 4342 4334 4335
f 4335 4334 4356
f 4335 4356 4357
f 4357 4356 4368
f 4357 4368 4369
f 4369 4368 4380
f 4369 4380 4381
f 4381 4380 4392
f 2217 2215 4262
f 4262 2215 4273
f 4262 4273 4274
f 4274 4273 4285
f 4274 4285 4286
f 4286 4285 4297
f 4286 4297 4298
f 4298 4297 4309
f 4298 4309 4310
f 4310 4309 4321
f 4310 4321 4322
f 4322 4321 4344
f 4322 4344 4343
f 4343 4344 4333
f 4343 4333 4334
f 4334 4333 4355
f 4334 4355 4356
f 4356 4355 4367
f 4356 4367 4368
f 4368 4367 4379
f 4368 4379 4380
f 4380 4379 4391
f 4380 4391 4392
f 4392 4391 4403
f 2215 2213 4273
f 4273 2213 4284
f 4273 4284 4285
f 4285 4284 4296
f 4285 4296 4297
f 4297 4296 4308
f 4297 4308 4309
f 4309 4308 4320
f 4309 4320 4321
f 4321 4320 4345
f 4321 4345 4344
f 4344 4345 4331
f 4344 4331 4332
f 4332 4331 4353
f 4332 4353 4354
f 4354 4353 4365
f 4354 4365 4366
f 4366 4365 4377
f 4366 4377 4378
f 4378 4377 4389
f 4378 4389 4390
f 4390 4389 4401
f 4390 4401 4402
f 4402 4401 4413
f 4402 4413 4414
f 4414 4413 4425
f 2213 2211 4284
f 4284 2211 4295
f 4284 4295 4296
f 4296 4295 4307
f 4296 4307 4308
f 4308 4307 4319
f 4308 4319 4320
f 4320 4319 4346
f 4320 4346 4345
f 4345 4346 4330
f 4345 4330 4331
f 4331 4330 4352
f 4331 4352 4353
f 4353 4352 4364
f 4353 4364 4365
f 4365 4364 4376
f 4365 4376 4377
f 4377 4376 4388
f 4377 4388 4389
f 4389 4388 4400
f 4389 4400 4401
f 4401 4400 4412
f 4401 4412 4413
f 4413 4412 4424
f 4413 4424 4425
f 4425 4424 4435
f 2211 2208 4295
f 4295 2208 4306
f 4295 4306 4307
f 4307 4306 4318
f 4307 4318 4319
f 4319 4318 4347
f 4319 4347 4346
f 4346 4347 4329
f 4346 4329 4330
f 4330 4329 4351
f 4330 4351 4352
f 4352 4351 4363
f 4352 4363 4364
f 4364 4363 4375
f 4364 4375 4376
f 4376 4375 4387
f 4376 4387 4388
f 4388 4387 4399
f 4388 4399 4400
f 4400 4399 4411
f 4400 4411 4412
f 4412 4411 4423
f 4412 4423 4424
f 4424 4423 4434
f 4424 4434 4435
f 4435 4434 4448
f 2208 2207 4306
f 4306 2207 4317
f 4306 4317 4318
f 4318 4317 4348
f 4318 4348 4347
f 4347 4348 4329
f 2207 2204 4317
f 4317 2204 4348
f 4348 2204 4328
f 4328 2204 2202
f 4328 2202 4349
f 4349 2202 2201
f 4349 2201 4360
f 4360 2201 2198
f 4360 2198 4371
f 4371 2198 2196
f 4371 2196 2194
f 4371 2194 4382
f 4382 2194 2193
f 4382 2193 4393
f 4393 2193 2191
f 4393 2191 4404
f 4404 2191 2189
f 4404 2189 4415
f 4415 2189 2187
f 4415 2187 2184
f 4415 2184 3990
f 3990 2184 2182
f 3990 2182 4436
f 4436 2182 4457
f 4436 4457 1803
f 1803 4457 1804
f 1804 4457 2182
f 1800 1798 4440
f 4440 1798 4441
f 1798 1796 4441
f 4441 1796 4442
f 1796 1794 4442
f 4442 1794 4443
f 1794 1792 4443
f 4443 1792 4444
f 1792 1790 4444
f 4444 1790 4445
f 1790 1789 4445
f 4445 1789 4446
f 1789 1787 4446
f 4446 1787 4447
f 1787 118 4447
f 4447 118 3075
f 3059 3057 4359
f 4359 3057 4338
f 4359 4338 4337
f 4337 4338 4339
f 3057 3054 4338
f 4338 3054 3989
f 4338 3989 4339
f 4339 3989 4327
f 4339 4327 4326
f 4326 4327 3051
f 4326 3051 4315
f 4315 3051 4316
f 4315 4316 4304
f 4304 4316 3049
f 4304 3049 4305
f 4305 3049 3047
f 4305 3047 4304
f 4304 3047 4293
f 4304 4293 4292
f 4292 4293 4281
f 4292 4281 4280
f 4280 4281 4269
f 4280 4269 4268
f 4268 4269 4257
f 4268 4257 4256
f 4256 4257 4245
f 4256 4245 4244
f 4244 4245 4222
f 4244 4222 4221
f 4221 4222 4236
f 4221 4236 4237
f 4237 4236 4209
f 4237 4209 4208
f 4208 4209 4197
f 4208 4197 4196
f 4196 4197 4185
f 3054 3052 3989
f 3989 3052 4327
f 3052 3051 4327
f 3051 3049 4316
f 4293 3047 4294
f 4294 3047 3045
f 4294 3045 4293
f 4293 3045 4282
f 4293 4282 4281
f 4281 4282 4270
f 4281 4270 4269
f 4269 4270 4258
f 4269 4258 4257
f 4257 4258 4246
f 4257 4246 4245
f 4245 4246 4223
f 4245 4223 4222
f 4222 4223 4235
f 4222 4235 4236
f 4236 4235 4210
f 4236 4210 4209
f 4209 4210 4198
f 4209 4198 4197
f 4197 4198 4186
f 4197 4186 4185
f 4185 4186 4174
f 4282 3045 4283
f 4283 3045 3042
f 4283 3042 4272
f 4272 3042 3040
f 4272 3040 4261
f 4261 3040 3038
f 4261 3038 4250
f 4250 3038 3036
f 4250 3036 4228
f 4228 3036 3034
f 4228 3034 4229
f 4229 3034 4217
f 4229 4217 4216
f 4216 4217 4205
f 4216 4205 4204
f 4204 4205 4193
f 4204 4193 4192
f 4192 4193 4181
f 4192 4181 4180
f 4180 4181 4169
f 4180 4169 4168
f 4168 4169 4157
f 4168 4157 4156
f 4156 4157 4134
f 4156 4134 4133
f 4133 4134 4148
f 4133 4148 4149
f 3034 3032 4217
f 4217 3032 4206
f 4217 4206 4205
f 4205 4206 4194
f 4205 4194 4193
f 4193 4194 4182
f 4193 4182 4181
f 4181 4182 4170
f 4181 4170 4169
f 4169 4170 4158
f 4169 4158 4157
f 4157 4158 4135
f 4157 4135 4134
f 4134 4135 4147
f 4134 4147 4148
f 3032 3030 4206
f 4206 3030 4195
f 4206 4195 4194
f 4194 4195 4183
f 4194 4183 4182
f 4182 4183 4171
f 4182 4171 4170
f 4170 4171 4159
f 4170 4159 4158
f 4158 4159 4136
f 4158 4136 4135
f 4135 4136 4146
f 4135 4146 4147
f 3030 3028 4195
f 4195 3028 4184
f 4195 4184 4183
f 4183 4184 4172
f 4183 4172 4171
f 4171 4172 4160
f 4171 4160 4159
f 4159 4160 4137
f 4159 4137 4136
f 4136 4137 4145
f 4136 4145 4146
f 3028 3026 4184
f 4184 3026 4172
f 4172 3026 4173
f 4173 3026 3024
f 4173 3024 4172
f 4172 3024 4161
f 4172 4161 4160
f 4160 4161 4138
f 4160 4138 4137
f 4137 4138 4144
f 4137 4144 4145
f 4161 3024 4162
f 4162 3024 3023
f 4162 3023 4161
f 4161 3023 4139
f 4161 4139 4138
f 4138 4139 4143
f 4138 4143 4144
f 4139 3023 4140
f 4140 3023 3020
f 4140 3020 4141
f 4141 3020 3018
f 3991 4004 3993
f 3993 4004 4005
f 3993 4005 3994
f 3994 4005 4006
f 3994 4006 3995
f 3995 4006 4007
f 3995 4007 3996
f 3996 4007 4008
f 3996 4008 3997
f 3997 4008 4009
f 3997 4009 3998
f 3998 4009 4010
f 4011 4000 3999
f 4004 4016 4005
f 4005 4016 4017
f 4005 4017 4006
f 4006 4017 4018
f 4006 4018 4007
f 4007 4018 4019
f 4007 4019 4008
f 4008 4019 4020
f 4008 4020 4009
f 4009 4020 4021
f 4009 4021 4010
f 4010 4021 4022
f 4016 4028 4017
f 4017 4028 4029
f 4017 4029 4018
f 4018 4029 4030
f 4018 4030 4019
f 4019 4030 4031
f 4019 4031 4020
f 4020 4031 4032
f 4020 4032 4021
f 4021 4032 4033
f 4021 4033 4022
f 4028 4040 4029
f 4029 4040 4041
f 4029 4041 4030
f 4030 4041 4042
f 4030 4042 4031
f 4031 4042 4043
f 4031 4043 4032
f 4032 4043 4044
f 4032 4044 4033
f 4040 4051 4041
f 4041 4051 4052
f 4041 4052 4042
f 4042 4052 4053
f 4042 4053 4043
f 4043 4053 4054
f 4043 4054 4044
f 4051 4063 4052
f 4052 4063 4064
f 4052 4064 4053
f 4053 4064 4065
f 4053 4065 4054
f 4076 4065 4064
f 4076 4064 4075
f 4075 4064 4063
f 4056 4067 4068
f 4068 4067 4079
f 4068 4079 4080
f 4078 4079 4067
f 4087 4076 4075
f 4090 4089 4119
f 4119 4089 3986
f 4119 3986 4101
f 4101 3986 4100
f 4101 4100 4120
f 4120 4100 3988
f 4091 4090 4118
f 4118 4090 4119
f 4118 4119 4102
f 4102 4119 4101
f 4102 4101 4121
f 4121 4101 4120
f 4092 4091 4117
f 4117 4091 4118
f 4117 4118 4103
f 4103 4118 4102
f 4103 4102 4122
f 4122 4102 4121
f 4103 4104 4117
f 4117 4104 4116
f 4117 4116 4092
f 4116 4104 4105
f 4105 4104 4124
f 4105 4124 4125
f 4122 4123 4103
f 4103 4123 4104
f 4123 4124 4104
f 4150 4151 4131
f 4131 4151 4130
f 4131 4130 4153
f 4153 4130 4152
f 4153 4152 4164
f 4164 4152 4163
f 4164 4163 4175
f 4175 4163 4174
f 4175 4174 4186
f 4149 4150 4132
f 4132 4150 4131
f 4132 4131 4154
f 4154 4131 4153
f 4154 4153 4165
f 4165 4153 4164
f 4165 4164 4176
f 4176 4164 4175
f 4176 4175 4187
f 4187 4175 4186
f 4187 4186 4198
f 4149 4132 4133
f 4133 4132 4155
f 4133 4155 4156
f 4156 4155 4167
f 4156 4167 4168
f 4168 4167 4179
f 4168 4179 4180
f 4180 4179 4191
f 4180 4191 4192
f 4192 4191 4203
f 4192 4203 4204
f 4204 4203 4215
f 4204 4215 4216
f 4216 4215 4230
f 4216 4230 4229
f 4229 4230 4228
f 4155 4132 4154
f 4142 4143 4139
f 4141 4142 4140
f 4140 4142 4139
f 4155 4154 4166
f 4166 4154 4165
f 4166 4165 4177
f 4177 4165 4176
f 4177 4176 4188
f 4188 4176 4187
f 4188 4187 4199
f 4199 4187 4198
f 4199 4198 4210
f 4155 4166 4167
f 4167 4166 4178
f 4167 4178 4179
f 4179 4178 4190
f 4179 4190 4191
f 4191 4190 4202
f 4191 4202 4203
f 4203 4202 4214
f 4203 4214 4215
f 4215 4214 4231
f 4215 4231 4230
f 4230 4231 4227
f 4230 4227 4228
f 4228 4227 4250
f 4178 4166 4177
f 4178 4177 4189
f 4189 4177 4188
f 4189 4188 4200
f 4200 4188 4199
f 4200 4199 4211
f 4211 4199 4210
f 4211 4210 4235
f 4178 4189 4190
f 4190 4189 4201
f 4190 4201 4202
f 4202 4201 4213
f 4202 4213 4214
f 4214 4213 4232
f 4214 4232 4231
f 4231 4232 4226
f 4231 4226 4227
f 4227 4226 4249
f 4227 4249 4250
f 4250 4249 4261
f 4201 4189 4200
f 4201 4200 4212
f 4212 4200 4211
f 4212 4211 4234
f 4234 4211 4235
f 4234 4235 4223
f 4196 4207 4208
f 4208 4207 4238
f 4208 4238 4237
f 4237 4238 4220
f 4237 4220 4221
f 4221 4220 4243
f 4221 4243 4244
f 4244 4243 4255
f 4244 4255 4256
f 4256 4255 4267
f 4256 4267 4268
f 4268 4267 4279
f 4268 4279 4280
f 4280 4279 4291
f 4280 4291 4292
f 4292 4291 4303
f 4292 4303 4304
f 4304 4303 4315
f 4201 4212 4213
f 4213 4212 4233
f 4213 4233 4232
f 4232 4233 4225
f 4232 4225 4226
f 4226 4225 4248
f 4226 4248 4249
f 4249 4248 4260
f 4249 4260 4261
f 4261 4260 4272
f 4233 4212 4234
f 4239 4219 4238
f 4238 4219 4220
f 4243 4220 4242
f 4242 4220 4219
f 4233 4234 4224
f 4224 4234 4223
f 4224 4223 4246
f 4233 4224 4225
f 4225 4224 4247
f 4225 4247 4248
f 4248 4247 4259
f 4248 4259 4260
f 4260 4259 4271
f 4260 4271 4272
f 4272 4271 4283
f 4247 4224 4246
f 4207 4239 4238
f 4255 4243 4254
f 4254 4243 4242
f 4259 4247 4258
f 4258 4247 4246
f 4267 4255 4266
f 4266 4255 4254
f 4271 4259 4270
f 4270 4259 4258
f 4279 4267 4278
f 4278 4267 4266
f 4283 4271 4282
f 4282 4271 4270
f 4291 4279 4290
f 4290 4279 4278
f 4303 4291 4302
f 4302 4291 4290
f 4315 4303 4314
f 4314 4303 4302
f 4326 4315 4314
f 4348 4328 4329
f 4329 4328 4350
f 4329 4350 4351
f 4351 4350 4362
f 4351 4362 4363
f 4363 4362 4374
f 4363 4374 4375
f 4375 4374 4386
f 4375 4386 4387
f 4387 4386 4398
f 4387 4398 4399
f 4399 4398 4410
f 4399 4410 4411
f 4411 4410 4422
f 4411 4422 4423
f 4423 4422 4433
f 4423 4433 4434
f 4434 4433 4449
f 4434 4449 4448
f 4333 4344 4332
f 4355 4333 4354
f 4354 4333 4332
f 4328 4349 4350
f 4350 4349 4361
f 4350 4361 4362
f 4362 4361 4373
f 4362 4373 4374
f 4374 4373 4385
f 4374 4385 4386
f 4386 4385 4397
f 4386 4397 4398
f 4398 4397 4409
f 4398 4409 4410
f 4410 4409 4421
f 4410 4421 4422
f 4422 4421 4432
f 4422 4432 4433
f 4433 4432 4450
f 4433 4450 4449
f 4367 4355 4366
f 4366 4355 4354
f 4349 4360 4361
f 4361 4360 4372
f 4361 4372 4373
f 4373 4372 4384
f 4373 4384 4385
f 4385 4384 4396
f 4385 4396 4397
f 4397 4396 4408
f 4397 4408 4409
f 4409 4408 4420
f 4409 4420 4421
f 4421 4420 4431
f 4421 4431 4432
f 4432 4431 4451
f 4432 4451 4450
f 4379 4367 4378
f 4378 4367 4366
f 4360 4371 4372
f 4372 4371 4383
f 4372 4383 4384
f 4384 4383 4395
f 4384 4395 4396
f 4396 4395 4407
f 4396 4407 4408
f 4408 4407 4419
f 4408 4419 4420
f 4420 4419 4430
f 4420 4430 4431
f 4431 4430 4452
f 4431 4452 4451
f 4391 4379 4390
f 4390 4379 4378
f 4371 4382 4383
f 4383 4382 4394
f 4383 4394 4395
f 4395 4394 4406
f 4395 4406 4407
f 4407 4406 4418
f 4407 4418 4419
f 4419 4418 4429
f 4419 4429 4430
f 4430 4429 4453
f 4430 4453 4452
f 4403 4391 4402
f 4402 4391 4390
f 4382 4393 4394
f 4394 4393 4405
f 4394 4405 4406
f 4406 4405 4417
f 4406 4417 4418
f 4418 4417 4428
f 4418 4428 4429
f 4429 4428 4454
f 4429 4454 4453
f 4414 4403 4402
f 4393 4404 4405
f 4405 4404 4416
f 4405 4416 4417
f 4417 4416 4427
f 4417 4427 4428
f 4428 4427 4455
f 4428 4455 4454
f 4404 4415 4416
f 4416 4415 4426
f 4416 4426 4427
f 4427 4426 4438
f 4427 4438 4455
f 4415 3990 4426
f 4426 3990 4456
f 4426 4456 4438
f 3990 4436 4456
f 4456 4436 1803
f 4458 4459 4508
f 4508 4459 4528
f 4508 4528 4544
f 4544 4528 4527
f 4544 4527 4543
f 4543 4527 4526
f 4543 4526 4542
f 4542 4526 4525
f 4542 4525 4541
f 4541 4525 4524
f 4541 4524 4540
f 4540 4524 4523
f 4540 4523 4539
f 4539 4523 4522
f 4539 4522 4538
f 4538 4522 4521
f 4538 4521 4537
f 4537 4521 4520
f 4537 4520 4536
f 4536 4520 4519
f 4536 4519 4535
f 4535 4519 4518
f 4535 4518 4534
f 4534 4518 4517
f 4534 4517 4533
f 4533 4517 4516
f 4533 4516 4532
f 4532 4516 4515
f 4532 4515 4531
f 4531 4515 4514
f 4531 4514 4530
f 4530 4514 4513
f 4530 4513 4529
f 4529 4513 4475
f 4529 4475 4476
f 4459 4460 4528
f 4528 4460 4527
f 4460 4461 4527
f 4527 4461 4526
f 4461 4462 4526
f 4526 4462 4525
f 4525 4462 4524
f 4524 4462 4463
f 4524 4463 4523
f 4523 4463 4464
f 4523 4464 4522
f 4522 4464 4465
f 4522 4465 4466
f 4467 4520 4466
f 4466 4520 4521
f 4466 4521 4522
f 4520 4467 4519
f 4519 4467 4468
f 4519 4468 4469
f 4470 4517 4469
f 4469 4517 4518
f 4469 4518 4519
f 4517 4470 4516
f 4516 4470 4471
f 4516 4471 4515
f 4515 4471 4514
f 4471 4472 4514
f 4514 4472 4513
f 4472 4473 4513
f 4513 4473 4474
f 4513 4474 4475
f 4529 4476 4545
f 4545 4476 4477
f 4545 4477 4561
f 4561 4477 4478
f 4561 4478 4577
f 4577 4478 4479
f 4577 4479 4593
f 4593 4479 4480
f 4593 4480 4609
f 4609 4480 4481
f 4609 4481 4625
f 4625 4481 4482
f 4625 4482 4641
f 4641 4482 4510
f 4641 4510 4828
f 4828 4510 4687
f 4828 4687 4686
f 4686 4687 4659
f 4686 4659 4660
f 4660 4659 4692
f 4660 4692 4693
f 4693 4692 4709
f 4693 4709 4710
f 4710 4709 4726
f 4710 4726 4727
f 4727 4726 4743
f 4727 4743 4744
f 4744 4743 4760
f 4744 4760 4761
f 4761 4760 4777
f 4761 4777 4778
f 4778 4777 4794
f 4778 4794 4795
f 4795 4794 4805
f 4795 4805 4804
f 4804 4805 4463
f 4804 4463 4462
f 4482 4483 4510
f 4510 4483 4688
f 4510 4688 4687
f 4687 4688 4658
f 4687 4658 4659
f 4659 4658 4691
f 4659 4691 4692
f 4692 4691 4708
f 4692 4708 4709
f 4709 4708 4725
f 4709 4725 4726
f 4726 4725 4742
f 4726 4742 4743
f 4743 4742 4759
f 4743 4759 4760
f 4760 4759 4776
f 4760 4776 4777
f 4777 4776 4793
f 4777 4793 4794
f 4794 4793 4806
f 4794 4806 4805
f 4805 4806 4464
f 4805 4464 4463
f 4483 4484 4688
f 4688 4484 4657
f 4688 4657 4658
f 4658 4657 4690
f 4658 4690 4691
f 4691 4690 4707
f 4691 4707 4708
f 4708 4707 4724
f 4708 4724 4725
f 4725 4724 4741
f 4725 4741 4742
f 4742 4741 4758
f 4742 4758 4759
f 4759 4758 4775
f 4759 4775 4776
f 4776 4775 4792
f 4776 4792 4793
f 4793 4792 4807
f 4793 4807 4806
f 4806 4807 4466
f 4806 4466 4465
f 4484 4485 4657
f 4657 4485 4689
f 4657 4689 4690
f 4690 4689 4706
f 4690 4706 4707
f 4707 4706 4723
f 4707 4723 4724
f 4724 4723 4740
f 4724 4740 4741
f 4741 4740 4757
f 4741 4757 4758
f 4758 4757 4774
f 4758 4774 4775
f 4775 4774 4791
f 4775 4791 4792
f 4792 4791 4808
f 4792 4808 4807
f 4807 4808 4466
f 4485 4486 4689
f 4689 4486 4705
f 4689 4705 4706
f 4706 4705 4722
f 4706 4722 4723
f 4723 4722 4739
f 4723 4739 4740
f 4740 4739 4756
f 4740 4756 4757
f 4757 4756 4773
f 4757 4773 4774
f 4774 4773 4790
f 4774 4790 4791
f 4791 4790 4809
f 4791 4809 4808
f 4808 4809 4467
f 4808 4467 4466
f 4486 4487 4705
f 4705 4487 4721
f 4705 4721 4722
f 4722 4721 4738
f 4722 4738 4739
f 4739 4738 4755
f 4739 4755 4756
f 4756 4755 4772
f 4756 4772 4773
f 4773 4772 4789
f 4773 4789 4790
f 4790 4789 4810
f 4790 4810 4809
f 4809 4810 4469
f 4809 4469 4468
f 4487 4488 4721
f 4721 4488 4737
f 4721 4737 4738
f 4738 4737 4754
f 4738 4754 4755
f 4755 4754 4771
f 4755 4771 4772
f 4772 4771 4788
f 4772 4788 4789
f 4789 4788 4811
f 4789 4811 4810
f 4810 4811 4469
f 4488 4489 4737
f 4737 4489 4753
f 4737 4753 4754
f 4754 4753 4770
f 4754 4770 4771
f 4771 4770 4787
f 4771 4787 4788
f 4788 4787 4812
f 4788 4812 4811
f 4811 4812 4470
f 4811 4470 4469
f 4489 4490 4753
f 4753 4490 4769
f 4753 4769 4770
f 4770 4769 4786
f 4770 4786 4787
f 4787 4786 4813
f 4787 4813 4812
f 4812 4813 4471
f 4812 4471 4470
f 4490 4491 4769
f 4769 4491 4785
f 4769 4785 4786
f 4786 4785 4814
f 4786 4814 4813
f 4813 4814 4471
f 4785 4491 4512
f 4512 4491 4474
f 4512 4474 4473
f 4473 4472 4512
f 4512 4472 4814
f 4512 4814 4785
f 4472 4471 4814
f 4468 4467 4809
f 4465 4464 4806
f 4461 4802 4462
f 4462 4802 4803
f 4462 4803 4804
f 4804 4803 4796
f 4804 4796 4795
f 4795 4796 4779
f 4795 4779 4778
f 4778 4779 4762
f 4778 4762 4761
f 4761 4762 4745
f 4761 4745 4744
f 4744 4745 4728
f 4744 4728 4727
f 4727 4728 4711
f 4727 4711 4710
f 4710 4711 4694
f 4710 4694 4693
f 4693 4694 4661
f 4693 4661 4660
f 4660 4661 4685
f 4660 4685 4686
f 4686 4685 4827
f 4686 4827 4828
f 4828 4827 4642
f 4828 4642 4641
f 4641 4642 4625
f 4802 4461 4801
f 4801 4461 4460
f 4801 4460 4511
f 4511 4460 4459
f 4511 4459 4458
f 4458 4492 4511
f 4511 4492 4800
f 4511 4800 4799
f 4799 4800 4783
f 4799 4783 4782
f 4782 4783 4766
f 4782 4766 4765
f 4765 4766 4749
f 4765 4749 4748
f 4748 4749 4732
f 4748 4732 4731
f 4731 4732 4715
f 4731 4715 4714
f 4714 4715 4698
f 4714 4698 4697
f 4697 4698 4665
f 4697 4665 4664
f 4664 4665 4681
f 4664 4681 4682
f 4682 4681 4823
f 4682 4823 4824
f 4824 4823 4646
f 4824 4646 4645
f 4645 4646 4629
f 4645 4629 4628
f 4628 4629 4612
f 4628 4612 4611
f 4611 4612 4595
f 4611 4595 4594
f 4594 4595 4578
f 4594 4578 4577
f 4577 4578 4561
f 4800 4492 4784
f 4784 4492 4493
f 4784 4493 4768
f 4768 4493 4494
f 4768 4494 4752
f 4752 4494 4495
f 4752 4495 4736
f 4736 4495 4496
f 4736 4496 4720
f 4720 4496 4497
f 4720 4497 4704
f 4704 4497 4498
f 4704 4498 4672
f 4672 4498 4499
f 4672 4499 4673
f 4673 4499 4500
f 4673 4500 4509
f 4509 4500 4501
f 4509 4501 4656
f 4656 4501 4640
f 4656 4640 4639
f 4639 4640 4623
f 4639 4623 4622
f 4622 4623 4606
f 4622 4606 4605
f 4605 4606 4589
f 4605 4589 4588
f 4588 4589 4572
f 4588 4572 4571
f 4571 4572 4555
f 4571 4555 4554
f 4554 4555 4538
f 4554 4538 4537
f 4501 4502 4640
f 4640 4502 4624
f 4640 4624 4623
f 4623 4624 4607
f 4623 4607 4606
f 4606 4607 4590
f 4606 4590 4589
f 4589 4590 4573
f 4589 4573 4572
f 4572 4573 4556
f 4572 4556 4555
f 4555 4556 4539
f 4555 4539 4538
f 4502 4503 4624
f 4624 4503 4608
f 4624 4608 4607
f 4607 4608 4591
f 4607 4591 4590
f 4590 4591 4574
f 4590 4574 4573
f 4573 4574 4557
f 4573 4557 4556
f 4556 4557 4540
f 4556 4540 4539
f 4503 4504 4608
f 4608 4504 4592
f 4608 4592 4591
f 4591 4592 4575
f 4591 4575 4574
f 4574 4575 4558
f 4574 4558 4557
f 4557 4558 4541
f 4557 4541 4540
f 4504 4505 4592
f 4592 4505 4576
f 4592 4576 4575
f 4575 4576 4559
f 4575 4559 4558
f 4558 4559 4542
f 4558 4542 4541
f 4505 4506 4576
f 4576 4506 4560
f 4576 4560 4559
f 4559 4560 4543
f 4559 4543 4542
f 4506 4507 4560
f 4560 4507 4544
f 4560 4544 4543
f 4507 4508 4544
f 4530 4529 4546
f 4546 4529 4545
f 4546 4545 4562
f 4562 4545 4561
f 4562 4561 4578
f 4531 4530 4547
f 4547 4530 4546
f 4547 4546 4563
f 4563 4546 4562
f 4563 4562 4579
f 4579 4562 4578
f 4579 4578 4595
f 4532 4531 4548
f 4548 4531 4547
f 4548 4547 4564
f 4564 4547 4563
f 4564 4563 4580
f 4580 4563 4579
f 4580 4579 4596
f 4596 4579 4595
f 4596 4595 4612
f 4533 4532 4549
f 4549 4532 4548
f 4549 4548 4565
f 4565 4548 4564
f 4565 4564 4581
f 4581 4564 4580
f 4581 4580 4597
f 4597 4580 4596
f 4597 4596 4613
f 4613 4596 4612
f 4613 4612 4629
f 4534 4533 4550
f 4550 4533 4549
f 4550 4549 4566
f 4566 4549 4565
f 4566 4565 4582
f 4582 4565 4581
f 4582 4581 4598
f 4598 4581 4597
f 4598 4597 4614
f 4614 4597 4613
f 4614 4613 4630
f 4630 4613 4629
f 4630 4629 4646
f 4535 4534 4551
f 4551 4534 4550
f 4551 4550 4567
f 4567 4550 4566
f 4567 4566 4583
f 4583 4566 4582
f 4583 4582 4599
f 4599 4582 4598
f 4599 4598 4615
f 4615 4598 4614
f 4615 4614 4631
f 4631 4614 4630
f 4631 4630 4647
f 4647 4630 4646
f 4647 4646 4823
f 4536 4535 4552
f 4552 4535 4551
f 4552 4551 4568
f 4568 4551 4567
f 4568 4567 4584
f 4584 4567 4583
f 4584 4583 4600
f 4600 4583 4599
f 4600 4599 4616
f 4616 4599 4615
f 4616 4615 4632
f 4632 4615 4631
f 4632 4631 4648
f 4648 4631 4647
f 4648 4647 4822
f 4822 4647 4823
f 4822 4823 4681
f 4537 4536 4553
f 4553 4536 4552
f 4553 4552 4569
f 4569 4552 4568
f 4569 4568 4585
f 4585 4568 4584
f 4585 4584 4601
f 4601 4584 4600
f 4601 4600 4617
f 4617 4600 4616
f 4617 4616 4633
f 4633 4616 4632
f 4633 4632 4649
f 4649 4632 4648
f 4649 4648 4821
f 4821 4648 4822
f 4821 4822 4680
f 4680 4822 4681
f 4680 4681 4665
f 4537 4553 4554
f 4554 4553 4570
f 4554 4570 4571
f 4571 4570 4587
f 4571 4587 4588
f 4588 4587 4604
f 4588 4604 4605
f 4605 4604 4621
f 4605 4621 4622
f 4622 4621 4638
f 4622 4638 4639
f 4639 4638 4655
f 4639 4655 4656
f 4656 4655 4509
f 4570 4553 4569
f 4570 4569 4586
f 4586 4569 4585
f 4586 4585 4602
f 4602 4585 4601
f 4602 4601 4618
f 4618 4601 4617
f 4618 4617 4634
f 4634 4617 4633
f 4634 4633 4650
f 4650 4633 4649
f 4650 4649 4820
f 4820 4649 4821
f 4820 4821 4679
f 4679 4821 4680
f 4679 4680 4666
f 4666 4680 4665
f 4666 4665 4698
f 4570 4586 4587
f 4587 4586 4603
f 4587 4603 4604
f 4604 4603 4620
f 4604 4620 4621
f 4621 4620 4637
f 4621 4637 4638
f 4638 4637 4654
f 4638 4654 4655
f 4655 4654 4815
f 4655 4815 4509
f 4509 4815 4673
f 4603 4586 4602
f 4577 4593 4594
f 4594 4593 4610
f 4594 4610 4611
f 4611 4610 4627
f 4611 4627 4628
f 4628 4627 4644
f 4628 4644 4645
f 4645 4644 4825
f 4645 4825 4824
f 4824 4825 4683
f 4824 4683 4682
f 4682 4683 4663
f 4682 4663 4664
f 4664 4663 4696
f 4664 4696 4697
f 4697 4696 4713
f 4697 4713 4714
f 4714 4713 4730
f 4714 4730 4731
f 4731 4730 4747
f 4731 4747 4748
f 4748 4747 4764
f 4748 4764 4765
f 4765 4764 4781
f 4765 4781 4782
f 4782 4781 4798
f 4782 4798 4799
f 4799 4798 4801
f 4799 4801 4511
f 4603 4602 4619
f 4619 4602 4618
f 4619 4618 4635
f 4635 4618 4634
f 4635 4634 4651
f 4651 4634 4650
f 4651 4650 4819
f 4819 4650 4820
f 4819 4820 4678
f 4678 4820 4679
f 4678 4679 4667
f 4667 4679 4666
f 4667 4666 4699
f 4699 4666 4698
f 4699 4698 4715
f 4593 4609 4610
f 4610 4609 4626
f 4610 4626 4627
f 4627 4626 4643
f 4627 4643 4644
f 4644 4643 4826
f 4644 4826 4825
f 4825 4826 4684
f 4825 4684 4683
f 4683 4684 4662
f 4683 4662 4663
f 4663 4662 4695
f 4663 4695 4696
f 4696 4695 4712
f 4696 4712 4713
f 4713 4712 4729
f 4713 4729 4730
f 4730 4729 4746
f 4730 4746 4747
f 4747 4746 4763
f 4747 4763 4764
f 4764 4763 4780
f 4764 4780 4781
f 4781 4780 4797
f 4781 4797 4798
f 4798 4797 4802
f 4798 4802 4801
f 4603 4619 4620
f 4620 4619 4636
f 4620 4636 4637
f 4637 4636 4653
f 4637 4653 4654
f 4654 4653 4816
f 4654 4816 4815
f 4815 4816 4674
f 4815 4674 4673
f 4673 4674 4672
f 4636 4619 4635
f 4609 4625 4626
f 4626 4625 4642
f 4626 4642 4643
f 4643 4642 4827
f 4643 4827 4826
f 4826 4827 4685
f 4826 4685 4684
f 4684 4685 4661
f 4684 4661 4662
f 4662 4661 4694
f 4662 4694 4695
f 4695 4694 4711
f 4695 4711 4712
f 4712 4711 4728
f 4712 4728 4729
f 4729 4728 4745
f 4729 4745 4746
f 4746 4745 4762
f 4746 4762 4763
f 4763 4762 4779
f 4763 4779 4780
f 4780 4779 4796
f 4780 4796 4797
f 4797 4796 4803
f 4797 4803 4802
f 4636 4635 4652
f 4652 4635 4651
f 4652 4651 4818
f 4818 4651 4819
f 4818 4819 4677
f 4677 4819 4678
f 4677 4678 4668
f 4668 4678 4667
f 4668 4667 4700
f 4700 4667 4699
f 4700 4699 4716
f 4716 4699 4715
f 4716 4715 4732
f 4636 4652 4653
f 4653 4652 4817
f 4653 4817 4816
f 4816 4817 4675
f 4816 4675 4674
f 4674 4675 4671
f 4674 4671 4672
f 4672 4671 4704
f 4817 4652 4818
f 4668 4669 4677
f 4677 4669 4676
f 4677 4676 4818
f 4818 4676 4817
f 4669 4670 4676
f 4676 4670 4675
f 4676 4675 4817
f 4669 4668 4701
f 4701 4668 4700
f 4701 4700 4717
f 4717 4700 4716
f 4717 4716 4733
f 4733 4716 4732
f 4733 4732 4749
f 4675 4670 4671
f 4671 4670 4703
f 4671 4703 4704
f 4704 4703 4720
f 4670 4669 4702
f 4702 4669 4701
f 4702 4701 4718
f 4718 4701 4717
f 4718 4717 4734
f 4734 4717 4733
f 4734 4733 4750
f 4750 4733 4749
f 4750 4749 4766
f 4670 4702 4703
f 4703 4702 4719
f 4703 4719 4720
f 4720 4719 4736
f 4719 4702 4718
f 4719 4718 4735
f 4735 4718 4734
f 4735 4734 4751
f 4751 4734 4750
f 4751 4750 4767
f 4767 4750 4766
f 4767 4766 4783
f 4752 4736 4735
f 4735 4736 4719
f 4752 4735 4751
f 4768 4752 4751
f 4768 4751 4767
f 4784 4768 4767
f 4784 4767 4783
f 4800 4784 4783
f 4830 4880 4829
f 4829 4880 4916
f 4829 4916 4879
f 4879 4916 4915
f 4879 4915 4878
f 4878 4915 4949
f 4878 4949 4877
f 4877 4949 4966
f 4877 4966 4876
f 4876 4966 4983
f 4876 4983 4875
f 4875 4983 4874
f 4874 4983 5000
f 4874 5000 4873
f 4873 5000 5017
f 4873 5017 4872
f 4872 5017 5034
f 4872 5034 4871
f 4871 5034 5051
f 4871 5051 4882
f 4882 5051 5050
f 4882 5050 5219
f 5219 5050 5049
f 5219 5049 5218
f 5218 5049 5048
f 5218 5048 5217
f 5217 5048 5047
f 5217 5047 5216
f 5216 5047 5046
f 5216 5046 5215
f 5215 5046 5045
f 5215 5045 5214
f 5214 5045 5044
f 5214 5044 5213
f 5213 5044 5043
f 5213 5043 5212
f 5212 5043 5042
f 5212 5042 5211
f 5211 5042 5041
f 5211 5041 5210
f 5210 5041 5040
f 5210 5040 5209
f 5209 5040 5039
f 5209 5039 5208
f 5208 5039 5038
f 5208 5038 5207
f 5207 5038 5037
f 5207 5037 5206
f 5206 5037 5036
f 5206 5036 5205
f 5205 5036 5035
f 5205 5035 4883
f 4883 5035 4854
f 4883 4854 4855
f 4830 4831 4880
f 4880 4831 4832
f 4880 4832 4898
f 4898 4832 4833
f 4898 4833 4897
f 4897 4833 4896
f 4897 4896 4918
f 4918 4896 4919
f 4918 4919 4913
f 4913 4919 4912
f 4913 4912 4947
f 4947 4912 4946
f 4947 4946 4964
f 4964 4946 4963
f 4964 4963 4981
f 4981 4963 4980
f 4981 4980 4998
f 4998 4980 4997
f 4998 4997 5015
f 5015 4997 5014
f 5015 5014 5032
f 5032 5014 5031
f 5032 5031 5049
f 5049 5031 5048
f 4833 4834 4896
f 4896 4834 4895
f 4896 4895 4919
f 4919 4895 4920
f 4919 4920 4912
f 4912 4920 4911
f 4912 4911 4946
f 4946 4911 4945
f 4946 4945 4963
f 4963 4945 4962
f 4963 4962 4980
f 4980 4962 4979
f 4980 4979 4997
f 4997 4979 4996
f 4997 4996 5014
f 5014 4996 5013
f 5014 5013 5031
f 5031 5013 5030
f 5031 5030 5048
f 5048 5030 5047
f 4834 4835 4895
f 4895 4835 4894
f 4895 4894 4920
f 4920 4894 4921
f 4920 4921 4911
f 4911 4921 4910
f 4911 4910 4945
f 4945 4910 4944
f 4945 4944 4962
f 4962 4944 4961
f 4962 4961 4979
f 4979 4961 4978
f 4979 4978 4996
f 4996 4978 4995
f 4996 4995 5013
f 5013 4995 5012
f 5013 5012 5030
f 5030 5012 5029
f 5030 5029 5047
f 5047 5029 5046
f 4835 4836 4894
f 4894 4836 4893
f 4894 4893 4921
f 4921 4893 4922
f 4921 4922 4910
f 4910 4922 4909
f 4910 4909 4944
f 4944 4909 4943
f 4944 4943 4961
f 4961 4943 4960
f 4961 4960 4978
f 4978 4960 4977
f 4978 4977 4995
f 4995 4977 4994
f 4995 4994 5012
f 5012 4994 5011
f 5012 5011 5029
f 5029 5011 5028
f 5029 5028 5046
f 5046 5028 5045
f 4836 4837 4893
f 4893 4837 4838
f 4893 4838 4892
f 4892 4838 4891
f 4892 4891 4923
f 4923 4891 4924
f 4923 4924 4908
f 4908 4924 4907
f 4908 4907 4942
f 4942 4907 4941
f 4942 4941 4959
f 4959 4941 4958
f 4959 4958 4976
f 4976 4958 4975
f 4976 4975 4993
f 4993 4975 4992
f 4993 4992 5010
f 5010 4992 5009
f 5010 5009 5027
f 5027 5009 5026
f 5027 5026 5044
f 5044 5026 5043
f 4838 4839 4891
f 4891 4839 4890
f 4891 4890 4924
f 4924 4890 4925
f 4924 4925 4907
f 4907 4925 4906
f 4907 4906 4941
f 4941 4906 4940
f 4941 4940 4958
f 4958 4940 4957
f 4958 4957 4975
f 4975 4957 4974
f 4975 4974 4992
f 4992 4974 4991
f 4992 4991 5009
f 5009 4991 5008
f 5009 5008 5026
f 5026 5008 5025
f 5026 5025 5043
f 5043 5025 5042
f 4839 4840 4890
f 4890 4840 4889
f 4890 4889 4925
f 4925 4889 4926
f 4925 4926 4906
f 4906 4926 4905
f 4906 4905 4940
f 4940 4905 4939
f 4940 4939 4957
f 4957 4939 4956
f 4957 4956 4974
f 4974 4956 4973
f 4974 4973 4991
f 4991 4973 4990
f 4991 4990 5008
f 5008 4990 5007
f 5008 5007 5025
f 5025 5007 5024
f 5025 5024 5042
f 5042 5024 5041
f 4840 4841 4889
f 4889 4841 4888
f 4889 4888 4926
f 4926 4888 4927
f 4926 4927 4905
f 4905 4927 4904
f 4905 4904 4939
f 4939 4904 4938
f 4939 4938 4956
f 4956 4938 4955
f 4956 4955 4973
f 4973 4955 4972
f 4973 4972 4990
f 4990 4972 4989
f 4990 4989 5007
f 5007 4989 5006
f 5007 5006 5024
f 5024 5006 5023
f 5024 5023 5041
f 5041 5023 5040
f 4888 4841 4887
f 4887 4841 4842
f 4887 4842 4886
f 4886 4842 4843
f 4886 4843 4885
f 4885 4843 4884
f 4885 4884 4930
f 4930 4884 4931
f 4930 4931 4901
f 4901 4931 4900
f 4901 4900 4935
f 4935 4900 4934
f 4935 4934 4952
f 4952 4934 4951
f 4952 4951 4969
f 4969 4951 4968
f 4969 4968 4986
f 4986 4968 4985
f 4986 4985 5003
f 5003 4985 5002
f 5003 5002 5020
f 5020 5002 5019
f 5020 5019 5037
f 5037 5019 5036
f 4843 4844 4884
f 4884 4844 4881
f 4884 4881 4931
f 4931 4881 4932
f 4931 4932 4900
f 4900 4932 4899
f 4900 4899 4934
f 4934 4899 4933
f 4934 4933 4951
f 4951 4933 4950
f 4951 4950 4968
f 4968 4950 4967
f 4968 4967 4985
f 4985 4967 4984
f 4985 4984 5002
f 5002 4984 5001
f 5002 5001 5019
f 5019 5001 5018
f 5019 5018 5036
f 5036 5018 5035
f 4844 4845 4881
f 4881 4845 4846
f 4881 4846 4932
f 4932 4846 4899
f 4846 4847 4899
f 4899 4847 4933
f 4847 4848 4933
f 4933 4848 4950
f 4848 4849 4950
f 4950 4849 4967
f 4849 4850 4967
f 4967 4850 4851
f 4967 4851 4984
f 4984 4851 4852
f 4984 4852 5001
f 5001 4852 4853
f 5001 4853 5018
f 5018 4853 4854
f 5018 4854 5035
f 4856 5052 4855
f 4855 5052 5085
f 4855 5085 4883
f 4883 5085 5084
f 4883 5084 5205
f 5205 5084 5083
f 5205 5083 5206
f 5206 5083 5082
f 5206 5082 5207
f 5207 5082 5081
f 5207 5081 5208
f 5208 5081 5080
f 5208 5080 5209
f 5209 5080 5079
f 5209 5079 5210
f 5210 5079 5078
f 5210 5078 5211
f 5211 5078 5077
f 5211 5077 5212
f 5212 5077 5076
f 5212 5076 5213
f 5213 5076 5075
f 5213 5075 5214
f 5214 5075 5074
f 5214 5074 5215
f 5215 5074 5073
f 5215 5073 5216
f 5216 5073 5072
f 5216 5072 5217
f 5217 5072 5071
f 5217 5071 5218
f 5218 5071 5070
f 5218 5070 5219
f 5219 5070 5069
f 5219 5069 4882
f 4882 5069 4871
f 5052 4856 5086
f 5086 4856 4857
f 5086 4857 5103
f 5103 4857 4858
f 5103 4858 5120
f 5120 4858 4859
f 5120 4859 5137
f 5137 4859 4860
f 5137 4860 5154
f 5154 4860 4861
f 5154 4861 5171
f 5171 4861 4862
f 5171 4862 5188
f 5188 4862 4844
f 5188 4844 4843
f 4862 4845 4844
f 4843 4842 5188
f 5188 4842 5189
f 5188 5189 5171
f 5171 5189 5172
f 5171 5172 5154
f 5154 5172 5155
f 5154 5155 5137
f 5137 5155 5138
f 5137 5138 5120
f 5120 5138 5121
f 5120 5121 5103
f 5103 5121 5104
f 5103 5104 5086
f 5086 5104 5087
f 5086 5087 5052
f 5052 5087 5053
f 5052 5053 5085
f 5085 5053 5084
f 5189 4842 5190
f 5190 4842 4841
f 5190 4841 5191
f 5191 4841 4840
f 5191 4840 5192
f 5192 4840 5193
f 5192 5193 5175
f 5175 5193 5176
f 5175 5176 5158
f 5158 5176 5159
f 5158 5159 5141
f 5141 5159 5142
f 5141 5142 5124
f 5124 5142 5125
f 5124 5125 5107
f 5107 5125 5108
f 5107 5108 5090
f 5090 5108 5091
f 5090 5091 5056
f 5056 5091 5057
f 5056 5057 5081
f 5081 5057 5080
f 4840 4839 5193
f 5193 4839 5194
f 5193 5194 5176
f 5176 5194 5177
f 5176 5177 5159
f 5159 5177 5160
f 5159 5160 5142
f 5142 5160 5143
f 5142 5143 5125
f 5125 5143 5126
f 5125 5126 5108
f 5108 5126 5109
f 5108 5109 5091
f 5091 5109 5092
f 5091 5092 5057
f 5057 5092 5058
f 5057 5058 5080
f 5080 5058 5079
f 4839 4838 5194
f 5194 4838 5195
f 5194 5195 5177
f 5177 5195 5178
f 5177 5178 5160
f 5160 5178 5161
f 5160 5161 5143
f 5143 5161 5144
f 5143 5144 5126
f 5126 5144 5127
f 5126 5127 5109
f 5109 5127 5110
f 5109 5110 5092
f 5092 5110 5093
f 5092 5093 5058
f 5058 5093 5059
f 5058 5059 5079
f 5079 5059 5078
f 4838 4837 5195
f 5195 4837 5196
f 5195 5196 5178
f 5178 5196 5179
f 5178 5179 5161
f 5161 5179 5162
f 5161 5162 5144
f 5144 5162 5145
f 5144 5145 5127
f 5127 5145 5128
f 5127 5128 5110
f 5110 5128 5111
f 5110 5111 5093
f 5093 5111 5094
f 5093 5094 5059
f 5059 5094 5060
f 5059 5060 5078
f 5078 5060 5077
f 5196 4837 5197
f 5197 4837 4836
f 5197 4836 4835
f 5197 4835 5198
f 5198 4835 4834
f 5198 4834 5199
f 5199 4834 4833
f 5199 4833 5200
f 5200 4833 4832
f 5200 4832 5201
f 5201 4832 5202
f 5201 5202 5184
f 5184 5202 5185
f 5184 5185 5167
f 5167 5185 5168
f 5167 5168 5150
f 5150 5168 5151
f 5150 5151 5133
f 5133 5151 5134
f 5133 5134 5116
f 5116 5134 5117
f 5116 5117 5099
f 5099 5117 5100
f 5099 5100 5065
f 5065 5100 5066
f 5065 5066 5072
f 5072 5066 5071
f 4832 4831 5202
f 5202 4831 5203
f 5202 5203 5185
f 5185 5203 5186
f 5185 5186 5168
f 5168 5186 5169
f 5168 5169 5151
f 5151 5169 5152
f 5151 5152 5134
f 5134 5152 5135
f 5134 5135 5117
f 5117 5135 5118
f 5117 5118 5100
f 5100 5118 5101
f 5100 5101 5066
f 5066 5101 5067
f 5066 5067 5071
f 5071 5067 5070
f 4831 4830 5203
f 5203 4830 5204
f 5203 5204 5186
f 5186 5204 5187
f 5186 5187 5169
f 5169 5187 5170
f 5169 5170 5152
f 5152 5170 5153
f 5152 5153 5135
f 5135 5153 5136
f 5135 5136 5118
f 5118 5136 5119
f 5118 5119 5101
f 5101 5119 5102
f 5101 5102 5067
f 5067 5102 5068
f 5067 5068 5070
f 5070 5068 5069
f 4830 4829 5204
f 5204 4829 4863
f 5204 4863 5187
f 5187 4863 4864
f 5187 4864 5170
f 5170 4864 4865
f 5170 4865 5153
f 5153 4865 4866
f 5153 4866 5136
f 5136 4866 4867
f 5136 4867 5119
f 5119 4867 4868
f 5119 4868 5102
f 5102 4868 4869
f 5102 4869 5068
f 5068 4869 4870
f 5068 4870 5069
f 5069 4870 4871
f 4886 4885 4929
f 4929 4885 4930
f 4929 4930 4902
f 4902 4930 4901
f 4902 4901 4936
f 4936 4901 4935
f 4936 4935 4953
f 4953 4935 4952
f 4953 4952 4970
f 4970 4952 4969
f 4970 4969 4987
f 4987 4969 4986
f 4987 4986 5004
f 5004 4986 5003
f 5004 5003 5021
f 5021 5003 5020
f 5021 5020 5038
f 5038 5020 5037
f 4927 4888 4887
f 4887 4886 4928
f 4928 4886 4929
f 4928 4929 4903
f 4903 4929 4902
f 4903 4902 4937
f 4937 4902 4936
f 4937 4936 4954
f 4954 4936 4953
f 4954 4953 4971
f 4971 4953 4970
f 4971 4970 4988
f 4988 4970 4987
f 4988 4987 5005
f 5005 4987 5004
f 5005 5004 5022
f 5022 5004 5021
f 5022 5021 5039
f 5039 5021 5038
f 4922 4893 4892
f 4922 4892 4923
f 4916 4880 4898
f 4898 4897 4917
f 4917 4897 4918
f 4917 4918 4914
f 4914 4918 4913
f 4914 4913 4948
f 4948 4913 4947
f 4948 4947 4965
f 4965 4947 4964
f 4965 4964 4982
f 4982 4964 4981
f 4982 4981 4999
f 4999 4981 4998
f 4999 4998 5016
f 5016 4998 5015
f 5016 5015 5033
f 5033 5015 5032
f 5033 5032 5050
f 5050 5032 5049
f 4903 4904 4928
f 4928 4904 4927
f 4928 4927 4887
f 4904 4903 4938
f 4938 4903 4937
f 4938 4937 4955
f 4955 4937 4954
f 4955 4954 4972
f 4972 4954 4971
f 4972 4971 4989
f 4989 4971 4988
f 4989 4988 5006
f 5006 4988 5005
f 5006 5005 5023
f 5023 5005 5022
f 5023 5022 5040
f 5040 5022 5039
f 4922 4923 4909
f 4909 4923 4908
f 4909 4908 4943
f 4943 4908 4942
f 4943 4942 4960
f 4960 4942 4959
f 4960 4959 4977
f 4977 4959 4976
f 4977 4976 4994
f 4994 4976 4993
f 4994 4993 5011
f 5011 4993 5010
f 5011 5010 5028
f 5028 5010 5027
f 5028 5027 5045
f 5045 5027 5044
f 4914 4915 4917
f 4917 4915 4916
f 4917 4916 4898
f 4915 4914 4949
f 4949 4914 4948
f 4949 4948 4966
f 4966 4948 4965
f 4966 4965 4983
f 4983 4965 4982
f 4983 4982 5000
f 5000 4982 4999
f 5000 4999 5017
f 5017 4999 5016
f 5017 5016 5034
f 5034 5016 5033
f 5034 5033 5051
f 5051 5033 5050
f 5083 5084 5054
f 5054 5084 5053
f 5054 5053 5088
f 5088 5053 5087
f 5088 5087 5105
f 5105 5087 5104
f 5105 5104 5122
f 5122 5104 5121
f 5122 5121 5139
f 5139 5121 5138
f 5139 5138 5156
f 5156 5138 5155
f 5156 5155 5173
f 5173 5155 5172
f 5173 5172 5190
f 5190 5172 5189
f 5082 5083 5055
f 5055 5083 5054
f 5055 5054 5089
f 5089 5054 5088
f 5089 5088 5106
f 5106 5088 5105
f 5106 5105 5123
f 5123 5105 5122
f 5123 5122 5140
f 5140 5122 5139
f 5140 5139 5157
f 5157 5139 5156
f 5157 5156 5174
f 5174 5156 5173
f 5174 5173 5191
f 5191 5173 5190
f 5081 5082 5056
f 5056 5082 5055
f 5056 5055 5090
f 5090 5055 5089
f 5090 5089 5107
f 5107 5089 5106
f 5107 5106 5124
f 5124 5106 5123
f 5124 5123 5141
f 5141 5123 5140
f 5141 5140 5158
f 5158 5140 5157
f 5158 5157 5175
f 5175 5157 5174
f 5175 5174 5192
f 5192 5174 5191
f 5076 5077 5061
f 5061 5077 5060
f 5061 5060 5095
f 5095 5060 5094
f 5095 5094 5112
f 5112 5094 5111
f 5112 5111 5129
f 5129 5111 5128
f 5129 5128 5146
f 5146 5128 5145
f 5146 5145 5163
f 5163 5145 5162
f 5163 5162 5180
f 5180 5162 5179
f 5180 5179 5197
f 5197 5179 5196
f 5075 5076 5062
f 5062 5076 5061
f 5062 5061 5096
f 5096 5061 5095
f 5096 5095 5113
f 5113 5095 5112
f 5113 5112 5130
f 5130 5112 5129
f 5130 5129 5147
f 5147 5129 5146
f 5147 5146 5164
f 5164 5146 5163
f 5164 5163 5181
f 5181 5163 5180
f 5181 5180 5198
f 5198 5180 5197
f 5074 5075 5063
f 5063 5075 5062
f 5063 5062 5097
f 5097 5062 5096
f 5097 5096 5114
f 5114 5096 5113
f 5114 5113 5131
f 5131 5113 5130
f 5131 5130 5148
f 5148 5130 5147
f 5148 5147 5165
f 5165 5147 5164
f 5165 5164 5182
f 5182 5164 5181
f 5182 5181 5199
f 5199 5181 5198
f 5073 5074 5064
f 5064 5074 5063
f 5064 5063 5098
f 5098 5063 5097
f 5098 5097 5115
f 5115 5097 5114
f 5115 5114 5132
f 5132 5114 5131
f 5132 5131 5149
f 5149 5131 5148
f 5149 5148 5166
f 5166 5148 5165
f 5166 5165 5183
f 5183 5165 5182
f 5183 5182 5200
f 5200 5182 5199
f 5072 5073 5065
f 5065 5073 5064
f 5065 5064 5099
f 5099 5064 5098
f 5099 5098 5116
f 5116 5098 5115
f 5116 5115 5133
f 5133 5115 5132
f 5133 5132 5150
f 5150 5132 5149
f 5150 5149 5167
f 5167 5149 5166
f 5167 5166 5184
f 5184 5166 5183
f 5184 5183 5201
f 5201 5183 5200
f 5264 5220 5279
f 5279 5220 5221
f 5279 5221 5278
f 5278 5221 5222
f 5278 5222 5277
f 5277 5222 5223
f 5277 5223 5276
f 5276 5223 5224
f 5276 5224 5275
f 5275 5224 5225
f 5275 5225 5274
f 5274 5225 5273
f 5274 5273 5289
f 5289 5273 5288
f 5289 5288 5304
f 5304 5288 5303
f 5304 5303 5319
f 5319 5303 5318
f 5319 5318 5334
f 5334 5318 5333
f 5334 5333 5349
f 5349 5333 5348
f 5349 5348 5364
f 5364 5348 5363
f 5364 5363 5379
f 5379 5363 5378
f 5379 5378 5394
f 5394 5378 5393
f 5394 5393 5420
f 5420 5393 5421
f 5420 5421 5409
f 5409 5421 5408
f 5409 5408 5439
f 5439 5408 5438
f 5439 5438 5454
f 5454 5438 5453
f 5454 5453 5469
f 5469 5453 5468
f 5469 5468 5484
f 5484 5468 5483
f 5484 5483 5510
f 5510 5483 5511
f 5510 5511 5499
f 5499 5511 5498
f 5499 5498 5225
f 5225 5498 5226
f 5226 5498 5497
f 5226 5497 5227
f 5227 5497 5496
f 5227 5496 5228
f 5228 5496 5495
f 5228 5495 5229
f 5229 5495 5494
f 5229 5494 5230
f 5230 5494 5493
f 5230 5493 5492
f 5492 5493 5517
f 5492 5517 5518
f 5518 5517 5476
f 5518 5476 5475
f 5475 5476 5460
f 5475 5460 5247
f 5247 5460 5246
f 5246 5460 5445
f 5246 5445 5245
f 5245 5445 5430
f 5245 5430 5244
f 5244 5430 5400
f 5244 5400 5243
f 5243 5400 5429
f 5243 5429 5385
f 5385 5429 5428
f 5385 5428 5386
f 5386 5428 5427
f 5386 5427 5387
f 5387 5427 5426
f 5387 5426 5388
f 5388 5426 5425
f 5388 5425 5389
f 5389 5425 5424
f 5389 5424 5390
f 5390 5424 5423
f 5390 5423 5391
f 5391 5423 5422
f 5391 5422 5392
f 5392 5422 5421
f 5392 5421 5393
f 5225 5226 5273
f 5273 5226 5272
f 5273 5272 5288
f 5288 5272 5287
f 5288 5287 5303
f 5303 5287 5302
f 5303 5302 5318
f 5318 5302 5317
f 5318 5317 5333
f 5333 5317 5332
f 5333 5332 5348
f 5348 5332 5347
f 5348 5347 5363
f 5363 5347 5362
f 5363 5362 5378
f 5378 5362 5377
f 5378 5377 5393
f 5393 5377 5392
f 5226 5227 5272
f 5272 5227 5271
f 5272 5271 5287
f 5287 5271 5286
f 5287 5286 5302
f 5302 5286 5301
f 5302 5301 5317
f 5317 5301 5316
f 5317 5316 5332
f 5332 5316 5331
f 5332 5331 5347
f 5347 5331 5346
f 5347 5346 5362
f 5362 5346 5361
f 5362 5361 5377
f 5377 5361 5376
f 5377 5376 5392
f 5392 5376 5391
f 5227 5228 5271
f 5271 5228 5270
f 5271 5270 5286
f 5286 5270 5285
f 5286 5285 5301
f 5301 5285 5300
f 5301 5300 5316
f 5316 5300 5315
f 5316 5315 5331
f 5331 5315 5330
f 5331 5330 5346
f 5346 5330 5345
f 5346 5345 5361
f 5361 5345 5360
f 5361 5360 5376
f 5376 5360 5375
f 5376 5375 5391
f 5391 5375 5390
f 5228 5229 5270
f 5270 5229 5269
f 5270 5269 5285
f 5285 5269 5284
f 5285 5284 5300
f 5300 5284 5299
f 5300 5299 5315
f 5315 5299 5314
f 5315 5314 5330
f 5330 5314 5329
f 5330 5329 5345
f 5345 5329 5344
f 5345 5344 5360
f 5360 5344 5359
f 5360 5359 5375
f 5375 5359 5374
f 5375 5374 5390
f 5390 5374 5389
f 5229 5230 5269
f 5269 5230 5268
f 5269 5268 5284
f 5284 5268 5283
f 5284 5283 5299
f 5299 5283 5298
f 5299 5298 5314
f 5314 5298 5313
f 5314 5313 5329
f 5329 5313 5328
f 5329 5328 5344
f 5344 5328 5343
f 5344 5343 5359
f 5359 5343 5358
f 5359 5358 5374
f 5374 5358 5373
f 5374 5373 5389
f 5389 5373 5388
f 5268 5230 5267
f 5267 5230 5231
f 5267 5231 5266
f 5266 5231 5232
f 5266 5232 5265
f 5265 5232 5233
f 5265 5233 5234
f 5234 5235 5265
f 5265 5235 5280
f 5265 5280 5281
f 5281 5280 5296
f 5281 5296 5297
f 5297 5296 5312
f 5297 5312 5313
f 5313 5312 5328
f 5235 5236 5280
f 5280 5236 5295
f 5280 5295 5296
f 5296 5295 5311
f 5296 5311 5312
f 5312 5311 5327
f 5312 5327 5328
f 5328 5327 5343
f 5236 5237 5295
f 5295 5237 5310
f 5295 5310 5311
f 5311 5310 5326
f 5311 5326 5327
f 5327 5326 5342
f 5327 5342 5343
f 5343 5342 5358
f 5237 5238 5310
f 5310 5238 5325
f 5310 5325 5326
f 5326 5325 5341
f 5326 5341 5342
f 5342 5341 5357
f 5342 5357 5358
f 5358 5357 5373
f 5238 5239 5325
f 5325 5239 5340
f 5325 5340 5341
f 5341 5340 5356
f 5341 5356 5357
f 5357 5356 5372
f 5357 5372 5373
f 5373 5372 5388
f 5239 5240 5340
f 5340 5240 5355
f 5340 5355 5356
f 5356 5355 5371
f 5356 5371 5372
f 5372 5371 5387
f 5372 5387 5388
f 5240 5241 5355
f 5355 5241 5370
f 5355 5370 5371
f 5371 5370 5386
f 5371 5386 5387
f 5241 5242 5370
f 5370 5242 5385
f 5370 5385 5386
f 5242 5243 5385
f 5247 5248 5475
f 5475 5248 5519
f 5475 5519 5518
f 5518 5519 5491
f 5518 5491 5492
f 5492 5491 5231
f 5492 5231 5230
f 5519 5248 5490
f 5490 5248 5249
f 5490 5249 5234
f 5234 5233 5490
f 5490 5233 5232
f 5490 5232 5491
f 5491 5232 5231
f 5499 5225 5500
f 5500 5225 5224
f 5500 5224 5501
f 5501 5224 5223
f 5501 5223 5502
f 5502 5223 5222
f 5502 5222 5503
f 5503 5222 5221
f 5503 5221 5504
f 5504 5221 5220
f 5504 5220 5250
f 5504 5250 5505
f 5505 5250 5251
f 5505 5251 5489
f 5489 5251 5252
f 5489 5252 5474
f 5474 5252 5253
f 5474 5253 5459
f 5459 5253 5254
f 5459 5254 5444
f 5444 5254 5255
f 5444 5255 5414
f 5414 5255 5256
f 5414 5256 5415
f 5415 5256 5399
f 5415 5399 5398
f 5398 5399 5383
f 5398 5383 5382
f 5382 5383 5367
f 5382 5367 5366
f 5366 5367 5351
f 5366 5351 5350
f 5350 5351 5335
f 5350 5335 5334
f 5334 5335 5319
f 5256 5257 5399
f 5399 5257 5384
f 5399 5384 5383
f 5383 5384 5368
f 5383 5368 5367
f 5367 5368 5352
f 5367 5352 5351
f 5351 5352 5336
f 5351 5336 5335
f 5335 5336 5320
f 5335 5320 5319
f 5319 5320 5304
f 5257 5258 5384
f 5384 5258 5369
f 5384 5369 5368
f 5368 5369 5353
f 5368 5353 5352
f 5352 5353 5337
f 5352 5337 5336
f 5336 5337 5321
f 5336 5321 5320
f 5320 5321 5305
f 5320 5305 5304
f 5304 5305 5289
f 5258 5259 5369
f 5369 5259 5354
f 5369 5354 5353
f 5353 5354 5338
f 5353 5338 5337
f 5337 5338 5322
f 5337 5322 5321
f 5321 5322 5306
f 5321 5306 5305
f 5305 5306 5290
f 5305 5290 5289
f 5289 5290 5274
f 5259 5260 5354
f 5354 5260 5339
f 5354 5339 5338
f 5338 5339 5323
f 5338 5323 5322
f 5322 5323 5307
f 5322 5307 5306
f 5306 5307 5291
f 5306 5291 5290
f 5290 5291 5275
f 5290 5275 5274
f 5260 5261 5339
f 5339 5261 5324
f 5339 5324 5323
f 5323 5324 5308
f 5323 5308 5307
f 5307 5308 5292
f 5307 5292 5291
f 5291 5292 5276
f 5291 5276 5275
f 5324 5261 5309
f 5309 5261 5262
f 5309 5262 5294
f 5294 5262 5263
f 5294 5263 5279
f 5279 5263 5264
f 5265 5281 5266
f 5266 5281 5282
f 5266 5282 5267
f 5267 5282 5283
f 5267 5283 5268
f 5276 5292 5277
f 5277 5292 5293
f 5277 5293 5278
f 5278 5293 5294
f 5278 5294 5279
f 5298 5283 5282
f 5298 5282 5297
f 5297 5282 5281
f 5309 5294 5293
f 5309 5293 5308
f 5308 5293 5292
f 5313 5298 5297
f 5324 5309 5308
f 5350 5334 5349
f 5350 5349 5365
f 5365 5349 5364
f 5365 5364 5380
f 5380 5364 5379
f 5380 5379 5395
f 5395 5379 5394
f 5395 5394 5419
f 5419 5394 5420
f 5419 5420 5410
f 5410 5420 5409
f 5410 5409 5440
f 5440 5409 5439
f 5440 5439 5455
f 5455 5439 5454
f 5455 5454 5470
f 5470 5454 5469
f 5470 5469 5485
f 5485 5469 5484
f 5485 5484 5509
f 5509 5484 5510
f 5509 5510 5500
f 5500 5510 5499
f 5350 5365 5366
f 5366 5365 5381
f 5366 5381 5382
f 5382 5381 5397
f 5382 5397 5398
f 5398 5397 5416
f 5398 5416 5415
f 5415 5416 5414
f 5381 5365 5380
f 5381 5380 5396
f 5396 5380 5395
f 5396 5395 5418
f 5418 5395 5419
f 5418 5419 5411
f 5411 5419 5410
f 5411 5410 5441
f 5441 5410 5440
f 5441 5440 5456
f 5456 5440 5455
f 5456 5455 5471
f 5471 5455 5470
f 5471 5470 5486
f 5486 5470 5485
f 5486 5485 5508
f 5508 5485 5509
f 5508 5509 5501
f 5501 5509 5500
f 5381 5396 5397
f 5397 5396 5417
f 5397 5417 5416
f 5416 5417 5413
f 5416 5413 5414
f 5414 5413 5444
f 5417 5396 5418
f 5428 5429 5401
f 5401 5429 5400
f 5401 5400 5431
f 5431 5400 5430
f 5431 5430 5446
f 5446 5430 5445
f 5446 5445 5461
f 5461 5445 5460
f 5461 5460 5476
f 5427 5428 5402
f 5402 5428 5401
f 5402 5401 5432
f 5432 5401 5431
f 5432 5431 5447
f 5447 5431 5446
f 5447 5446 5462
f 5462 5446 5461
f 5462 5461 5477
f 5477 5461 5476
f 5477 5476 5517
f 5426 5427 5403
f 5403 5427 5402
f 5403 5402 5433
f 5433 5402 5432
f 5433 5432 5448
f 5448 5432 5447
f 5448 5447 5463
f 5463 5447 5462
f 5463 5462 5478
f 5478 5462 5477
f 5478 5477 5516
f 5516 5477 5517
f 5516 5517 5493
f 5425 5426 5404
f 5404 5426 5403
f 5404 5403 5434
f 5434 5403 5433
f 5434 5433 5449
f 5449 5433 5448
f 5449 5448 5464
f 5464 5448 5463
f 5464 5463 5479
f 5479 5463 5478
f 5479 5478 5515
f 5515 5478 5516
f 5515 5516 5494
f 5494 5516 5493
f 5424 5425 5405
f 5405 5425 5404
f 5405 5404 5435
f 5435 5404 5434
f 5435 5434 5450
f 5450 5434 5449
f 5450 5449 5465
f 5465 5449 5464
f 5465 5464 5480
f 5480 5464 5479
f 5480 5479 5514
f 5514 5479 5515
f 5514 5515 5495
f 5495 5515 5494
f 5423 5424 5406
f 5406 5424 5405
f 5406 5405 5436
f 5436 5405 5435
f 5436 5435 5451
f 5451 5435 5450
f 5451 5450 5466
f 5466 5450 5465
f 5466 5465 5481
f 5481 5465 5480
f 5481 5480 5513
f 5513 5480 5514
f 5513 5514 5496
f 5496 5514 5495
f 5422 5423 5407
f 5407 5423 5406
f 5407 5406 5437
f 5437 5406 5436
f 5437 5436 5452
f 5452 5436 5451
f 5452 5451 5467
f 5467 5451 5466
f 5467 5466 5482
f 5482 5466 5481
f 5482 5481 5512
f 5512 5481 5513
f 5512 5513 5497
f 5497 5513 5496
f 5421 5422 5408
f 5408 5422 5407
f 5408 5407 5438
f 5438 5407 5437
f 5438 5437 5453
f 5453 5437 5452
f 5453 5452 5468
f 5468 5452 5467
f 5468 5467 5483
f 5483 5467 5482
f 5483 5482 5511
f 5511 5482 5512
f 5511 5512 5498
f 5498 5512 5497
f 5417 5418 5412
f 5412 5418 5411
f 5412 5411 5442
f 5442 5411 5441
f 5442 5441 5457
f 5457 5441 5456
f 5457 5456 5472
f 5472 5456 5471
f 5472 5471 5487
f 5487 5471 5486
f 5487 5486 5507
f 5507 5486 5508
f 5507 5508 5502
f 5502 5508 5501
f 5417 5412 5413
f 5413 5412 5443
f 5413 5443 5444
f 5444 5443 5459
f 5443 5412 5442
f 5443 5442 5458
f 5458 5442 5457
f 5458 5457 5473
f 5473 5457 5472
f 5473 5472 5488
f 5488 5472 5487
f 5488 5487 5506
f 5506 5487 5507
f 5506 5507 5503
f 5503 5507 5502
f 5474 5459 5458
f 5458 5459 5443
f 5474 5458 5473
f 5489 5474 5473
f 5489 5473 5488
f 5505 5489 5488
f 5505 5488 5506
f 5490 5491 5519
f 5505 5506 5504
f 5504 5506 5503
f 5564 5520 5579
f 5579 5520 5521
f 5579 5521 5578
f 5578 5521 5522
f 5578 5522 5577
f 5577 5522 5523
f 5577 5523 5576
f 5576 5523 5524
f 5576 5524 5575
f 5575 5524 5525
f 5575 5525 5574
f 5574 5525 5573
f 5574 5573 5589
f 5589 5573 5588
f 5589 5588 5604
f 5604 5588 5603
f 5604 5603 5619
f 5619 5603 5618
f 5619 5618 5634
f 5634 5618 5633
f 5634 5633 5649
f 5649 5633 5648
f 5649 5648 5664
f 5664 5648 5663
f 5664 5663 5679
f 5679 5663 5678
f 5679 5678 5694
f 5694 5678 5693
f 5694 5693 5720
f 5720 5693 5721
f 5720 5721 5709
f 5709 5721 5708
f 5709 5708 5739
f 5739 5708 5738
f 5739 5738 5754
f 5754 5738 5753
f 5754 5753 5769
f 5769 5753 5768
f 5769 5768 5784
f 5784 5768 5783
f 5784 5783 5810
f 5810 5783 5811
f 5810 5811 5799
f 5799 5811 5798
f 5799 5798 5525
f 5525 5798 5526
f 5526 5798 5797
f 5526 5797 5527
f 5527 5797 5796
f 5527 5796 5528
f 5528 5796 5795
f 5528 5795 5529
f 5529 5795 5794
f 5529 5794 5530
f 5530 5794 5793
f 5530 5793 5792
f 5792 5793 5817
f 5792 5817 5818
f 5818 5817 5776
f 5818 5776 5775
f 5775 5776 5760
f 5775 5760 5547
f 5547 5760 5546
f 5546 5760 5745
f 5546 5745 5545
f 5545 5745 5730
f 5545 5730 5544
f 5544 5730 5700
f 5544 5700 5543
f 5543 5700 5729
f 5543 5729 5685
f 5685 5729 5728
f 5685 5728 5686
f 5686 5728 5727
f 5686 5727 5687
f 5687 5727 5726
f 5687 5726 5688
f 5688 5726 5725
f 5688 5725 5689
f 5689 5725 5724
f 5689 5724 5690
f 5690 5724 5723
f 5690 5723 5691
f 5691 5723 5722
f 5691 5722 5692
f 5692 5722 5721
f 5692 5721 5693
f 5525 5526 5573
f 5573 5526 5572
f 5573 5572 5588
f 5588 5572 5587
f 5588 5587 5603
f 5603 5587 5602
f 5603 5602 5618
f 5618 5602 5617
f 5618 5617 5633
f 5633 5617 5632
f 5633 5632 5648
f 5648 5632 5647
f 5648 5647 5663
f 5663 5647 5662
f 5663 5662 5678
f 5678 5662 5677
f 5678 5677 5693
f 5693 5677 5692
f 5526 5527 5572
f 5572 5527 5571
f 5572 5571 5587
f 5587 5571 5586
f 5587 5586 5602
f 5602 5586 5601
f 5602 5601 5617
f 5617 5601 5616
f 5617 5616 5632
f 5632 5616 5631
f 5632 5631 5647
f 5647 5631 5646
f 5647 5646 5662
f 5662 5646 5661
f 5662 5661 5677
f 5677 5661 5676
f 5677 5676 5692
f 5692 5676 5691
f 5527 5528 5571
f 5571 5528 5570
f 5571 5570 5586
f 5586 5570 5585
f 5586 5585 5601
f 5601 5585 5600
f 5601 5600 5616
f 5616 5600 5615
f 5616 5615 5631
f 5631 5615 5630
f 5631 5630 5646
f 5646 5630 5645
f 5646 5645 5661
f 5661 5645 5660
f 5661 5660 5676
f 5676 5660 5675
f 5676 5675 5691
f 5691 5675 5690
f 5528 5529 5570
f 5570 5529 5569
f 5570 5569 5585
f 5585 5569 5584
f 5585 5584 5600
f 5600 5584 5599
f 5600 5599 5615
f 5615 5599 5614
f 5615 5614 5630
f 5630 5614 5629
f 5630 5629 5645
f 5645 5629 5644
f 5645 5644 5660
f 5660 5644 5659
f 5660 5659 5675
f 5675 5659 5674
f 5675 5674 5690
f 5690 5674 5689
f 5529 5530 5569
f 5569 5530 5568
f 5569 5568 5584
f 5584 5568 5583
f 5584 5583 5599
f 5599 5583 5598
f 5599 5598 5614
f 5614 5598 5613
f 5614 5613 5629
f 5629 5613 5628
f 5629 5628 5644
f 5644 5628 5643
f 5644 5643 5659
f 5659 5643 5658
f 5659 5658 5674
f 5674 5658 5673
f 5674 5673 5689
f 5689 5673 5688
f 5568 5530 5567
f 5567 5530 5531
f 5567 5531 5566
f 5566 5531 5532
f 5566 5532 5565
f 5565 5532 5533
f 5565 5533 5534
f 5534 5535 5565
f 5565 5535 5580
f 5565 5580 5581
f 5581 5580 5596
f 5581 5596 5597
f 5597 5596 5612
f 5597 5612 5613
f 5613 5612 5628
f 5535 5536 5580
f 5580 5536 5595
f 5580 5595 5596
f 5596 5595 5611
f 5596 5611 5612
f 5612 5611 5627
f 5612 5627 5628
f 5628 5627 5643
f 5536 5537 5595
f 5595 5537 5610
f 5595 5610 5611
f 5611 5610 5626
f 5611 5626 5627
f 5627 5626 5642
f 5627 5642 5643
f 5643 5642 5658
f 5537 5538 5610
f 5610 5538 5625
f 5610 5625 5626
f 5626 5625 5641
f 5626 5641 5642
f 5642 5641 5657
f 5642 5657 5658
f 5658 5657 5673
f 5538 5539 5625
f 5625 5539 5640
f 5625 5640 5641
f 5641 5640 5656
f 5641 5656 5657
f 5657 5656 5672
f 5657 5672 5673
f 5673 5672 5688
f 5539 5540 5640
f 5640 5540 5655
f 5640 5655 5656
f 5656 5655 5671
f 5656 5671 5672
f 5672 5671 5687
f 5672 5687 5688
f 5540 5541 5655
f 5655 5541 5670
f 5655 5670 5671
f 5671 5670 5686
f 5671 5686 5687
f 5541 5542 5670
f 5670 5542 5685
f 5670 5685 5686
f 5542 5543 5685
f 5547 5548 5775
f 5775 5548 5819
f 5775 5819 5818
f 5818 5819 5791
f 5818 5791 5792
f 5792 5791 5531
f 5792 5531 5530
f 5819 5548 5790
f 5790 5548 5549
f 5790 5549 5534
f 5534 5533 5790
f 5790 5533 5532
f 5790 5532 5791
f 5791 5532 5531
f 5799 5525 5800
f 5800 5525 5524
f 5800 5524 5801
f 5801 5524 5523
f 5801 5523 5802
f 5802 5523 5522
f 5802 5522 5803
f 5803 5522 5521
f 5803 5521 5804
f 5804 5521 5520
f 5804 5520 5550
f 5804 5550 5805
f 5805 5550 5551
f 5805 5551 5789
f 5789 5551 5552
f 5789 5552 5774
f 5774 5552 5553
f 5774 5553 5759
f 5759 5553 5554
f 5759 5554 5744
f 5744 5554 5555
f 5744 5555 5714
f 5714 5555 5556
f 5714 5556 5715
f 5715 5556 5699
f 5715 5699 5698
f 5698 5699 5683
f 5698 5683 5682
f 5682 5683 5667
f 5682 5667 5666
f 5666 5667 5651
f 5666 5651 5650
f 5650 5651 5635
f 5650 5635 5634
f 5634 5635 5619
f 5556 5557 5699
f 5699 5557 5684
f 5699 5684 5683
f 5683 5684 5668
f 5683 5668 5667
f 5667 5668 5652
f 5667 5652 5651
f 5651 5652 5636
f 5651 5636 5635
f 5635 5636 5620
f 5635 5620 5619
f 5619 5620 5604
f 5557 5558 5684
f 5684 5558 5669
f 5684 5669 5668
f 5668 5669 5653
f 5668 5653 5652
f 5652 5653 5637
f 5652 5637 5636
f 5636 5637 5621
f 5636 5621 5620
f 5620 5621 5605
f 5620 5605 5604
f 5604 5605 5589
f 5558 5559 5669
f 5669 5559 5654
f 5669 5654 5653
f 5653 5654 5638
f 5653 5638 5637
f 5637 5638 5622
f 5637 5622 5621
f 5621 5622 5606
f 5621 5606 5605
f 5605 5606 5590
f 5605 5590 5589
f 5589 5590 5574
f 5559 5560 5654
f 5654 5560 5639
f 5654 5639 5638
f 5638 5639 5623
f 5638 5623 5622
f 5622 5623 5607
f 5622 5607 5606
f 5606 5607 5591
f 5606 5591 5590
f 5590 5591 5575
f 5590 5575 5574
f 5560 5561 5639
f 5639 5561 5624
f 5639 5624 5623
f 5623 5624 5608
f 5623 5608 5607
f 5607 5608 5592
f 5607 5592 5591
f 5591 5592 5576
f 5591 5576 5575
f 5624 5561 5609
f 5609 5561 5562
f 5609 5562 5594
f 5594 5562 5563
f 5594 5563 5579
f 5579 5563 5564
f 5565 5581 5566
f 5566 5581 5582
f 5566 5582 5567
f 5567 5582 5583
f 5567 5583 5568
f 5576 5592 5577
f 5577 5592 5593
f 5577 5593 5578
f 5578 5593 5594
f 5578 5594 5579
f 5598 5583 5582
f 5598 5582 5597
f 5597 5582 5581
f 5609 5594 5593
f 5609 5593 5608
f 5608 5593 5592
f 5613 5598 5597
f 5624 5609 5608
f 5650 5634 5649
f 5650 5649 5665
f 5665 5649 5664
f 5665 5664 5680
f 5680 5664 5679
f 5680 5679 5695
f 5695 5679 5694
f 5695 5694 5719
f 5719 5694 5720
f 5719 5720 5710
f 5710 5720 5709
f 5710 5709 5740
f 5740 5709 5739
f 5740 5739 5755
f 5755 5739 5754
f 5755 5754 5770
f 5770 5754 5769
f 5770 5769 5785
f 5785 5769 5784
f 5785 5784 5809
f 5809 5784 5810
f 5809 5810 5800
f 5800 5810 5799
f 5650 5665 5666
f 5666 5665 5681
f 5666 5681 5682
f 5682 5681 5697
f 5682 5697 5698
f 5698 5697 5716
f 5698 5716 5715
f 5715 5716 5714
f 5681 5665 5680
f 5681 5680 5696
f 5696 5680 5695
f 5696 5695 5718
f 5718 5695 5719
f 5718 5719 5711
f 5711 5719 5710
f 5711 5710 5741
f 5741 5710 5740
f 5741 5740 5756
f 5756 5740 5755
f 5756 5755 5771
f 5771 5755 5770
f 5771 5770 5786
f 5786 5770 5785
f 5786 5785 5808
f 5808 5785 5809
f 5808 5809 5801
f 5801 5809 5800
f 5681 5696 5697
f 5697 5696 5717
f 5697 5717 5716
f 5716 5717 5713
f 5716 5713 5714
f 5714 5713 5744
f 5717 5696 5718
f 5728 5729 5701
f 5701 5729 5700
f 5701 5700 5731
f 5731 5700 5730
f 5731 5730 5746
f 5746 5730 5745
f 5746 5745 5761
f 5761 5745 5760
f 5761 5760 5776
f 5727 5728 5702
f 5702 5728 5701
f 5702 5701 5732
f 5732 5701 5731
f 5732 5731 5747
f 5747 5731 5746
f 5747 5746 5762
f 5762 5746 5761
f 5762 5761 5777
f 5777 5761 5776
f 5777 5776 5817
f 5726 5727 5703
f 5703 5727 5702
f 5703 5702 5733
f 5733 5702 5732
f 5733 5732 5748
f 5748 5732 5747
f 5748 5747 5763
f 5763 5747 5762
f 5763 5762 5778
f 5778 5762 5777
f 5778 5777 5816
f 5816 5777 5817
f 5816 5817 5793
f 5725 5726 5704
f 5704 5726 5703
f 5704 5703 5734
f 5734 5703 5733
f 5734 5733 5749
f 5749 5733 5748
f 5749 5748 5764
f 5764 5748 5763
f 5764 5763 5779
f 5779 5763 5778
f 5779 5778 5815
f 5815 5778 5816
f 5815 5816 5794
f 5794 5816 5793
f 5724 5725 5705
f 5705 5725 5704
f 5705 5704 5735
f 5735 5704 5734
f 5735 5734 5750
f 5750 5734 5749
f 5750 5749 5765
f 5765 5749 5764
f 5765 5764 5780
f 5780 5764 5779
f 5780 5779 5814
f 5814 5779 5815
f 5814 5815 5795
f 5795 5815 5794
f 5723 5724 5706
f 5706 5724 5705
f 5706 5705 5736
f 5736 5705 5735
f 5736 5735 5751
f 5751 5735 5750
f 5751 5750 5766
f 5766 5750 5765
f 5766 5765 5781
f 5781 5765 5780
f 5781 5780 5813
f 5813 5780 5814
f 5813 5814 5796
f 5796 5814 5795
f 5722 5723 5707
f 5707 5723 5706
f 5707 5706 5737
f 5737 5706 5736
f 5737 5736 5752
f 5752 5736 5751
f 5752 5751 5767
f 5767 5751 5766
f 5767 5766 5782
f 5782 5766 5781
f 5782 5781 5812
f 5812 5781 5813
f 5812 5813 5797
f 5797 5813 5796
f 5721 5722 5708
f 5708 5722 5707
f 5708 5707 5738
f 5738 5707 5737
f 5738 5737 5753
f 5753 5737 5752
f 5753 5752 5768
f 5768 5752 5767
f 5768 5767 5783
f 5783 5767 5782
f 5783 5782 5811
f 5811 5782 5812
f 5811 5812 5798
f 5798 5812 5797
f 5717 5718 5712
f 5712 5718 5711
f 5712 5711 5742
f 5742 5711 5741
f 5742 5741 5757
f 5757 5741 5756
f 5757 5756 5772
f 5772 5756 5771
f 5772 5771 5787
f 5787 5771 5786
f 5787 5786 5807
f 5807 5786 5808
f 5807 5808 5802
f 5802 5808 5801
f 5717 5712 5713
f 5713 5712 5743
f 5713 5743 5744
f 5744 5743 5759
f 5743 5712 5742
f 5743 5742 5758
f 5758 5742 5757
f 5758 5757 5773
f 5773 5757 5772
f 5773 5772 5788
f 5788 5772 5787
f 5788 5787 5806
f 5806 5787 5807
f 5806 5807 5803
f 5803 5807 5802
f 5774 5759 5758
f 5758 5759 5743
f 5774 5758 5773
f 5789 5774 5773
f 5789 5773 5788
f 5805 5789 5788
f 5805 5788 5806
f 5790 5791 5819
f 5805 5806 5804
f 5804 5806 5803
f 5820 5821 5854
f 5854 5821 5864
f 5854 5864 5855
f 5855 5864 5863
f 5855 5863 5872
f 5872 5863 5862
f 5872 5862 5873
f 5873 5862 5861
f 5873 5861 5874
f 5874 5861 5860
f 5874 5860 5875
f 5875 5860 5859
f 5875 5859 5876
f 5876 5859 5856
f 5876 5856 5877
f 5877 5856 5826
f 5877 5826 5865
f 5865 5826 5827
f 5865 5827 5891
f 5891 5827 5878
f 5891 5878 5879
f 5879 5878 5892
f 5879 5892 5893
f 5893 5892 5908
f 5893 5908 5907
f 5907 5908 5901
f 5907 5901 5902
f 5902 5901 5915
f 5902 5915 5916
f 5916 5915 5926
f 5916 5926 5925
f 5925 5926 5924
f 5925 5924 5848
f 5848 5924 5847
f 5847 5924 5939
f 5847 5939 5846
f 5846 5939 5938
f 5846 5938 5845
f 5845 5938 5952
f 5845 5952 5844
f 5844 5952 5959
f 5844 5959 5843
f 5843 5959 5966
f 5843 5966 5842
f 5842 5966 5973
f 5842 5973 5841
f 5841 5973 5980
f 5841 5980 5840
f 5840 5980 5987
f 5840 5987 5994
f 5994 5987 5986
f 5994 5986 5993
f 5993 5986 5985
f 5993 5985 5992
f 5992 5985 5984
f 5992 5984 5991
f 5991 5984 5983
f 5991 5983 5990
f 5990 5983 5982
f 5990 5982 5989
f 5989 5982 5981
f 5989 5981 5988
f 5988 5981 5839
f 5988 5839 5824
f 5864 5821 5863
f 5863 5821 5822
f 5863 5822 5862
f 5862 5822 5861
f 5861 5822 5860
f 5860 5822 5823
f 5860 5823 5859
f 5859 5823 5856
f 5823 5824 5856
f 5856 5824 5825
f 5856 5825 5826
f 5827 5828 5878
f 5878 5828 5858
f 5878 5858 5892
f 5892 5858 5909
f 5892 5909 5908
f 5908 5909 5900
f 5908 5900 5901
f 5901 5900 5914
f 5901 5914 5915
f 5915 5914 5927
f 5915 5927 5926
f 5926 5927 5923
f 5926 5923 5924
f 5924 5923 5939
f 5828 5829 5858
f 5858 5829 5910
f 5858 5910 5909
f 5909 5910 5899
f 5909 5899 5900
f 5900 5899 5913
f 5900 5913 5914
f 5914 5913 5928
f 5914 5928 5927
f 5927 5928 5922
f 5927 5922 5923
f 5923 5922 5940
f 5923 5940 5939
f 5939 5940 5938
f 5910 5829 5898
f 5898 5829 5830
f 5898 5830 5911
f 5911 5830 5831
f 5911 5831 5931
f 5931 5831 5918
f 5931 5918 5919
f 5919 5918 5944
f 5919 5944 5943
f 5943 5944 5934
f 5943 5934 5935
f 5935 5934 5949
f 5935 5949 5950
f 5950 5949 5957
f 5950 5957 5958
f 5958 5957 5965
f 5958 5965 5966
f 5966 5965 5973
f 5831 5832 5918
f 5918 5832 5945
f 5918 5945 5944
f 5944 5945 5933
f 5944 5933 5934
f 5934 5933 5948
f 5934 5948 5949
f 5949 5948 5956
f 5949 5956 5957
f 5957 5956 5964
f 5957 5964 5965
f 5965 5964 5972
f 5965 5972 5973
f 5973 5972 5980
f 5945 5832 5932
f 5932 5832 5833
f 5932 5833 5946
f 5946 5833 5834
f 5946 5834 5953
f 5953 5834 5835
f 5953 5835 5960
f 5960 5835 5836
f 5960 5836 5967
f 5967 5836 5837
f 5967 5837 5974
f 5974 5837 5838
f 5974 5838 5981
f 5981 5838 5839
f 5824 5823 5988
f 5988 5823 5822
f 5988 5822 5989
f 5989 5822 5990
f 5822 5821 5990
f 5990 5821 5991
f 5820 5993 5821
f 5821 5993 5992
f 5821 5992 5991
f 5993 5820 5994
f 5994 5820 5840
f 5925 5848 5917
f 5917 5848 5849
f 5917 5849 5904
f 5904 5849 5850
f 5904 5850 5857
f 5857 5850 5851
f 5857 5851 5897
f 5897 5851 5884
f 5897 5884 5883
f 5883 5884 5886
f 5883 5886 5887
f 5887 5886 5869
f 5887 5869 5868
f 5868 5869 5874
f 5868 5874 5875
f 5851 5852 5884
f 5884 5852 5885
f 5884 5885 5886
f 5886 5885 5870
f 5886 5870 5869
f 5869 5870 5873
f 5869 5873 5874
f 5885 5852 5871
f 5871 5852 5853
f 5871 5853 5855
f 5855 5853 5854
f 5876 5877 5866
f 5866 5877 5865
f 5866 5865 5890
f 5890 5865 5891
f 5890 5891 5879
f 5875 5876 5867
f 5867 5876 5866
f 5867 5866 5889
f 5889 5866 5890
f 5889 5890 5880
f 5880 5890 5879
f 5880 5879 5893
f 5875 5867 5868
f 5868 5867 5888
f 5868 5888 5887
f 5887 5888 5882
f 5887 5882 5883
f 5883 5882 5896
f 5883 5896 5897
f 5897 5896 5857
f 5888 5867 5889
f 5872 5873 5870
f 5855 5872 5871
f 5871 5872 5870
f 5871 5870 5885
f 5888 5889 5881
f 5881 5889 5880
f 5881 5880 5894
f 5894 5880 5893
f 5894 5893 5907
f 5888 5881 5882
f 5882 5881 5895
f 5882 5895 5896
f 5896 5895 5905
f 5896 5905 5857
f 5857 5905 5904
f 5895 5881 5894
f 5895 5894 5906
f 5906 5894 5907
f 5906 5907 5902
f 5910 5898 5899
f 5899 5898 5912
f 5899 5912 5913
f 5913 5912 5929
f 5913 5929 5928
f 5928 5929 5921
f 5928 5921 5922
f 5922 5921 5941
f 5922 5941 5940
f 5940 5941 5937
f 5940 5937 5938
f 5938 5937 5952
f 5902 5903 5906
f 5906 5903 5905
f 5906 5905 5895
f 5917 5904 5903
f 5903 5904 5905
f 5917 5903 5916
f 5916 5903 5902
f 5898 5911 5912
f 5912 5911 5930
f 5912 5930 5929
f 5929 5930 5920
f 5929 5920 5921
f 5921 5920 5942
f 5921 5942 5941
f 5941 5942 5936
f 5941 5936 5937
f 5937 5936 5951
f 5937 5951 5952
f 5952 5951 5959
f 5925 5917 5916
f 5931 5919 5930
f 5930 5919 5920
f 5942 5920 5943
f 5943 5920 5919
f 5911 5931 5930
f 5945 5932 5933
f 5933 5932 5947
f 5933 5947 5948
f 5948 5947 5955
f 5948 5955 5956
f 5956 5955 5963
f 5956 5963 5964
f 5964 5963 5971
f 5964 5971 5972
f 5972 5971 5979
f 5972 5979 5980
f 5980 5979 5987
f 5947 5932 5946
f 5942 5943 5935
f 5942 5935 5936
f 5936 5935 5950
f 5936 5950 5951
f 5951 5950 5958
f 5951 5958 5959
f 5959 5958 5966
f 5947 5946 5954
f 5954 5946 5953
f 5954 5953 5961
f 5961 5953 5960
f 5961 5960 5968
f 5968 5960 5967
f 5968 5967 5975
f 5975 5967 5974
f 5975 5974 5982
f 5982 5974 5981
f 5947 5954 5955
f 5955 5954 5962
f 5955 5962 5963
f 5963 5962 5970
f 5963 5970 5971
f 5971 5970 5978
f 5971 5978 5979
f 5979 5978 5986
f 5979 5986 5987
f 5962 5954 5961
f 5962 5961 5969
f 5969 5961 5968
f 5969 5968 5976
f 5976 5968 5975
f 5976 5975 5983
f 5983 5975 5982
f 5962 5969 5970
f 5970 5969 5977
f 5970 5977 5978
f 5978 5977 5985
f 5978 5985 5986
f 5977 5969 5976
f 5983 5984 5976
f 5976 5984 5977
f 5984 5985 5977
f 6138 5995 6159
f 6159 5995 5998
f 6159 5998 6000
f 6159 6000 6158
f 6158 6000 6003
f 6158 6003 6157
f 6157 6003 6156
f 6157 6156 6172
f 6172 6156 6171
f 6172 6171 6187
f 6187 6171 6186
f 6187 6186 6201
f 6201 6186 6200
f 6201 6200 6220
f 6220 6200 6221
f 6220 6221 6216
f 6216 6221 6215
f 6216 6215 6245
f 6245 6215 6244
f 6245 6244 6260
f 6260 6244 6259
f 6260 6259 6275
f 6275 6259 6274
f 6275 6274 6290
f 6290 6274 6289
f 6290 6289 6305
f 6305 6289 6304
f 6305 6304 6320
f 6320 6304 6319
f 6320 6319 6335
f 6335 6319 6334
f 6335 6334 6355
f 6355 6334 6356
f 6355 6356 6350
f 6350 6356 6349
f 6350 6349 6380
f 6380 6349 6379
f 6380 6379 6395
f 6395 6379 6394
f 6395 6394 6410
f 6410 6394 6409
f 6410 6409 6425
f 6425 6409 6424
f 6425 6424 6439
f 6439 6424 6438
f 6439 6438 6458
f 6458 6438 6459
f 6458 6459 6454
f 6454 6459 6453
f 6454 6453 6483
f 6483 6453 6482
f 6483 6482 6498
f 6498 6482 6497
f 6498 6497 6562
f 6562 6497 6563
f 6562 6563 6518
f 6518 6563 6519
f 6518 6519 6513
f 6513 6519 6512
f 6513 6512 6548
f 6548 6512 6549
f 6548 6549 6543
f 6543 6549 6542
f 6543 6542 6087
f 6087 6542 6085
f 6085 6542 6541
f 6085 6541 6082
f 6082 6541 6540
f 6082 6540 6081
f 6081 6540 6539
f 6081 6539 6538
f 6538 6539 6553
f 6538 6553 6554
f 6554 6553 6507
f 6554 6507 6506
f 6506 6507 6525
f 6506 6525 6526
f 6526 6525 6570
f 6526 6570 6571
f 6571 6570 6489
f 6571 6489 6488
f 6488 6489 6473
f 6488 6473 6472
f 6472 6473 6443
f 6472 6443 6442
f 6442 6443 6470
f 6442 6470 6053
f 6053 6470 6142
f 6053 6142 6052
f 6052 6142 6413
f 6052 6413 6049
f 6049 6413 6398
f 6049 6398 6047
f 6047 6398 6383
f 6047 6383 6045
f 6045 6383 6368
f 6045 6368 6044
f 6044 6368 6338
f 6044 6338 6041
f 6041 6338 6367
f 6041 6367 6323
f 6323 6367 6366
f 6323 6366 6324
f 6324 6366 6365
f 6324 6365 6325
f 6325 6365 6364
f 6325 6364 6326
f 6326 6364 6363
f 6326 6363 6327
f 6327 6363 6362
f 6327 6362 6328
f 6328 6362 6361
f 6328 6361 6329
f 6329 6361 6360
f 6329 6360 6330
f 6330 6360 6359
f 6330 6359 6331
f 6331 6359 6358
f 6331 6358 6332
f 6332 6358 6357
f 6332 6357 6333
f 6333 6357 6356
f 6333 6356 6334
f 6003 6004 6156
f 6156 6004 6155
f 6156 6155 6171
f 6171 6155 6170
f 6171 6170 6186
f 6186 6170 6185
f 6186 6185 6200
f 6200 6185 6199
f 6200 6199 6221
f 6221 6199 6222
f 6221 6222 6215
f 6215 6222 6214
f 6215 6214 6244
f 6244 6214 6243
f 6244 6243 6259
f 6259 6243 6258
f 6259 6258 6274
f 6274 6258 6273
f 6274 6273 6289
f 6289 6273 6288
f 6289 6288 6304
f 6304 6288 6303
f 6304 6303 6319
f 6319 6303 6318
f 6319 6318 6334
f 6334 6318 6333
f 6006 6153 6004
f 6004 6153 6154
f 6004 6154 6155
f 6155 6154 6170
f 6008 6151 6006
f 6006 6151 6152
f 6006 6152 6153
f 6153 6152 6168
f 6153 6168 6169
f 6169 6168 6184
f 6169 6184 6185
f 6185 6184 6199
f 6010 6149 6008
f 6008 6149 6150
f 6008 6150 6151
f 6151 6150 6166
f 6151 6166 6167
f 6167 6166 6182
f 6167 6182 6183
f 6183 6182 6197
f 6183 6197 6198
f 6198 6197 6223
f 6198 6223 6222
f 6222 6223 6214
f 6012 6147 6010
f 6010 6147 6148
f 6010 6148 6149
f 6149 6148 6164
f 6149 6164 6165
f 6165 6164 6180
f 6165 6180 6181
f 6181 6180 6195
f 6181 6195 6196
f 6196 6195 6225
f 6196 6225 6224
f 6224 6225 6212
f 6224 6212 6213
f 6213 6212 6242
f 6213 6242 6243
f 6243 6242 6258
f 6147 6012 6146
f 6146 6012 6014
f 6146 6014 6145
f 6145 6014 6017
f 6145 6017 6019
f 6145 6019 6160
f 6160 6019 6021
f 6160 6021 6175
f 6175 6021 6024
f 6175 6024 6140
f 6140 6024 6026
f 6140 6026 6232
f 6232 6026 6204
f 6232 6204 6205
f 6205 6204 6234
f 6205 6234 6235
f 6235 6234 6250
f 6235 6250 6251
f 6251 6250 6266
f 6251 6266 6267
f 6267 6266 6282
f 6267 6282 6283
f 6283 6282 6298
f 6283 6298 6299
f 6299 6298 6314
f 6299 6314 6315
f 6315 6314 6330
f 6315 6330 6331
f 6026 6028 6204
f 6204 6028 6233
f 6204 6233 6234
f 6234 6233 6249
f 6234 6249 6250
f 6250 6249 6265
f 6250 6265 6266
f 6266 6265 6281
f 6266 6281 6282
f 6282 6281 6297
f 6282 6297 6298
f 6298 6297 6313
f 6298 6313 6314
f 6314 6313 6329
f 6314 6329 6330
f 6028 6030 6233
f 6233 6030 6248
f 6233 6248 6249
f 6249 6248 6264
f 6249 6264 6265
f 6265 6264 6280
f 6265 6280 6281
f 6281 6280 6296
f 6281 6296 6297
f 6297 6296 6312
f 6297 6312 6313
f 6313 6312 6328
f 6313 6328 6329
f 6030 6032 6248
f 6248 6032 6263
f 6248 6263 6264
f 6264 6263 6279
f 6264 6279 6280
f 6280 6279 6295
f 6280 6295 6296
f 6296 6295 6311
f 6296 6311 6312
f 6312 6311 6327
f 6312 6327 6328
f 6032 6034 6263
f 6263 6034 6278
f 6263 6278 6279
f 6279 6278 6294
f 6279 6294 6295
f 6295 6294 6310
f 6295 6310 6311
f 6311 6310 6326
f 6311 6326 6327
f 6034 6036 6278
f 6278 6036 6293
f 6278 6293 6294
f 6294 6293 6309
f 6294 6309 6310
f 6310 6309 6325
f 6310 6325 6326
f 6036 6038 6293
f 6293 6038 6308
f 6293 6308 6309
f 6309 6308 6324
f 6309 6324 6325
f 6038 6040 6308
f 6308 6040 6323
f 6308 6323 6324
f 6040 6041 6323
f 6053 6056 6442
f 6442 6056 6471
f 6442 6471 6472
f 6472 6471 6487
f 6472 6487 6488
f 6488 6487 6572
f 6488 6572 6571
f 6571 6572 6527
f 6571 6527 6526
f 6526 6527 6505
f 6526 6505 6506
f 6506 6505 6555
f 6506 6555 6554
f 6554 6555 6537
f 6554 6537 6538
f 6538 6537 6078
f 6538 6078 6081
f 6056 6057 6471
f 6471 6057 6060
f 6471 6060 6486
f 6486 6060 6144
f 6486 6144 6573
f 6573 6144 6529
f 6573 6529 6528
f 6528 6529 6503
f 6528 6503 6504
f 6504 6503 6557
f 6504 6557 6556
f 6556 6557 6535
f 6556 6535 6536
f 6536 6535 6075
f 6536 6075 6077
f 6060 6061 6144
f 6144 6061 6530
f 6144 6530 6529
f 6529 6530 6502
f 6529 6502 6503
f 6503 6502 6558
f 6503 6558 6557
f 6557 6558 6534
f 6557 6534 6535
f 6535 6534 6075
f 6530 6061 6501
f 6501 6061 6063
f 6501 6063 6560
f 6560 6063 6531
f 6560 6531 6532
f 6532 6531 6070
f 6532 6070 6533
f 6533 6070 6073
f 6533 6073 6534
f 6534 6073 6075
f 6063 6066 6531
f 6531 6066 6069
f 6531 6069 6070
f 6536 6077 6537
f 6537 6077 6078
f 6090 6545 6087
f 6087 6545 6544
f 6087 6544 6543
f 6543 6544 6548
f 6090 6091 6545
f 6545 6091 6546
f 6545 6546 6547
f 6547 6546 6514
f 6547 6514 6513
f 6513 6514 6518
f 6091 6094 6546
f 6546 6094 6515
f 6546 6515 6514
f 6514 6515 6517
f 6514 6517 6518
f 6518 6517 6562
f 6094 6096 6515
f 6515 6096 6516
f 6515 6516 6517
f 6517 6516 6561
f 6517 6561 6562
f 6562 6561 6498
f 6096 6098 6516
f 6516 6098 6143
f 6516 6143 6561
f 6561 6143 6499
f 6561 6499 6498
f 6498 6499 6483
f 6098 6100 6143
f 6143 6100 6500
f 6143 6500 6499
f 6499 6500 6484
f 6499 6484 6483
f 6483 6484 6454
f 6500 6100 6485
f 6485 6100 6101
f 6485 6101 6104
f 6485 6104 6456
f 6456 6104 6105
f 6456 6105 6141
f 6141 6105 6108
f 6141 6108 6441
f 6441 6108 6427
f 6441 6427 6426
f 6426 6427 6411
f 6426 6411 6410
f 6410 6411 6395
f 6108 6110 6427
f 6427 6110 6412
f 6427 6412 6411
f 6411 6412 6396
f 6411 6396 6395
f 6395 6396 6380
f 6110 6112 6412
f 6412 6112 6397
f 6412 6397 6396
f 6396 6397 6381
f 6396 6381 6380
f 6380 6381 6350
f 6112 6114 6397
f 6397 6114 6382
f 6397 6382 6381
f 6381 6382 6351
f 6381 6351 6350
f 6350 6351 6355
f 6114 6115 6382
f 6382 6115 6352
f 6382 6352 6351
f 6351 6352 6354
f 6351 6354 6355
f 6355 6354 6335
f 6115 6118 6352
f 6352 6118 6353
f 6352 6353 6354
f 6354 6353 6336
f 6354 6336 6335
f 6335 6336 6320
f 6353 6118 6337
f 6337 6118 6120
f 6337 6120 6322
f 6322 6120 6121
f 6322 6121 6307
f 6307 6121 6123
f 6307 6123 6292
f 6292 6123 6125
f 6292 6125 6277
f 6277 6125 6128
f 6277 6128 6262
f 6262 6128 6129
f 6262 6129 6247
f 6247 6129 6132
f 6247 6132 6218
f 6218 6132 6134
f 6218 6134 6139
f 6139 6134 6135
f 6139 6135 6203
f 6203 6135 6189
f 6203 6189 6188
f 6188 6189 6173
f 6188 6173 6172
f 6172 6173 6157
f 6135 6138 6189
f 6189 6138 6174
f 6189 6174 6173
f 6173 6174 6158
f 6173 6158 6157
f 6174 6138 6159
f 6146 6145 6161
f 6161 6145 6160
f 6161 6160 6176
f 6176 6160 6175
f 6176 6175 6190
f 6190 6175 6140
f 6190 6140 6231
f 6231 6140 6232
f 6231 6232 6205
f 6147 6146 6162
f 6162 6146 6161
f 6162 6161 6177
f 6177 6161 6176
f 6177 6176 6191
f 6191 6176 6190
f 6191 6190 6230
f 6230 6190 6231
f 6230 6231 6206
f 6206 6231 6205
f 6206 6205 6235
f 6148 6147 6163
f 6163 6147 6162
f 6163 6162 6178
f 6178 6162 6177
f 6178 6177 6192
f 6192 6177 6191
f 6192 6191 6229
f 6229 6191 6230
f 6229 6230 6207
f 6207 6230 6206
f 6207 6206 6236
f 6236 6206 6235
f 6236 6235 6251
f 6166 6150 6165
f 6165 6150 6149
f 6168 6152 6167
f 6167 6152 6151
f 6170 6154 6169
f 6169 6154 6153
f 6174 6159 6158
f 6148 6163 6164
f 6164 6163 6179
f 6164 6179 6180
f 6180 6179 6194
f 6180 6194 6195
f 6195 6194 6226
f 6195 6226 6225
f 6225 6226 6211
f 6225 6211 6212
f 6212 6211 6241
f 6212 6241 6242
f 6242 6241 6257
f 6242 6257 6258
f 6258 6257 6273
f 6179 6163 6178
f 6182 6166 6181
f 6181 6166 6165
f 6184 6168 6183
f 6183 6168 6167
f 6185 6170 6169
f 6188 6172 6187
f 6179 6178 6193
f 6193 6178 6192
f 6193 6192 6228
f 6228 6192 6229
f 6228 6229 6208
f 6208 6229 6207
f 6208 6207 6237
f 6237 6207 6236
f 6237 6236 6252
f 6252 6236 6251
f 6252 6251 6267
f 6197 6182 6196
f 6196 6182 6181
f 6199 6184 6198
f 6198 6184 6183
f 6188 6187 6202
f 6202 6187 6201
f 6202 6201 6219
f 6219 6201 6220
f 6219 6220 6217
f 6217 6220 6216
f 6217 6216 6246
f 6246 6216 6245
f 6246 6245 6261
f 6261 6245 6260
f 6261 6260 6276
f 6276 6260 6275
f 6276 6275 6291
f 6291 6275 6290
f 6291 6290 6306
f 6306 6290 6305
f 6306 6305 6321
f 6321 6305 6320
f 6321 6320 6336
f 6179 6193 6194
f 6194 6193 6227
f 6194 6227 6226
f 6226 6227 6210
f 6226 6210 6211
f 6211 6210 6240
f 6211 6240 6241
f 6241 6240 6256
f 6241 6256 6257
f 6257 6256 6272
f 6257 6272 6273
f 6273 6272 6288
f 6227 6193 6228
f 6223 6197 6224
f 6224 6197 6196
f 6222 6199 6198
f 6139 6203 6202
f 6202 6203 6188
f 6139 6202 6219
f 6227 6228 6209
f 6209 6228 6208
f 6209 6208 6238
f 6238 6208 6237
f 6238 6237 6253
f 6253 6237 6252
f 6253 6252 6268
f 6268 6252 6267
f 6268 6267 6283
f 6227 6209 6210
f 6210 6209 6239
f 6210 6239 6240
f 6240 6239 6255
f 6240 6255 6256
f 6256 6255 6271
f 6256 6271 6272
f 6272 6271 6287
f 6272 6287 6288
f 6288 6287 6303
f 6239 6209 6238
f 6223 6224 6213
f 6243 6214 6213
f 6213 6214 6223
f 6139 6219 6218
f 6218 6219 6217
f 6218 6217 6247
f 6247 6217 6246
f 6247 6246 6262
f 6262 6246 6261
f 6262 6261 6277
f 6277 6261 6276
f 6277 6276 6292
f 6292 6276 6291
f 6292 6291 6307
f 6307 6291 6306
f 6307 6306 6322
f 6322 6306 6321
f 6322 6321 6337
f 6337 6321 6336
f 6337 6336 6353
f 6239 6238 6254
f 6254 6238 6253
f 6254 6253 6269
f 6269 6253 6268
f 6269 6268 6284
f 6284 6268 6283
f 6284 6283 6299
f 6239 6254 6255
f 6255 6254 6270
f 6255 6270 6271
f 6271 6270 6286
f 6271 6286 6287
f 6287 6286 6302
f 6287 6302 6303
f 6303 6302 6318
f 6270 6254 6269
f 6270 6269 6285
f 6285 6269 6284
f 6285 6284 6300
f 6300 6284 6299
f 6300 6299 6315
f 6270 6285 6286
f 6286 6285 6301
f 6286 6301 6302
f 6302 6301 6317
f 6302 6317 6318
f 6318 6317 6333
f 6301 6285 6300
f 6301 6300 6316
f 6316 6300 6315
f 6316 6315 6331
f 6301 6316 6317
f 6317 6316 6332
f 6317 6332 6333
f 6332 6316 6331
f 6366 6367 6339
f 6339 6367 6338
f 6339 6338 6369
f 6369 6338 6368
f 6369 6368 6384
f 6384 6368 6383
f 6384 6383 6399
f 6399 6383 6398
f 6399 6398 6414
f 6414 6398 6413
f 6414 6413 6428
f 6428 6413 6142
f 6428 6142 6469
f 6469 6142 6470
f 6469 6470 6443
f 6365 6366 6340
f 6340 6366 6339
f 6340 6339 6370
f 6370 6339 6369
f 6370 6369 6385
f 6385 6369 6384
f 6385 6384 6400
f 6400 6384 6399
f 6400 6399 6415
f 6415 6399 6414
f 6415 6414 6429
f 6429 6414 6428
f 6429 6428 6468
f 6468 6428 6469
f 6468 6469 6444
f 6444 6469 6443
f 6444 6443 6473
f 6364 6365 6341
f 6341 6365 6340
f 6341 6340 6371
f 6371 6340 6370
f 6371 6370 6386
f 6386 6370 6385
f 6386 6385 6401
f 6401 6385 6400
f 6401 6400 6416
f 6416 6400 6415
f 6416 6415 6430
f 6430 6415 6429
f 6430 6429 6467
f 6467 6429 6468
f 6467 6468 6445
f 6445 6468 6444
f 6445 6444 6474
f 6474 6444 6473
f 6474 6473 6489
f 6363 6364 6342
f 6342 6364 6341
f 6342 6341 6372
f 6372 6341 6371
f 6372 6371 6387
f 6387 6371 6386
f 6387 6386 6402
f 6402 6386 6401
f 6402 6401 6417
f 6417 6401 6416
f 6417 6416 6431
f 6431 6416 6430
f 6431 6430 6466
f 6466 6430 6467
f 6466 6467 6446
f 6446 6467 6445
f 6446 6445 6475
f 6475 6445 6474
f 6475 6474 6490
f 6490 6474 6489
f 6490 6489 6570
f 6362 6363 6343
f 6343 6363 6342
f 6343 6342 6373
f 6373 6342 6372
f 6373 6372 6388
f 6388 6372 6387
f 6388 6387 6403
f 6403 6387 6402
f 6403 6402 6418
f 6418 6402 6417
f 6418 6417 6432
f 6432 6417 6431
f 6432 6431 6465
f 6465 6431 6466
f 6465 6466 6447
f 6447 6466 6446
f 6447 6446 6476
f 6476 6446 6475
f 6476 6475 6491
f 6491 6475 6490
f 6491 6490 6569
f 6569 6490 6570
f 6569 6570 6525
f 6361 6362 6344
f 6344 6362 6343
f 6344 6343 6374
f 6374 6343 6373
f 6374 6373 6389
f 6389 6373 6388
f 6389 6388 6404
f 6404 6388 6403
f 6404 6403 6419
f 6419 6403 6418
f 6419 6418 6433
f 6433 6418 6432
f 6433 6432 6464
f 6464 6432 6465
f 6464 6465 6448
f 6448 6465 6447
f 6448 6447 6477
f 6477 6447 6476
f 6477 6476 6492
f 6492 6476 6491
f 6492 6491 6568
f 6568 6491 6569
f 6568 6569 6524
f 6524 6569 6525
f 6524 6525 6507
f 6360 6361 6345
f 6345 6361 6344
f 6345 6344 6375
f 6375 6344 6374
f 6375 6374 6390
f 6390 6374 6389
f 6390 6389 6405
f 6405 6389 6404
f 6405 6404 6420
f 6420 6404 6419
f 6420 6419 6434
f 6434 6419 6433
f 6434 6433 6463
f 6463 6433 6464
f 6463 6464 6449
f 6449 6464 6448
f 6449 6448 6478
f 6478 6448 6477
f 6478 6477 6493
f 6493 6477 6492
f 6493 6492 6567
f 6567 6492 6568
f 6567 6568 6523
f 6523 6568 6524
f 6523 6524 6508
f 6508 6524 6507
f 6508 6507 6553
f 6359 6360 6346
f 6346 6360 6345
f 6346 6345 6376
f 6376 6345 6375
f 6376 6375 6391
f 6391 6375 6390
f 6391 6390 6406
f 6406 6390 6405
f 6406 6405 6421
f 6421 6405 6420
f 6421 6420 6435
f 6435 6420 6434
f 6435 6434 6462
f 6462 6434 6463
f 6462 6463 6450
f 6450 6463 6449
f 6450 6449 6479
f 6479 6449 6478
f 6479 6478 6494
f 6494 6478 6493
f 6494 6493 6566
f 6566 6493 6567
f 6566 6567 6522
f 6522 6567 6523
f 6522 6523 6509
f 6509 6523 6508
f 6509 6508 6552
f 6552 6508 6553
f 6552 6553 6539
f 6358 6359 6347
f 6347 6359 6346
f 6347 6346 6377
f 6377 6346 6376
f 6377 6376 6392
f 6392 6376 6391
f 6392 6391 6407
f 6407 6391 6406
f 6407 6406 6422
f 6422 6406 6421
f 6422 6421 6436
f 6436 6421 6435
f 6436 6435 6461
f 6461 6435 6462
f 6461 6462 6451
f 6451 6462 6450
f 6451 6450 6480
f 6480 6450 6479
f 6480 6479 6495
f 6495 6479 6494
f 6495 6494 6565
f 6565 6494 6566
f 6565 6566 6521
f 6521 6566 6522
f 6521 6522 6510
f 6510 6522 6509
f 6510 6509 6551
f 6551 6509 6552
f 6551 6552 6540
f 6540 6552 6539
f 6357 6358 6348
f 6348 6358 6347
f 6348 6347 6378
f 6378 6347 6377
f 6378 6377 6393
f 6393 6377 6392
f 6393 6392 6408
f 6408 6392 6407
f 6408 6407 6423
f 6423 6407 6422
f 6423 6422 6437
f 6437 6422 6436
f 6437 6436 6460
f 6460 6436 6461
f 6460 6461 6452
f 6452 6461 6451
f 6452 6451 6481
f 6481 6451 6480
f 6481 6480 6496
f 6496 6480 6495
f 6496 6495 6564
f 6564 6495 6565
f 6564 6565 6520
f 6520 6565 6521
f 6520 6521 6511
f 6511 6521 6510
f 6511 6510 6550
f 6550 6510 6551
f 6550 6551 6541
f 6541 6551 6540
f 6356 6357 6349
f 6349 6357 6348
f 6349 6348 6379
f 6379 6348 6378
f 6379 6378 6394
f 6394 6378 6393
f 6394 6393 6409
f 6409 6393 6408
f 6409 6408 6424
f 6424 6408 6423
f 6424 6423 6438
f 6438 6423 6437
f 6438 6437 6459
f 6459 6437 6460
f 6459 6460 6453
f 6453 6460 6452
f 6453 6452 6482
f 6482 6452 6481
f 6482 6481 6497
f 6497 6481 6496
f 6497 6496 6563
f 6563 6496 6564
f 6563 6564 6519
f 6519 6564 6520
f 6519 6520 6512
f 6512 6520 6511
f 6512 6511 6549
f 6549 6511 6550
f 6549 6550 6542
f 6542 6550 6541
f 6426 6410 6425
f 6426 6425 6440
f 6440 6425 6439
f 6440 6439 6457
f 6457 6439 6458
f 6457 6458 6455
f 6455 6458 6454
f 6455 6454 6484
f 6141 6441 6440
f 6440 6441 6426
f 6141 6440 6457
f 6141 6457 6456
f 6456 6457 6455
f 6456 6455 6485
f 6485 6455 6484
f 6485 6484 6500
f 6471 6486 6487
f 6487 6486 6573
f 6487 6573 6572
f 6572 6573 6528
f 6572 6528 6527
f 6527 6528 6504
f 6527 6504 6505
f 6505 6504 6556
f 6505 6556 6555
f 6555 6556 6536
f 6555 6536 6537
f 6530 6501 6502
f 6502 6501 6559
f 6502 6559 6558
f 6558 6559 6533
f 6558 6533 6534
f 6547 6513 6548
f 6560 6532 6559
f 6559 6532 6533
f 6547 6548 6544
f 6544 6545 6547
f 6501 6560 6559
f 6724 6574 6756
f 6756 6574 6577
f 6756 6577 6579
f 6756 6579 6755
f 6755 6579 6582
f 6755 6582 6754
f 6754 6582 6583
f 6754 6583 6753
f 6753 6583 6752
f 6753 6752 6784
f 6784 6752 6785
f 6784 6785 6777
f 6777 6785 6776
f 6777 6776 6825
f 6825 6776 6824
f 6825 6824 6848
f 6848 6824 6847
f 6848 6847 6872
f 6872 6847 6871
f 6872 6871 6896
f 6896 6871 6895
f 6896 6895 6919
f 6919 6895 6918
f 6919 6918 6942
f 6942 6918 6941
f 6942 6941 6973
f 6973 6941 6974
f 6973 6974 6966
f 6966 6974 6965
f 6966 6965 7014
f 7014 6965 7013
f 7014 7013 7037
f 7037 7013 7036
f 7037 7036 7061
f 7061 7036 7060
f 7061 7060 7085
f 7085 7060 7084
f 7085 7084 7116
f 7116 7084 7117
f 7116 7117 7109
f 7109 7117 7108
f 7109 7108 7157
f 7157 7108 7156
f 7157 7156 7180
f 7180 7156 7179
f 7180 7179 7211
f 7211 7179 7212
f 7211 7212 7204
f 7204 7212 7203
f 7204 7203 7252
f 7252 7203 7251
f 7252 7251 7276
f 7276 7251 7275
f 7276 7275 7300
f 7300 7275 7299
f 7300 7299 7324
f 7324 7299 7323
f 7324 7323 7348
f 7348 7323 7347
f 7348 7347 7372
f 7372 7347 7371
f 7372 7371 7401
f 7401 7371 7402
f 7401 7402 7394
f 7394 7402 7393
f 7394 7393 7425
f 7425 7393 7426
f 7425 7426 6025
f 6025 7426 7427
f 6025 7427 6027
f 6027 7427 7428
f 6027 7428 6029
f 6029 7428 7429
f 6029 7429 6031
f 6031 7429 7430
f 6031 7430 6033
f 6033 7430 6035
f 6035 7430 7431
f 6035 7431 6037
f 6037 7431 7432
f 6037 7432 6039
f 6039 7432 7433
f 6039 7433 6042
f 6042 7433 7434
f 6042 7434 7435
f 7435 7434 7384
f 7435 7384 7383
f 7383 7384 7412
f 7383 7412 7413
f 7413 7412 7360
f 7413 7360 7359
f 7359 7360 7335
f 7359 7335 7334
f 7334 7335 7310
f 7334 7310 7309
f 7309 7310 7285
f 7309 7285 7284
f 7284 7285 7260
f 7284 7260 7259
f 7259 7260 7235
f 7259 7235 7234
f 7234 7235 7186
f 7234 7186 7185
f 7185 7186 7230
f 7185 7230 7231
f 7231 7230 6730
f 7231 6730 6656
f 6656 6730 6655
f 6655 6730 7137
f 6655 7137 6653
f 6653 7137 7089
f 6653 7089 6650
f 6650 7089 7136
f 6650 7136 7065
f 7065 7136 7135
f 7065 7135 7066
f 7066 7135 7134
f 7066 7134 7067
f 7067 7134 7133
f 7067 7133 7068
f 7068 7133 7132
f 7068 7132 7069
f 7069 7132 7131
f 7069 7131 7070
f 7070 7131 7130
f 7070 7130 7071
f 7071 7130 7129
f 7071 7129 7072
f 7072 7129 7128
f 7072 7128 7073
f 7073 7128 7127
f 7073 7127 7074
f 7074 7127 7126
f 7074 7126 7075
f 7075 7126 7125
f 7075 7125 7076
f 7076 7125 7124
f 7076 7124 7077
f 7077 7124 7123
f 7077 7123 7078
f 7078 7123 7122
f 7078 7122 7079
f 7079 7122 7121
f 7079 7121 7080
f 7080 7121 7120
f 7080 7120 7081
f 7081 7120 7119
f 7081 7119 7082
f 7082 7119 7118
f 7082 7118 7083
f 7083 7118 7117
f 7083 7117 7084
f 6583 6586 6752
f 6752 6586 6751
f 6752 6751 6785
f 6785 6751 6786
f 6785 6786 6776
f 6776 6786 6775
f 6776 6775 6824
f 6824 6775 6823
f 6824 6823 6847
f 6847 6823 6846
f 6847 6846 6871
f 6871 6846 6870
f 6871 6870 6895
f 6895 6870 6894
f 6895 6894 6918
f 6918 6894 6917
f 6918 6917 6941
f 6941 6917 6940
f 6941 6940 6974
f 6974 6940 6975
f 6974 6975 6965
f 6965 6975 6964
f 6965 6964 7013
f 7013 6964 7012
f 7013 7012 7036
f 7036 7012 7035
f 7036 7035 7060
f 7060 7035 7059
f 7060 7059 7084
f 7084 7059 7083
f 6586 6588 6751
f 6751 6588 6750
f 6751 6750 6786
f 6786 6750 6787
f 6786 6787 6775
f 6775 6787 6774
f 6775 6774 6823
f 6823 6774 6822
f 6823 6822 6846
f 6846 6822 6845
f 6846 6845 6870
f 6870 6845 6869
f 6870 6869 6894
f 6894 6869 6893
f 6894 6893 6917
f 6917 6893 6916
f 6917 6916 6940
f 6940 6916 6939
f 6940 6939 6975
f 6975 6939 6976
f 6975 6976 6964
f 6964 6976 6963
f 6964 6963 7012
f 7012 6963 7011
f 7012 7011 7035
f 7035 7011 7034
f 7035 7034 7059
f 7059 7034 7058
f 7059 7058 7083
f 7083 7058 7082
f 6750 6588 6749
f 6749 6588 6589
f 6749 6589 6748
f 6748 6589 6591
f 6748 6591 6593
f 6748 6593 6747
f 6747 6593 6596
f 6747 6596 6746
f 6746 6596 6597
f 6746 6597 6745
f 6745 6597 6600
f 6745 6600 6744
f 6744 6600 6743
f 6744 6743 6793
f 6793 6743 6794
f 6793 6794 6768
f 6768 6794 6767
f 6768 6767 6816
f 6816 6767 6815
f 6816 6815 6839
f 6839 6815 6838
f 6839 6838 6863
f 6863 6838 6862
f 6863 6862 6887
f 6887 6862 6886
f 6887 6886 6910
f 6910 6886 6909
f 6910 6909 6933
f 6933 6909 6932
f 6933 6932 6982
f 6982 6932 6983
f 6982 6983 6957
f 6957 6983 6956
f 6957 6956 7005
f 7005 6956 7004
f 7005 7004 7028
f 7028 7004 7027
f 7028 7027 7052
f 7052 7027 7051
f 7052 7051 7076
f 7076 7051 7075
f 6600 6601 6743
f 6743 6601 6742
f 6743 6742 6794
f 6794 6742 6795
f 6794 6795 6767
f 6767 6795 6766
f 6767 6766 6815
f 6815 6766 6814
f 6815 6814 6838
f 6838 6814 6837
f 6838 6837 6862
f 6862 6837 6861
f 6862 6861 6886
f 6886 6861 6885
f 6886 6885 6909
f 6909 6885 6908
f 6909 6908 6932
f 6932 6908 6931
f 6932 6931 6983
f 6983 6931 6984
f 6983 6984 6956
f 6956 6984 6955
f 6956 6955 7004
f 7004 6955 7003
f 7004 7003 7027
f 7027 7003 7026
f 7027 7026 7051
f 7051 7026 7050
f 7051 7050 7075
f 7075 7050 7074
f 6601 6603 6742
f 6742 6603 6606
f 6742 6606 6741
f 6741 6606 6607
f 6741 6607 6740
f 6740 6607 6610
f 6740 6610 6739
f 6739 6610 6612
f 6739 6612 6738
f 6738 6612 6614
f 6738 6614 6737
f 6737 6614 6615
f 6737 6615 6617
f 6737 6617 6736
f 6736 6617 6619
f 6736 6619 6735
f 6735 6619 6621
f 6735 6621 6734
f 6734 6621 6733
f 6734 6733 6803
f 6803 6733 6804
f 6803 6804 6758
f 6758 6804 6757
f 6758 6757 6806
f 6806 6757 6805
f 6806 6805 6829
f 6829 6805 6828
f 6829 6828 6853
f 6853 6828 6852
f 6853 6852 6877
f 6877 6852 6876
f 6877 6876 6900
f 6900 6876 6899
f 6900 6899 6923
f 6923 6899 6728
f 6923 6728 6992
f 6992 6728 6993
f 6992 6993 6947
f 6947 6993 6946
f 6947 6946 6995
f 6995 6946 6994
f 6995 6994 7018
f 7018 6994 6645
f 7018 6645 7017
f 7017 6645 6647
f 7017 6647 7018
f 7018 6647 7042
f 7018 7042 7043
f 7043 7042 7067
f 7043 7067 7068
f 6621 6624 6733
f 6733 6624 6626
f 6733 6626 6804
f 6804 6626 6757
f 6626 6628 6757
f 6757 6628 6805
f 6628 6631 6805
f 6805 6631 6828
f 6631 6633 6828
f 6828 6633 6852
f 6633 6635 6852
f 6852 6635 6876
f 6635 6636 6876
f 6876 6636 6899
f 6636 6638 6899
f 6899 6638 6728
f 6638 6641 6728
f 6728 6641 6993
f 6993 6641 6946
f 6946 6641 6643
f 6946 6643 6994
f 6994 6643 6645
f 7042 6647 7041
f 7041 6647 6649
f 7041 6649 7065
f 7065 6649 6650
f 7231 6656 7184
f 7184 6656 6659
f 7184 6659 7232
f 7232 6659 6661
f 7232 6661 7256
f 7256 6661 6663
f 7256 6663 6665
f 7256 6665 7280
f 7280 6665 6667
f 7280 6667 7304
f 7304 6667 6668
f 7304 6668 7328
f 7328 6668 6671
f 7328 6671 7352
f 7352 6671 6673
f 7352 6673 7421
f 7421 6673 6732
f 7421 6732 7375
f 7375 6732 7444
f 7375 7444 7443
f 7443 7444 6064
f 7443 6064 6062
f 6673 6067 6732
f 6732 6067 7445
f 6732 7445 7444
f 7444 7445 6064
f 6067 6064 7445
f 7443 6062 7442
f 7442 6062 6059
f 7442 6059 6058
f 7442 6058 7441
f 7441 6058 6055
f 7441 6055 6054
f 7441 6054 7440
f 7440 6054 6051
f 7440 6051 7439
f 7439 6051 7438
f 7439 7438 7380
f 7380 7438 7381
f 7380 7381 7415
f 7415 7381 7414
f 7415 7414 7358
f 7358 7414 7359
f 7358 7359 7334
f 6051 6050 7438
f 7438 6050 7437
f 7438 7437 7381
f 7381 7437 7382
f 7381 7382 7414
f 7414 7382 7413
f 7414 7413 7359
f 6050 6048 7437
f 7437 6048 6046
f 7437 6046 7436
f 7436 6046 6043
f 7436 6043 7435
f 7435 6043 6042
f 6025 6023 7425
f 7425 6023 7424
f 7425 7424 7394
f 7394 7424 7395
f 7394 7395 7401
f 7401 7395 7400
f 7401 7400 7372
f 7372 7400 7373
f 7372 7373 7348
f 7348 7373 7349
f 7348 7349 7324
f 7324 7349 7325
f 7324 7325 7300
f 7300 7325 7301
f 7300 7301 7276
f 7276 7301 7277
f 7276 7277 7252
f 7252 7277 7253
f 7252 7253 7204
f 7204 7253 7205
f 7204 7205 7211
f 7211 7205 7210
f 7211 7210 7180
f 7180 7210 7181
f 7180 7181 7157
f 7157 7181 7158
f 7157 7158 7109
f 7109 7158 7110
f 7109 7110 7116
f 7116 7110 7115
f 7116 7115 7085
f 7085 7115 7086
f 7085 7086 7061
f 7061 7086 7062
f 7061 7062 7037
f 7037 7062 7038
f 7037 7038 7014
f 7014 7038 7015
f 7014 7015 6966
f 6966 7015 6967
f 6966 6967 6973
f 6973 6967 6972
f 6973 6972 6942
f 6942 6972 6943
f 6942 6943 6919
f 6919 6943 6920
f 6919 6920 6896
f 6896 6920 6897
f 6896 6897 6872
f 6872 6897 6873
f 6872 6873 6848
f 6848 6873 6849
f 6848 6849 6825
f 6825 6849 6826
f 6825 6826 6777
f 6777 6826 6778
f 6777 6778 6784
f 6784 6778 6783
f 6784 6783 6753
f 6753 6783 6754
f 7424 6023 7423
f 7423 6023 6022
f 7423 6022 6020
f 7423 6020 7422
f 7422 6020 6018
f 7422 6018 6674
f 7422 6674 7397
f 7397 6674 6676
f 7397 6676 7398
f 7398 6676 6679
f 7398 6679 6731
f 6731 6679 6680
f 6731 6680 7351
f 7351 6680 6682
f 7351 6682 7327
f 7327 6682 6684
f 7327 6684 7303
f 7303 6684 6687
f 7303 6687 7279
f 7279 6687 6688
f 7279 6688 7255
f 7255 6688 6690
f 7255 6690 7207
f 7207 6690 6692
f 7207 6692 7208
f 7208 6692 6695
f 7208 6695 7183
f 7183 6695 6697
f 7183 6697 7160
f 7160 6697 6698
f 7160 6698 7112
f 7112 6698 6700
f 7112 6700 7113
f 7113 6700 7088
f 7113 7088 7087
f 7087 7088 6702
f 7087 6702 7063
f 7063 6702 7064
f 7063 7064 6704
f 6704 7064 6702
f 6700 6702 7088
f 6706 7040 6704
f 6704 7040 7039
f 6704 7039 7063
f 7063 7039 7038
f 7063 7038 7062
f 6708 6729 6706
f 6706 6729 7016
f 6706 7016 7040
f 7040 7016 7039
f 6708 6710 6729
f 6729 6710 6969
f 6729 6969 6968
f 6968 6969 6971
f 6968 6971 6972
f 6972 6971 6943
f 6969 6710 6970
f 6970 6710 6713
f 6970 6713 6945
f 6945 6713 6715
f 6945 6715 6922
f 6922 6715 6727
f 6922 6727 6898
f 6898 6727 6874
f 6898 6874 6873
f 6873 6874 6849
f 6715 6717 6727
f 6727 6717 6875
f 6727 6875 6874
f 6874 6875 6850
f 6874 6850 6849
f 6849 6850 6826
f 6717 6718 6875
f 6875 6718 6850
f 6850 6718 6851
f 6851 6718 6721
f 6851 6721 6726
f 6726 6721 6723
f 6726 6723 6779
f 6779 6723 6780
f 6779 6780 6782
f 6782 6780 6781
f 6782 6781 6755
f 6755 6781 6756
f 6723 6724 6780
f 6780 6724 6781
f 6781 6724 6756
f 6735 6734 6802
f 6802 6734 6803
f 6802 6803 6759
f 6759 6803 6758
f 6759 6758 6807
f 6807 6758 6806
f 6807 6806 6830
f 6830 6806 6829
f 6830 6829 6854
f 6854 6829 6853
f 6854 6853 6878
f 6878 6853 6877
f 6878 6877 6901
f 6901 6877 6900
f 6901 6900 6924
f 6924 6900 6923
f 6924 6923 6991
f 6991 6923 6992
f 6991 6992 6948
f 6948 6992 6947
f 6948 6947 6996
f 6996 6947 6995
f 6996 6995 7019
f 7019 6995 7018
f 7019 7018 7043
f 6736 6735 6801
f 6801 6735 6802
f 6801 6802 6760
f 6760 6802 6759
f 6760 6759 6808
f 6808 6759 6807
f 6808 6807 6831
f 6831 6807 6830
f 6831 6830 6855
f 6855 6830 6854
f 6855 6854 6879
f 6879 6854 6878
f 6879 6878 6902
f 6902 6878 6901
f 6902 6901 6925
f 6925 6901 6924
f 6925 6924 6990
f 6990 6924 6991
f 6990 6991 6949
f 6949 6991 6948
f 6949 6948 6997
f 6997 6948 6996
f 6997 6996 7020
f 7020 6996 7019
f 7020 7019 7044
f 7044 7019 7043
f 7044 7043 7068
f 6737 6736 6800
f 6800 6736 6801
f 6800 6801 6761
f 6761 6801 6760
f 6761 6760 6809
f 6809 6760 6808
f 6809 6808 6832
f 6832 6808 6831
f 6832 6831 6856
f 6856 6831 6855
f 6856 6855 6880
f 6880 6855 6879
f 6880 6879 6903
f 6903 6879 6902
f 6903 6902 6926
f 6926 6902 6925
f 6926 6925 6989
f 6989 6925 6990
f 6989 6990 6950
f 6950 6990 6949
f 6950 6949 6998
f 6998 6949 6997
f 6998 6997 7021
f 7021 6997 7020
f 7021 7020 7045
f 7045 7020 7044
f 7045 7044 7069
f 7069 7044 7068
f 6738 6737 6799
f 6799 6737 6800
f 6799 6800 6762
f 6762 6800 6761
f 6762 6761 6810
f 6810 6761 6809
f 6810 6809 6833
f 6833 6809 6832
f 6833 6832 6857
f 6857 6832 6856
f 6857 6856 6881
f 6881 6856 6880
f 6881 6880 6904
f 6904 6880 6903
f 6904 6903 6927
f 6927 6903 6926
f 6927 6926 6988
f 6988 6926 6989
f 6988 6989 6951
f 6951 6989 6950
f 6951 6950 6999
f 6999 6950 6998
f 6999 6998 7022
f 7022 6998 7021
f 7022 7021 7046
f 7046 7021 7045
f 7046 7045 7070
f 7070 7045 7069
f 6739 6738 6798
f 6798 6738 6799
f 6798 6799 6763
f 6763 6799 6762
f 6763 6762 6811
f 6811 6762 6810
f 6811 6810 6834
f 6834 6810 6833
f 6834 6833 6858
f 6858 6833 6857
f 6858 6857 6882
f 6882 6857 6881
f 6882 6881 6905
f 6905 6881 6904
f 6905 6904 6928
f 6928 6904 6927
f 6928 6927 6987
f 6987 6927 6988
f 6987 6988 6952
f 6952 6988 6951
f 6952 6951 7000
f 7000 6951 6999
f 7000 6999 7023
f 7023 6999 7022
f 7023 7022 7047
f 7047 7022 7046
f 7047 7046 7071
f 7071 7046 7070
f 6740 6739 6797
f 6797 6739 6798
f 6797 6798 6764
f 6764 6798 6763
f 6764 6763 6812
f 6812 6763 6811
f 6812 6811 6835
f 6835 6811 6834
f 6835 6834 6859
f 6859 6834 6858
f 6859 6858 6883
f 6883 6858 6882
f 6883 6882 6906
f 6906 6882 6905
f 6906 6905 6929
f 6929 6905 6928
f 6929 6928 6986
f 6986 6928 6987
f 6986 6987 6953
f 6953 6987 6952
f 6953 6952 7001
f 7001 6952 7000
f 7001 7000 7024
f 7024 7000 7023
f 7024 7023 7048
f 7048 7023 7047
f 7048 7047 7072
f 7072 7047 7071
f 6795 6742 6741
f 6741 6740 6796
f 6796 6740 6797
f 6796 6797 6765
f 6765 6797 6764
f 6765 6764 6813
f 6813 6764 6812
f 6813 6812 6836
f 6836 6812 6835
f 6836 6835 6860
f 6860 6835 6859
f 6860 6859 6884
f 6884 6859 6883
f 6884 6883 6907
f 6907 6883 6906
f 6907 6906 6930
f 6930 6906 6929
f 6930 6929 6985
f 6985 6929 6986
f 6985 6986 6954
f 6954 6986 6953
f 6954 6953 7002
f 7002 6953 7001
f 7002 7001 7025
f 7025 7001 7024
f 7025 7024 7049
f 7049 7024 7048
f 7049 7048 7073
f 7073 7048 7072
f 6745 6744 6792
f 6792 6744 6793
f 6792 6793 6769
f 6769 6793 6768
f 6769 6768 6817
f 6817 6768 6816
f 6817 6816 6840
f 6840 6816 6839
f 6840 6839 6864
f 6864 6839 6863
f 6864 6863 6888
f 6888 6863 6887
f 6888 6887 6911
f 6911 6887 6910
f 6911 6910 6934
f 6934 6910 6933
f 6934 6933 6981
f 6981 6933 6982
f 6981 6982 6958
f 6958 6982 6957
f 6958 6957 7006
f 7006 6957 7005
f 7006 7005 7029
f 7029 7005 7028
f 7029 7028 7053
f 7053 7028 7052
f 7053 7052 7077
f 7077 7052 7076
f 6746 6745 6791
f 6791 6745 6792
f 6791 6792 6770
f 6770 6792 6769
f 6770 6769 6818
f 6818 6769 6817
f 6818 6817 6841
f 6841 6817 6840
f 6841 6840 6865
f 6865 6840 6864
f 6865 6864 6889
f 6889 6864 6888
f 6889 6888 6912
f 6912 6888 6911
f 6912 6911 6935
f 6935 6911 6934
f 6935 6934 6980
f 6980 6934 6981
f 6980 6981 6959
f 6959 6981 6958
f 6959 6958 7007
f 7007 6958 7006
f 7007 7006 7030
f 7030 7006 7029
f 7030 7029 7054
f 7054 7029 7053
f 7054 7053 7078
f 7078 7053 7077
f 6747 6746 6790
f 6790 6746 6791
f 6790 6791 6771
f 6771 6791 6770
f 6771 6770 6819
f 6819 6770 6818
f 6819 6818 6842
f 6842 6818 6841
f 6842 6841 6866
f 6866 6841 6865
f 6866 6865 6890
f 6890 6865 6889
f 6890 6889 6913
f 6913 6889 6912
f 6913 6912 6936
f 6936 6912 6935
f 6936 6935 6979
f 6979 6935 6980
f 6979 6980 6960
f 6960 6980 6959
f 6960 6959 7008
f 7008 6959 7007
f 7008 7007 7031
f 7031 7007 7030
f 7031 7030 7055
f 7055 7030 7054
f 7055 7054 7079
f 7079 7054 7078
f 6748 6747 6789
f 6789 6747 6790
f 6789 6790 6772
f 6772 6790 6771
f 6772 6771 6820
f 6820 6771 6819
f 6820 6819 6843
f 6843 6819 6842
f 6843 6842 6867
f 6867 6842 6866
f 6867 6866 6891
f 6891 6866 6890
f 6891 6890 6914
f 6914 6890 6913
f 6914 6913 6937
f 6937 6913 6936
f 6937 6936 6978
f 6978 6936 6979
f 6978 6979 6961
f 6961 6979 6960
f 6961 6960 7009
f 7009 6960 7008
f 7009 7008 7032
f 7032 7008 7031
f 7032 7031 7056
f 7056 7031 7055
f 7056 7055 7080
f 7080 7055 7079
f 6787 6750 6749
f 6749 6748 6788
f 6788 6748 6789
f 6788 6789 6773
f 6773 6789 6772
f 6773 6772 6821
f 6821 6772 6820
f 6821 6820 6844
f 6844 6820 6843
f 6844 6843 6868
f 6868 6843 6867
f 6868 6867 6892
f 6892 6867 6891
f 6892 6891 6915
f 6915 6891 6914
f 6915 6914 6938
f 6938 6914 6937
f 6938 6937 6977
f 6977 6937 6978
f 6977 6978 6962
f 6962 6978 6961
f 6962 6961 7010
f 7010 6961 7009
f 7010 7009 7033
f 7033 7009 7032
f 7033 7032 7057
f 7057 7032 7056
f 7057 7056 7081
f 7081 7056 7080
f 6782 6755 6754
f 6782 6754 6783
f 6765 6766 6796
f 6796 6766 6795
f 6796 6795 6741
f 6766 6765 6814
f 6814 6765 6813
f 6814 6813 6837
f 6837 6813 6836
f 6837 6836 6861
f 6861 6836 6860
f 6861 6860 6885
f 6885 6860 6884
f 6885 6884 6908
f 6908 6884 6907
f 6908 6907 6931
f 6931 6907 6930
f 6931 6930 6984
f 6984 6930 6985
f 6984 6985 6955
f 6955 6985 6954
f 6955 6954 7003
f 7003 6954 7002
f 7003 7002 7026
f 7026 7002 7025
f 7026 7025 7050
f 7050 7025 7049
f 7050 7049 7074
f 7074 7049 7073
f 6773 6774 6788
f 6788 6774 6787
f 6788 6787 6749
f 6774 6773 6822
f 6822 6773 6821
f 6822 6821 6845
f 6845 6821 6844
f 6845 6844 6869
f 6869 6844 6868
f 6869 6868 6893
f 6893 6868 6892
f 6893 6892 6916
f 6916 6892 6915
f 6916 6915 6939
f 6939 6915 6938
f 6939 6938 6976
f 6976 6938 6977
f 6976 6977 6963
f 6963 6977 6962
f 6963 6962 7011
f 7011 6962 7010
f 7011 7010 7034
f 7034 7010 7033
f 7034 7033 7058
f 7058 7033 7057
f 7058 7057 7082
f 7082 7057 7081
f 6782 6783 6779
f 6779 6783 6778
f 6779 6778 6827
f 6827 6778 6826
f 6827 6826 6850
f 6726 6779 6827
f 6851 6726 6827
f 6851 6827 6850
f 6898 6873 6897
f 6898 6897 6921
f 6921 6897 6920
f 6921 6920 6944
f 6944 6920 6943
f 6944 6943 6971
f 6945 6922 6921
f 6921 6922 6898
f 6945 6921 6944
f 6970 6945 6944
f 6970 6944 6971
f 6972 6967 6968
f 6968 6967 7016
f 6968 7016 6729
f 7016 6967 7015
f 6970 6971 6969
f 7039 7016 7015
f 7039 7015 7038
f 7065 7066 7041
f 7041 7066 7042
f 7066 7067 7042
f 7087 7063 7062
f 7087 7062 7086
f 7087 7086 7114
f 7114 7086 7115
f 7114 7115 7111
f 7111 7115 7110
f 7111 7110 7159
f 7159 7110 7158
f 7159 7158 7182
f 7182 7158 7181
f 7182 7181 7209
f 7209 7181 7210
f 7209 7210 7206
f 7206 7210 7205
f 7206 7205 7254
f 7254 7205 7253
f 7254 7253 7278
f 7278 7253 7277
f 7278 7277 7302
f 7302 7277 7301
f 7302 7301 7326
f 7326 7301 7325
f 7326 7325 7350
f 7350 7325 7349
f 7350 7349 7374
f 7374 7349 7373
f 7374 7373 7399
f 7399 7373 7400
f 7399 7400 7396
f 7396 7400 7395
f 7396 7395 7423
f 7423 7395 7424
f 7135 7136 7090
f 7090 7136 7089
f 7090 7089 7138
f 7138 7089 7137
f 7138 7137 7161
f 7161 7137 6730
f 7161 6730 7230
f 7134 7135 7091
f 7091 7135 7090
f 7091 7090 7139
f 7139 7090 7138
f 7139 7138 7162
f 7162 7138 7161
f 7162 7161 7229
f 7229 7161 7230
f 7229 7230 7186
f 7133 7134 7092
f 7092 7134 7091
f 7092 7091 7140
f 7140 7091 7139
f 7140 7139 7163
f 7163 7139 7162
f 7163 7162 7228
f 7228 7162 7229
f 7228 7229 7187
f 7187 7229 7186
f 7187 7186 7235
f 7132 7133 7093
f 7093 7133 7092
f 7093 7092 7141
f 7141 7092 7140
f 7141 7140 7164
f 7164 7140 7163
f 7164 7163 7227
f 7227 7163 7228
f 7227 7228 7188
f 7188 7228 7187
f 7188 7187 7236
f 7236 7187 7235
f 7236 7235 7260
f 7131 7132 7094
f 7094 7132 7093
f 7094 7093 7142
f 7142 7093 7141
f 7142 7141 7165
f 7165 7141 7164
f 7165 7164 7226
f 7226 7164 7227
f 7226 7227 7189
f 7189 7227 7188
f 7189 7188 7237
f 7237 7188 7236
f 7237 7236 7261
f 7261 7236 7260
f 7261 7260 7285
f 7130 7131 7095
f 7095 7131 7094
f 7095 7094 7143
f 7143 7094 7142
f 7143 7142 7166
f 7166 7142 7165
f 7166 7165 7225
f 7225 7165 7226
f 7225 7226 7190
f 7190 7226 7189
f 7190 7189 7238
f 7238 7189 7237
f 7238 7237 7262
f 7262 7237 7261
f 7262 7261 7286
f 7286 7261 7285
f 7286 7285 7310
f 7129 7130 7096
f 7096 7130 7095
f 7096 7095 7144
f 7144 7095 7143
f 7144 7143 7167
f 7167 7143 7166
f 7167 7166 7224
f 7224 7166 7225
f 7224 7225 7191
f 7191 7225 7190
f 7191 7190 7239
f 7239 7190 7238
f 7239 7238 7263
f 7263 7238 7262
f 7263 7262 7287
f 7287 7262 7286
f 7287 7286 7311
f 7311 7286 7310
f 7311 7310 7335
f 7128 7129 7097
f 7097 7129 7096
f 7097 7096 7145
f 7145 7096 7144
f 7145 7144 7168
f 7168 7144 7167
f 7168 7167 7223
f 7223 7167 7224
f 7223 7224 7192
f 7192 7224 7191
f 7192 7191 7240
f 7240 7191 7239
f 7240 7239 7264
f 7264 7239 7263
f 7264 7263 7288
f 7288 7263 7287
f 7288 7287 7312
f 7312 7287 7311
f 7312 7311 7336
f 7336 7311 7335
f 7336 7335 7360
f 7127 7128 7098
f 7098 7128 7097
f 7098 7097 7146
f 7146 7097 7145
f 7146 7145 7169
f 7169 7145 7168
f 7169 7168 7222
f 7222 7168 7223
f 7222 7223 7193
f 7193 7223 7192
f 7193 7192 7241
f 7241 7192 7240
f 7241 7240 7265
f 7265 7240 7264
f 7265 7264 7289
f 7289 7264 7288
f 7289 7288 7313
f 7313 7288 7312
f 7313 7312 7337
f 7337 7312 7336
f 7337 7336 7361
f 7361 7336 7360
f 7361 7360 7412
f 7126 7127 7099
f 7099 7127 7098
f 7099 7098 7147
f 7147 7098 7146
f 7147 7146 7170
f 7170 7146 7169
f 7170 7169 7221
f 7221 7169 7222
f 7221 7222 7194
f 7194 7222 7193
f 7194 7193 7242
f 7242 7193 7241
f 7242 7241 7266
f 7266 7241 7265
f 7266 7265 7290
f 7290 7265 7289
f 7290 7289 7314
f 7314 7289 7313
f 7314 7313 7338
f 7338 7313 7337
f 7338 7337 7362
f 7362 7337 7361
f 7362 7361 7411
f 7411 7361 7412
f 7411 7412 7384
f 7125 7126 7100
f 7100 7126 7099
f 7100 7099 7148
f 7148 7099 7147
f 7148 7147 7171
f 7171 7147 7170
f 7171 7170 7220
f 7220 7170 7221
f 7220 7221 7195
f 7195 7221 7194
f 7195 7194 7243
f 7243 7194 7242
f 7243 7242 7267
f 7267 7242 7266
f 7267 7266 7291
f 7291 7266 7290
f 7291 7290 7315
f 7315 7290 7314
f 7315 7314 7339
f 7339 7314 7338
f 7339 7338 7363
f 7363 7338 7362
f 7363 7362 7410
f 7410 7362 7411
f 7410 7411 7385
f 7385 7411 7384
f 7385 7384 7434
f 7124 7125 7101
f 7101 7125 7100
f 7101 7100 7149
f 7149 7100 7148
f 7149 7148 7172
f 7172 7148 7171
f 7172 7171 7219
f 7219 7171 7220
f 7219 7220 7196
f 7196 7220 7195
f 7196 7195 7244
f 7244 7195 7243
f 7244 7243 7268
f 7268 7243 7267
f 7268 7267 7292
f 7292 7267 7291
f 7292 7291 7316
f 7316 7291 7315
f 7316 7315 7340
f 7340 7315 7339
f 7340 7339 7364
f 7364 7339 7363
f 7364 7363 7409
f 7409 7363 7410
f 7409 7410 7386
f 7386 7410 7385
f 7386 7385 7433
f 7433 7385 7434
f 7123 7124 7102
f 7102 7124 7101
f 7102 7101 7150
f 7150 7101 7149
f 7150 7149 7173
f 7173 7149 7172
f 7173 7172 7218
f 7218 7172 7219
f 7218 7219 7197
f 7197 7219 7196
f 7197 7196 7245
f 7245 7196 7244
f 7245 7244 7269
f 7269 7244 7268
f 7269 7268 7293
f 7293 7268 7292
f 7293 7292 7317
f 7317 7292 7316
f 7317 7316 7341
f 7341 7316 7340
f 7341 7340 7365
f 7365 7340 7364
f 7365 7364 7408
f 7408 7364 7409
f 7408 7409 7387
f 7387 7409 7386
f 7387 7386 7432
f 7432 7386 7433
f 7122 7123 7103
f 7103 7123 7102
f 7103 7102 7151
f 7151 7102 7150
f 7151 7150 7174
f 7174 7150 7173
f 7174 7173 7217
f 7217 7173 7218
f 7217 7218 7198
f 7198 7218 7197
f 7198 7197 7246
f 7246 7197 7245
f 7246 7245 7270
f 7270 7245 7269
f 7270 7269 7294
f 7294 7269 7293
f 7294 7293 7318
f 7318 7293 7317
f 7318 7317 7342
f 7342 7317 7341
f 7342 7341 7366
f 7366 7341 7365
f 7366 7365 7407
f 7407 7365 7408
f 7407 7408 7388
f 7388 7408 7387
f 7388 7387 7431
f 7431 7387 7432
f 7121 7122 7104
f 7104 7122 7103
f 7104 7103 7152
f 7152 7103 7151
f 7152 7151 7175
f 7175 7151 7174
f 7175 7174 7216
f 7216 7174 7217
f 7216 7217 7199
f 7199 7217 7198
f 7199 7198 7247
f 7247 7198 7246
f 7247 7246 7271
f 7271 7246 7270
f 7271 7270 7295
f 7295 7270 7294
f 7295 7294 7319
f 7319 7294 7318
f 7319 7318 7343
f 7343 7318 7342
f 7343 7342 7367
f 7367 7342 7366
f 7367 7366 7406
f 7406 7366 7407
f 7406 7407 7389
f 7389 7407 7388
f 7389 7388 7430
f 7430 7388 7431
f 7120 7121 7105
f 7105 7121 7104
f 7105 7104 7153
f 7153 7104 7152
f 7153 7152 7176
f 7176 7152 7175
f 7176 7175 7215
f 7215 7175 7216
f 7215 7216 7200
f 7200 7216 7199
f 7200 7199 7248
f 7248 7199 7247
f 7248 7247 7272
f 7272 7247 7271
f 7272 7271 7296
f 7296 7271 7295
f 7296 7295 7320
f 7320 7295 7319
f 7320 7319 7344
f 7344 7319 7343
f 7344 7343 7368
f 7368 7343 7367
f 7368 7367 7405
f 7405 7367 7406
f 7405 7406 7390
f 7390 7406 7389
f 7390 7389 7429
f 7429 7389 7430
f 7119 7120 7106
f 7106 7120 7105
f 7106 7105 7154
f 7154 7105 7153
f 7154 7153 7177
f 7177 7153 7176
f 7177 7176 7214
f 7214 7176 7215
f 7214 7215 7201
f 7201 7215 7200
f 7201 7200 7249
f 7249 7200 7248
f 7249 7248 7273
f 7273 7248 7272
f 7273 7272 7297
f 7297 7272 7296
f 7297 7296 7321
f 7321 7296 7320
f 7321 7320 7345
f 7345 7320 7344
f 7345 7344 7369
f 7369 7344 7368
f 7369 7368 7404
f 7404 7368 7405
f 7404 7405 7391
f 7391 7405 7390
f 7391 7390 7428
f 7428 7390 7429
f 7118 7119 7107
f 7107 7119 7106
f 7107 7106 7155
f 7155 7106 7154
f 7155 7154 7178
f 7178 7154 7177
f 7178 7177 7213
f 7213 7177 7214
f 7213 7214 7202
f 7202 7214 7201
f 7202 7201 7250
f 7250 7201 7249
f 7250 7249 7274
f 7274 7249 7273
f 7274 7273 7298
f 7298 7273 7297
f 7298 7297 7322
f 7322 7297 7321
f 7322 7321 7346
f 7346 7321 7345
f 7346 7345 7370
f 7370 7345 7369
f 7370 7369 7403
f 7403 7369 7404
f 7403 7404 7392
f 7392 7404 7391
f 7392 7391 7427
f 7427 7391 7428
f 7117 7118 7108
f 7108 7118 7107
f 7108 7107 7156
f 7156 7107 7155
f 7156 7155 7179
f 7179 7155 7178
f 7179 7178 7212
f 7212 7178 7213
f 7212 7213 7203
f 7203 7213 7202
f 7203 7202 7251
f 7251 7202 7250
f 7251 7250 7275
f 7275 7250 7274
f 7275 7274 7299
f 7299 7274 7298
f 7299 7298 7323
f 7323 7298 7322
f 7323 7322 7347
f 7347 7322 7346
f 7347 7346 7371
f 7371 7346 7370
f 7371 7370 7402
f 7402 7370 7403
f 7402 7403 7393
f 7393 7403 7392
f 7393 7392 7426
f 7426 7392 7427
f 7111 7112 7114
f 7114 7112 7113
f 7114 7113 7087
f 7112 7111 7160
f 7160 7111 7159
f 7160 7159 7183
f 7183 7159 7182
f 7183 7182 7208
f 7208 7182 7209
f 7208 7209 7207
f 7207 7209 7206
f 7207 7206 7255
f 7255 7206 7254
f 7255 7254 7279
f 7279 7254 7278
f 7279 7278 7303
f 7303 7278 7302
f 7303 7302 7327
f 7327 7302 7326
f 7327 7326 7351
f 7351 7326 7350
f 7351 7350 6731
f 6731 7350 7374
f 6731 7374 7398
f 7398 7374 7399
f 7398 7399 7397
f 7397 7399 7396
f 7397 7396 7422
f 7422 7396 7423
f 7231 7184 7185
f 7185 7184 7233
f 7185 7233 7234
f 7234 7233 7258
f 7234 7258 7259
f 7259 7258 7283
f 7259 7283 7284
f 7284 7283 7308
f 7284 7308 7309
f 7309 7308 7333
f 7309 7333 7334
f 7334 7333 7358
f 7184 7232 7233
f 7233 7232 7257
f 7233 7257 7258
f 7258 7257 7282
f 7258 7282 7283
f 7283 7282 7307
f 7283 7307 7308
f 7308 7307 7332
f 7308 7332 7333
f 7333 7332 7357
f 7333 7357 7358
f 7358 7357 7415
f 7232 7256 7257
f 7257 7256 7281
f 7257 7281 7282
f 7282 7281 7306
f 7282 7306 7307
f 7307 7306 7331
f 7307 7331 7332
f 7332 7331 7356
f 7332 7356 7357
f 7357 7356 7416
f 7357 7416 7415
f 7415 7416 7380
f 7256 7280 7281
f 7281 7280 7305
f 7281 7305 7306
f 7306 7305 7330
f 7306 7330 7331
f 7331 7330 7355
f 7331 7355 7356
f 7356 7355 7417
f 7356 7417 7416
f 7416 7417 7379
f 7416 7379 7380
f 7380 7379 7439
f 7280 7304 7305
f 7305 7304 7329
f 7305 7329 7330
f 7330 7329 7354
f 7330 7354 7355
f 7355 7354 7418
f 7355 7418 7417
f 7417 7418 7378
f 7417 7378 7379
f 7379 7378 7440
f 7379 7440 7439
f 7304 7328 7329
f 7329 7328 7353
f 7329 7353 7354
f 7354 7353 7419
f 7354 7419 7418
f 7418 7419 7377
f 7418 7377 7378
f 7378 7377 7441
f 7378 7441 7440
f 7328 7352 7353
f 7353 7352 7420
f 7353 7420 7419
f 7419 7420 7376
f 7419 7376 7377
f 7377 7376 7442
f 7377 7442 7441
f 7421 7375 7420
f 7420 7375 7376
f 7442 7376 7443
f 7443 7376 7375
f 7413 7382 7383
f 7383 7382 7436
f 7383 7436 7435
f 7436 7382 7437
f 7352 7421 7420
f 7450 7544 7448
f 7448 7544 7517
f 7448 7517 7516
f 7516 7517 7566
f 7516 7566 7519
f 7519 7566 7567
f 7519 7567 7565
f 7565 7567 7568
f 7565 7568 7564
f 7564 7568 7569
f 7564 7569 7563
f 7563 7569 7570
f 7563 7570 7562
f 7562 7570 7571
f 7562 7571 7561
f 7561 7571 7572
f 7561 7572 7560
f 7560 7572 7573
f 7560 7573 7559
f 7559 7573 7574
f 7559 7574 7558
f 7558 7574 7575
f 7558 7575 7557
f 7557 7575 7576
f 7557 7576 7556
f 7556 7576 7577
f 7556 7577 7555
f 7555 7577 7578
f 7555 7578 7554
f 7554 7578 7579
f 7554 7579 7553
f 7553 7579 7580
f 7553 7580 7552
f 7552 7580 7581
f 7552 7581 7551
f 7551 7581 7582
f 7551 7582 7550
f 7550 7582 7583
f 7550 7583 7549
f 7549 7583 7584
f 7549 7584 7548
f 7548 7584 7585
f 7548 7585 7547
f 7547 7585 7586
f 7547 7586 7546
f 7546 7586 7587
f 7546 7587 7545
f 7545 7587 7588
f 7545 7588 7520
f 7520 7588 6086
f 7520 6086 6084
f 7450 7451 7544
f 7544 7451 7543
f 7544 7543 7517
f 7517 7543 7863
f 7517 7863 7566
f 7566 7863 7567
f 7543 7451 7542
f 7542 7451 7454
f 7542 7454 7541
f 7541 7454 7455
f 7541 7455 7540
f 7540 7455 7457
f 7540 7457 7539
f 7539 7457 7459
f 7539 7459 7538
f 7538 7459 7462
f 7538 7462 7464
f 7538 7464 7537
f 7537 7464 7465
f 7537 7465 7467
f 7467 7470 7537
f 7537 7470 7536
f 7537 7536 7869
f 7869 7536 7870
f 7869 7870 7573
f 7573 7870 7574
f 7536 7470 7535
f 7535 7470 7472
f 7535 7472 7534
f 7534 7472 7474
f 7534 7474 7533
f 7533 7474 7532
f 7533 7532 7873
f 7873 7532 7874
f 7873 7874 7577
f 7577 7874 7578
f 7474 7476 7532
f 7532 7476 7477
f 7532 7477 7531
f 7531 7477 7480
f 7531 7480 7530
f 7530 7480 7482
f 7530 7482 7483
f 7530 7483 7529
f 7529 7483 7486
f 7529 7486 7528
f 7528 7486 7487
f 7528 7487 7527
f 7527 7487 7489
f 7527 7489 7526
f 7526 7489 7492
f 7526 7492 7525
f 7525 7492 7494
f 7525 7494 7524
f 7524 7494 7495
f 7524 7495 7523
f 7523 7495 7518
f 7523 7518 7883
f 7883 7518 7884
f 7883 7884 7587
f 7587 7884 7588
f 7495 6089 7518
f 7518 6089 6086
f 7518 6086 7884
f 7884 6086 7588
f 6083 7522 6084
f 6084 7522 7632
f 6084 7632 7520
f 7520 7632 7631
f 7520 7631 7545
f 7545 7631 7630
f 7545 7630 7546
f 7546 7630 7629
f 7546 7629 7547
f 7547 7629 7628
f 7547 7628 7548
f 7548 7628 7627
f 7548 7627 7549
f 7549 7627 7626
f 7549 7626 7550
f 7550 7626 7625
f 7550 7625 7551
f 7551 7625 7624
f 7551 7624 7552
f 7552 7624 7623
f 7552 7623 7553
f 7553 7623 7622
f 7553 7622 7554
f 7554 7622 7621
f 7554 7621 7555
f 7555 7621 7620
f 7555 7620 7556
f 7556 7620 7619
f 7556 7619 7557
f 7557 7619 7618
f 7557 7618 7558
f 7558 7618 7617
f 7558 7617 7559
f 7559 7617 7616
f 7559 7616 7560
f 7560 7616 7615
f 7560 7615 7561
f 7561 7615 7614
f 7561 7614 7562
f 7562 7614 7613
f 7562 7613 7563
f 7563 7613 7612
f 7563 7612 7564
f 7564 7612 7611
f 7564 7611 7565
f 7565 7611 7610
f 7565 7610 7519
f 7519 7610 7513
f 7519 7513 7516
f 6080 7633 6083
f 6083 7633 7678
f 6083 7678 7522
f 7522 7678 7677
f 7522 7677 7589
f 7589 7677 7676
f 7589 7676 7590
f 7590 7676 7675
f 7590 7675 7591
f 7591 7675 7674
f 7591 7674 7592
f 7592 7674 7673
f 7592 7673 7593
f 7593 7673 7672
f 7593 7672 7594
f 7594 7672 7671
f 7594 7671 7595
f 7595 7671 7670
f 7595 7670 7596
f 7596 7670 7669
f 7596 7669 7597
f 7597 7669 7668
f 7597 7668 7598
f 7598 7668 7667
f 7598 7667 7599
f 7599 7667 7666
f 7599 7666 7600
f 7600 7666 7665
f 7600 7665 7601
f 7601 7665 7664
f 7601 7664 7602
f 7602 7664 7663
f 7602 7663 7603
f 7603 7663 7662
f 7603 7662 7604
f 7604 7662 7661
f 7604 7661 7605
f 7605 7661 7660
f 7605 7660 7606
f 7606 7660 7659
f 7606 7659 7607
f 7607 7659 7658
f 7607 7658 7608
f 7608 7658 7657
f 7608 7657 7609
f 7609 7657 7656
f 7609 7656 7521
f 7521 7656 7511
f 7521 7511 7513
f 7633 6080 7679
f 7679 6080 6079
f 7679 6079 7747
f 7747 6079 7702
f 7747 7702 7703
f 7703 7702 7749
f 7703 7749 7750
f 7750 7749 7773
f 7750 7773 7774
f 7774 7773 7797
f 7774 7797 7798
f 7798 7797 7858
f 7798 7858 7857
f 7857 7858 7822
f 7857 7822 7823
f 7823 7822 6660
f 7823 6660 6658
f 6079 6076 7702
f 7702 6076 7748
f 7702 7748 7749
f 7749 7748 7772
f 7749 7772 7773
f 7773 7772 7796
f 7773 7796 7797
f 7797 7796 7859
f 7797 7859 7858
f 7858 7859 7821
f 7858 7821 7822
f 7822 7821 6664
f 7822 6664 6662
f 6076 6074 7748
f 7748 6074 7771
f 7748 7771 7772
f 7772 7771 7795
f 7772 7795 7796
f 7796 7795 7860
f 7796 7860 7859
f 7859 7860 7820
f 7859 7820 7821
f 7821 7820 6666
f 7821 6666 6664
f 6074 6072 7771
f 7771 6072 7794
f 7771 7794 7795
f 7795 7794 7861
f 7795 7861 7860
f 7860 7861 7819
f 7860 7819 7820
f 7820 7819 6670
f 7820 6670 6669
f 6072 6071 7794
f 7794 6071 7862
f 7794 7862 7861
f 7861 7862 7818
f 7861 7818 7819
f 7819 7818 6672
f 7819 6672 6670
f 7862 6071 7817
f 7817 6071 6068
f 7817 6068 6065
f 6065 6672 7817
f 7817 6672 7818
f 7817 7818 7862
f 6669 6666 7820
f 6662 6660 7822
f 7823 6658 7824
f 7824 6658 6657
f 7824 6657 7825
f 7825 6657 6654
f 7825 6654 7826
f 7826 6654 6652
f 7826 6652 7827
f 7827 6652 6651
f 7827 6651 7828
f 7828 6651 7829
f 7828 7829 7851
f 7851 7829 7850
f 7851 7850 7805
f 7805 7850 7806
f 7805 7806 7782
f 7782 7806 7783
f 7782 7783 7759
f 7759 7783 7760
f 7759 7760 7713
f 7713 7760 7714
f 7713 7714 7736
f 7736 7714 7735
f 7736 7735 7690
f 7690 7735 7691
f 7690 7691 7644
f 7644 7691 7645
f 7644 7645 7667
f 7667 7645 7666
f 6651 6648 7829
f 7829 6648 7830
f 7829 7830 7850
f 7850 7830 7849
f 7850 7849 7806
f 7806 7849 7807
f 7806 7807 7783
f 7783 7807 7784
f 7783 7784 7760
f 7760 7784 7761
f 7760 7761 7714
f 7714 7761 7715
f 7714 7715 7735
f 7735 7715 7734
f 7735 7734 7691
f 7691 7734 7692
f 7691 7692 7645
f 7645 7692 7646
f 7645 7646 7666
f 7666 7646 7665
f 6648 6646 7830
f 7830 6646 7831
f 7830 7831 7849
f 7849 7831 7848
f 7849 7848 7807
f 7807 7848 7808
f 7807 7808 7784
f 7784 7808 7785
f 7784 7785 7761
f 7761 7785 7762
f 7761 7762 7715
f 7715 7762 7716
f 7715 7716 7734
f 7734 7716 7733
f 7734 7733 7692
f 7692 7733 7693
f 7692 7693 7646
f 7646 7693 7647
f 7646 7647 7665
f 7665 7647 7664
f 6646 6644 7831
f 7831 6644 6642
f 7831 6642 7832
f 7832 6642 6640
f 7832 6640 7833
f 7833 6640 6639
f 7833 6639 6637
f 7833 6637 7834
f 7834 6637 6634
f 7834 6634 7835
f 7835 6634 6632
f 7835 6632 7836
f 7836 6632 6630
f 7836 6630 6629
f 6627 7838 6629
f 6629 7838 7837
f 6629 7837 7836
f 7836 7837 7843
f 7836 7843 7844
f 7844 7843 7812
f 7844 7812 7811
f 7811 7812 7788
f 7811 7788 7787
f 7787 7788 7764
f 7787 7764 7763
f 7763 7764 7717
f 7763 7717 7716
f 7716 7717 7733
f 7838 6627 7839
f 7839 6627 6623
f 7839 6623 7498
f 7839 7498 7840
f 7840 7498 7499
f 7840 7499 7816
f 7816 7499 7501
f 7816 7501 7793
f 7793 7501 7503
f 7793 7503 7770
f 7770 7503 7505
f 7770 7505 7724
f 7724 7505 7508
f 7724 7508 7725
f 7725 7508 7701
f 7725 7701 7700
f 7700 7701 7654
f 7700 7654 7653
f 7653 7654 7658
f 7653 7658 7659
f 7508 7509 7701
f 7701 7509 7655
f 7701 7655 7654
f 7654 7655 7657
f 7654 7657 7658
f 7509 7511 7655
f 7655 7511 7656
f 7655 7656 7657
f 7524 7523 7882
f 7882 7523 7883
f 7882 7883 7586
f 7586 7883 7587
f 7525 7524 7881
f 7881 7524 7882
f 7881 7882 7585
f 7585 7882 7586
f 7526 7525 7880
f 7880 7525 7881
f 7880 7881 7584
f 7584 7881 7585
f 7527 7526 7879
f 7879 7526 7880
f 7879 7880 7583
f 7583 7880 7584
f 7528 7527 7878
f 7878 7527 7879
f 7878 7879 7582
f 7582 7879 7583
f 7529 7528 7877
f 7877 7528 7878
f 7877 7878 7581
f 7581 7878 7582
f 7530 7529 7876
f 7876 7529 7877
f 7876 7877 7580
f 7580 7877 7581
f 7874 7532 7531
f 7531 7530 7875
f 7875 7530 7876
f 7875 7876 7579
f 7579 7876 7580
f 7534 7533 7872
f 7872 7533 7873
f 7872 7873 7576
f 7576 7873 7577
f 7870 7536 7535
f 7535 7534 7871
f 7871 7534 7872
f 7871 7872 7575
f 7575 7872 7576
f 7538 7537 7868
f 7868 7537 7869
f 7868 7869 7572
f 7572 7869 7573
f 7539 7538 7867
f 7867 7538 7868
f 7867 7868 7571
f 7571 7868 7572
f 7540 7539 7866
f 7866 7539 7867
f 7866 7867 7570
f 7570 7867 7571
f 7541 7540 7865
f 7865 7540 7866
f 7865 7866 7569
f 7569 7866 7570
f 7863 7543 7542
f 7542 7541 7864
f 7864 7541 7865
f 7864 7865 7568
f 7568 7865 7569
f 7521 7513 7610
f 7864 7568 7567
f 7864 7567 7863
f 7871 7575 7574
f 7871 7574 7870
f 7875 7579 7578
f 7875 7578 7874
f 7631 7632 7589
f 7589 7632 7522
f 7630 7631 7590
f 7590 7631 7589
f 7629 7630 7591
f 7591 7630 7590
f 7628 7629 7592
f 7592 7629 7591
f 7627 7628 7593
f 7593 7628 7592
f 7626 7627 7594
f 7594 7627 7593
f 7625 7626 7595
f 7595 7626 7594
f 7624 7625 7596
f 7596 7625 7595
f 7623 7624 7597
f 7597 7624 7596
f 7622 7623 7598
f 7598 7623 7597
f 7621 7622 7599
f 7599 7622 7598
f 7620 7621 7600
f 7600 7621 7599
f 7619 7620 7601
f 7601 7620 7600
f 7618 7619 7602
f 7602 7619 7601
f 7617 7618 7603
f 7603 7618 7602
f 7616 7617 7604
f 7604 7617 7603
f 7615 7616 7605
f 7605 7616 7604
f 7614 7615 7606
f 7606 7615 7605
f 7613 7614 7607
f 7607 7614 7606
f 7612 7613 7608
f 7608 7613 7607
f 7611 7612 7609
f 7609 7612 7608
f 7610 7611 7521
f 7521 7611 7609
f 7677 7678 7634
f 7634 7678 7633
f 7634 7633 7680
f 7680 7633 7679
f 7680 7679 7746
f 7746 7679 7747
f 7746 7747 7703
f 7676 7677 7635
f 7635 7677 7634
f 7635 7634 7681
f 7681 7634 7680
f 7681 7680 7745
f 7745 7680 7746
f 7745 7746 7704
f 7704 7746 7703
f 7704 7703 7750
f 7675 7676 7636
f 7636 7676 7635
f 7636 7635 7682
f 7682 7635 7681
f 7682 7681 7744
f 7744 7681 7745
f 7744 7745 7705
f 7705 7745 7704
f 7705 7704 7751
f 7751 7704 7750
f 7751 7750 7774
f 7674 7675 7637
f 7637 7675 7636
f 7637 7636 7683
f 7683 7636 7682
f 7683 7682 7743
f 7743 7682 7744
f 7743 7744 7706
f 7706 7744 7705
f 7706 7705 7752
f 7752 7705 7751
f 7752 7751 7775
f 7775 7751 7774
f 7775 7774 7798
f 7673 7674 7638
f 7638 7674 7637
f 7638 7637 7684
f 7684 7637 7683
f 7684 7683 7742
f 7742 7683 7743
f 7742 7743 7707
f 7707 7743 7706
f 7707 7706 7753
f 7753 7706 7752
f 7753 7752 7776
f 7776 7752 7775
f 7776 7775 7799
f 7799 7775 7798
f 7799 7798 7857
f 7672 7673 7639
f 7639 7673 7638
f 7639 7638 7685
f 7685 7638 7684
f 7685 7684 7741
f 7741 7684 7742
f 7741 7742 7708
f 7708 7742 7707
f 7708 7707 7754
f 7754 7707 7753
f 7754 7753 7777
f 7777 7753 7776
f 7777 7776 7800
f 7800 7776 7799
f 7800 7799 7856
f 7856 7799 7857
f 7856 7857 7823
f 7671 7672 7640
f 7640 7672 7639
f 7640 7639 7686
f 7686 7639 7685
f 7686 7685 7740
f 7740 7685 7741
f 7740 7741 7709
f 7709 7741 7708
f 7709 7708 7755
f 7755 7708 7754
f 7755 7754 7778
f 7778 7754 7777
f 7778 7777 7801
f 7801 7777 7800
f 7801 7800 7855
f 7855 7800 7856
f 7855 7856 7824
f 7824 7856 7823
f 7670 7671 7641
f 7641 7671 7640
f 7641 7640 7687
f 7687 7640 7686
f 7687 7686 7739
f 7739 7686 7740
f 7739 7740 7710
f 7710 7740 7709
f 7710 7709 7756
f 7756 7709 7755
f 7756 7755 7779
f 7779 7755 7778
f 7779 7778 7802
f 7802 7778 7801
f 7802 7801 7854
f 7854 7801 7855
f 7854 7855 7825
f 7825 7855 7824
f 7669 7670 7642
f 7642 7670 7641
f 7642 7641 7688
f 7688 7641 7687
f 7688 7687 7738
f 7738 7687 7739
f 7738 7739 7711
f 7711 7739 7710
f 7711 7710 7757
f 7757 7710 7756
f 7757 7756 7780
f 7780 7756 7779
f 7780 7779 7803
f 7803 7779 7802
f 7803 7802 7853
f 7853 7802 7854
f 7853 7854 7826
f 7826 7854 7825
f 7668 7669 7643
f 7643 7669 7642
f 7643 7642 7689
f 7689 7642 7688
f 7689 7688 7737
f 7737 7688 7738
f 7737 7738 7712
f 7712 7738 7711
f 7712 7711 7758
f 7758 7711 7757
f 7758 7757 7781
f 7781 7757 7780
f 7781 7780 7804
f 7804 7780 7803
f 7804 7803 7852
f 7852 7803 7853
f 7852 7853 7827
f 7827 7853 7826
f 7667 7668 7644
f 7644 7668 7643
f 7644 7643 7690
f 7690 7643 7689
f 7690 7689 7736
f 7736 7689 7737
f 7736 7737 7713
f 7713 7737 7712
f 7713 7712 7759
f 7759 7712 7758
f 7759 7758 7782
f 7782 7758 7781
f 7782 7781 7805
f 7805 7781 7804
f 7805 7804 7851
f 7851 7804 7852
f 7851 7852 7828
f 7828 7852 7827
f 7663 7664 7648
f 7648 7664 7647
f 7648 7647 7694
f 7694 7647 7693
f 7694 7693 7732
f 7732 7693 7733
f 7732 7733 7717
f 7662 7663 7649
f 7649 7663 7648
f 7649 7648 7695
f 7695 7648 7694
f 7695 7694 7731
f 7731 7694 7732
f 7731 7732 7718
f 7718 7732 7717
f 7718 7717 7764
f 7661 7662 7650
f 7650 7662 7649
f 7650 7649 7696
f 7696 7649 7695
f 7696 7695 7730
f 7730 7695 7731
f 7730 7731 7719
f 7719 7731 7718
f 7719 7718 7765
f 7765 7718 7764
f 7765 7764 7788
f 7660 7661 7651
f 7651 7661 7650
f 7651 7650 7697
f 7697 7650 7696
f 7697 7696 7729
f 7729 7696 7730
f 7729 7730 7720
f 7720 7730 7719
f 7720 7719 7766
f 7766 7719 7765
f 7766 7765 7789
f 7789 7765 7788
f 7789 7788 7812
f 7659 7660 7652
f 7652 7660 7651
f 7652 7651 7698
f 7698 7651 7697
f 7698 7697 7728
f 7728 7697 7729
f 7728 7729 7721
f 7721 7729 7720
f 7721 7720 7767
f 7767 7720 7766
f 7767 7766 7790
f 7790 7766 7789
f 7790 7789 7813
f 7813 7789 7812
f 7813 7812 7843
f 7659 7652 7653
f 7653 7652 7699
f 7653 7699 7700
f 7700 7699 7726
f 7700 7726 7725
f 7725 7726 7724
f 7699 7652 7698
f 7699 7698 7727
f 7727 7698 7728
f 7727 7728 7722
f 7722 7728 7721
f 7722 7721 7768
f 7768 7721 7767
f 7768 7767 7791
f 7791 7767 7790
f 7791 7790 7814
f 7814 7790 7813
f 7814 7813 7842
f 7842 7813 7843
f 7842 7843 7837
f 7763 7716 7762
f 7722 7723 7727
f 7727 7723 7726
f 7727 7726 7699
f 7770 7724 7723
f 7723 7724 7726
f 7723 7722 7769
f 7769 7722 7768
f 7769 7768 7792
f 7792 7768 7791
f 7792 7791 7815
f 7815 7791 7814
f 7815 7814 7841
f 7841 7814 7842
f 7841 7842 7838
f 7838 7842 7837
f 7763 7762 7786
f 7786 7762 7785
f 7786 7785 7809
f 7809 7785 7808
f 7809 7808 7847
f 7847 7808 7848
f 7847 7848 7832
f 7832 7848 7831
f 7793 7770 7769
f 7769 7770 7723
f 7793 7769 7792
f 7763 7786 7787
f 7787 7786 7810
f 7787 7810 7811
f 7811 7810 7845
f 7811 7845 7844
f 7844 7845 7835
f 7844 7835 7836
f 7810 7786 7809
f 7816 7793 7792
f 7816 7792 7815
f 7810 7809 7846
f 7846 7809 7847
f 7846 7847 7833
f 7833 7847 7832
f 7840 7816 7815
f 7840 7815 7841
f 7833 7834 7846
f 7846 7834 7845
f 7846 7845 7810
f 7834 7835 7845
f 7840 7841 7839
f 7839 7841 7838
f 7542 7864 7863
f 7535 7871 7870
f 7531 7875 7874
f 7886 7888 7952
f 7952 7888 7988
f 7952 7988 7951
f 7951 7988 8360
f 7951 8360 7949
f 7949 8360 8018
f 7949 8018 8017
f 8017 8018 8019
f 8017 8019 8016
f 8016 8019 8020
f 8016 8020 8015
f 8015 8020 8021
f 8015 8021 8014
f 8014 8021 8022
f 8014 8022 8013
f 8013 8022 8023
f 8013 8023 8012
f 8012 8023 8024
f 8012 8024 8011
f 8011 8024 8025
f 8011 8025 8010
f 8010 8025 8026
f 8010 8026 8009
f 8009 8026 8027
f 8009 8027 8008
f 8008 8027 8028
f 8008 8028 8007
f 8007 8028 8029
f 8007 8029 8006
f 8006 8029 8030
f 8006 8030 8005
f 8005 8030 8031
f 8005 8031 8004
f 8004 8031 8032
f 8004 8032 8003
f 8003 8032 8033
f 8003 8033 8002
f 8002 8033 8034
f 8002 8034 8001
f 8001 8034 8035
f 8001 8035 8000
f 8000 8035 8036
f 8000 8036 7999
f 7999 8036 8037
f 7999 8037 7998
f 7998 8037 8038
f 7998 8038 7997
f 7997 8038 8039
f 7997 8039 7996
f 7996 8039 8040
f 7996 8040 7995
f 7995 8040 8041
f 7995 8041 7994
f 7994 8041 8042
f 7994 8042 7993
f 7993 8042 8043
f 7993 8043 7992
f 7992 8043 8044
f 7992 8044 7991
f 7991 8044 8045
f 7991 8045 7990
f 7990 8045 8046
f 7990 8046 7989
f 7989 8046 7515
f 7989 7515 7514
f 7888 7890 7988
f 7988 7890 7987
f 7988 7987 8360
f 8360 7987 8361
f 8360 8361 8018
f 8018 8361 8019
f 7987 7890 7986
f 7986 7890 7892
f 7986 7892 7985
f 7985 7892 7895
f 7985 7895 7984
f 7984 7895 7983
f 7984 7983 8364
f 8364 7983 8365
f 8364 8365 8022
f 8022 8365 8023
f 7895 7897 7983
f 7983 7897 7982
f 7983 7982 8365
f 8365 7982 8366
f 8365 8366 8023
f 8023 8366 8024
f 7897 7898 7982
f 7982 7898 7981
f 7982 7981 8366
f 8366 7981 8367
f 8366 8367 8024
f 8024 8367 8025
f 7898 7901 7981
f 7981 7901 7980
f 7981 7980 8367
f 8367 7980 8368
f 8367 8368 8025
f 8025 8368 8026
f 7901 7902 7980
f 7980 7902 7979
f 7980 7979 8368
f 8368 7979 8369
f 8368 8369 8026
f 8026 8369 8027
f 7902 7905 7979
f 7979 7905 7978
f 7979 7978 8369
f 8369 7978 8370
f 8369 8370 8027
f 8027 8370 8028
f 7905 7906 7978
f 7978 7906 7977
f 7978 7977 8370
f 8370 7977 8371
f 8370 8371 8028
f 8028 8371 8029
f 7906 7909 7977
f 7977 7909 7976
f 7977 7976 8371
f 8371 7976 8372
f 8371 8372 8029
f 8029 8372 8030
f 7909 7911 7976
f 7976 7911 7975
f 7976 7975 8372
f 8372 7975 8373
f 8372 8373 8030
f 8030 8373 8031
f 7911 7912 7975
f 7975 7912 7974
f 7975 7974 8373
f 8373 7974 8374
f 8373 8374 8031
f 8031 8374 8032
f 7974 7912 7973
f 7973 7912 7915
f 7973 7915 7972
f 7972 7915 7917
f 7972 7917 7971
f 7971 7917 7918
f 7971 7918 7970
f 7970 7918 7920
f 7970 7920 7969
f 7969 7920 7922
f 7969 7922 7968
f 7968 7922 7967
f 7968 7967 8380
f 8380 7967 8381
f 8380 8381 8038
f 8038 8381 8039
f 7922 7924 7967
f 7967 7924 7966
f 7967 7966 8381
f 8381 7966 8382
f 8381 8382 8039
f 8039 8382 8040
f 7924 7926 7966
f 7966 7926 7928
f 7966 7928 7965
f 7965 7928 7964
f 7965 7964 8383
f 8383 7964 8384
f 8383 8384 8041
f 8041 8384 8042
f 7928 7931 7964
f 7964 7931 7963
f 7964 7963 8384
f 8384 7963 8385
f 8384 8385 8042
f 8042 8385 8043
f 7931 7933 7963
f 7963 7933 7962
f 7963 7962 8385
f 8385 7962 8386
f 8385 8386 8043
f 8043 8386 8044
f 7933 7934 7962
f 7962 7934 7961
f 7962 7961 8386
f 8386 7961 8387
f 8386 8387 8044
f 8044 8387 8045
f 7934 7447 7961
f 7961 7447 7954
f 7961 7954 8387
f 8387 7954 8388
f 8387 8388 8045
f 8045 8388 8046
f 7447 7515 7954
f 7954 7515 8388
f 7989 7514 8047
f 8047 7514 7512
f 8047 7512 8075
f 8075 7512 7510
f 8075 7510 8104
f 8104 7510 7507
f 8104 7507 8189
f 8189 7507 7506
f 8189 7506 8132
f 8132 7506 7958
f 8132 7958 8244
f 8244 7958 8190
f 8244 8190 8191
f 8191 8190 8299
f 8191 8299 8298
f 8298 8299 8248
f 8298 8248 8249
f 8249 8248 8355
f 8249 8355 8354
f 8354 8355 8307
f 8354 8307 8308
f 8308 8307 6616
f 8308 6616 6613
f 7506 7504 7958
f 7958 7504 7960
f 7958 7960 8190
f 8190 7960 8300
f 8190 8300 8299
f 8299 8300 8247
f 8299 8247 8248
f 8248 8247 8356
f 8248 8356 8355
f 8355 8356 8306
f 8355 8306 8307
f 8307 8306 6618
f 8307 6618 6616
f 7504 7502 7960
f 7960 7502 8301
f 7960 8301 8300
f 8300 8301 8246
f 8300 8246 8247
f 8247 8246 8357
f 8247 8357 8356
f 8356 8357 8305
f 8356 8305 8306
f 8306 8305 6620
f 8306 6620 6618
f 8301 7502 8245
f 8245 7502 7500
f 8245 7500 8359
f 8359 7500 8302
f 8359 8302 8303
f 8303 8302 6622
f 8303 6622 6620
f 7500 7497 8302
f 8302 7497 6625
f 8302 6625 6622
f 8308 6613 8309
f 8309 6613 6611
f 8309 6611 8310
f 8310 6611 6609
f 8310 6609 8311
f 8311 6609 8312
f 8311 8312 8350
f 8350 8312 8349
f 8350 8349 8254
f 8254 8349 8255
f 8254 8255 8292
f 8292 8255 8291
f 8292 8291 8198
f 8198 8291 8199
f 8198 8199 8236
f 8236 8199 8235
f 8236 8235 8141
f 8141 8235 8142
f 8141 8142 8180
f 8180 8142 8179
f 8180 8179 8113
f 8113 8179 8114
f 8113 8114 8084
f 8084 8114 8085
f 8084 8085 8056
f 8056 8085 8057
f 8056 8057 7998
f 7998 8057 7999
f 6609 6608 8312
f 8312 6608 8313
f 8312 8313 8349
f 8349 8313 8348
f 8349 8348 8255
f 8255 8348 8256
f 8255 8256 8291
f 8291 8256 8290
f 8291 8290 8199
f 8199 8290 8200
f 8199 8200 8235
f 8235 8200 8234
f 8235 8234 8142
f 8142 8234 8143
f 8142 8143 8179
f 8179 8143 8178
f 8179 8178 8114
f 8114 8178 8115
f 8114 8115 8085
f 8085 8115 8086
f 8085 8086 8057
f 8057 8086 8058
f 8057 8058 7999
f 7999 8058 8000
f 6608 6605 8313
f 8313 6605 8314
f 8313 8314 8348
f 8348 8314 8347
f 8348 8347 8256
f 8256 8347 8257
f 8256 8257 8290
f 8290 8257 8289
f 8290 8289 8200
f 8200 8289 8201
f 8200 8201 8234
f 8234 8201 8233
f 8234 8233 8143
f 8143 8233 8144
f 8143 8144 8178
f 8178 8144 8177
f 8178 8177 8115
f 8115 8177 8116
f 8115 8116 8086
f 8086 8116 8087
f 8086 8087 8058
f 8058 8087 8059
f 8058 8059 8000
f 8000 8059 8001
f 6605 6604 8314
f 8314 6604 6602
f 8314 6602 8315
f 8315 6602 8316
f 8315 8316 8346
f 8346 8316 8345
f 8346 8345 8258
f 8258 8345 8259
f 8258 8259 8288
f 8288 8259 8287
f 8288 8287 8202
f 8202 8287 8203
f 8202 8203 8232
f 8232 8203 8231
f 8232 8231 8145
f 8145 8231 8146
f 8145 8146 8176
f 8176 8146 8175
f 8176 8175 8117
f 8117 8175 8118
f 8117 8118 8088
f 8088 8118 8089
f 8088 8089 8060
f 8060 8089 8061
f 8060 8061 8002
f 8002 8061 8003
f 6602 6599 8316
f 8316 6599 8317
f 8316 8317 8345
f 8345 8317 8344
f 8345 8344 8259
f 8259 8344 8260
f 8259 8260 8287
f 8287 8260 8286
f 8287 8286 8203
f 8203 8286 8204
f 8203 8204 8231
f 8231 8204 8230
f 8231 8230 8146
f 8146 8230 8147
f 8146 8147 8175
f 8175 8147 8174
f 8175 8174 8118
f 8118 8174 8119
f 8118 8119 8089
f 8089 8119 8090
f 8089 8090 8061
f 8061 8090 8062
f 8061 8062 8003
f 8003 8062 8004
f 6599 6598 8317
f 8317 6598 8318
f 8317 8318 8344
f 8344 8318 8343
f 8344 8343 8260
f 8260 8343 8261
f 8260 8261 8286
f 8286 8261 8285
f 8286 8285 8204
f 8204 8285 8205
f 8204 8205 8230
f 8230 8205 8229
f 8230 8229 8147
f 8147 8229 8148
f 8147 8148 8174
f 8174 8148 8173
f 8174 8173 8119
f 8119 8173 8120
f 8119 8120 8090
f 8090 8120 8091
f 8090 8091 8062
f 8062 8091 8063
f 8062 8063 8004
f 8004 8063 8005
f 6598 6595 8318
f 8318 6595 8319
f 8318 8319 8343
f 8343 8319 8342
f 8343 8342 8261
f 8261 8342 8262
f 8261 8262 8285
f 8285 8262 8284
f 8285 8284 8205
f 8205 8284 8206
f 8205 8206 8229
f 8229 8206 8228
f 8229 8228 8148
f 8148 8228 8149
f 8148 8149 8173
f 8173 8149 8172
f 8173 8172 8120
f 8120 8172 8121
f 8120 8121 8091
f 8091 8121 8092
f 8091 8092 8063
f 8063 8092 8064
f 8063 8064 8005
f 8005 8064 8006
f 6595 6594 8319
f 8319 6594 8320
f 8319 8320 8342
f 8342 8320 8341
f 8342 8341 8262
f 8262 8341 8263
f 8262 8263 8284
f 8284 8263 8283
f 8284 8283 8206
f 8206 8283 8207
f 8206 8207 8228
f 8228 8207 8227
f 8228 8227 8149
f 8149 8227 8150
f 8149 8150 8172
f 8172 8150 8171
f 8172 8171 8121
f 8121 8171 8122
f 8121 8122 8092
f 8092 8122 8093
f 8092 8093 8064
f 8064 8093 8065
f 8064 8065 8006
f 8006 8065 8007
f 6594 6592 8320
f 8320 6592 8321
f 8320 8321 8341
f 8341 8321 8340
f 8341 8340 8263
f 8263 8340 8264
f 8263 8264 8283
f 8283 8264 8282
f 8283 8282 8207
f 8207 8282 8208
f 8207 8208 8227
f 8227 8208 8226
f 8227 8226 8150
f 8150 8226 8151
f 8150 8151 8171
f 8171 8151 8170
f 8171 8170 8122
f 8122 8170 8123
f 8122 8123 8093
f 8093 8123 8094
f 8093 8094 8065
f 8065 8094 8066
f 8065 8066 8007
f 8007 8066 8008
f 6592 6590 8321
f 8321 6590 8322
f 8321 8322 8340
f 8340 8322 8339
f 8340 8339 8264
f 8264 8339 8265
f 8264 8265 8282
f 8282 8265 8281
f 8282 8281 8208
f 8208 8281 8209
f 8208 8209 8226
f 8226 8209 8225
f 8226 8225 8151
f 8151 8225 8152
f 8151 8152 8170
f 8170 8152 8169
f 8170 8169 8123
f 8123 8169 8124
f 8123 8124 8094
f 8094 8124 8095
f 8094 8095 8066
f 8066 8095 8067
f 8066 8067 8008
f 8008 8067 8009
f 6590 6587 8322
f 8322 6587 8323
f 8322 8323 8339
f 8339 8323 8338
f 8339 8338 8265
f 8265 8338 8266
f 8265 8266 8281
f 8281 8266 8280
f 8281 8280 8209
f 8209 8280 8210
f 8209 8210 8225
f 8225 8210 8224
f 8225 8224 8152
f 8152 8224 8153
f 8152 8153 8169
f 8169 8153 8168
f 8169 8168 8124
f 8124 8168 8125
f 8124 8125 8095
f 8095 8125 8096
f 8095 8096 8067
f 8067 8096 8068
f 8067 8068 8009
f 8009 8068 8010
f 6587 6585 8323
f 8323 6585 8324
f 8323 8324 8338
f 8338 8324 8337
f 8338 8337 8266
f 8266 8337 8267
f 8266 8267 8280
f 8280 8267 8279
f 8280 8279 8210
f 8210 8279 8211
f 8210 8211 8224
f 8224 8211 8223
f 8224 8223 8153
f 8153 8223 8154
f 8153 8154 8168
f 8168 8154 8167
f 8168 8167 8125
f 8125 8167 8126
f 8125 8126 8096
f 8096 8126 8097
f 8096 8097 8068
f 8068 8097 8069
f 8068 8069 8010
f 8010 8069 8011
f 6585 6584 8324
f 8324 6584 8325
f 8324 8325 8337
f 8337 8325 8336
f 8337 8336 8267
f 8267 8336 8268
f 8267 8268 8279
f 8279 8268 8278
f 8279 8278 8211
f 8211 8278 8212
f 8211 8212 8223
f 8223 8212 8222
f 8223 8222 8154
f 8154 8222 8155
f 8154 8155 8167
f 8167 8155 8166
f 8167 8166 8126
f 8126 8166 8127
f 8126 8127 8097
f 8097 8127 8098
f 8097 8098 8069
f 8069 8098 8070
f 8069 8070 8011
f 8011 8070 8012
f 8325 6584 8326
f 8326 6584 6581
f 8326 6581 8327
f 8327 6581 6580
f 8327 6580 8328
f 8328 6580 8329
f 8328 8329 8333
f 8333 8329 8332
f 8333 8332 8271
f 8271 8332 8272
f 8271 8272 8275
f 8275 8272 8274
f 8275 8274 8215
f 8215 8274 8216
f 8215 8216 8219
f 8219 8216 8218
f 8219 8218 8158
f 8158 8218 8159
f 8158 8159 8163
f 8163 8159 8162
f 8163 8162 8130
f 8130 8162 8131
f 8130 8131 8101
f 8101 8131 8102
f 8101 8102 8073
f 8073 8102 8074
f 8073 8074 8015
f 8015 8074 8016
f 6580 6578 8329
f 8329 6578 8330
f 8329 8330 8332
f 8332 8330 8331
f 8332 8331 8272
f 8272 8331 8273
f 8272 8273 8274
f 8274 8273 7959
f 8274 7959 8216
f 8216 7959 8217
f 8216 8217 8218
f 8218 8217 7957
f 8218 7957 8159
f 8159 7957 8160
f 8159 8160 8162
f 8162 8160 8161
f 8162 8161 8131
f 8131 8161 7956
f 8131 7956 8102
f 8102 7956 8103
f 8102 8103 8074
f 8074 8103 7955
f 8074 7955 8016
f 8016 7955 8017
f 6578 6575 8330
f 8330 6575 7936
f 8330 7936 8331
f 8331 7936 7938
f 8331 7938 8273
f 8273 7938 7940
f 8273 7940 7959
f 7959 7940 7943
f 7959 7943 8217
f 8217 7943 7957
f 7943 7945 7957
f 7957 7945 8160
f 7946 7956 7945
f 7945 7956 8161
f 7945 8161 8160
f 7949 7955 7946
f 7946 7955 8103
f 7946 8103 7956
f 8046 8388 7515
f 7955 7949 8017
f 8382 7966 7965
f 8382 7965 8383
f 7969 7968 8379
f 8379 7968 8380
f 8379 8380 8037
f 8037 8380 8038
f 7970 7969 8378
f 8378 7969 8379
f 8378 8379 8036
f 8036 8379 8037
f 7971 7970 8377
f 8377 7970 8378
f 8377 8378 8035
f 8035 8378 8036
f 7972 7971 8376
f 8376 7971 8377
f 8376 8377 8034
f 8034 8377 8035
f 8374 7974 7973
f 7973 7972 8375
f 8375 7972 8376
f 8375 8376 8033
f 8033 8376 8034
f 7985 7984 8363
f 8363 7984 8364
f 8363 8364 8021
f 8021 8364 8022
f 8361 7987 7986
f 7986 7985 8362
f 8362 7985 8363
f 8362 8363 8020
f 8020 8363 8021
f 7990 7989 8048
f 8048 7989 8047
f 8048 8047 8076
f 8076 8047 8075
f 8076 8075 8105
f 8105 8075 8104
f 8105 8104 8188
f 8188 8104 8189
f 8188 8189 8133
f 8133 8189 8132
f 8133 8132 8244
f 7991 7990 8049
f 8049 7990 8048
f 8049 8048 8077
f 8077 8048 8076
f 8077 8076 8106
f 8106 8076 8105
f 8106 8105 8187
f 8187 8105 8188
f 8187 8188 8134
f 8134 8188 8133
f 8134 8133 8243
f 8243 8133 8244
f 8243 8244 8191
f 7992 7991 8050
f 8050 7991 8049
f 8050 8049 8078
f 8078 8049 8077
f 8078 8077 8107
f 8107 8077 8106
f 8107 8106 8186
f 8186 8106 8187
f 8186 8187 8135
f 8135 8187 8134
f 8135 8134 8242
f 8242 8134 8243
f 8242 8243 8192
f 8192 8243 8191
f 8192 8191 8298
f 7993 7992 8051
f 8051 7992 8050
f 8051 8050 8079
f 8079 8050 8078
f 8079 8078 8108
f 8108 8078 8107
f 8108 8107 8185
f 8185 8107 8186
f 8185 8186 8136
f 8136 8186 8135
f 8136 8135 8241
f 8241 8135 8242
f 8241 8242 8193
f 8193 8242 8192
f 8193 8192 8297
f 8297 8192 8298
f 8297 8298 8249
f 7994 7993 8052
f 8052 7993 8051
f 8052 8051 8080
f 8080 8051 8079
f 8080 8079 8109
f 8109 8079 8108
f 8109 8108 8184
f 8184 8108 8185
f 8184 8185 8137
f 8137 8185 8136
f 8137 8136 8240
f 8240 8136 8241
f 8240 8241 8194
f 8194 8241 8193
f 8194 8193 8296
f 8296 8193 8297
f 8296 8297 8250
f 8250 8297 8249
f 8250 8249 8354
f 7995 7994 8053
f 8053 7994 8052
f 8053 8052 8081
f 8081 8052 8080
f 8081 8080 8110
f 8110 8080 8109
f 8110 8109 8183
f 8183 8109 8184
f 8183 8184 8138
f 8138 8184 8137
f 8138 8137 8239
f 8239 8137 8240
f 8239 8240 8195
f 8195 8240 8194
f 8195 8194 8295
f 8295 8194 8296
f 8295 8296 8251
f 8251 8296 8250
f 8251 8250 8353
f 8353 8250 8354
f 8353 8354 8308
f 7996 7995 8054
f 8054 7995 8053
f 8054 8053 8082
f 8082 8053 8081
f 8082 8081 8111
f 8111 8081 8110
f 8111 8110 8182
f 8182 8110 8183
f 8182 8183 8139
f 8139 8183 8138
f 8139 8138 8238
f 8238 8138 8239
f 8238 8239 8196
f 8196 8239 8195
f 8196 8195 8294
f 8294 8195 8295
f 8294 8295 8252
f 8252 8295 8251
f 8252 8251 8352
f 8352 8251 8353
f 8352 8353 8309
f 8309 8353 8308
f 8056 7998 7997
f 7997 7996 8055
f 8055 7996 8054
f 8055 8054 8083
f 8083 8054 8082
f 8083 8082 8112
f 8112 8082 8111
f 8112 8111 8181
f 8181 8111 8182
f 8181 8182 8140
f 8140 8182 8139
f 8140 8139 8237
f 8237 8139 8238
f 8237 8238 8197
f 8197 8238 8196
f 8197 8196 8293
f 8293 8196 8294
f 8293 8294 8253
f 8253 8294 8252
f 8253 8252 8351
f 8351 8252 8352
f 8351 8352 8310
f 8310 8352 8309
f 8060 8002 8001
f 8060 8001 8059
f 8013 8012 8071
f 8071 8012 8070
f 8071 8070 8099
f 8099 8070 8098
f 8099 8098 8128
f 8128 8098 8127
f 8128 8127 8165
f 8165 8127 8166
f 8165 8166 8156
f 8156 8166 8155
f 8156 8155 8221
f 8221 8155 8222
f 8221 8222 8213
f 8213 8222 8212
f 8213 8212 8277
f 8277 8212 8278
f 8277 8278 8269
f 8269 8278 8268
f 8269 8268 8335
f 8335 8268 8336
f 8335 8336 8326
f 8326 8336 8325
f 8073 8015 8014
f 8014 8013 8072
f 8072 8013 8071
f 8072 8071 8100
f 8100 8071 8099
f 8100 8099 8129
f 8129 8099 8128
f 8129 8128 8164
f 8164 8128 8165
f 8164 8165 8157
f 8157 8165 8156
f 8157 8156 8220
f 8220 8156 8221
f 8220 8221 8214
f 8214 8221 8213
f 8214 8213 8276
f 8276 8213 8277
f 8276 8277 8270
f 8270 8277 8269
f 8270 8269 8334
f 8334 8269 8335
f 8334 8335 8327
f 8327 8335 8326
f 8362 8020 8019
f 8362 8019 8361
f 8375 8033 8032
f 8375 8032 8374
f 8383 8041 8040
f 8383 8040 8382
f 8084 8056 8055
f 8055 8056 7997
f 8084 8055 8083
f 8088 8060 8059
f 8088 8059 8087
f 8101 8073 8072
f 8072 8073 8014
f 8101 8072 8100
f 8113 8084 8083
f 8113 8083 8112
f 8117 8088 8087
f 8117 8087 8116
f 8130 8101 8100
f 8130 8100 8129
f 8180 8113 8112
f 8180 8112 8181
f 8176 8117 8116
f 8176 8116 8177
f 8163 8130 8129
f 8163 8129 8164
f 8180 8181 8141
f 8141 8181 8140
f 8141 8140 8236
f 8236 8140 8237
f 8236 8237 8198
f 8198 8237 8197
f 8198 8197 8292
f 8292 8197 8293
f 8292 8293 8254
f 8254 8293 8253
f 8254 8253 8350
f 8350 8253 8351
f 8350 8351 8311
f 8311 8351 8310
f 8176 8177 8145
f 8145 8177 8144
f 8145 8144 8232
f 8232 8144 8233
f 8232 8233 8202
f 8202 8233 8201
f 8202 8201 8288
f 8288 8201 8289
f 8288 8289 8258
f 8258 8289 8257
f 8258 8257 8346
f 8346 8257 8347
f 8346 8347 8315
f 8315 8347 8314
f 8163 8164 8158
f 8158 8164 8157
f 8158 8157 8219
f 8219 8157 8220
f 8219 8220 8215
f 8215 8220 8214
f 8215 8214 8275
f 8275 8214 8276
f 8275 8276 8271
f 8271 8276 8270
f 8271 8270 8333
f 8333 8270 8334
f 8333 8334 8328
f 8328 8334 8327
f 8301 8245 8246
f 8246 8245 8358
f 8246 8358 8357
f 8357 8358 8304
f 8357 8304 8305
f 8305 8304 6620
f 8359 8303 8358
f 8358 8303 8304
f 8304 8303 6620
f 8245 8359 8358
f 7986 8362 8361
f 7973 8375 8374
f 7885 8389 7889
f 7889 8389 8471
f 7889 8471 7891
f 7891 8471 8502
f 7891 8502 8501
f 8501 8502 8503
f 8501 8503 8500
f 8500 8503 8504
f 8500 8504 8499
f 8499 8504 8505
f 8499 8505 8498
f 8498 8505 8506
f 8498 8506 8497
f 8497 8506 8507
f 8497 8507 8496
f 8496 8507 8508
f 8496 8508 8495
f 8495 8508 8509
f 8495 8509 8494
f 8494 8509 8510
f 8494 8510 8493
f 8493 8510 8511
f 8493 8511 8492
f 8492 8511 8512
f 8492 8512 8491
f 8491 8512 8513
f 8491 8513 8490
f 8490 8513 8514
f 8490 8514 8489
f 8489 8514 8515
f 8489 8515 8488
f 8488 8515 8516
f 8488 8516 8487
f 8487 8516 8517
f 8487 8517 8486
f 8486 8517 8518
f 8486 8518 8485
f 8485 8518 8519
f 8485 8519 8484
f 8484 8519 8520
f 8484 8520 8483
f 8483 8520 8521
f 8483 8521 8482
f 8482 8521 8522
f 8482 8522 8481
f 8481 8522 8523
f 8481 8523 8480
f 8480 8523 8524
f 8480 8524 8479
f 8479 8524 8525
f 8479 8525 8478
f 8478 8525 8526
f 8478 8526 8477
f 8477 8526 8527
f 8477 8527 8476
f 8476 8527 8445
f 8476 8445 8475
f 8475 8445 8528
f 8475 8528 8474
f 8474 8528 8529
f 8474 8529 8473
f 8473 8529 8530
f 8473 8530 8472
f 8472 8530 6137
f 8472 6137 6136
f 8389 8391 8471
f 8471 8391 8470
f 8471 8470 8502
f 8502 8470 8503
f 8470 8391 8469
f 8469 8391 8393
f 8469 8393 8468
f 8468 8393 8396
f 8468 8396 8467
f 8467 8396 8398
f 8467 8398 8466
f 8466 8398 8400
f 8466 8400 8465
f 8465 8400 8402
f 8465 8402 8464
f 8464 8402 8404
f 8464 8404 8463
f 8463 8404 8406
f 8463 8406 8462
f 8462 8406 8408
f 8462 8408 8461
f 8461 8408 8409
f 8461 8409 8460
f 8460 8409 8411
f 8460 8411 8459
f 8459 8411 8413
f 8459 8413 8458
f 8458 8413 8415
f 8458 8415 8457
f 8457 8415 8456
f 8457 8456 8516
f 8516 8456 8517
f 8415 8418 8456
f 8456 8418 8455
f 8456 8455 8517
f 8517 8455 8518
f 8418 8419 8455
f 8455 8419 8454
f 8455 8454 8518
f 8518 8454 8519
f 8419 8422 8454
f 8454 8422 8453
f 8454 8453 8519
f 8519 8453 8520
f 8422 8423 8453
f 8453 8423 8452
f 8453 8452 8520
f 8520 8452 8521
f 8423 8426 8452
f 8452 8426 8451
f 8452 8451 8521
f 8521 8451 8522
f 8426 8427 8451
f 8451 8427 8450
f 8451 8450 8522
f 8522 8450 8523
f 8427 8430 8450
f 8450 8430 8449
f 8450 8449 8523
f 8523 8449 8524
f 8430 8432 8449
f 8449 8432 8448
f 8449 8448 8524
f 8524 8448 8525
f 8432 8433 8448
f 8448 8433 8447
f 8448 8447 8525
f 8525 8447 8526
f 8433 8436 8447
f 8447 8436 8446
f 8447 8446 8526
f 8526 8446 8527
f 8446 8436 8444
f 8444 8436 8438
f 8444 8438 8445
f 8445 8438 8528
f 8528 8438 8443
f 8443 8438 8439
f 8443 8439 8442
f 8442 8439 8441
f 8442 8441 8529
f 8529 8441 8530
f 8439 5996 8441
f 8441 5996 6137
f 8441 6137 8530
f 8472 6136 8531
f 8531 6136 6133
f 8531 6133 8561
f 8561 6133 6131
f 8561 6131 8591
f 8591 6131 6130
f 8591 6130 6127
f 8591 6127 8621
f 8621 6127 6126
f 8621 6126 8651
f 8651 6126 6124
f 8651 6124 8681
f 8681 6124 6122
f 8681 6122 8711
f 8711 6122 6119
f 8711 6119 8741
f 8741 6119 6117
f 8741 6117 8830
f 8830 6117 8771
f 8830 8771 8772
f 8772 8771 8832
f 8772 8832 8833
f 8833 8832 8863
f 8833 8863 8864
f 8864 8863 8894
f 8864 8894 8895
f 8895 8894 8925
f 8895 8925 8926
f 8926 8925 8956
f 8926 8956 8957
f 8957 8956 8987
f 8957 8987 8988
f 8988 8987 9018
f 8988 9018 9019
f 9019 9018 9049
f 9019 9049 9050
f 9050 9049 9080
f 9050 9080 9081
f 9081 9080 9150
f 9081 9150 9149
f 9149 9150 9112
f 9149 9112 9113
f 9113 9112 7479
f 9113 7479 7478
f 6117 6116 8771
f 8771 6116 8831
f 8771 8831 8832
f 8832 8831 8862
f 8832 8862 8863
f 8863 8862 8893
f 8863 8893 8894
f 8894 8893 8924
f 8894 8924 8925
f 8925 8924 8955
f 8925 8955 8956
f 8956 8955 8986
f 8956 8986 8987
f 8987 8986 9017
f 8987 9017 9018
f 9018 9017 9048
f 9018 9048 9049
f 9049 9048 9079
f 9049 9079 9080
f 9080 9079 9151
f 9080 9151 9150
f 9150 9151 9111
f 9150 9111 9112
f 9112 9111 7479
f 6116 6113 8831
f 8831 6113 8861
f 8831 8861 8862
f 8862 8861 8892
f 8862 8892 8893
f 8893 8892 8923
f 8893 8923 8924
f 8924 8923 8954
f 8924 8954 8955
f 8955 8954 8985
f 8955 8985 8986
f 8986 8985 9016
f 8986 9016 9017
f 9017 9016 9047
f 9017 9047 9048
f 9048 9047 9078
f 9048 9078 9079
f 9079 9078 9152
f 9079 9152 9151
f 9151 9152 9110
f 9151 9110 9111
f 9111 9110 7481
f 9111 7481 7479
f 6113 6111 8861
f 8861 6111 6109
f 8861 6109 8891
f 8891 6109 6107
f 8891 6107 8921
f 8921 6107 6106
f 8921 6106 8951
f 8951 6106 6103
f 8951 6103 8981
f 8981 6103 6102
f 8981 6102 6099
f 8981 6099 9011
f 9011 6099 6097
f 9011 6097 9041
f 9041 6097 6095
f 9041 6095 9071
f 9071 6095 6093
f 9071 6093 9160
f 9160 6093 9101
f 9160 9101 9102
f 9102 9101 6088
f 9102 6088 7496
f 6093 6092 9101
f 9101 6092 6088
f 9102 7496 9103
f 9103 7496 7493
f 9103 7493 9104
f 9104 7493 9105
f 9104 9105 9157
f 9157 9105 9156
f 9157 9156 9074
f 9074 9156 9075
f 9074 9075 9044
f 9044 9075 9045
f 9044 9045 9014
f 9014 9045 9015
f 9014 9015 8984
f 8984 9015 8985
f 8984 8985 8954
f 7493 7491 9105
f 9105 7491 9106
f 9105 9106 9156
f 9156 9106 9155
f 9156 9155 9075
f 9075 9155 9076
f 9075 9076 9045
f 9045 9076 9046
f 9045 9046 9015
f 9015 9046 9016
f 9015 9016 8985
f 7491 7490 9106
f 9106 7490 9107
f 9106 9107 9155
f 9155 9107 9154
f 9155 9154 9076
f 9076 9154 9077
f 9076 9077 9046
f 9046 9077 9047
f 9046 9047 9016
f 7490 7488 9107
f 9107 7488 9108
f 9107 9108 9154
f 9154 9108 9153
f 9154 9153 9077
f 9077 9153 9078
f 9077 9078 9047
f 7488 7485 9108
f 9108 7485 7484
f 9108 7484 9109
f 9109 7484 9110
f 9109 9110 9152
f 7484 7481 9110
f 9113 7478 9114
f 9114 7478 7475
f 9114 7475 9115
f 9115 7475 7473
f 9115 7473 9116
f 9116 7473 9117
f 9116 9117 9145
f 9145 9117 9144
f 9145 9144 9086
f 9086 9144 9087
f 9086 9087 9056
f 9056 9087 9057
f 9056 9057 9026
f 9026 9057 9027
f 9026 9027 8996
f 8996 9027 8997
f 8996 8997 8966
f 8966 8997 8967
f 8966 8967 8936
f 8936 8967 8937
f 8936 8937 8906
f 8906 8937 8907
f 8906 8907 8876
f 8876 8907 8877
f 8876 8877 8846
f 8846 8877 8847
f 8846 8847 8786
f 8786 8847 8787
f 8786 8787 8815
f 8815 8787 8814
f 8815 8814 8756
f 8756 8814 8757
f 8756 8757 8726
f 8726 8757 8727
f 8726 8727 8696
f 8696 8727 8697
f 8696 8697 8666
f 8666 8697 8667
f 8666 8667 8636
f 8636 8667 8637
f 8636 8637 8606
f 8606 8637 8607
f 8606 8607 8576
f 8576 8607 8577
f 8576 8577 8546
f 8546 8577 8547
f 8546 8547 8487
f 8487 8547 8488
f 7473 7471 9117
f 9117 7471 9118
f 9117 9118 9144
f 9144 9118 9143
f 9144 9143 9087
f 9087 9143 9088
f 9087 9088 9057
f 9057 9088 9058
f 9057 9058 9027
f 9027 9058 9028
f 9027 9028 8997
f 8997 9028 8998
f 8997 8998 8967
f 8967 8998 8968
f 8967 8968 8937
f 8937 8968 8938
f 8937 8938 8907
f 8907 8938 8908
f 8907 8908 8877
f 8877 8908 8878
f 8877 8878 8847
f 8847 8878 8848
f 8847 8848 8787
f 8787 8848 8788
f 8787 8788 8814
f 8814 8788 8813
f 8814 8813 8757
f 8757 8813 8758
f 8757 8758 8727
f 8727 8758 8728
f 8727 8728 8697
f 8697 8728 8698
f 8697 8698 8667
f 8667 8698 8668
f 8667 8668 8637
f 8637 8668 8638
f 8637 8638 8607
f 8607 8638 8608
f 8607 8608 8577
f 8577 8608 8578
f 8577 8578 8547
f 8547 8578 8548
f 8547 8548 8488
f 8488 8548 8489
f 7471 7469 9118
f 9118 7469 9119
f 9118 9119 9143
f 9143 9119 9142
f 9143 9142 9088
f 9088 9142 9089
f 9088 9089 9058
f 9058 9089 9059
f 9058 9059 9028
f 9028 9059 9029
f 9028 9029 8998
f 8998 9029 8999
f 8998 8999 8968
f 8968 8999 8969
f 8968 8969 8938
f 8938 8969 8939
f 8938 8939 8908
f 8908 8939 8909
f 8908 8909 8878
f 8878 8909 8879
f 8878 8879 8848
f 8848 8879 8849
f 8848 8849 8788
f 8788 8849 8789
f 8788 8789 8813
f 8813 8789 8812
f 8813 8812 8758
f 8758 8812 8759
f 8758 8759 8728
f 8728 8759 8729
f 8728 8729 8698
f 8698 8729 8699
f 8698 8699 8668
f 8668 8699 8669
f 8668 8669 8638
f 8638 8669 8639
f 8638 8639 8608
f 8608 8639 8609
f 8608 8609 8578
f 8578 8609 8579
f 8578 8579 8548
f 8548 8579 8549
f 8548 8549 8489
f 8489 8549 8490
f 7469 7468 9119
f 9119 7468 9120
f 9119 9120 9142
f 9142 9120 9141
f 9142 9141 9089
f 9089 9141 9090
f 9089 9090 9059
f 9059 9090 9060
f 9059 9060 9029
f 9029 9060 9030
f 9029 9030 8999
f 8999 9030 9000
f 8999 9000 8969
f 8969 9000 8970
f 8969 8970 8939
f 8939 8970 8940
f 8939 8940 8909
f 8909 8940 8910
f 8909 8910 8879
f 8879 8910 8880
f 8879 8880 8849
f 8849 8880 8850
f 8849 8850 8789
f 8789 8850 8790
f 8789 8790 8812
f 8812 8790 8811
f 8812 8811 8759
f 8759 8811 8760
f 8759 8760 8729
f 8729 8760 8730
f 8729 8730 8699
f 8699 8730 8700
f 8699 8700 8669
f 8669 8700 8670
f 8669 8670 8639
f 8639 8670 8640
f 8639 8640 8609
f 8609 8640 8610
f 8609 8610 8579
f 8579 8610 8580
f 8579 8580 8549
f 8549 8580 8550
f 8549 8550 8490
f 8490 8550 8491
f 9120 7468 9121
f 9121 7468 7466
f 9121 7466 9122
f 9122 7466 7463
f 9122 7463 9123
f 9123 7463 7461
f 9123 7461 7460
f 9123 7460 9124
f 9124 7460 7458
f 9124 7458 9125
f 9125 7458 7456
f 9125 7456 9126
f 9126 7456 7453
f 9126 7453 9127
f 9127 7453 7452
f 9127 7452 9128
f 9128 7452 7449
f 9128 7449 9129
f 9129 7449 9130
f 9129 9130 9132
f 9132 9130 9131
f 9132 9131 9099
f 9099 9131 9100
f 9099 9100 9069
f 9069 9100 9070
f 9069 9070 9039
f 9039 9070 9040
f 9039 9040 9009
f 9009 9040 9010
f 9009 9010 8979
f 8979 9010 8980
f 8979 8980 8949
f 8949 8980 8950
f 8949 8950 8919
f 8919 8950 8920
f 8919 8920 8889
f 8889 8920 8890
f 8889 8890 8859
f 8859 8890 8860
f 8859 8860 8799
f 8799 8860 8800
f 8799 8800 8802
f 8802 8800 8801
f 8802 8801 8769
f 8769 8801 8770
f 8769 8770 8739
f 8739 8770 8740
f 8739 8740 8709
f 8709 8740 8710
f 8709 8710 8679
f 8679 8710 8680
f 8679 8680 8649
f 8649 8680 8650
f 8649 8650 8619
f 8619 8650 8620
f 8619 8620 8589
f 8589 8620 8590
f 8589 8590 8559
f 8559 8590 8560
f 8559 8560 8500
f 8500 8560 8501
f 7449 7446 9130
f 9130 7446 7935
f 9130 7935 9131
f 9131 7935 9100
f 7935 7932 9100
f 9100 7932 9070
f 7932 7930 9070
f 9070 7930 9040
f 7930 7929 9040
f 9040 7929 9010
f 7929 7927 9010
f 9010 7927 7925
f 9010 7925 8980
f 8980 7925 7923
f 8980 7923 8950
f 8950 7923 7921
f 8950 7921 8920
f 8920 7921 7919
f 8920 7919 8890
f 8890 7919 7916
f 8890 7916 7914
f 8890 7914 8860
f 8860 7914 7913
f 8860 7913 8800
f 8800 7913 7910
f 8800 7910 8801
f 8801 7910 8770
f 7910 7908 8770
f 8770 7908 8740
f 7908 7907 8740
f 8740 7907 8710
f 7907 7904 8710
f 8710 7904 8680
f 7904 7903 8680
f 8680 7903 8650
f 7903 7900 8650
f 8650 7900 8620
f 7900 7899 8620
f 8620 7899 7896
f 8620 7896 8590
f 8590 7896 7894
f 8590 7894 8560
f 8560 7894 7893
f 8560 7893 8501
f 8501 7893 7891
f 8528 8443 8442
f 8528 8442 8529
f 8527 8446 8444
f 8445 8527 8444
f 8516 8515 8457
f 8457 8515 8458
f 8515 8514 8458
f 8458 8514 8459
f 8514 8513 8459
f 8459 8513 8460
f 8513 8512 8460
f 8460 8512 8461
f 8512 8511 8461
f 8461 8511 8462
f 8511 8510 8462
f 8462 8510 8463
f 8510 8509 8463
f 8463 8509 8464
f 8509 8508 8464
f 8464 8508 8465
f 8508 8507 8465
f 8465 8507 8466
f 8507 8506 8466
f 8466 8506 8467
f 8506 8505 8467
f 8467 8505 8468
f 8503 8470 8469
f 8505 8504 8468
f 8468 8504 8469
f 8504 8503 8469
f 8473 8472 8532
f 8532 8472 8531
f 8532 8531 8562
f 8562 8531 8561
f 8562 8561 8592
f 8592 8561 8591
f 8592 8591 8622
f 8622 8591 8621
f 8622 8621 8652
f 8652 8621 8651
f 8652 8651 8682
f 8682 8651 8681
f 8682 8681 8712
f 8712 8681 8711
f 8712 8711 8742
f 8742 8711 8741
f 8742 8741 8829
f 8829 8741 8830
f 8829 8830 8772
f 8474 8473 8533
f 8533 8473 8532
f 8533 8532 8563
f 8563 8532 8562
f 8563 8562 8593
f 8593 8562 8592
f 8593 8592 8623
f 8623 8592 8622
f 8623 8622 8653
f 8653 8622 8652
f 8653 8652 8683
f 8683 8652 8682
f 8683 8682 8713
f 8713 8682 8712
f 8713 8712 8743
f 8743 8712 8742
f 8743 8742 8828
f 8828 8742 8829
f 8828 8829 8773
f 8773 8829 8772
f 8773 8772 8833
f 8475 8474 8534
f 8534 8474 8533
f 8534 8533 8564
f 8564 8533 8563
f 8564 8563 8594
f 8594 8563 8593
f 8594 8593 8624
f 8624 8593 8623
f 8624 8623 8654
f 8654 8623 8653
f 8654 8653 8684
f 8684 8653 8683
f 8684 8683 8714
f 8714 8683 8713
f 8714 8713 8744
f 8744 8713 8743
f 8744 8743 8827
f 8827 8743 8828
f 8827 8828 8774
f 8774 8828 8773
f 8774 8773 8834
f 8834 8773 8833
f 8834 8833 8864
f 8476 8475 8535
f 8535 8475 8534
f 8535 8534 8565
f 8565 8534 8564
f 8565 8564 8595
f 8595 8564 8594
f 8595 8594 8625
f 8625 8594 8624
f 8625 8624 8655
f 8655 8624 8654
f 8655 8654 8685
f 8685 8654 8684
f 8685 8684 8715
f 8715 8684 8714
f 8715 8714 8745
f 8745 8714 8744
f 8745 8744 8826
f 8826 8744 8827
f 8826 8827 8775
f 8775 8827 8774
f 8775 8774 8835
f 8835 8774 8834
f 8835 8834 8865
f 8865 8834 8864
f 8865 8864 8895
f 8477 8476 8536
f 8536 8476 8535
f 8536 8535 8566
f 8566 8535 8565
f 8566 8565 8596
f 8596 8565 8595
f 8596 8595 8626
f 8626 8595 8625
f 8626 8625 8656
f 8656 8625 8655
f 8656 8655 8686
f 8686 8655 8685
f 8686 8685 8716
f 8716 8685 8715
f 8716 8715 8746
f 8746 8715 8745
f 8746 8745 8825
f 8825 8745 8826
f 8825 8826 8776
f 8776 8826 8775
f 8776 8775 8836
f 8836 8775 8835
f 8836 8835 8866
f 8866 8835 8865
f 8866 8865 8896
f 8896 8865 8895
f 8896 8895 8926
f 8478 8477 8537
f 8537 8477 8536
f 8537 8536 8567
f 8567 8536 8566
f 8567 8566 8597
f 8597 8566 8596
f 8597 8596 8627
f 8627 8596 8626
f 8627 8626 8657
f 8657 8626 8656
f 8657 8656 8687
f 8687 8656 8686
f 8687 8686 8717
f 8717 8686 8716
f 8717 8716 8747
f 8747 8716 8746
f 8747 8746 8824
f 8824 8746 8825
f 8824 8825 8777
f 8777 8825 8776
f 8777 8776 8837
f 8837 8776 8836
f 8837 8836 8867
f 8867 8836 8866
f 8867 8866 8897
f 8897 8866 8896
f 8897 8896 8927
f 8927 8896 8926
f 8927 8926 8957
f 8479 8478 8538
f 8538 8478 8537
f 8538 8537 8568
f 8568 8537 8567
f 8568 8567 8598
f 8598 8567 8597
f 8598 8597 8628
f 8628 8597 8627
f 8628 8627 8658
f 8658 8627 8657
f 8658 8657 8688
f 8688 8657 8687
f 8688 8687 8718
f 8718 8687 8717
f 8718 8717 8748
f 8748 8717 8747
f 8748 8747 8823
f 8823 8747 8824
f 8823 8824 8778
f 8778 8824 8777
f 8778 8777 8838
f 8838 8777 8837
f 8838 8837 8868
f 8868 8837 8867
f 8868 8867 8898
f 8898 8867 8897
f 8898 8897 8928
f 8928 8897 8927
f 8928 8927 8958
f 8958 8927 8957
f 8958 8957 8988
f 8480 8479 8539
f 8539 8479 8538
f 8539 8538 8569
f 8569 8538 8568
f 8569 8568 8599
f 8599 8568 8598
f 8599 8598 8629
f 8629 8598 8628
f 8629 8628 8659
f 8659 8628 8658
f 8659 8658 8689
f 8689 8658 8688
f 8689 8688 8719
f 8719 8688 8718
f 8719 8718 8749
f 8749 8718 8748
f 8749 8748 8822
f 8822 8748 8823
f 8822 8823 8779
f 8779 8823 8778
f 8779 8778 8839
f 8839 8778 8838
f 8839 8838 8869
f 8869 8838 8868
f 8869 8868 8899
f 8899 8868 8898
f 8899 8898 8929
f 8929 8898 8928
f 8929 8928 8959
f 8959 8928 8958
f 8959 8958 8989
f 8989 8958 8988
f 8989 8988 9019
f 8481 8480 8540
f 8540 8480 8539
f 8540 8539 8570
f 8570 8539 8569
f 8570 8569 8600
f 8600 8569 8599
f 8600 8599 8630
f 8630 8599 8629
f 8630 8629 8660
f 8660 8629 8659
f 8660 8659 8690
f 8690 8659 8689
f 8690 8689 8720
f 8720 8689 8719
f 8720 8719 8750
f 8750 8719 8749
f 8750 8749 8821
f 8821 8749 8822
f 8821 8822 8780
f 8780 8822 8779
f 8780 8779 8840
f 8840 8779 8839
f 8840 8839 8870
f 8870 8839 8869
f 8870 8869 8900
f 8900 8869 8899
f 8900 8899 8930
f 8930 8899 8929
f 8930 8929 8960
f 8960 8929 8959
f 8960 8959 8990
f 8990 8959 8989
f 8990 8989 9020
f 9020 8989 9019
f 9020 9019 9050
f 8482 8481 8541
f 8541 8481 8540
f 8541 8540 8571
f 8571 8540 8570
f 8571 8570 8601
f 8601 8570 8600
f 8601 8600 8631
f 8631 8600 8630
f 8631 8630 8661
f 8661 8630 8660
f 8661 8660 8691
f 8691 8660 8690
f 8691 8690 8721
f 8721 8690 8720
f 8721 8720 8751
f 8751 8720 8750
f 8751 8750 8820
f 8820 8750 8821
f 8820 8821 8781
f 8781 8821 8780
f 8781 8780 8841
f 8841 8780 8840
f 8841 8840 8871
f 8871 8840 8870
f 8871 8870 8901
f 8901 8870 8900
f 8901 8900 8931
f 8931 8900 8930
f 8931 8930 8961
f 8961 8930 8960
f 8961 8960 8991
f 8991 8960 8990
f 8991 8990 9021
f 9021 8990 9020
f 9021 9020 9051
f 9051 9020 9050
f 9051 9050 9081
f 8483 8482 8542
f 8542 8482 8541
f 8542 8541 8572
f 8572 8541 8571
f 8572 8571 8602
f 8602 8571 8601
f 8602 8601 8632
f 8632 8601 8631
f 8632 8631 8662
f 8662 8631 8661
f 8662 8661 8692
f 8692 8661 8691
f 8692 8691 8722
f 8722 8691 8721
f 8722 8721 8752
f 8752 8721 8751
f 8752 8751 8819
f 8819 8751 8820
f 8819 8820 8782
f 8782 8820 8781
f 8782 8781 8842
f 8842 8781 8841
f 8842 8841 8872
f 8872 8841 8871
f 8872 8871 8902
f 8902 8871 8901
f 8902 8901 8932
f 8932 8901 8931
f 8932 8931 8962
f 8962 8931 8961
f 8962 8961 8992
f 8992 8961 8991
f 8992 8991 9022
f 9022 8991 9021
f 9022 9021 9052
f 9052 9021 9051
f 9052 9051 9082
f 9082 9051 9081
f 9082 9081 9149
f 8484 8483 8543
f 8543 8483 8542
f 8543 8542 8573
f 8573 8542 8572
f 8573 8572 8603
f 8603 8572 8602
f 8603 8602 8633
f 8633 8602 8632
f 8633 8632 8663
f 8663 8632 8662
f 8663 8662 8693
f 8693 8662 8692
f 8693 8692 8723
f 8723 8692 8722
f 8723 8722 8753
f 8753 8722 8752
f 8753 8752 8818
f 8818 8752 8819
f 8818 8819 8783
f 8783 8819 8782
f 8783 8782 8843
f 8843 8782 8842
f 8843 8842 8873
f 8873 8842 8872
f 8873 8872 8903
f 8903 8872 8902
f 8903 8902 8933
f 8933 8902 8932
f 8933 8932 8963
f 8963 8932 8962
f 8963 8962 8993
f 8993 8962 8992
f 8993 8992 9023
f 9023 8992 9022
f 9023 9022 9053
f 9053 9022 9052
f 9053 9052 9083
f 9083 9052 9082
f 9083 9082 9148
f 9148 9082 9149
f 9148 9149 9113
f 8485 8484 8544
f 8544 8484 8543
f 8544 8543 8574
f 8574 8543 8573
f 8574 8573 8604
f 8604 8573 8603
f 8604 8603 8634
f 8634 8603 8633
f 8634 8633 8664
f 8664 8633 8663
f 8664 8663 8694
f 8694 8663 8693
f 8694 8693 8724
f 8724 8693 8723
f 8724 8723 8754
f 8754 8723 8753
f 8754 8753 8817
f 8817 8753 8818
f 8817 8818 8784
f 8784 8818 8783
f 8784 8783 8844
f 8844 8783 8843
f 8844 8843 8874
f 8874 8843 8873
f 8874 8873 8904
f 8904 8873 8903
f 8904 8903 8934
f 8934 8903 8933
f 8934 8933 8964
f 8964 8933 8963
f 8964 8963 8994
f 8994 8963 8993
f 8994 8993 9024
f 9024 8993 9023
f 9024 9023 9054
f 9054 9023 9053
f 9054 9053 9084
f 9084 9053 9083
f 9084 9083 9147
f 9147 9083 9148
f 9147 9148 9114
f 9114 9148 9113
f 8546 8487 8486
f 8486 8485 8545
f 8545 8485 8544
f 8545 8544 8575
f 8575 8544 8574
f 8575 8574 8605
f 8605 8574 8604
f 8605 8604 8635
f 8635 8604 8634
f 8635 8634 8665
f 8665 8634 8664
f 8665 8664 8695
f 8695 8664 8694
f 8695 8694 8725
f 8725 8694 8724
f 8725 8724 8755
f 8755 8724 8754
f 8755 8754 8816
f 8816 8754 8817
f 8816 8817 8785
f 8785 8817 8784
f 8785 8784 8845
f 8845 8784 8844
f 8845 8844 8875
f 8875 8844 8874
f 8875 8874 8905
f 8905 8874 8904
f 8905 8904 8935
f 8935 8904 8934
f 8935 8934 8965
f 8965 8934 8964
f 8965 8964 8995
f 8995 8964 8994
f 8995 8994 9025
f 9025 8994 9024
f 9025 9024 9055
f 9055 9024 9054
f 9055 9054 9085
f 9085 9054 9084
f 9085 9084 9146
f 9146 9084 9147
f 9146 9147 9115
f 9115 9147 9114
f 8492 8491 8551
f 8551 8491 8550
f 8551 8550 8581
f 8581 8550 8580
f 8581 8580 8611
f 8611 8580 8610
f 8611 8610 8641
f 8641 8610 8640
f 8641 8640 8671
f 8671 8640 8670
f 8671 8670 8701
f 8701 8670 8700
f 8701 8700 8731
f 8731 8700 8730
f 8731 8730 8761
f 8761 8730 8760
f 8761 8760 8810
f 8810 8760 8811
f 8810 8811 8791
f 8791 8811 8790
f 8791 8790 8851
f 8851 8790 8850
f 8851 8850 8881
f 8881 8850 8880
f 8881 8880 8911
f 8911 8880 8910
f 8911 8910 8941
f 8941 8910 8940
f 8941 8940 8971
f 8971 8940 8970
f 8971 8970 9001
f 9001 8970 9000
f 9001 9000 9031
f 9031 9000 9030
f 9031 9030 9061
f 9061 9030 9060
f 9061 9060 9091
f 9091 9060 9090
f 9091 9090 9140
f 9140 9090 9141
f 9140 9141 9121
f 9121 9141 9120
f 8493 8492 8552
f 8552 8492 8551
f 8552 8551 8582
f 8582 8551 8581
f 8582 8581 8612
f 8612 8581 8611
f 8612 8611 8642
f 8642 8611 8641
f 8642 8641 8672
f 8672 8641 8671
f 8672 8671 8702
f 8702 8671 8701
f 8702 8701 8732
f 8732 8701 8731
f 8732 8731 8762
f 8762 8731 8761
f 8762 8761 8809
f 8809 8761 8810
f 8809 8810 8792
f 8792 8810 8791
f 8792 8791 8852
f 8852 8791 8851
f 8852 8851 8882
f 8882 8851 8881
f 8882 8881 8912
f 8912 8881 8911
f 8912 8911 8942
f 8942 8911 8941
f 8942 8941 8972
f 8972 8941 8971
f 8972 8971 9002
f 9002 8971 9001
f 9002 9001 9032
f 9032 9001 9031
f 9032 9031 9062
f 9062 9031 9061
f 9062 9061 9092
f 9092 9061 9091
f 9092 9091 9139
f 9139 9091 9140
f 9139 9140 9122
f 9122 9140 9121
f 8494 8493 8553
f 8553 8493 8552
f 8553 8552 8583
f 8583 8552 8582
f 8583 8582 8613
f 8613 8582 8612
f 8613 8612 8643
f 8643 8612 8642
f 8643 8642 8673
f 8673 8642 8672
f 8673 8672 8703
f 8703 8672 8702
f 8703 8702 8733
f 8733 8702 8732
f 8733 8732 8763
f 8763 8732 8762
f 8763 8762 8808
f 8808 8762 8809
f 8808 8809 8793
f 8793 8809 8792
f 8793 8792 8853
f 8853 8792 8852
f 8853 8852 8883
f 8883 8852 8882
f 8883 8882 8913
f 8913 8882 8912
f 8913 8912 8943
f 8943 8912 8942
f 8943 8942 8973
f 8973 8942 8972
f 8973 8972 9003
f 9003 8972 9002
f 9003 9002 9033
f 9033 9002 9032
f 9033 9032 9063
f 9063 9032 9062
f 9063 9062 9093
f 9093 9062 9092
f 9093 9092 9138
f 9138 9092 9139
f 9138 9139 9123
f 9123 9139 9122
f 8495 8494 8554
f 8554 8494 8553
f 8554 8553 8584
f 8584 8553 8583
f 8584 8583 8614
f 8614 8583 8613
f 8614 8613 8644
f 8644 8613 8643
f 8644 8643 8674
f 8674 8643 8673
f 8674 8673 8704
f 8704 8673 8703
f 8704 8703 8734
f 8734 8703 8733
f 8734 8733 8764
f 8764 8733 8763
f 8764 8763 8807
f 8807 8763 8808
f 8807 8808 8794
f 8794 8808 8793
f 8794 8793 8854
f 8854 8793 8853
f 8854 8853 8884
f 8884 8853 8883
f 8884 8883 8914
f 8914 8883 8913
f 8914 8913 8944
f 8944 8913 8943
f 8944 8943 8974
f 8974 8943 8973
f 8974 8973 9004
f 9004 8973 9003
f 9004 9003 9034
f 9034 9003 9033
f 9034 9033 9064
f 9064 9033 9063
f 9064 9063 9094
f 9094 9063 9093
f 9094 9093 9137
f 9137 9093 9138
f 9137 9138 9124
f 9124 9138 9123
f 8496 8495 8555
f 8555 8495 8554
f 8555 8554 8585
f 8585 8554 8584
f 8585 8584 8615
f 8615 8584 8614
f 8615 8614 8645
f 8645 8614 8644
f 8645 8644 8675
f 8675 8644 8674
f 8675 8674 8705
f 8705 8674 8704
f 8705 8704 8735
f 8735 8704 8734
f 8735 8734 8765
f 8765 8734 8764
f 8765 8764 8806
f 8806 8764 8807
f 8806 8807 8795
f 8795 8807 8794
f 8795 8794 8855
f 8855 8794 8854
f 8855 8854 8885
f 8885 8854 8884
f 8885 8884 8915
f 8915 8884 8914
f 8915 8914 8945
f 8945 8914 8944
f 8945 8944 8975
f 8975 8944 8974
f 8975 8974 9005
f 9005 8974 9004
f 9005 9004 9035
f 9035 9004 9034
f 9035 9034 9065
f 9065 9034 9064
f 9065 9064 9095
f 9095 9064 9094
f 9095 9094 9136
f 9136 9094 9137
f 9136 9137 9125
f 9125 9137 9124
f 8497 8496 8556
f 8556 8496 8555
f 8556 8555 8586
f 8586 8555 8585
f 8586 8585 8616
f 8616 8585 8615
f 8616 8615 8646
f 8646 8615 8645
f 8646 8645 8676
f 8676 8645 8675
f 8676 8675 8706
f 8706 8675 8705
f 8706 8705 8736
f 8736 8705 8735
f 8736 8735 8766
f 8766 8735 8765
f 8766 8765 8805
f 8805 8765 8806
f 8805 8806 8796
f 8796 8806 8795
f 8796 8795 8856
f 8856 8795 8855
f 8856 8855 8886
f 8886 8855 8885
f 8886 8885 8916
f 8916 8885 8915
f 8916 8915 8946
f 8946 8915 8945
f 8946 8945 8976
f 8976 8945 8975
f 8976 8975 9006
f 9006 8975 9005
f 9006 9005 9036
f 9036 9005 9035
f 9036 9035 9066
f 9066 9035 9065
f 9066 9065 9096
f 9096 9065 9095
f 9096 9095 9135
f 9135 9095 9136
f 9135 9136 9126
f 9126 9136 9125
f 8498 8497 8557
f 8557 8497 8556
f 8557 8556 8587
f 8587 8556 8586
f 8587 8586 8617
f 8617 8586 8616
f 8617 8616 8647
f 8647 8616 8646
f 8647 8646 8677
f 8677 8646 8676
f 8677 8676 8707
f 8707 8676 8706
f 8707 8706 8737
f 8737 8706 8736
f 8737 8736 8767
f 8767 8736 8766
f 8767 8766 8804
f 8804 8766 8805
f 8804 8805 8797
f 8797 8805 8796
f 8797 8796 8857
f 8857 8796 8856
f 8857 8856 8887
f 8887 8856 8886
f 8887 8886 8917
f 8917 8886 8916
f 8917 8916 8947
f 8947 8916 8946
f 8947 8946 8977
f 8977 8946 8976
f 8977 8976 9007
f 9007 8976 9006
f 9007 9006 9037
f 9037 9006 9036
f 9037 9036 9067
f 9067 9036 9066
f 9067 9066 9097
f 9097 9066 9096
f 9097 9096 9134
f 9134 9096 9135
f 9134 9135 9127
f 9127 9135 9126
f 8559 8500 8499
f 8499 8498 8558
f 8558 8498 8557
f 8558 8557 8588
f 8588 8557 8587
f 8588 8587 8618
f 8618 8587 8617
f 8618 8617 8648
f 8648 8617 8647
f 8648 8647 8678
f 8678 8647 8677
f 8678 8677 8708
f 8708 8677 8707
f 8708 8707 8738
f 8738 8707 8737
f 8738 8737 8768
f 8768 8737 8767
f 8768 8767 8803
f 8803 8767 8804
f 8803 8804 8798
f 8798 8804 8797
f 8798 8797 8858
f 8858 8797 8857
f 8858 8857 8888
f 8888 8857 8887
f 8888 8887 8918
f 8918 8887 8917
f 8918 8917 8948
f 8948 8917 8947
f 8948 8947 8978
f 8978 8947 8977
f 8978 8977 9008
f 9008 8977 9007
f 9008 9007 9038
f 9038 9007 9037
f 9038 9037 9068
f 9068 9037 9067
f 9068 9067 9098
f 9098 9067 9097
f 9098 9097 9133
f 9133 9097 9134
f 9133 9134 9128
f 9128 9134 9127
f 8576 8546 8545
f 8545 8546 8486
f 8576 8545 8575
f 8589 8559 8558
f 8558 8559 8499
f 8589 8558 8588
f 8606 8576 8575
f 8606 8575 8605
f 8619 8589 8588
f 8619 8588 8618
f 8636 8606 8605
f 8636 8605 8635
f 8649 8619 8618
f 8649 8618 8648
f 8666 8636 8635
f 8666 8635 8665
f 8679 8649 8648
f 8679 8648 8678
f 8696 8666 8665
f 8696 8665 8695
f 8709 8679 8678
f 8709 8678 8708
f 8726 8696 8695
f 8726 8695 8725
f 8739 8709 8708
f 8739 8708 8738
f 8756 8726 8725
f 8756 8725 8755
f 8769 8739 8738
f 8769 8738 8768
f 8815 8756 8755
f 8815 8755 8816
f 8802 8769 8768
f 8802 8768 8803
f 8815 8816 8786
f 8786 8816 8785
f 8786 8785 8846
f 8846 8785 8845
f 8846 8845 8876
f 8876 8845 8875
f 8876 8875 8906
f 8906 8875 8905
f 8906 8905 8936
f 8936 8905 8935
f 8936 8935 8966
f 8966 8935 8965
f 8966 8965 8996
f 8996 8965 8995
f 8996 8995 9026
f 9026 8995 9025
f 9026 9025 9056
f 9056 9025 9055
f 9056 9055 9086
f 9086 9055 9085
f 9086 9085 9145
f 9145 9085 9146
f 9145 9146 9116
f 9116 9146 9115
f 8802 8803 8799
f 8799 8803 8798
f 8799 8798 8859
f 8859 8798 8858
f 8859 8858 8889
f 8889 8858 8888
f 8889 8888 8919
f 8919 8888 8918
f 8919 8918 8949
f 8949 8918 8948
f 8949 8948 8979
f 8979 8948 8978
f 8979 8978 9009
f 9009 8978 9008
f 9009 9008 9039
f 9039 9008 9038
f 9039 9038 9069
f 9069 9038 9068
f 9069 9068 9099
f 9099 9068 9098
f 9099 9098 9132
f 9132 9098 9133
f 9132 9133 9129
f 9129 9133 9128
f 8861 8891 8892
f 8892 8891 8922
f 8892 8922 8923
f 8923 8922 8953
f 8923 8953 8954
f 8954 8953 8984
f 8891 8921 8922
f 8922 8921 8952
f 8922 8952 8953
f 8953 8952 8983
f 8953 8983 8984
f 8984 8983 9014
f 8921 8951 8952
f 8952 8951 8982
f 8952 8982 8983
f 8983 8982 9013
f 8983 9013 9014
f 9014 9013 9044
f 8951 8981 8982
f 8982 8981 9012
f 8982 9012 9013
f 9013 9012 9043
f 9013 9043 9044
f 9044 9043 9074
f 8981 9011 9012
f 9012 9011 9042
f 9012 9042 9043
f 9043 9042 9073
f 9043 9073 9074
f 9074 9073 9157
f 9011 9041 9042
f 9042 9041 9072
f 9042 9072 9073
f 9073 9072 9158
f 9073 9158 9157
f 9157 9158 9104
f 9041 9071 9072
f 9072 9071 9159
f 9072 9159 9158
f 9158 9159 9103
f 9158 9103 9104
f 9152 9078 9153
f 9160 9102 9159
f 9159 9102 9103
f 9152 9153 9109
f 9109 9153 9108
f 9071 9160 9159
f 7887 7953 8390
f 8390 7953 9184
f 8390 9184 8392
f 8392 9184 9201
f 8392 9201 9200
f 9200 9201 9202
f 9200 9202 9199
f 9199 9202 9203
f 9199 9203 9198
f 9198 9203 9204
f 9198 9204 9197
f 9197 9204 9205
f 9197 9205 9196
f 9196 9205 9206
f 9196 9206 9195
f 9195 9206 9207
f 9195 9207 9194
f 9194 9207 9208
f 9194 9208 9193
f 9193 9208 9209
f 9193 9209 9192
f 9192 9209 9210
f 9192 9210 9191
f 9191 9210 9211
f 9191 9211 9190
f 9190 9211 9212
f 9190 9212 9189
f 9189 9212 9213
f 9189 9213 9188
f 9188 9213 9214
f 9188 9214 9187
f 9187 9214 9215
f 9187 9215 9186
f 9186 9215 9216
f 9186 9216 9185
f 9185 9216 6725
f 9185 6725 6722
f 7953 7950 9184
f 9184 7950 9183
f 9184 9183 9201
f 9201 9183 9202
f 7950 7948 9183
f 9183 7948 9182
f 9183 9182 9202
f 9202 9182 9203
f 7947 9180 7948
f 7948 9180 9181
f 7948 9181 9182
f 9182 9181 9203
f 9180 7947 9179
f 9179 7947 7944
f 9179 7944 9178
f 9178 7944 9177
f 9178 9177 9207
f 9207 9177 9208
f 9177 7944 9176
f 9176 7944 7942
f 9176 7942 9175
f 9175 7942 9174
f 9175 9174 9210
f 9210 9174 9211
f 9174 7942 9173
f 9173 7942 7941
f 9173 7941 9172
f 9172 7941 9171
f 9172 9171 9213
f 9213 9171 9214
f 7941 7939 9171
f 9171 7939 9170
f 9171 9170 9214
f 9214 9170 9215
f 7939 7937 9170
f 9170 7937 9169
f 9170 9169 9215
f 9215 9169 9216
f 7937 6576 9169
f 9169 6576 6725
f 9169 6725 9216
f 6720 9162 6722
f 6722 9162 9217
f 6722 9217 9185
f 9185 9217 9218
f 9185 9218 9186
f 9186 9218 9219
f 9186 9219 9187
f 9187 9219 9220
f 9187 9220 9188
f 9188 9220 9221
f 9188 9221 9189
f 9189 9221 9222
f 9189 9222 9190
f 9190 9222 9223
f 9190 9223 9191
f 9191 9223 9224
f 9191 9224 9192
f 9192 9224 9225
f 9192 9225 9193
f 9193 9225 9226
f 9193 9226 9194
f 9194 9226 9227
f 9194 9227 9195
f 9195 9227 9228
f 9195 9228 9196
f 9196 9228 9229
f 9196 9229 9197
f 9197 9229 9230
f 9197 9230 9198
f 9198 9230 9231
f 9198 9231 9199
f 9199 9231 9232
f 9199 9232 9200
f 9200 9232 8394
f 9200 8394 8392
f 9162 6720 9233
f 9233 6720 6719
f 9233 6719 9164
f 9164 6719 6716
f 9164 6716 9308
f 9308 6716 9278
f 9308 9278 9279
f 9279 9278 9310
f 9279 9310 9311
f 9311 9310 9327
f 9311 9327 9328
f 9328 9327 9344
f 9328 9344 9345
f 9345 9344 9361
f 9345 9361 9362
f 9362 9361 9378
f 9362 9378 9379
f 9379 9378 9395
f 9379 9395 9396
f 9396 9395 9412
f 9396 9412 9413
f 9413 9412 9444
f 9413 9444 9443
f 9443 9444 9430
f 9443 9430 9431
f 9431 9430 9463
f 9431 9463 9464
f 9464 9463 9480
f 9464 9480 9481
f 9481 9480 9497
f 9481 9497 9498
f 9498 9497 9514
f 9498 9514 9515
f 9515 9514 9531
f 9515 9531 9532
f 9532 9531 9548
f 9532 9548 8428
f 8428 9548 8429
f 8429 9548 9564
f 8429 9564 8431
f 8431 9564 9580
f 8431 9580 8434
f 8434 9580 8435
f 8435 9580 9595
f 8435 9595 9165
f 9165 9595 9594
f 9165 9594 9611
f 9611 9594 9593
f 9611 9593 9612
f 9612 9593 9592
f 9612 9592 9613
f 9613 9592 9591
f 9613 9591 9614
f 9614 9591 9590
f 9614 9590 9615
f 9615 9590 9589
f 9615 9589 9616
f 9616 9589 9588
f 9616 9588 9617
f 9617 9588 9587
f 9617 9587 9618
f 9618 9587 9586
f 9618 9586 9619
f 9619 9586 9585
f 9619 9585 9620
f 9620 9585 9584
f 9620 9584 9621
f 9621 9584 9583
f 9621 9583 9622
f 9622 9583 9582
f 9622 9582 9623
f 9623 9582 9581
f 9623 9581 9624
f 9624 9581 9166
f 9624 9166 9625
f 9625 9166 6678
f 9625 6678 9168
f 9168 6678 6677
f 9168 6677 9672
f 9672 6677 9657
f 9672 9657 9656
f 9656 9657 9627
f 9656 9627 9628
f 9628 9627 6013
f 9628 6013 6011
f 6716 6714 9278
f 9278 6714 9309
f 9278 9309 9310
f 9310 9309 9326
f 9310 9326 9327
f 9327 9326 9343
f 9327 9343 9344
f 9344 9343 9360
f 9344 9360 9361
f 9361 9360 9377
f 9361 9377 9378
f 9378 9377 9394
f 9378 9394 9395
f 9395 9394 9411
f 9395 9411 9412
f 9412 9411 9445
f 9412 9445 9444
f 9444 9445 9429
f 9444 9429 9430
f 9430 9429 9462
f 9430 9462 9463
f 9463 9462 9479
f 9463 9479 9480
f 9480 9479 9496
f 9480 9496 9497
f 9497 9496 9513
f 9497 9513 9514
f 9514 9513 9530
f 9514 9530 9531
f 9531 9530 9547
f 9531 9547 9548
f 9548 9547 9564
f 6714 6712 9309
f 9309 6712 9325
f 9309 9325 9326
f 9326 9325 9342
f 9326 9342 9343
f 9343 9342 9359
f 9343 9359 9360
f 9360 9359 9376
f 9360 9376 9377
f 9377 9376 9393
f 9377 9393 9394
f 9394 9393 9410
f 9394 9410 9411
f 9411 9410 9446
f 9411 9446 9445
f 9445 9446 9428
f 9445 9428 9429
f 9429 9428 9461
f 9429 9461 9462
f 9462 9461 9478
f 9462 9478 9479
f 9479 9478 9495
f 9479 9495 9496
f 9496 9495 9512
f 9496 9512 9513
f 9513 9512 9529
f 9513 9529 9530
f 9530 9529 9546
f 9530 9546 9547
f 9547 9546 9563
f 9547 9563 9564
f 9564 9563 9580
f 6712 6711 9325
f 9325 6711 9341
f 9325 9341 9342
f 9342 9341 9358
f 9342 9358 9359
f 9359 9358 9375
f 9359 9375 9376
f 9376 9375 9392
f 9376 9392 9393
f 9393 9392 9409
f 9393 9409 9410
f 9410 9409 9447
f 9410 9447 9446
f 9446 9447 9427
f 9446 9427 9428
f 9428 9427 9460
f 9428 9460 9461
f 9461 9460 9477
f 9461 9477 9478
f 9478 9477 9494
f 9478 9494 9495
f 9495 9494 9511
f 9495 9511 9512
f 9512 9511 9528
f 9512 9528 9529
f 9529 9528 9545
f 9529 9545 9546
f 9546 9545 9562
f 9546 9562 9563
f 9563 9562 9579
f 9563 9579 9580
f 9580 9579 9595
f 6711 6709 9341
f 9341 6709 9357
f 9341 9357 9358
f 9358 9357 9374
f 9358 9374 9375
f 9375 9374 9391
f 9375 9391 9392
f 9392 9391 9408
f 9392 9408 9409
f 9409 9408 9448
f 9409 9448 9447
f 9447 9448 9426
f 9447 9426 9427
f 9427 9426 9459
f 9427 9459 9460
f 9460 9459 9476
f 9460 9476 9477
f 9477 9476 9493
f 9477 9493 9494
f 9494 9493 9510
f 9494 9510 9511
f 9511 9510 9527
f 9511 9527 9528
f 9528 9527 9544
f 9528 9544 9545
f 9545 9544 9561
f 9545 9561 9562
f 9562 9561 9578
f 9562 9578 9579
f 9579 9578 9594
f 9579 9594 9595
f 6709 6707 9357
f 9357 6707 9373
f 9357 9373 9374
f 9374 9373 9390
f 9374 9390 9391
f 9391 9390 9407
f 9391 9407 9408
f 9408 9407 9449
f 9408 9449 9448
f 9448 9449 9425
f 9448 9425 9426
f 9426 9425 9458
f 9426 9458 9459
f 9459 9458 9475
f 9459 9475 9476
f 9476 9475 9492
f 9476 9492 9493
f 9493 9492 9509
f 9493 9509 9510
f 9510 9509 9526
f 9510 9526 9527
f 9527 9526 9543
f 9527 9543 9544
f 9544 9543 9560
f 9544 9560 9561
f 9561 9560 9577
f 9561 9577 9578
f 9578 9577 9593
f 9578 9593 9594
f 6707 6705 9373
f 9373 6705 9389
f 9373 9389 9390
f 9390 9389 9406
f 9390 9406 9407
f 9407 9406 9450
f 9407 9450 9449
f 9449 9450 9424
f 9449 9424 9425
f 9425 9424 9457
f 9425 9457 9458
f 9458 9457 9474
f 9458 9474 9475
f 9475 9474 9491
f 9475 9491 9492
f 9492 9491 9508
f 9492 9508 9509
f 9509 9508 9525
f 9509 9525 9526
f 9526 9525 9542
f 9526 9542 9543
f 9543 9542 9559
f 9543 9559 9560
f 9560 9559 9576
f 9560 9576 9577
f 9577 9576 9592
f 9577 9592 9593
f 6705 6703 9389
f 9389 6703 9405
f 9389 9405 9406
f 9406 9405 9451
f 9406 9451 9450
f 9450 9451 9423
f 9450 9423 9424
f 9424 9423 9456
f 9424 9456 9457
f 9457 9456 9473
f 9457 9473 9474
f 9474 9473 9490
f 9474 9490 9491
f 9491 9490 9507
f 9491 9507 9508
f 9508 9507 9524
f 9508 9524 9525
f 9525 9524 9541
f 9525 9541 9542
f 9542 9541 9558
f 9542 9558 9559
f 9559 9558 9575
f 9559 9575 9576
f 9576 9575 9591
f 9576 9591 9592
f 6703 6701 9405
f 9405 6701 9452
f 9405 9452 9451
f 9451 9452 9422
f 9451 9422 9423
f 9423 9422 9455
f 9423 9455 9456
f 9456 9455 9472
f 9456 9472 9473
f 9473 9472 9489
f 9473 9489 9490
f 9490 9489 9506
f 9490 9506 9507
f 9507 9506 9523
f 9507 9523 9524
f 9524 9523 9540
f 9524 9540 9541
f 9541 9540 9557
f 9541 9557 9558
f 9558 9557 9574
f 9558 9574 9575
f 9575 9574 9590
f 9575 9590 9591
f 9452 6701 9421
f 9421 6701 6699
f 9421 6699 9453
f 9453 6699 6696
f 9453 6696 9469
f 9469 6696 6694
f 9469 6694 9485
f 9485 6694 6693
f 9485 6693 9501
f 9501 6693 6691
f 9501 6691 9517
f 9517 6691 6689
f 9517 6689 9533
f 9533 6689 6686
f 9533 6686 9549
f 9549 6686 6685
f 9549 6685 9565
f 9565 6685 6683
f 9565 6683 6681
f 9565 6681 9166
f 9166 6681 6678
f 9657 6677 9626
f 9626 6677 6675
f 9626 6675 6015
f 6015 6675 6016
f 6015 6013 9626
f 9626 6013 9627
f 9626 9627 9657
f 6009 9630 6011
f 6011 9630 9629
f 6011 9629 9628
f 9628 9629 9655
f 9628 9655 9656
f 9656 9655 9671
f 9656 9671 9672
f 9672 9671 9168
f 6007 9632 6009
f 6009 9632 9631
f 6009 9631 9630
f 9630 9631 9653
f 9630 9653 9654
f 9654 9653 9669
f 9654 9669 9670
f 9670 9669 9597
f 9670 9597 9596
f 9596 9597 9624
f 9596 9624 9625
f 6005 9634 6007
f 6007 9634 9633
f 6007 9633 9632
f 9632 9633 9651
f 9632 9651 9652
f 9652 9651 9667
f 9652 9667 9668
f 9668 9667 9599
f 9668 9599 9598
f 9598 9599 9622
f 9598 9622 9623
f 6002 9637 6005
f 6005 9637 9636
f 6005 9636 9635
f 9635 9636 9648
f 9635 9648 9649
f 9649 9648 9664
f 9649 9664 9665
f 9665 9664 9602
f 9665 9602 9601
f 9601 9602 9619
f 9601 9619 9620
f 6001 9639 6002
f 6002 9639 9638
f 6002 9638 9637
f 9637 9638 9646
f 9637 9646 9647
f 9647 9646 9662
f 9647 9662 9663
f 9663 9662 9604
f 9663 9604 9603
f 9603 9604 9617
f 9603 9617 9618
f 9639 6001 9640
f 9640 6001 5999
f 9640 5999 9641
f 9641 5999 5997
f 9641 5997 8440
f 8437 9167 8440
f 8440 9167 9642
f 8440 9642 9641
f 9641 9642 9643
f 9641 9643 9640
f 9640 9643 9644
f 9640 9644 9639
f 9639 9644 9645
f 9639 9645 9638
f 9638 9645 9646
f 8435 9165 8437
f 8437 9165 9610
f 8437 9610 9167
f 9167 9610 9609
f 9167 9609 9658
f 9658 9609 9608
f 9658 9608 9659
f 9659 9608 9607
f 9659 9607 9660
f 9660 9607 9606
f 9660 9606 9661
f 9661 9606 9605
f 9661 9605 9662
f 9662 9605 9604
f 8428 8425 9532
f 9532 8425 9516
f 9532 9516 9515
f 9515 9516 9499
f 9515 9499 9498
f 9498 9499 9482
f 9498 9482 9481
f 9481 9482 9465
f 9481 9465 9464
f 9464 9465 9432
f 9464 9432 9431
f 9431 9432 9442
f 9431 9442 9443
f 9443 9442 9414
f 9443 9414 9413
f 9413 9414 9397
f 9413 9397 9396
f 9396 9397 9380
f 9396 9380 9379
f 9379 9380 9363
f 9379 9363 9362
f 9362 9363 9346
f 9362 9346 9345
f 9345 9346 9329
f 9345 9329 9328
f 9328 9329 9312
f 9328 9312 9311
f 9311 9312 9280
f 9311 9280 9279
f 9279 9280 9307
f 9279 9307 9308
f 9308 9307 9164
f 8425 8424 9516
f 9516 8424 9500
f 9516 9500 9499
f 9499 9500 9483
f 9499 9483 9482
f 9482 9483 9466
f 9482 9466 9465
f 9465 9466 9433
f 9465 9433 9432
f 9432 9433 9441
f 9432 9441 9442
f 9442 9441 9415
f 9442 9415 9414
f 9414 9415 9398
f 9414 9398 9397
f 9397 9398 9381
f 9397 9381 9380
f 9380 9381 9364
f 9380 9364 9363
f 9363 9364 9347
f 9363 9347 9346
f 9346 9347 9330
f 9346 9330 9329
f 9329 9330 9313
f 9329 9313 9312
f 9312 9313 9281
f 9312 9281 9280
f 9280 9281 9306
f 9280 9306 9307
f 9307 9306 9263
f 9307 9263 9164
f 9164 9263 9233
f 8424 8421 9500
f 9500 8421 9484
f 9500 9484 9483
f 9483 9484 9467
f 9483 9467 9466
f 9466 9467 9434
f 9466 9434 9433
f 9433 9434 9440
f 9433 9440 9441
f 9441 9440 9416
f 9441 9416 9415
f 9415 9416 9399
f 9415 9399 9398
f 9398 9399 9382
f 9398 9382 9381
f 9381 9382 9365
f 9381 9365 9364
f 9364 9365 9348
f 9364 9348 9347
f 9347 9348 9331
f 9347 9331 9330
f 9330 9331 9314
f 9330 9314 9313
f 9313 9314 9282
f 9313 9282 9281
f 9281 9282 9305
f 9281 9305 9306
f 9306 9305 9264
f 9306 9264 9263
f 9263 9264 9234
f 9263 9234 9233
f 9233 9234 9162
f 8421 8420 9484
f 9484 8420 9468
f 9484 9468 9467
f 9467 9468 9435
f 9467 9435 9434
f 9434 9435 9439
f 9434 9439 9440
f 9440 9439 9417
f 9440 9417 9416
f 9416 9417 9400
f 9416 9400 9399
f 9399 9400 9383
f 9399 9383 9382
f 9382 9383 9366
f 9382 9366 9365
f 9365 9366 9349
f 9365 9349 9348
f 9348 9349 9332
f 9348 9332 9331
f 9331 9332 9315
f 9331 9315 9314
f 9314 9315 9283
f 9314 9283 9282
f 9282 9283 9304
f 9282 9304 9305
f 9305 9304 9265
f 9305 9265 9264
f 9264 9265 9235
f 9264 9235 9234
f 9234 9235 9262
f 9234 9262 9162
f 9162 9262 9217
f 8420 8417 9468
f 9468 8417 9436
f 9468 9436 9435
f 9435 9436 9438
f 9435 9438 9439
f 9439 9438 9418
f 9439 9418 9417
f 9417 9418 9401
f 9417 9401 9400
f 9400 9401 9384
f 9400 9384 9383
f 9383 9384 9367
f 9383 9367 9366
f 9366 9367 9350
f 9366 9350 9349
f 9349 9350 9333
f 9349 9333 9332
f 9332 9333 9316
f 9332 9316 9315
f 9315 9316 9284
f 9315 9284 9283
f 9283 9284 9303
f 9283 9303 9304
f 9304 9303 9266
f 9304 9266 9265
f 9265 9266 9236
f 9265 9236 9235
f 9235 9236 9261
f 9235 9261 9262
f 9262 9261 9218
f 9262 9218 9217
f 8417 8416 9436
f 9436 8416 9437
f 9436 9437 9438
f 9438 9437 9419
f 9438 9419 9418
f 9418 9419 9402
f 9418 9402 9401
f 9401 9402 9385
f 9401 9385 9384
f 9384 9385 9368
f 9384 9368 9367
f 9367 9368 9351
f 9367 9351 9350
f 9350 9351 9334
f 9350 9334 9333
f 9333 9334 9317
f 9333 9317 9316
f 9316 9317 9285
f 9316 9285 9284
f 9284 9285 9302
f 9284 9302 9303
f 9303 9302 9267
f 9303 9267 9266
f 9266 9267 9237
f 9266 9237 9236
f 9236 9237 9260
f 9236 9260 9261
f 9261 9260 9219
f 9261 9219 9218
f 9437 8416 9420
f 9420 8416 8414
f 9420 8414 9404
f 9404 8414 8412
f 9404 8412 9388
f 9388 8412 8410
f 9388 8410 9372
f 9372 8410 8407
f 9372 8407 9356
f 9356 8407 8405
f 9356 8405 9340
f 9340 8405 8403
f 9340 8403 9324
f 9324 8403 8401
f 9324 8401 9293
f 9293 8401 8399
f 9293 8399 9163
f 9163 8399 8397
f 9163 8397 9277
f 9277 8397 9248
f 9277 9248 9247
f 9247 9248 9249
f 9247 9249 9250
f 9250 9249 9230
f 9250 9230 9229
f 8397 8395 9248
f 9248 8395 9161
f 9248 9161 9249
f 9249 9161 9231
f 9249 9231 9230
f 8395 8394 9161
f 9161 8394 9232
f 9161 9232 9231
f 9211 9174 9173
f 9213 9212 9172
f 9172 9212 9173
f 9212 9211 9173
f 9208 9177 9176
f 9210 9209 9175
f 9175 9209 9176
f 9209 9208 9176
f 9207 9206 9178
f 9178 9206 9179
f 9206 9205 9179
f 9179 9205 9180
f 9205 9204 9180
f 9180 9204 9181
f 9204 9203 9181
f 9219 9260 9220
f 9220 9260 9259
f 9220 9259 9221
f 9221 9259 9258
f 9221 9258 9222
f 9222 9258 9257
f 9222 9257 9223
f 9223 9257 9256
f 9223 9256 9224
f 9224 9256 9255
f 9224 9255 9225
f 9225 9255 9254
f 9225 9254 9226
f 9226 9254 9253
f 9226 9253 9227
f 9227 9253 9252
f 9227 9252 9228
f 9228 9252 9251
f 9228 9251 9229
f 9229 9251 9250
f 9259 9260 9237
f 9258 9259 9238
f 9238 9259 9237
f 9238 9237 9267
f 9257 9258 9239
f 9239 9258 9238
f 9239 9238 9268
f 9268 9238 9267
f 9268 9267 9302
f 9256 9257 9240
f 9240 9257 9239
f 9240 9239 9269
f 9269 9239 9268
f 9269 9268 9301
f 9301 9268 9302
f 9301 9302 9285
f 9255 9256 9241
f 9241 9256 9240
f 9241 9240 9270
f 9270 9240 9269
f 9270 9269 9300
f 9300 9269 9301
f 9300 9301 9286
f 9286 9301 9285
f 9286 9285 9317
f 9254 9255 9242
f 9242 9255 9241
f 9242 9241 9271
f 9271 9241 9270
f 9271 9270 9299
f 9299 9270 9300
f 9299 9300 9287
f 9287 9300 9286
f 9287 9286 9318
f 9318 9286 9317
f 9318 9317 9334
f 9253 9254 9243
f 9243 9254 9242
f 9243 9242 9272
f 9272 9242 9271
f 9272 9271 9298
f 9298 9271 9299
f 9298 9299 9288
f 9288 9299 9287
f 9288 9287 9319
f 9319 9287 9318
f 9319 9318 9335
f 9335 9318 9334
f 9335 9334 9351
f 9252 9253 9244
f 9244 9253 9243
f 9244 9243 9273
f 9273 9243 9272
f 9273 9272 9297
f 9297 9272 9298
f 9297 9298 9289
f 9289 9298 9288
f 9289 9288 9320
f 9320 9288 9319
f 9320 9319 9336
f 9336 9319 9335
f 9336 9335 9352
f 9352 9335 9351
f 9352 9351 9368
f 9251 9252 9245
f 9245 9252 9244
f 9245 9244 9274
f 9274 9244 9273
f 9274 9273 9296
f 9296 9273 9297
f 9296 9297 9290
f 9290 9297 9289
f 9290 9289 9321
f 9321 9289 9320
f 9321 9320 9337
f 9337 9320 9336
f 9337 9336 9353
f 9353 9336 9352
f 9353 9352 9369
f 9369 9352 9368
f 9369 9368 9385
f 9250 9251 9246
f 9246 9251 9245
f 9246 9245 9275
f 9275 9245 9274
f 9275 9274 9295
f 9295 9274 9296
f 9295 9296 9291
f 9291 9296 9290
f 9291 9290 9322
f 9322 9290 9321
f 9322 9321 9338
f 9338 9321 9337
f 9338 9337 9354
f 9354 9337 9353
f 9354 9353 9370
f 9370 9353 9369
f 9370 9369 9386
f 9386 9369 9385
f 9386 9385 9402
f 9250 9246 9247
f 9247 9246 9276
f 9247 9276 9277
f 9277 9276 9163
f 9276 9246 9275
f 9276 9275 9294
f 9294 9275 9295
f 9294 9295 9292
f 9292 9295 9291
f 9292 9291 9323
f 9323 9291 9322
f 9323 9322 9339
f 9339 9322 9338
f 9339 9338 9355
f 9355 9338 9354
f 9355 9354 9371
f 9371 9354 9370
f 9371 9370 9387
f 9387 9370 9386
f 9387 9386 9403
f 9403 9386 9402
f 9403 9402 9419
f 9292 9293 9294
f 9294 9293 9163
f 9294 9163 9276
f 9293 9292 9324
f 9324 9292 9323
f 9324 9323 9340
f 9340 9323 9339
f 9340 9339 9356
f 9356 9339 9355
f 9356 9355 9372
f 9372 9355 9371
f 9372 9371 9388
f 9388 9371 9387
f 9388 9387 9404
f 9404 9387 9403
f 9404 9403 9420
f 9420 9403 9419
f 9420 9419 9437
f 9452 9421 9422
f 9422 9421 9454
f 9422 9454 9455
f 9455 9454 9471
f 9455 9471 9472
f 9472 9471 9488
f 9472 9488 9489
f 9489 9488 9505
f 9489 9505 9506
f 9506 9505 9522
f 9506 9522 9523
f 9523 9522 9539
f 9523 9539 9540
f 9540 9539 9556
f 9540 9556 9557
f 9557 9556 9573
f 9557 9573 9574
f 9574 9573 9589
f 9574 9589 9590
f 9421 9453 9454
f 9454 9453 9470
f 9454 9470 9471
f 9471 9470 9487
f 9471 9487 9488
f 9488 9487 9504
f 9488 9504 9505
f 9505 9504 9521
f 9505 9521 9522
f 9522 9521 9538
f 9522 9538 9539
f 9539 9538 9555
f 9539 9555 9556
f 9556 9555 9572
f 9556 9572 9573
f 9573 9572 9588
f 9573 9588 9589
f 9453 9469 9470
f 9470 9469 9486
f 9470 9486 9487
f 9487 9486 9503
f 9487 9503 9504
f 9504 9503 9520
f 9504 9520 9521
f 9521 9520 9537
f 9521 9537 9538
f 9538 9537 9554
f 9538 9554 9555
f 9555 9554 9571
f 9555 9571 9572
f 9572 9571 9587
f 9572 9587 9588
f 9469 9485 9486
f 9486 9485 9502
f 9486 9502 9503
f 9503 9502 9519
f 9503 9519 9520
f 9520 9519 9536
f 9520 9536 9537
f 9537 9536 9553
f 9537 9553 9554
f 9554 9553 9570
f 9554 9570 9571
f 9571 9570 9586
f 9571 9586 9587
f 9485 9501 9502
f 9502 9501 9518
f 9502 9518 9519
f 9519 9518 9535
f 9519 9535 9536
f 9536 9535 9552
f 9536 9552 9553
f 9553 9552 9569
f 9553 9569 9570
f 9570 9569 9585
f 9570 9585 9586
f 9501 9517 9518
f 9518 9517 9534
f 9518 9534 9535
f 9535 9534 9551
f 9535 9551 9552
f 9552 9551 9568
f 9552 9568 9569
f 9569 9568 9584
f 9569 9584 9585
f 9517 9533 9534
f 9534 9533 9550
f 9534 9550 9551
f 9551 9550 9567
f 9551 9567 9568
f 9568 9567 9583
f 9568 9583 9584
f 9533 9549 9550
f 9550 9549 9566
f 9550 9566 9567
f 9567 9566 9582
f 9567 9582 9583
f 9549 9565 9566
f 9566 9565 9581
f 9566 9581 9582
f 9166 9581 9565
f 9625 9168 9596
f 9596 9168 9671
f 9596 9671 9670
f 9670 9671 9655
f 9670 9655 9654
f 9654 9655 9629
f 9654 9629 9630
f 9623 9624 9597
f 9623 9597 9598
f 9598 9597 9669
f 9598 9669 9668
f 9668 9669 9653
f 9668 9653 9652
f 9652 9653 9631
f 9652 9631 9632
f 9621 9622 9599
f 9620 9621 9600
f 9600 9621 9599
f 9600 9599 9667
f 9620 9600 9601
f 9601 9600 9666
f 9601 9666 9665
f 9665 9666 9650
f 9665 9650 9649
f 9649 9650 9634
f 9649 9634 9635
f 9635 9634 6005
f 9666 9600 9667
f 9618 9619 9602
f 9618 9602 9603
f 9603 9602 9664
f 9603 9664 9663
f 9663 9664 9648
f 9663 9648 9647
f 9647 9648 9636
f 9647 9636 9637
f 9616 9617 9604
f 9615 9616 9605
f 9605 9616 9604
f 9614 9615 9606
f 9606 9615 9605
f 9613 9614 9607
f 9607 9614 9606
f 9612 9613 9608
f 9608 9613 9607
f 9611 9612 9609
f 9609 9612 9608
f 9165 9611 9610
f 9610 9611 9609
f 9651 9633 9650
f 9650 9633 9634
f 9167 9658 9642
f 9642 9658 9643
f 9658 9659 9643
f 9643 9659 9644
f 9659 9660 9644
f 9644 9660 9645
f 9660 9661 9645
f 9645 9661 9646
f 9661 9662 9646
f 9667 9651 9666
f 9666 9651 9650
f 9673 9674 9712
f 9712 9674 9724
f 9712 9724 9713
f 9713 9724 9723
f 9713 9723 9733
f 9733 9723 9722
f 9733 9722 9734
f 9734 9722 9721
f 9734 9721 9735
f 9735 9721 9720
f 9735 9720 9736
f 9736 9720 9719
f 9736 9719 9737
f 9737 9719 9718
f 9737 9718 9738
f 9738 9718 9714
f 9738 9714 9739
f 9739 9714 9684
f 9739 9684 9725
f 9725 9684 9685
f 9725 9685 9755
f 9755 9685 9740
f 9755 9740 9741
f 9741 9740 9756
f 9741 9756 9757
f 9757 9756 9775
f 9757 9775 9774
f 9774 9775 9766
f 9774 9766 9767
f 9767 9766 9782
f 9767 9782 9783
f 9783 9782 9796
f 9783 9796 9795
f 9795 9796 9792
f 9795 9792 9793
f 9793 9792 9810
f 9793 9810 9705
f 9705 9810 9704
f 9704 9810 9809
f 9704 9809 9703
f 9703 9809 9825
f 9703 9825 9702
f 9702 9825 9833
f 9702 9833 9701
f 9701 9833 9841
f 9701 9841 9849
f 9849 9841 9840
f 9849 9840 9848
f 9848 9840 9839
f 9848 9839 9847
f 9847 9839 9838
f 9847 9838 9846
f 9846 9838 9837
f 9846 9837 9845
f 9845 9837 9836
f 9845 9836 9844
f 9844 9836 9835
f 9844 9835 9843
f 9843 9835 9834
f 9843 9834 9842
f 9842 9834 9694
f 9842 9694 9695
f 9724 9674 9723
f 9723 9674 9676
f 9723 9676 9722
f 9722 9676 9677
f 9722 9677 9721
f 9721 9677 9720
f 9677 9678 9720
f 9720 9678 9719
f 9678 9679 9719
f 9719 9679 9718
f 9679 9680 9718
f 9718 9680 9714
f 9680 9681 9714
f 9714 9681 9683
f 9714 9683 9684
f 9681 9682 9683
f 9685 9686 9740
f 9740 9686 9716
f 9740 9716 9756
f 9756 9716 9776
f 9756 9776 9775
f 9775 9776 9765
f 9775 9765 9766
f 9766 9765 9781
f 9766 9781 9782
f 9782 9781 9797
f 9782 9797 9796
f 9796 9797 9791
f 9796 9791 9792
f 9792 9791 9811
f 9792 9811 9810
f 9810 9811 9809
f 9686 9687 9716
f 9716 9687 9777
f 9716 9777 9776
f 9776 9777 9764
f 9776 9764 9765
f 9765 9764 9780
f 9765 9780 9781
f 9781 9780 9798
f 9781 9798 9797
f 9797 9798 9790
f 9797 9790 9791
f 9791 9790 9812
f 9791 9812 9811
f 9811 9812 9808
f 9811 9808 9809
f 9809 9808 9825
f 9777 9687 9763
f 9763 9687 9688
f 9763 9688 9778
f 9778 9688 9689
f 9778 9689 9801
f 9801 9689 9786
f 9801 9786 9787
f 9787 9786 9816
f 9787 9816 9815
f 9815 9816 9804
f 9815 9804 9805
f 9805 9804 9821
f 9805 9821 9822
f 9822 9821 9830
f 9822 9830 9831
f 9831 9830 9839
f 9831 9839 9840
f 9689 9690 9786
f 9786 9690 9817
f 9786 9817 9816
f 9816 9817 9803
f 9816 9803 9804
f 9804 9803 9820
f 9804 9820 9821
f 9821 9820 9829
f 9821 9829 9830
f 9830 9829 9838
f 9830 9838 9839
f 9817 9690 9802
f 9802 9690 9691
f 9802 9691 9818
f 9818 9691 9692
f 9818 9692 9826
f 9826 9692 9693
f 9826 9693 9834
f 9834 9693 9694
f 9696 9850 9695
f 9695 9850 9865
f 9695 9865 9842
f 9842 9865 9864
f 9842 9864 9843
f 9843 9864 9863
f 9843 9863 9844
f 9844 9863 9862
f 9844 9862 9845
f 9845 9862 9861
f 9845 9861 9846
f 9846 9861 9860
f 9846 9860 9847
f 9847 9860 9859
f 9847 9859 9848
f 9848 9859 9858
f 9848 9858 9849
f 9849 9858 9700
f 9849 9700 9701
f 9850 9696 9866
f 9866 9696 9697
f 9866 9697 9717
f 9717 9697 9682
f 9717 9682 9681
f 9681 9680 9717
f 9717 9680 9874
f 9717 9874 9866
f 9866 9874 9867
f 9866 9867 9850
f 9850 9867 9851
f 9850 9851 9865
f 9865 9851 9864
f 9680 9679 9874
f 9874 9679 9875
f 9874 9875 9867
f 9867 9875 9868
f 9867 9868 9851
f 9851 9868 9852
f 9851 9852 9864
f 9864 9852 9863
f 9679 9678 9875
f 9875 9678 9876
f 9875 9876 9868
f 9868 9876 9869
f 9868 9869 9852
f 9852 9869 9853
f 9852 9853 9863
f 9863 9853 9862
f 9678 9677 9876
f 9876 9677 9877
f 9876 9877 9869
f 9869 9877 9870
f 9869 9870 9853
f 9853 9870 9854
f 9853 9854 9862
f 9862 9854 9861
f 9677 9676 9877
f 9877 9676 9878
f 9877 9878 9870
f 9870 9878 9871
f 9870 9871 9854
f 9854 9871 9855
f 9854 9855 9861
f 9861 9855 9860
f 9878 9676 9879
f 9879 9676 9675
f 9879 9675 9673
f 9879 9673 9880
f 9880 9673 9698
f 9880 9698 9873
f 9873 9698 9857
f 9873 9857 9856
f 9856 9857 9859
f 9856 9859 9860
f 9698 9699 9857
f 9857 9699 9858
f 9857 9858 9859
f 9699 9700 9858
f 9705 9706 9793
f 9793 9706 9794
f 9793 9794 9795
f 9795 9794 9784
f 9795 9784 9783
f 9783 9784 9768
f 9783 9768 9767
f 9767 9768 9773
f 9767 9773 9774
f 9774 9773 9758
f 9774 9758 9757
f 9757 9758 9742
f 9757 9742 9741
f 9741 9742 9754
f 9741 9754 9755
f 9755 9754 9725
f 9794 9706 9785
f 9785 9706 9707
f 9785 9707 9770
f 9770 9707 9708
f 9770 9708 9715
f 9715 9708 9709
f 9715 9709 9762
f 9762 9709 9747
f 9762 9747 9746
f 9746 9747 9749
f 9746 9749 9750
f 9750 9749 9730
f 9750 9730 9729
f 9729 9730 9735
f 9729 9735 9736
f 9709 9710 9747
f 9747 9710 9748
f 9747 9748 9749
f 9749 9748 9731
f 9749 9731 9730
f 9730 9731 9734
f 9730 9734 9735
f 9748 9710 9732
f 9732 9710 9711
f 9732 9711 9713
f 9713 9711 9712
f 9738 9739 9726
f 9726 9739 9725
f 9726 9725 9754
f 9737 9738 9727
f 9727 9738 9726
f 9727 9726 9753
f 9753 9726 9754
f 9753 9754 9742
f 9736 9737 9728
f 9728 9737 9727
f 9728 9727 9752
f 9752 9727 9753
f 9752 9753 9743
f 9743 9753 9742
f 9743 9742 9758
f 9736 9728 9729
f 9729 9728 9751
f 9729 9751 9750
f 9750 9751 9745
f 9750 9745 9746
f 9746 9745 9761
f 9746 9761 9762
f 9762 9761 9715
f 9751 9728 9752
f 9733 9734 9731
f 9713 9733 9732
f 9732 9733 9731
f 9732 9731 9748
f 9751 9752 9744
f 9744 9752 9743
f 9744 9743 9759
f 9759 9743 9758
f 9759 9758 9773
f 9751 9744 9745
f 9745 9744 9760
f 9745 9760 9761
f 9761 9760 9771
f 9761 9771 9715
f 9715 9771 9770
f 9760 9744 9759
f 9760 9759 9772
f 9772 9759 9773
f 9772 9773 9768
f 9777 9763 9764
f 9764 9763 9779
f 9764 9779 9780
f 9780 9779 9799
f 9780 9799 9798
f 9798 9799 9789
f 9798 9789 9790
f 9790 9789 9813
f 9790 9813 9812
f 9812 9813 9807
f 9812 9807 9808
f 9808 9807 9824
f 9808 9824 9825
f 9825 9824 9833
f 9768 9769 9772
f 9772 9769 9771
f 9772 9771 9760
f 9785 9770 9769
f 9769 9770 9771
f 9785 9769 9784
f 9784 9769 9768
f 9763 9778 9779
f 9779 9778 9800
f 9779 9800 9799
f 9799 9800 9788
f 9799 9788 9789
f 9789 9788 9814
f 9789 9814 9813
f 9813 9814 9806
f 9813 9806 9807
f 9807 9806 9823
f 9807 9823 9824
f 9824 9823 9832
f 9824 9832 9833
f 9833 9832 9841
f 9794 9785 9784
f 9801 9787 9800
f 9800 9787 9788
f 9814 9788 9815
f 9815 9788 9787
f 9778 9801 9800
f 9817 9802 9803
f 9803 9802 9819
f 9803 9819 9820
f 9820 9819 9828
f 9820 9828 9829
f 9829 9828 9837
f 9829 9837 9838
f 9819 9802 9818
f 9814 9815 9805
f 9814 9805 9806
f 9806 9805 9822
f 9806 9822 9823
f 9823 9822 9831
f 9823 9831 9832
f 9832 9831 9840
f 9832 9840 9841
f 9819 9818 9827
f 9827 9818 9826
f 9827 9826 9835
f 9835 9826 9834
f 9819 9827 9828
f 9828 9827 9836
f 9828 9836 9837
f 9836 9827 9835
f 9860 9855 9856
f 9856 9855 9872
f 9856 9872 9873
f 9873 9872 9880
f 9872 9855 9871
f 9878 9879 9871
f 9871 9879 9872
f 9879 9880 9872
