assembly_id,n_tri_assembly_obj,n_tri_corrected,pred_t_load_sec,pred_t_normals_sec,pred_t_vbo_sec,pred_t_render_sec,pred_t_one_frame_sec,pred_t_assembly_sec,pred_t_assembly_naive_sec,pred_t_label_mesh_sec,pred_t_full_pipeline_sec
16550_e88d6986,16896,11172.645449613114,0.009052662954956917,0.00041280513628500946,0.006902090731640135,0.00526662758147932,0.012168718313119456,0.1311526512224365,0.17543096355922805,0.03777273950664182,0.1689253907290783
19051_26735260,20120,13304.547019780766,0.01080924942646701,0.0004826113822889856,0.008334074000994325,0.005305770158227317,0.013639844159221641,0.14769030240097242,0.20024668498174242,0.044025366856067186,0.1917156692570396
19518_f220b68a,28912,19118.343113116378,0.015599543551006942,0.0006729763062551638,0.012239159889382055,0.00538796035643169,0.017627120245813747,0.1925437223153996,0.2676704487678818,0.061076576426832625,0.25362029874223224
19566_19d85d3b,95814,63357.94573326413,0.05205089222252316,0.0021215425190833324,0.04195458938266185,0.005668752623328766,0.04762334200599061,0.5304058548015126,0.7772187833268671,0.19082635152957944,0.7212322063310921
19596_fb9531a5,49049,32434.13154936515,0.026571125987979262,0.0011089838669816117,0.02118328119675964,0.005510074901409851,0.02669335609816949,0.2946136708366558,0.4214233076840518,0.10013028515368701,0.3947439559903428
19810_f77c5501,41752,27608.9188454218,0.022595378009502478,0.0009509887748317935,0.017942219808274058,0.005472571805018565,0.023414791613292622,0.2576942829172605,0.36577689194458596,0.08597847939414704,0.34367276231140753
20141_b9376856,215830,142719.70095821485,0.11744124022647956,0.004720136321941026,0.09526132140958882,0.0058673422144506155,0.10112866362403944,1.133448012788815,1.688196125525971,0.4235854470533494,1.5570334598421642
20157_db99ab88,69352,45859.68911112504,0.037633153013745216,0.0015485856699030537,0.030201133652621347,0.005591595592462596,0.03579272924508394,0.3971090311344877,0.5760202681850846,0.13950593437061726,0.5366149655051049
20163_3742f394,153658,101607.8571553416,0.08356701748866145,0.003373984359608766,0.0676467854845613,0.005783422901750533,0.07343020838631183,0.8212430857113885,1.2164746025477118,0.3030090365172223,1.1242521222286108
20165_2b088be5,107670,71197.8418300097,0.05851059731130222,0.0023782493592269865,0.047220592373190165,0.005696862744353144,0.05291745511754331,0.5900633978459623,0.8672977689879705,0.21381988436295013,0.8038832822089124
20176_a02bde39,1752,1158.5271559968144,0.0008015011917593788,8.490631820677888e-05,0.0001756780048721864,0.00478409689352641,0.004959774898398596,0.05048415649395212,0.05582529406558047,0.00840245768911772,0.05888661418306984
20182_71b9e491,14688,9712.583828356854,0.007849640954617496,0.00036499738467930863,0.005921377624092351,0.005235446921140544,0.011156824545232896,0.11978288379162577,0.15839107404764635,0.0334905431085242,0.15327342690014997
20186_f66e4ad3,9506,6285.9355849918475,0.005026244212878879,0.00025279640242353797,0.0036197221334616386,0.005139744903414166,0.008759467036875804,0.09287371098406046,0.11817059185590043,0.023440569496637653,0.11631428048069811
20188_98b86c0f,2502,1654.4720001735327,0.0012101363820920619,0.0001011453642684979,0.0005088006636859714,0.00485692697329528,0.005365727636981251,0.05496855811617308,0.06224669945322643,0.00985700809608702,0.0648255662122601
20193_2da4f0a0,108,71.41605756144746,0.0,4.9310329239490774e-05,0.0,0.0042509963690473725,0.003696469505799742,0.03691977824178705,0.037948932039381655,0.005214083197041016,0.042133861438828066
20212_5d1f2de1,14566,9631.910133704108,0.007783169630323382,0.00036235583318660236,0.0058671896715919766,0.005233595715762647,0.011100785387354623,0.1191533793370562,0.15744825209474805,0.03325393624232387,0.1524073155793801
20215_e2eb3082,19586,12951.434290726944,0.01051830117095014,0.0004710491814930417,0.00809689066791891,0.005299722146304748,0.013396612814223658,0.14495547849467977,0.1961408185096205,0.04298972696630504,0.1879452054609848
20216_89b90993,576,380.8856403277198,0.00016076121331773166,5.944349398200345e-05,0.0,0.004563686604150458,0.004217028280002629,0.042390487507326026,0.04467561215905191,0.006121722650989859,0.04851221015831589
20220_3de82b2a,21144,13981.677047030047,0.011367172673001233,0.000504783093178586,0.008788897471161412,0.005316949697896161,0.014105847169057573,0.15293042745675556,0.20811585139189065,0.04601131301171593,0.1989417404684715
20225_4ce6d59b,32112,21234.374448270377,0.01734305369642639,0.000742262902785165,0.013660483233654205,0.005411995108674163,0.019072478342328367,0.20881010002249523,0.29215065206205526,0.06728265816323498,0.2760927581857302
20229_d1ae2ae3,4116,2721.7453048418306,0.002089519311687996,0.00013609179139331722,0.0012256806254532368,0.004960529611273923,0.00618621023672716,0.06408771347035291,0.07552488762879575,0.012987200571884953,0.07707491404223787
20231_f54462bb,16834,11131.647342494505,0.009018882445889415,0.0004114627084772407,0.006874552591844862,0.005265806710045046,0.012140359301889909,0.13083393817326575,0.17495304479812454,0.037652496672999025,0.16848643484626477
20232_e5b060d9,12082,7989.340809790816,0.006429769879941534,0.00030857211263018893,0.004763887425600719,0.005192269087922821,0.00995615651352354,0.10629990712780713,0.1382147870885694,0.02843646529444154,0.13473637242224867
20237_06b27bf5,40522,26795.56930097198,0.02192521629735688,0.0009243567392905744,0.01739589864781945,0.005465637681332485,0.022861536329151937,0.25146493632816685,0.3563907638075495,0.08359301672671739,0.3350579530548842
20239_49b65a55,2096,1386.0005245258692,0.0009889285323919695,9.235462733375401e-05,0.0003284702643814425,0.00482060056009368,0.005149070824475122,0.05257199140447694,0.05880211629631591,0.009069611475780972,0.06164160288025791
20241_8c0d3f83,320,211.60313351539986,2.128040168417579e-05,5.390056625960335e-05,0.0,0.004451354086142755,0.003990989894453154,0.039985079912475324,0.04159356497139626,0.0056252361120776705,0.045610316024552996
20241_ccb70dc8,320,211.60313351539986,2.128040168417579e-05,5.390056625960335e-05,0.0,0.004451354086142755,0.003990989894453154,0.039985079912475324,0.04159356497139626,0.0056252361120776705,0.045610316024552996
20245_f1b25d43,71510,47286.687742769514,0.03880893266806246,0.0015953108184379732,0.031159638582914876,0.005598865184277316,0.03675850376719219,0.40798928115842237,0.5924381353907214,0.1436911607416036,0.551680441900026
20246_40be7668,36544,24165.077847458666,0.019757815247832326,0.0008382248389792167,0.015629016065471135,0.005441744251498339,0.021070760316969472,0.23130364325650626,0.3260197176208765,0.07587808136815222,0.3071817246246585
20259_de1ab632,1398,924.4411895454032,0.0006086253819223524,7.72414884656475e-05,1.844410991207982e-05,0.0047385294072879265,0.004756973517200006,0.04825560204238806,0.05268049381788658,0.007715909897028211,0.05597151193941627
20260_4a01a99d,46340,30642.778772198842,0.02509513568049761,0.0010503284326066828,0.019980042153124253,0.005496817373160065,0.02547685952628432,0.2809140593759475,0.40077143374565266,0.0948764490837139,0.3757905084596614
20278_d442e77d,43782,28951.276223660116,0.02370141725800294,0.000994942459505513,0.018843871804796703,0.00548359907519454,0.024327470879991243,0.26797106851742086,0.38126357659435917,0.08991546249567728,0.35788653101309814
20279_aed6b3b3,30108,19909.209824630187,0.01625118046785746,0.0006988721717082518,0.012770379489303773,0.00539722843323894,0.01816760792254271,0.19862613186499284,0.27682282606806774,0.06339609947581301,0.2620222313408058
20281_a29f9a18,26540,17549.834885933476,0.014307166655714777,0.0006216176165773005,0.011185603960440325,0.005368439468248291,0.016554043428688617,0.18046921855917825,0.24950714512621755,0.05647631833972439,0.23694553689890263
20285_b64b1a7e,33522,22166.750755322606,0.018111287854251833,0.0007727923093811967,0.01428675383222412,0.005421864962331391,0.019708618794555512,0.21597026810918815,0.30292990958538524,0.07001721292833726,0.2859874810375254
20287_072b5bf6,451128,298312.80755167286,0.24564263091301247,0.009814823068914845,0.19977211524101016,0.006053653177628731,0.2058257684186389,2.3137151381683165,3.472151275166417,0.8799225159320991,3.1936376541004154
20291_42287610,15032,9940.05719688591,0.008037068295250088,0.0003724456938062838,0.006074169883601608,0.005240588500038158,0.011314758383639765,0.12155709782545403,0.16104872686231594,0.03415769689518745,0.15571479472064148
20293_a1999339,61134,40425.456138532674,0.033155601021539895,0.0013706490291894445,0.026550997639112433,0.00556177248034544,0.03211277011945787,0.3556539512453081,0.5134767013671804,0.12356794071131899,0.47922189195662707
20319_9f53cd7c,274986,181837.18522770546,0.14967220465223982,0.00600098566704376,0.12153626008263985,0.005927914014098223,0.12746417409673808,1.4303149312866643,2.1368379863929716,0.5383126255529173,1.9686275568395817
20322_5a8c6077,75538,49950.24218589461,0.04100357606360919,0.0016825253218201123,0.03294872934251744,0.005611889178294575,0.038560618520812016,0.42829228659354945,0.6230772455187716,0.15150306612730008,0.5797953527208495
20322_daa5c577,75986,50246.48657281617,0.04124766748396791,0.0016922254453343123,0.03314771461071554,0.005613296398065315,0.038761011008780856,0.43055000301711077,0.626484551180445,0.15237191757039636,0.5829219205875071
20329_414757bb,38372,25373.860747665385,0.020753795418403186,0.0008778048072469797,0.0164409470258866,0.005453018198338735,0.021893965224225334,0.2405712524679035,0.33997904020333725,0.07942330556007206,0.31999455802797555
20332_0c2a24aa,9740,6440.670376374984,0.005153738392262676,0.0002578629847947943,0.00372365640301154,0.005145047185189253,0.008868703588200792,0.09409863725906539,0.11999678125779818,0.023894389223612075,0.11799302648267747
20340_86125547,10976,7257.987479578215,0.005827169185930937,0.00028462493270450725,0.004272642544736657,0.00517117595995146,0.009443818504688117,0.10054997916551661,0.129623693554763,0.02629148829429748,0.1268414674598141
20341_6a1588fb,17490,11565.433766201075,0.009376302025700401,0.00042566646076589094,0.007165923877420653,0.005274349039433403,0.012440272916854057,0.13420469765500687,0.1800082781225697,0.0389247434289615,0.17312944108396838
20342_c140780b,6244,4128.90614271924,0.0032489535583919292,0.00018216737808576805,0.0021708606493942165,0.005048960819545673,0.00721982146893989,0.07562933562587659,0.09254152122209887,0.01711424492659251,0.0927435805524691
20349_a12428da,35360,23382.146253451687,0.019112716494027134,0.0008125887982631162,0.015103126428090438,0.005434150202941403,0.02053727663103184,0.22529807160260867,0.31697526028347967,0.07358183112568335,0.298879902728292
20351_dc6e4e1e,220784,145995.58196895014,0.12014041187035704,0.004827400634194034,0.09746170761194015,0.005872990646489487,0.10333469825842963,1.1583147950888473,1.725773352943996,0.43319323734151727,1.5915080324303645
20376_eefa9511,8764,5795.280819153014,0.004621967797909745,0.00023673057285314398,0.003290152783008534,0.005122064248084712,0.008412217031093246,0.08898086868169534,0.11237102668534166,0.02200153429400936,0.1109824029757047
20384_767d849a,15664,10357.973385578824,0.008381411548970428,0.000386129796620959,0.0063548812440953565,0.005249747678344454,0.01160462892243981,0.1248138305699895,0.16592847078122902,0.035383398038126915,0.16019722860811642
20385_f2d30908,31330,20717.26929074212,0.016916983404639513,0.0007253309907581459,0.0133131473413977,0.005406340756524954,0.018719488097922652,0.20483719537462416,0.2861705325563792,0.06576604693890165,0.27060324231352584
20387_0d507234,55216,36512.12068808225,0.029931196946354807,0.0012425121297317736,0.02392243777929913,0.005537813949190949,0.02946025172849008,0.3257762263609874,0.46841215798235536,0.11209056830005991,0.43786679466104733
20389_c835706f,11664,7712.934216636325,0.006202023867196119,0.00029952155095845753,0.00457822706375517,0.005184523323618254,0.009762750387373424,0.10412904929188882,0.13497018335809707,0.027625795867623985,0.1317548451595128
20392_8b23d193,4756,3144.9515718726307,0.002438221340771886,0.00014994911069931747,0.0015099452943076667,0.004991020732806426,0.006500966027114093,0.06759783072261213,0.08068231400829308,0.014228416919165423,0.08182624764177755
20406_dacb0300,49104,32470.50083793811,0.02660109256860366,0.0011101747303594713,0.021207710191739323,0.005510336736302662,0.026718046928041986,0.29489173657938295,0.4218425217929096,0.10023695218353143,0.3951286887629144
20408_b4fda9eb,7218,4772.973180356738,0.0037796344589039734,0.00020325648590458715,0.002603475942307052,0.00508008850106,0.007683564443367052,0.08081853537847908,0.10023501694390512,0.019003221055109976,0.09982175643358905
20409_dafedec6,3836,2536.592563015856,0.001936962173963794,0.00013002921419694212,0.0011013148328294236,0.004945733713104489,0.006047048545933913,0.06253747684749986,0.07325369566341822,0.012444168419949747,0.0749816452674496
20412_42170125,33744,22313.550429198916,0.01823224387059031,0.0007775990670154656,0.014385358139233001,0.005423382603026356,0.019808740742259356,0.21709725036019933,0.3046266994893455,0.07044775984880017,0.2875450102089995
20414_a33bd0d7,8558,5659.061301952475,0.004509729332298367,0.0002322702482015251,0.003198655092721015,0.005116901080223757,0.008315556172944771,0.08789756130994761,0.11075831456571698,0.02160201778222846,0.10949957909217607
20419_8ce893b6,29110,19249.272551979033,0.01570742324125477,0.0006772634144154577,0.012327104271308896,0.005389519772327929,0.017716624043636824,0.19355092709203847,0.2691858967878564,0.06146057773427252,0.25501150482631096
20421_0fd51709,16792,11103.874431220607,0.008995998875230784,0.0004105533218977844,0.006855897722951289,0.005265248989343678,0.012121146712294967,0.13061801932007824,0.17462927662297556,0.03757104185020874,0.16818906117028698
20421_38b63ca5,22826,15093.916017570367,0.01228360519318733,0.0005412018604796678,0.009535980553994461,0.0053342339079344905,0.014870214461928951,0.16152695167295653,0.22103059052109697,0.049273384724412415,0.21080033639736895
20421_49bd1188,18548,12265.046626386365,0.009952750067529706,0.0004485743417436226,0.007635848908120631,0.005287500079069595,0.012923348987190227,0.13963481428117558,0.18815501161556067,0.04097662920305953,0.1806114434842351
20421_83f66ddc,35944,23768.32197211729,0.01943090709556618,0.0008252336021298414,0.015362517938420103,0.005437925852492323,0.020800443790912428,0.22826057860682028,0.32143668241437656,0.07471444104257678,0.30297501964939705
20426_79358492,9636,6371.899357982478,0.005097074312536544,0.0002556111704075693,0.0036774633943226945,0.0051427058453524304,0.008820169239675124,0.09355437787969535,0.11918529651647482,0.023692691567179,0.11724706944687435
20429_419c4cdd,4792,3168.756924393113,0.0024578358299078545,0.00015072858491028,0.0015259351819307283,0.004992616801200884,0.006518551983131613,0.06779408424613426,0.08097120760678034,0.01429823533869995,0.0820923195848342
20429_4c909f3f,4544,3004.764495918678,0.0023227137936378474,0.0001453588736792049,0.001415782622749637,0.004981380260722761,0.006397162883472397,0.06643970150204102,0.0789785949709543,0.013817264004128768,0.08025696550616979
20429_9dd95c38,4576,3025.9248092702182,0.002340148895092042,0.00014605173964450492,0.0014299958561923586,0.004982862682460396,0.006412858538652755,0.0666147860212641,0.07923603749218734,0.01387932482149279,0.08049411084275689
20430_975b8dcf,100428,66408.99841463931,0.05456481591344983,0.002221445130455028,0.04400395997968426,0.005680068464107906,0.04968402844379217,0.5536265454818265,0.8122786546229694,0.19977474563325454,0.7534012911150811
20431_0088a0dd,25556,16899.15525037362,0.013771037285998296,0.000600311988144325,0.010748547032076637,0.005359846500716172,0.01610839353279281,0.17545528460207072,0.2419672470950693,0.05456794820578067,0.2300232328078514
20431_27e7f151,42246,27935.581182786198,0.022864532388201606,0.0009616848931711126,0.01816163659954607,0.005475301809276617,0.023636938408822687,0.2601956013695996,0.3695460462778167,0.08693654326220415,0.34713214463180375
20436_41b730a3,5868,3880.272460838645,0.003044091116305144,0.00017402620299349287,0.0020038551564422386,0.005035682522135101,0.00703953767857734,0.07361349410507204,0.08955870564899518,0.016385030322565237,0.08999852442763727
20438_5f344b00,37553,24832.28897782441,0.020307565790559895,0.0008600717689475826,0.016077177082461945,0.005448032169219831,0.021525209251681776,0.23641973007632525,0.333725498000462,0.07783493651566159,0.31425466659198686
20440_27177360,5172,3420.0356454426505,0.002664877659676414,0.00015895636824821765,0.0016947173290630464,0.005008797308842209,0.006703514637905255,0.06985898040697719,0.08401385324188336,0.015035207544897728,0.08489418795187492
20451_557fe5cd,24980,16518.269610045903,0.013457205459822798,0.000587840400768925,0.010492708830107653,0.005354668245539954,0.015847377075647606,0.17251881661706778,0.23755213976971132,0.05345085349322824,0.225969670110296
20451_84d8b290,29434,19463.520724663373,0.01588395364347849,0.0006842786823141202,0.012471013259916449,0.005392049766846857,0.017863063026763305,0.19519886259342564,0.27166549919831673,0.06208894351008326,0.2572878061035089
20466_4b3e5186,9026,5968.530884718748,0.004764717691065962,0.00024240341294403783,0.0034065236318208164,0.0051284656272525325,0.00853498925907335,0.0903570136947435,0.11442046304331502,0.022509657236177302,0.1128666709309208
20467_f1fcc009,51072,33771.860109057816,0.02767335130803662,0.0011527859872254218,0.022081824048466692,0.005519525515675978,0.02760134956414267,0.30483963293668875,0.4368409314520129,0.10405369245141886,0.40889332538810763
20468_1c33550a,56014,37039.80600228628,0.03036598478886878,0.0012597904747414426,0.024276880288276997,0.0055411841783278345,0.02981806446660483,0.32980641992965853,0.4744902101717388,0.11363820993307525,0.4434446298627338
20469_b6211bfd,32592,21551.779148543475,0.017604580218239307,0.0007526558922646651,0.013873681735295027,0.005415400857596552,0.01928908259289158,0.21124806203941976,0.2958206526281478,0.06821357042369533,0.27946163246311506
20477_633cca4f,8410,5561.194852701603,0.004429091988072718,0.0002290657431120126,0.0031329188880484275,0.005113117621246221,0.008246036509294648,0.08711852282413121,0.10959891394600627,0.02131498650191985,0.10843350932605106
20478_c02790cb,224,148.1221934607799,0.0,5.1821968363703315e-05,0.0,0.004384541932206456,0.0038815380401886904,0.038836177467572196,0.04018655500624095,0.005439053659985601,0.044275231127557796
20479_77930584,24,15.870235013654991,0.0,4.749155608057824e-05,0.0,0.003988358826992755,0.00339652222595798,0.03387271952889325,0.03463990653591958,0.005051173551460454,0.038923893080353704
20488_589ac9c0,320,211.60313351539986,2.128040168417579e-05,5.390056625960335e-05,0.0,0.004451354086142755,0.003990989894453154,0.039985079912475324,0.04159356497139626,0.0056252361120776705,0.045610316024552996
20495_e8e7e80c,6612,4372.249746261949,0.003449457225115165,0.00019013533668671813,0.0023343128339855133,0.005061234943743765,0.007395547777729278,0.07759507033909466,0.09545352839713418,0.017827944326278784,0.09542301466537344
20500_e88d8065,18638,12324.56000768757,0.010001786290369628,0.00045052302727102884,0.007675823627178285,0.005288585403030677,0.012964409030208962,0.14009639961973028,0.1888476832198068,0.04115117525189585,0.18124757487162613
20502_58b65de9,220360,145715.20781704225,0.11990939677608897,0.004818220160153809,0.0972733822688241,0.005872511985793755,0.10314589425461784,1.1561865594824212,1.7225572641793372,0.43237093151144396,1.5885574909938651
20504_c9e14c9d,11232,7427.269986390535,0.005966649997564494,0.0002901678604269074,0.00438634841227843,0.005176233646478597,0.009562582058757027,0.10188263844556167,0.13161401350528892,0.02678797483320967,0.12867061327877133
20505_017d4cc4,14352,9490.400538165684,0.007666572389348455,0.0003577222920436585,0.005772138672943775,0.0052303123603415335,0.011002451033285308,0.1180488050142452,0.15579408166453293,0.03283890452620196,0.15088770954044717
20511_e1b972aa,134202,88742.38663760529,0.07296647580451121,0.002952721852706359,0.05900513955138663,0.005750319360065565,0.0647554589114522,0.7234737867717395,1.0687852407600893,0.265276059559896,0.9887498463316355
20520_7e357152,2902,1918.9759170677826,0.0014280751502694928,0.00010980618883474805,0.0006864660817199901,0.004887565510499185,0.005574031592219176,0.057278197261296,0.06558795580190419,0.010632768313137314,0.06791096557443331
20530_2246503a,34560,22853.138419663184,0.01867683895767227,0.0007952671491306158,0.0147477955920224,0.005428879979603989,0.02017667557162639,0.2212388618230668,0.3108627247553775,0.07203031069158276,0.29326917251464957
20533_0a3e112b,133276,88130.0600699951,0.07246194755618046,0.00293267204383549,0.058593844108637876,0.0057486314340192066,0.06434247554265708,0.7188193750265868,1.061754885089467,0.2634801746574246,0.9822995496840115
20544_43691724,703984,465516.31357720395,0.3834104438286937,0.015289676710224213,0.31208153259703475,0.006168960308012887,0.31825049290504764,3.581205049589394,5.388361551939317,1.3703115795382714,4.951516629127665
20546_87dbd755,122928,81287.34373994086,0.06682387162343033,0.0027086165123065987,0.05399763974409781,0.005728964896304339,0.05972660464040215,0.6667985345397585,0.9831828572738219,0.24341125784233353,0.910209792382092
20547_ec8cfd0d,8424,5570.452489792901,0.004436719844958928,0.0002293688719718313,0.003139137177679618,0.005113478235139039,0.008252615412818657,0.08719224284511734,0.10970861464991122,0.02134213810951661,0.10853438095463395
20551_ff28a959,38520,25471.727196916258,0.020834432762628835,0.0008810093123364923,0.016506683230559184,0.00545390832954939,0.021960591560108572,0.24132135767605106,0.34110899566162983,0.07971033684038067,0.32103169451643176
20554_abcb705e,54886,36293.90495664449,0.029751397462608423,0.001235366949464617,0.02377586380942106,0.00553640659391315,0.029312270403334208,0.3241094684454151,0.46589853882346377,0.11145056612099341,0.4355600345664085
20585_09b72895,30970,20479.215765537294,0.016720838513279827,0.0007175362486485209,0.013153248465167083,0.005403692153667122,0.018556940618834207,0.2030077809502704,0.2834170725382802,0.06506786274355639,0.26807564369382675
20586_cbec2689,55518,36711.8211453374,0.030095740716328763,0.0012490510522792922,0.024056575169914808,0.005539094851939834,0.02959567002185464,0.32730149198715447,0.47071242871286173,0.11267626726393287,0.43997775925108734
20592_573e41b2,58830,38901.91357722179,0.031900273716837894,0.0013207626796878434,0.025527644831236485,0.005552720469829185,0.03108036530106567,0.34402468940718245,0.49593494521824527,0.1190995618611093,0.46312425126829176
20609_69f28932,12816,8474.705497291765,0.006829687519547121,0.000324464725709258,0.005089903467693144,0.0052052695360215295,0.010295173003714674,0.11010588228240312,0.14390613316176562,0.02985998529272883,0.13996586757513194
20620_8a5226b4,22026,14564.908183781867,0.011847727656832467,0.0005238802113471675,0.009180649717926424,0.005326170875706435,0.014506820593632858,0.15743981380450822,0.21488963280400666,0.04772186429031183,0.20516167809482005
20622_38dd90d0,157156,103920.94390858182,0.08547289201637309,0.0034497232704406235,0.06920046956526879,0.005788945333140348,0.07498941489840914,0.8388167642709052,1.243023348040778,0.3097930596153271,1.1486098238862323
20628_e0551f7c,69994,46284.21789774031,0.037982944736669993,0.0015624862933318851,0.03048628664856595,0.005593780659341807,0.036080067307907755,0.40034610410907945,0.5809047734002625,0.140751029518983,0.5410971336280624
20636_ca9eb29a,110270,72917.11728982233,0.059927199304455524,0.002434544718907613,0.04837541759041129,0.005702629253892781,0.054078046844304076,0.6031422124664039,0.8870478821913029,0.218862325773777,0.8220045382401808
20643_71ad3d26,14636,9678.198319160601,0.007821308914754431,0.0003638714774856961,0.005898281119747929,0.005234659690047537,0.011132940809795466,0.11951458849019479,0.1579892339027322,0.033389694280307664,0.15290428277050244
20646_4cd14a72,2638,1744.4033319175776,0.0012842355632723883,0.00010409004462102296,0.0005692069058175378,0.004867839535097348,0.005437046440914885,0.055758790017042266,0.06338776885928699,0.010120766569884119,0.06587955658692639
20647_cea2e07c,2654,1754.9834885933476,0.0012929531139994855,0.00010443647760367296,0.0005763135225388984,0.004869087763163174,0.005445401285702073,0.05585140244862389,0.06352164999269033,0.010151796978566132,0.06600319942719002
20657_913a7675,640,423.2062670307997,0.00019563141622612058,6.082922591260347e-05,0.0,0.004584119723834566,0.004265887866572181,0.04291533930786053,0.04536827042809581,0.0062458442857179055,0.04916118359357844
20668_b2f2633e,53028,35065.2842626707,0.028739071884424258,0.0011951374193543852,0.022950607942653044,0.005528328250333908,0.028478936192986953,0.3147235712336482,0.4517445288520323,0.10784715991279481,0.422570731146443
20671_33532794,4786,3164.789365639699,0.002454566748385193,0.00015059867254178626,0.0015232702006602182,0.004992351588867476,0.006515621789527694,0.06776138331620392,0.08092306680572546,0.014286598935444194,0.08204798225164811
20672_0bc07cce,340,224.82832936011235,3.2177340093047325e-05,5.433360748791586e-05,0.0,0.0044628110628810785,0.004011330142093179,0.04019981236851275,0.041861634214403386,0.005664024122930185,0.04586383649144293
20674_2fb6cabd,307852,203570.1495593215,0.16757914353953846,0.006712602317529704,0.13613413915540498,0.0059563587744338705,0.14209049792983885,1.5951967251554566,2.3860422623728628,0.6020529637868546,2.1972496889423114
20675_66ac9773,275254,182014.40285202462,0.1498182236269187,0.006006788419503148,0.12165529591272266,0.005928158860698284,0.12758345477342095,1.4316595597806314,2.138870209976313,0.538832384898341,1.9704919446789724
20676_9715ec9c,64408,42590.42069831211,0.034939429839072174,0.001441537878264202,0.028005189085720878,0.005574088838275814,0.03357927792399669,0.37217374695730326,0.5383980958479689,0.12991753808787565,0.5020912850451789
20680_b095cb77,15498,10248.20426006771,0.008290966960176794,0.0003825355544259652,0.006281150095611239,0.0052473766990770564,0.011528526794688295,0.12395877046148572,0.16464711958256628,0.035061457548051046,0.15902022800953677
20682_e208cc63,67058,44342.75914773651,0.03638327417824765,0.0014989158410156091,0.02918222248019625,0.0055836263914127065,0.03476584887160896,0.38554067873535286,0.5585652679612139,0.13505694952583386,0.5205976282611867
20688_955aae0c,27298,18051.06980844808,0.014720160621411009,0.0006380298791303444,0.01152227992761479,0.005374853290100183,0.016897133217714973,0.18432952267769107,0.25531322666649087,0.05794638395103469,0.24227590662872575
20697_d3e106b4,6062,4008.556860532356,0.003149791418871198,0.0001782267029081242,0.002090022884188738,0.005042632092595125,0.0071326549767838626,0.07465456788961795,0.09109871432920667,0.01676127402783463,0.09141584191745258
20701_6dcbc975,16156,10683.313203358752,0.00864947623382867,0.0003967826108374467,0.0065734097082772,0.0052566361565556585,0.011830045864832859,0.1273467174929947,0.1697247983135083,0.03633758310509878,0.16368430059809347
20705_ac2a0325,20470,13535.987947063235,0.010999945848622262,0.0004901896037844544,0.00848953124177409,0.005309651371696911,0.013799182613471002,0.1494819615871167,0.20293695291663827,0.04470415704598619,0.1941861186331029
20722_90d46353,900,595.1338130120621,0.0003372916155414507,6.645876188066607e-05,0.0,0.0046508664718444784,0.004448117136304205,0.04488492174046416,0.04801668944567241,0.006750088426800596,0.05163501016726476
20731_fbdc7731,30570,20214.711848643045,0.016502899745102394,0.0007088754240822707,0.012975583047133064,0.005400714459621563,0.018376297506754628,0.20097475023673095,0.28035731834123634,0.06429210252650609,0.265266852763237
20735_fb18051a,46224,30566.072636299512,0.025031933437726157,0.0010478167934824703,0.019928519181894387,0.005496233249391787,0.025424752431286175,0.28032727454407036,0.39988694853596823,0.09465147862076932,0.3749787531648397
20737_5249e274,32414,21434.074905525536,0.017507597466400352,0.0007488018253326839,0.01379462062426989,0.005414143530208348,0.01920876415447824,0.21034404083651542,0.294459751460699,0.06786835712710794,0.27821239796362335
20741_c337946f,23120,15288.32639648764,0.012443790187797742,0.0005475675665358617,0.009666564636249465,0.005337129224035361,0.015003693860284826,0.16302829635718186,0.22328670199607623,0.04984356848394438,0.21287186484112625
20743_c8ea8159,33468,22131.042726541884,0.018081866120547883,0.000771623098064753,0.014262769000789528,0.005421494351359066,0.019684263352148595,0.21569612274009858,0.3025171620973283,0.06991248529903547,0.28560860803913407
20745_3e22ad07,68471,45277.11923416545,0.037153142876834425,0.0015295102037958877,0.029809825569401423,0.005588565340668408,0.035398390910069834,0.3926665621813286,0.5693170649497481,0.137797322492564,0.5304638846738926
20746_57a7b346,35900,23739.226541258922,0.01940693383106666,0.0008242809114275539,0.015342974742436363,0.005437643439433859,0.02078061818187022,0.22803739656119643,0.321100568770489,0.07462910741870125,0.3026665039798977
20755_4b5e61bf,63276,41841.87461350138,0.03432266312513004,0.0014170277447417138,0.027502395952684604,0.005569899624650587,0.03307229557733519,0.36646264664322364,0.5297821177969073,0.1277221366736233,0.49418478331684695
20756_75f43564,13738,9084.38702573301,0.0073320363801960995,0.00034442792633446455,0.0054994222562615575,0.005220624865696111,0.01072004712195767,0.11487693552610725,0.1510452863833046,0.031648112593029756,0.14652504811913702
20758_cdccf572,69382,45879.5269048921,0.03764949842135852,0.0015492352317455224,0.030214458558973898,0.005591698128996515,0.035806156687970415,0.3972603005328082,0.5762485204745678,0.13956411638689603,0.5368244169197043
20765_99d0665e,126914,83923.12527179206,0.06899563144831843,0.0027949216291092813,0.055768075634806805,0.005736721636471149,0.06150479727127795,0.6868385257902072,1.0134502706908117,0.2511417084052397,0.9379802341954468
20779_fc5a7c3d,18778,12417.136378600559,0.010078064859231729,0.0004535543158692164,0.0077380065234901926,0.005290263749712224,0.013028270273202417,0.14081432190712512,0.18992507127391706,0.04142269132786345,0.18223701323498856
20787_ed64ff5e,64604,42720.02761759029,0.03504621983547911,0.0014457816823016645,0.028092245140557547,0.005574807010663294,0.033667052151220844,0.3731625230299892,0.5398898353489248,0.1302976605942303,0.5034601836242195
20788_d25efea2,83870,55459.85877480183,0.04554324060474507,0.0018629302975351027,0.03664950000016605,0.005636841356387032,0.042286341356553084,0.470269584467811,0.6864346346145346,0.16766215144845764,0.6379317359162686
20789_1809f41f,10276,6795.105625013278,0.005445776341620434,0.0002694684897135695,0.003961728063177124,0.005156746880843411,0.009118474944020535,0.09689999427153936,0.12417531170793489,0.024933907914459468,0.12183390218599884
20792_d2ea0500,52082,34439.7324992158,0.028223646697684637,0.0011746545692552038,0.022530429229002592,0.005524110435906438,0.02805453966490903,0.3099436979160301,0.4445369541907253,0.10601248699947086,0.41595618491550096
20797_78b83489,432,285.66423024578984,8.230325677385648e-05,5.632559713815339e-05,0.0,0.004508357565774624,0.004097739691134549,0.041116025765257504,0.043021930873603724,0.005842448972851753,0.046958474738109254
20799_213bf924,157450,104115.3542874991,0.08563307701098351,0.003456088976496818,0.0693310536475238,0.0057894041059348535,0.07512045775345866,0.8402937435220669,1.2452546630126513,0.3103632433748591,1.150656986896926
20801_0796e2ee,1660,1097.6912551111368,0.0007513752750785696,8.291432855654133e-05,0.00013481495872436197,0.004773167701516458,0.0049079826602408195,0.0499141162060433,0.05501729496440197,0.008224032839196153,0.05813814904523945
20802_802b7d69,19566,12938.209094882232,0.010507404232541269,0.00047061614026472923,0.008088007397017209,0.0052994925735637965,0.013387499970581005,0.14485302007861603,0.19598700964415974,0.04295093895545253,0.18780395903406855
20803_473c87ac,24706,16337.08442697334,0.013307917403621255,0.0005819077359410435,0.010371008018754348,0.005352164717283024,0.01572317273603737,0.17112155249993602,0.2354514880101058,0.052919457744548794,0.2240410102444848
20804_0dcacc66,9056,5988.368678485816,0.004781063098679269,0.00024305297478650656,0.003419848538173368,0.005129187222613594,0.008549035760786961,0.09051447368133538,0.11465501544414447,0.022567839252456073,0.11308231293379145
20806_ca60b7ae,19124,12645.932266714084,0.010266581893705206,0.00046104592911902275,0.007891687110089618,0.005294360806843892,0.01318604791693351,0.14258810699215935,0.19258724132774224,0.042093723915611954,0.1846818309077713
20807_88c198d5,21064,13928.776263651196,0.011323584919365746,0.0005030509282653359,0.008753364387554608,0.005316095174561171,0.014069459562115779,0.15252123146878888,0.20750126488802084,0.04585616096830587,0.19837739243709474
20810_f6674f2d,47216,31222.04235019725,0.025572421582806187,0.0010692956384067706,0.020369129418618754,0.0055011838327109885,0.02587031325132974,0.28534484973451035,0.40745036732809237,0.09657536395905404,0.3819202136935644
20812_462bd352,6362,4206.934798203044,0.0033132454950042718,0.00018472232133281182,0.0022232719477142523,0.005052970338945613,0.007276242286659866,0.07626039068293575,0.09347601365683161,0.017343094190622348,0.0936034848735581
20813_726b2714,52210,34524.37375262196,0.028293387103501415,0.0011774260331164038,0.02258728216277348,0.005524685405248113,0.028111967568021593,0.31059048881683377,0.44551222974996074,0.10626073026892695,0.4168512190857607
20814_5a2be0fb,18158,12007.15530741447,0.009740259768556709,0.00044013003779152864,0.007462625125537463,0.005282737971770614,0.012745363097308077,0.13763402077942902,0.18515283385110462,0.040220262991435496,0.1778542837708645
20815_b3d9e6c9,132264,87460.86516025265,0.07191056247269156,0.0029107601576828773,0.05814435060101181,0.005746773854150041,0.06389112445516185,0.713732567181993,1.0540714710196086,0.2615175013082874,0.9752500684902803
20817_ef63b1a7,132298,87483.34799318867,0.07192908726798665,0.0029114963277710086,0.0581594521615447,0.005746836483581843,0.06390628864512654,0.713903470047023,1.0543296116822274,0.26158344092673663,0.9754869109737596
20818_098cad7c,12278,8118.947729068998,0.0065365598763484755,0.0003128159166676515,0.004850943480437388,0.005195813090810169,0.010046756571247557,0.10731694150549169,0.1397352848367453,0.028816587800796187,0.1361335293062879
20822_5bb36119,2044,1351.6150153296167,0.0009605964925289033,9.122872014014148e-05,0.0003053737600370199,0.004815468446612685,0.005120842206649705,0.05226024727916609,0.05835605863663502,0.008968762647564434,0.06122900992673053
20823_f144e996,116216,76848.96801445534,0.06316685909341303,0.002563287876084921,0.05101641402948697,0.005715342096414143,0.05673175612590112,0.6330477082285091,0.932210040648611,0.23039400140022964,0.8634417096287388
20838_86c931be,836,552.8131863089822,0.0003024214126330618,6.507302995006605e-05,0.0,0.004636342595618802,0.004405166793193085,0.04441916237451398,0.04738416906680611,0.0066259667920725495,0.05104512916658653
20841_1620ae7d,42852,28336.304616880985,0.023194709621990415,0.0009748060423889815,0.01843079970786761,0.005478609313137364,0.023909409021004975,0.26326360587442915,0.37416932390266877,0.08811181999103535,0.3513754258654645
20849_9821b6fe,79607,52640.90828050137,0.0432205581828941,0.001770627559720292,0.0347560308074685,0.00562438722941084,0.04038041803687934,0.4487953661114078,0.6540215218394887,0.15939448693524416,0.608189853046652
20858_15bdad00,10408,6882.391917588381,0.005517696135118986,0.00027232656182043206,0.004020357651128351,0.005159538390780993,0.009179896041909344,0.09758898311603285,0.1252034393250497,0.025189908786086065,0.12277889190211892
20860_b8e9a191,104786,69290.76858920215,0.05693925879274294,0.002315804814104323,0.04593962470916489,0.0056903082487663225,0.05162993295793122,0.5755543931861594,0.8453887266974336,0.20822665319801748,0.7837810463841769
20870_dedaef5b,102911,68050.90647876036,0.05591767081691123,0.0022752071989500253,0.045106818062130426,0.005685953601790261,0.05079277166392069,0.5661205946550681,0.8311438608395555,0.20459027718059425,0.7707108718356623
20892_b1f89c8d,37846,25026.038096949447,0.020467205938249862,0.0008664158229423608,0.016207317001171864,0.005449827795642582,0.021657144796814444,0.23790506972933664,0.335962844396889,0.07840318087465092,0.3163082506039876
20898_5f5b9bc7,324,214.24817268434236,2.3459789365950107e-05,5.398717450526585e-05,0.0,0.004453699323348016,0.003995111785838756,0.04002856482225878,0.0416477267642044,0.005632993714248174,0.045661558536506955
20899_a8d7c6d5,22290,14739.480768932071,0.011991567243829573,0.0005295963555608926,0.009297908893828876,0.005328862248472842,0.01462677114230172,0.15878887502240766,0.21691645998073927,0.048233866033565026,0.20702274105597268
20908_10574fbf,28486,18836.646441624,0.015367438762897978,0.0006637525280921074,0.012049946219175826,0.0053845702831587915,0.017434516502334615,0.19037635631433625,0.26440958354192673,0.06025039179567407,0.2506267481100103
20910_c64b5d1b,37166,24576.381438229222,0.020096710032348232,0.0008516924211797355,0.01590528579051403,0.005445639797653625,0.021350925588167657,0.23445765833520454,0.3307701577222193,0.07708438850566543,0.31154204684086995
20925_dc64a33a,13736,9083.06450614854,0.007330946686355212,0.0003443846222116333,0.005498533929171387,0.005220592637960425,0.010719126567131813,0.11486659697988497,0.15102981115202474,0.031644233791944504,0.14651083077182947
20926_4c0f33f6,18104,11971.447278633748,0.009710838034852757,0.00043896082647508494,0.00743864029410287,0.005282070896994565,0.012720711191097436,0.1373569107723022,0.1847370692750235,0.040115535362133706,0.1774724461344359
20927_826f4b56,9296,6147.071028622367,0.004911826359585728,0.00024824946952625666,0.003526447788993779,0.005134878929767524,0.008661326718761303,0.09177334301672502,0.11653060975316032,0.02303329538268625,0.11480663839941127
20934_fe7fbd78,10920,7220.956931213021,0.005796657758386097,0.00028341241726523227,0.004247769386211894,0.0051700545434194035,0.009417823929631298,0.1002583094719643,0.12918815792734065,0.02618288186391044,0.12644119133587475
20940_9777847c,520,343.8550919625248,0.0001302497857728913,5.8230978542728424e-05,0.0,0.00454393825313975,0.004172406770467158,0.041912548468987204,0.044050511734053874,0.006013116220602818,0.047925664689590024
20946_6573271d,17178,11359.12071102356,0.009206309786522005,0.00041891101760421583,0.007027344851354117,0.005270325194596234,0.012297670045950351,0.13260192126362974,0.17760435643229625,0.03831965045966228,0.17092157172329203
20947_115d4058,990,654.6471943132683,0.0003863278383813727,6.840744740807235e-05,0.0,0.004669699559925637,0.004506924943443018,0.045523984720219624,0.048889978602243034,0.0069246344756369125,0.052448619195856534
20951_2918f2fa,884,584.5536563362922,0.0003285740648143535,6.611232889801606e-05,0.0,0.0046473305223979095,0.004437474570136275,0.04476943209507512,0.04785952635779896,0.006719058018118585,0.0514884901131937
20952_b8a54213,139492,92240.45093853175,0.07584871601365775,0.0030672612575950173,0.06135476470488653,0.005759753297694677,0.06711451800258121,0.7500611572970649,1.1089457313360636,0.27553548843038617,1.025596645727451
20958_94222947,12260,8107.045052808758,0.006526752631780492,0.00031242617956217023,0.004842948536625858,0.005195489888857208,0.010038438425483066,0.10722356306617331,0.13959567036664147,0.028781678591028922,0.13600524165720224
20959_d4905d19,114092,75444.45221574687,0.06200960423439087,0.0025172988976381325,0.05007301065972633,0.005710873915413955,0.05578388457514029,0.6223657488834319,0.9160781864610261,0.22627471464769255,0.8486404635311244
20970_d20c6c35,1136,751.1911239796696,0.000465875488766135,7.156864837475366e-05,0.0,0.0046970163950468035,0.004599089656146601,0.0465283406986069,0.0502737292251616,0.00720778695486027,0.05373612765346717
20989_885bd9b9,7844,5186.9218102962395,0.004120708631101653,0.00021681067635076864,0.002881522321530291,0.0050980350006224456,0.007979557322152737,0.08413309252897978,0.10515874696001477,0.020217285794793684,0.10435037832377347
20989_a261efa3,9970,6592.760128589177,0.005279053183964699,0.00026284295892038814,0.0038258140183811003,0.005150141264926317,0.008975955283307416,0.09530144897595924,0.12179055730001585,0.024340451348415993,0.11964190032437523
20989_d1b8b0f8,19946,13189.487815931769,0.010714446062309828,0.00047884392360266685,0.008256789544149526,0.0053038165161523486,0.013560606060301874,0.14679935058893123,0.19890899198081463,0.04368791116165031,0.19048726175058153
20990_0a226634,1878,1241.8458898185029,0.0008701519037352693,8.763447794514767e-05,0.00023164261155290218,0.004798205318300151,0.005029847929853053,0.051256265680210945,0.05692315124806655,0.008646822157488562,0.05990308783769951
20991_6795af4f,3420,2261.508489445836,0.0017103058550592659,0.00012102195664804198,0.0009165427980740441,0.004921720659696717,0.00583826345777076,0.06021396238941491,0.06985868830672046,0.011637377794217443,0.07185134018363236
20994_9c88b1ba,810,535.6204317108559,0.0002882553927015287,6.451007635325978e-05,0.0,0.00463013583717979,0.004387411782581863,0.04422688329487341,0.0471240891118166,0.00657554237796428,0.050802425672837694
21005_9feee615,13688,9051.32403612123,0.0073047940341739205,0.0003433453232636833,0.005477214079007305,0.005219817821210395,0.0106970319002177,0.11461845835961461,0.1506583918513383,0.03155114256589847,0.14616960092551307
21008_a3fec63b,66808,44177.44419967761,0.03624706244813675,0.0014935028256617027,0.02907118159392499,0.005582742186888284,0.03465392378081328,0.3842798030819312,0.5566628629543738,0.1345720993901774,0.5188519024721086
21009_907a2a95,6276,4150.06645607078,0.0032663886598461238,0.00018286024405106806,0.0021850738828369377,0.005050055270250898,0.007235129153087836,0.07580054043477555,0.09279501539368218,0.017176305743956538,0.09297684617873209
21015_10304cb9,108,71.41605756144746,0.0,4.9310329239490774e-05,0.0,0.0042509963690473725,0.003696469505799742,0.03691977824178705,0.037948932039381655,0.005214083197041016,0.042133861438828066
21024_9be3d461,17912,11844.485398524508,0.009606227426127592,0.00043480363068328483,0.007353360893446542,0.005279683544917672,0.012633044438364214,0.136371475440453,0.18325863717256347,0.03974317045794957,0.17611464589840256
21028_d4d30a2e,49040,32428.18021123503,0.026566222365695273,0.0011087889984288711,0.02117928372485388,0.005510032028934422,0.0266893157537883,0.29456816890200715,0.42135470873930086,0.10011283054880338,0.39468099945081053
21035_d308c5c4,174733,115543.9072767074,0.09504966633700986,0.003830301553943071,0.07700753219722867,0.005815026974989937,0.0828225591722186,0.9271055596131389,1.3764104050505872,0.3438819029530596,1.2709874625661985
21037_62248d34,25408,16801.288801122748,0.013690399941772647,0.0005971074830548124,0.01068281082740405,0.0053585267288973,0.01604133755630135,0.17470088298784098,0.2408329192192423,0.05428091692547206,0.22898179991331302
21047_60d69af3,2104,1391.2906028637542,0.0009932873077555182,9.2527843825079e-05,0.0003320235727421228,0.004821379274102487,0.00515340284684461,0.052619843620026696,0.05887063021440125,0.009085126680121978,0.061704970300148675
21048_75cc125c,252,166.6374676433774,0.0,5.242822608334083e-05,0.0,0.0044064933419109805,0.0039159260291555965,0.039195919328733314,0.0406220142491477,0.0054933568751791215,0.044689276203912436
21049_f644930a,14580,9641.167770795406,0.00779079748720959,0.00036265896204642107,0.005873407961223166,0.005233808901756484,0.01110721686297965,0.1192256250790525,0.15755645243691288,0.03328108784992062,0.1525067129289731
21051_5d118b91,19404,12831.08500854006,0.010419139031429409,0.0004671085063153979,0.008016052902713431,0.005297624708949541,0.013313677611662973,0.14402302365437453,0.19474107310688088,0.04263675606754716,0.1866597797219217
21062_c4ed6d45,1946,1286.8115556905254,0.0009072014943254329,8.91068181214102e-05,0.00026184573261868536,0.004805447071331431,0.005067292803950117,0.051669236351948006,0.05751185655578409,0.008778701394387113,0.06044793774633512
21063_037107dc,1588930,1050695.521676951,0.865570546687556,0.034450581851736224,0.7051422851658666,0.006385608928115504,0.7115278940939821,8.015300069479114,12.092816505214236,3.086576332132743,11.101876401611857
21069_508a9947,90414,59787.14285519176,0.04910871885212785,0.0020046213874389553,0.0395561062392026,0.005654826680767483,0.04521093291997009,0.5032226694392676,0.7361794791090679,0.18035358859940048,0.6835762580386682
21081_72fa4ad1,6778,4482.018871773063,0.0035399018139087995,0.00019372957888171195,0.002408043982469631,0.005066558907895991,0.007474602890365622,0.07847966029644673,0.09676493188285351,0.018149884816354656,0.09662954511280139
21091_bbf490e7,21736,14373.142844033537,0.01168972204990383,0.0005176011135366363,0.00905184228985176,0.005323178605492993,0.014375020895344752,0.155957532116888,0.21266282913937615,0.04715943813295037,0.20311697024983838
21092_32622a83,289974,191748.146993733,0.15783837029584818,0.006325506763541154,0.12819338329637453,0.00594126825065326,0.13413465154702778,1.5055103925296671,2.250487399616652,0.5673803608857918,2.072890753415459
21093_1bda9bbe,234182,154855.14066532304,0.1274402709104601,0.005117494953040582,0.10341261078898961,0.005887679537610058,0.10930029032659967,1.2255606691294973,1.8273942833123655,0.4591773258116168,1.684737994941114
21119_4f5c95a6,472,312.1146219352148,0.0001040971335915996,5.719167959477841e-05,0.0,0.004525316935478097,0.004132465602641423,0.04148594483960061,0.043497470044743976,0.005920024994556783,0.04740596983415739
21121_1e9e7540,33076,21871.828887985517,0.017868286127733998,0.0007631354899898278,0.01408865689111619,0.005418786696725166,0.019507443587841355,0.21370585749613738,0.29952074507835647,0.06915224028632617,0.28285809778246357
21133_f9a1614e,3060,2023.4549642410113,0.0015141609636995781,0.00011322721453841686,0.0007566439218434275,0.004898564382734938,0.005655208304578365,0.058179471224021645,0.06689652335680789,0.010939193598872179,0.06911866482289382
21134_7aa7cd89,134062,88649.81026669231,0.07289019723564912,0.0029496905641081717,0.05894295665507472,0.005750064883041165,0.06469302153811589,0.7227701031809162,1.0677223433117005,0.26500454348392843,0.9877746466648446
21139_cd619b26,3530,2334.247066591755,0.0017702390163080596,0.00012340368340376078,0.0009654007880333995,0.004928331446619647,0.005893732234653047,0.06083096504624228,0.07075906462058021,0.011850711853906274,0.07268167690014855
21140_8d150c65,2186,1445.5139058270754,0.0010379647552318915,9.430331286116029e-05,0.00036844498343909665,0.004829201554221551,0.005197646537660647,0.05310873344469952,0.05957127426472707,0.00924415752461729,0.06235289096931681
21153_a2fb81fe,10780,7128.380560300033,0.005720379189523997,0.0002803811286670447,0.0041855864898999885,0.0051672267270909894,0.009352813216990979,0.09952889248810083,0.12809907181410116,0.025911365787942838,0.12544025827604366
21164_de08f61e,18574,12282.23938098449,0.009966916087461239,0.0004491372953404288,0.007647397160292842,0.005287814134191224,0.012935211294484066,0.13976816632764233,0.18835512200804314,0.041027053617167804,0.18079521994481013
21165_5cb2d287,312,206.31305517751488,1.692162632062718e-05,5.372734976827835e-05,0.0,0.004446578180831504,0.003982660680781223,0.03989725578390113,0.041484371962449924,0.005609720907736665,0.04550697669163779
21174_861bd902,169570,112129.82296939487,0.09223662168675967,0.0037185119608541973,0.07471431581395457,0.00580763653953959,0.08052195235349416,0.9011746571825554,1.337232561547003,0.33386877795148295,1.2350434351340382
21175_85118898,6550,4331.251639143341,0.0034156767160476637,0.0001887929088789494,0.0023067746941902406,0.005059213585370551,0.007365988279560792,0.07726435242053453,0.0949633923780684,0.017707701492635987,0.09497205391317051
21176_b5c72bfb,796,526.3627946195571,0.00028062753581531864,6.420694749344102e-05,0.0,0.004626714252799414,0.004377771908570295,0.04412255356901171,0.04698323716015673,0.00654839077036752,0.05067094433937923
21182_a480d230,20996,13883.810597779175,0.011286535328775583,0.0005015785880890735,0.008723161266488826,0.005315366382651177,0.014038527649140004,0.1521733904082647,0.20697884145604564,0.04572428173140733,0.19789767213967202
21184_971559b6,3556,2351.439821189881,0.0017844050362395927,0.00012396663700056703,0.0009769490402056107,0.004929865152802136,0.005906814193007747,0.06097651360331762,0.07097158730273542,0.011901136268014543,0.07287764987133216
21185_ac5324ba,32376,21408.947033420583,0.017486893283423496,0.0007479790469988902,0.013777742409556658,0.005413874255741481,0.019191616665298138,0.2101510389834038,0.2941692132838928,0.06779465990648817,0.27794569888989196
21186_d1698d8c,6364,4208.257317787515,0.003314335188845158,0.00018476562545564304,0.0022241602748044216,0.005053037681295484,0.007277197956099906,0.07627108037529985,0.09349184624668479,0.0173469729917076,0.09361805336700746
21190_5ad08502,36,23.805352520482487,0.0,4.7751380817565745e-05,0.0,0.00405751911336244,0.003471012474868686,0.03462442000578262,0.03543462866007333,0.005074446357971963,0.03969886636375458
21202_e452c491,71630,47366.03891783779,0.038874314298515684,0.0015979090658078483,0.031212938208325085,0.005599263233083895,0.03681220144140898,0.40859423777841336,0.5933510214351196,0.1439238888067187,0.552518126585132
21204_96d26a7f,20426,13506.892516204867,0.010975972584122744,0.0004892369130821669,0.008469988045790348,0.005309166955394675,0.013779155001185024,0.14925675950905515,0.20259878350216431,0.04461882342211066,0.1938755829311658
21224_18ba4aba,6178,4085.262996431689,0.003212993661642653,0.00018073834203233676,0.0021415458554186035,0.005046686449084554,0.007188232304503158,0.07527605504870657,0.09201851581511897,0.016986244490779213,0.09226229953948578
21236_b696e901,65308,43185.55451132417,0.035429792067471384,0.0014610247335382646,0.028404936276297418,0.005577369474915229,0.033982305751212645,0.3767138743131361,0.5452477461257419,0.1316629985762388,0.5083768728893749
21243_3ec5d732,234,154.73479138313616,0.0,5.203848897785957e-05,0.0,0.004392668936803962,0.0038941066802370477,0.03896752885787437,0.04034499913236962,0.005458447665411858,0.044425976523286226
21244_24c3ce72,192784,127480.30778635266,0.10488469809793688,0.004221142914556524,0.08502512834955885,0.00583931718032908,0.09086444552988793,1.0177502963113727,1.5133691295362348,0.3788900221479967,1.3966403184593694
21244_d67bbabc,194986,128936.4018488555,0.10608445101675364,0.004268820753793731,0.08600317647583612,0.0058421298255750525,0.09184530630141118,1.0288063347846592,1.5300748783082052,0.3831605821428586,1.4119669169275177
21248_0a862e3e,12232,8088.52977862616,0.006511496918008071,0.0003118199218425327,0.004830511957363476,0.005194986225952656,0.010025498183316132,0.10707829867301193,0.13937848309893552,0.0287273753758354,0.13580567404884733
21257_770fee9a,159770,105649.47700548574,0.0868971218664126,0.0035063217589810683,0.0703615130721211,0.005792995840702878,0.07615450891282398,0.8519485327536335,1.262862028397163,0.3148626526337508,1.1668111853873842
21263_deaf1d71,36690,24261.621777125067,0.019837362898217088,0.0008413860399458979,0.01569386394305355,0.005442664311302626,0.021136528254356177,0.23204403148172476,0.32713483040779856,0.07616123384737558,0.3082052653291003
21265_7329c813,1658,1096.3687355266657,0.0007502855812376825,8.287102443371009e-05,0.00013392663163419203,0.0047729237240013425,0.004906850355635535,0.04990166016202674,0.05499966477283488,0.008220154038110902,0.05812181420013764
21267_35a558cc,4822,3188.594718160182,0.002474181237521162,0.00015137814675274876,0.0015392600882832798,0.0049939381113968265,0.006533198199680106,0.06795754138107497,0.0812118632567197,0.014356417354978722,0.0823139587360537
21271_ec7f62b8,28850,19077.34500599777,0.015565763041939441,0.000671633878447395,0.012211621749586782,0.005387469951528151,0.017599091701114934,0.19222831393153617,0.26719589313779035,0.06095633359318983,0.253184647524726
21274_2fb8c3f5,30124,19919.789981305956,0.01625989801858456,0.0006992186046909018,0.012777486106025132,0.005397350015143835,0.018174836121168967,0.19870747783496512,0.27694524141510235,0.06342712988449502,0.2621346077194601
21275_c8049742,6408,4237.3527486458825,0.003338308453344676,0.0001857183161579306,0.002243703470788164,0.005054514108384143,0.007298217579172307,0.07650620256122567,0.09384011127426865,0.017432306615583135,0.09393850917680881
21281_6e562106,6008,3972.8488317516326,0.003120369685167245,0.00017705749159168044,0.0020660380527541453,0.005040719313429723,0.007106757366183868,0.0743650008385976,0.0906702723208472,0.01665654639853284,0.09102154723713043
21282_b2d83538,76279,50440.235691941205,0.041407307631657876,0.0016985694993290905,0.033277854529425464,0.0056142124540632145,0.03889206698348868,0.4320265469658738,0.6287129462601788,0.1529401619293857,0.5849667088952595
21292_f94bd96b,2074,1371.4528090966853,0.0009769419001422106,9.187828198261024e-05,0.0003186986663895713,0.004818444329525035,0.005137142995914606,0.05244025014127088,0.05861355273857084,0.009026944663843206,0.06146719480511408
21300_ec7da33e,16370,10824.822798897174,0.008766073474803593,0.0004014161519803905,0.0066684607069253995,0.0052595698788773446,0.011928030585802744,0.12844779548481142,0.1713754105561003,0.036752614821220685,0.1652004103060321
21316_69ed56f5,163325,108000.25556688338,0.08883405266858953,0.0035832948373136163,0.07194051447489845,0.005798403798458296,0.07773891827335674,0.8698065302394706,1.2898413055900393,0.32175722156278524,1.191563751802256
21326_ab4d6c43,14584,9643.812809964349,0.007792976874891365,0.0003627455702920836,0.005875184615403506,0.005233869776036146,0.011109054391439652,0.11924626635957997,0.1575873664539758,0.033288845452091126,0.1525351118116711
21329_1bfecd1d,24410,16141.351528471596,0.013146642715169956,0.0005754987257620184,0.010239535609409175,0.005349430122246081,0.015588965731655257,0.16961179875748456,0.23318186492809106,0.05234539518393158,0.22195719394141614
21337_062b39fa,31116,20575.759695203695,0.01680038616366459,0.0007206974496152021,0.0132180963427495,0.005404769845079448,0.01862286618782895,0.20374974549156927,0.2845337895292598,0.06535101522277975,0.269100760714349
21351_675c66b1,14010,9264.2496892211,0.007480234742556752,0.00035031728703951466,0.0056202347405246884,0.005224966514442502,0.01084520125496719,0.11628256457926817,0.1531494972934338,0.03217562954062396,0.14845819411989214
21352_c1101acb,21834,14437.946303672627,0.0117431170481073,0.0005197230155553675,0.009095370317270094,0.005324194040774202,0.014419564358044295,0.1564584836441056,0.21341537850114736,0.04734949938612769,0.2038079830302333
21352_d60bc953,87864,58100.93038499092,0.047719359204996724,0.0019494086308291104,0.03842348919923573,0.005647971348503173,0.0440714605477389,0.4903833733132149,0.7167969663512607,0.17540811721570482,0.6657914905289197
21353_4686c90c,26392,17451.968436682604,0.014226529311489128,0.0006184131114877879,0.011119867755767739,0.005367166722481448,0.016487034478249188,0.17971528720546878,0.2483732958306982,0.05618928705941578,0.23590457426488456
21357_9edfc0a0,29034,19199.016807769123,0.01566601487530106,0.0006756178577478701,0.012293347841882431,0.0053889224132362325,0.017682270255118662,0.19316433528423554,0.2686042219280485,0.061313183293032966,0.2544775185772685
21358_a69a36f3,46040,30444.400834528155,0.024931681604364538,0.001043832814181995,0.019846793089598736,0.005495303822796366,0.025342096912395102,0.2793964835424975,0.398483942631522,0.09429462892092619,0.3736911124634237
21365_ab403591,57454,37992.02010310558,0.031150564354307533,0.0012909694431799431,0.02491647579319946,0.005547151085254198,0.030463626878453658,0.3370778025820241,0.48545695650706455,0.1164309467144563,0.4535087492964804
21377_19909a40,41769,27620.160261889803,0.022604640407150017,0.0009513568598758592,0.017949770588540505,0.0054726662652493,0.023422436853789804,0.2577803658049239,0.3659066049026652,0.08601144920337167,0.3437918150082956
21384_b9774b93,1424,941.6339441435294,0.0006227914018538854,7.780444206245376e-05,2.9992362084290997e-05,0.004742233163763181,0.004772225525847472,0.04842285110239106,0.052915100925417756,0.00776633431113648,0.056189185413527534
21386_e234c6b6,8322,5503.003990984867,0.004381145459073683,0.0002271603617074375,0.003093832496080943,0.005110837655604548,0.008204670151685491,0.08665500733763604,0.10890923182275114,0.021144319254168785,0.10779932659180483
21390_4d1e2d9c,39076,25839.387641399266,0.021137367650395464,0.00089304785848358,0.01675363816162647,0.005457223327165958,0.02221086148879243,0.24413903039680332,0.34535366824396707,0.08078864354208058,0.3249276739388839
21391_78fc6345,70096,46351.66639654834,0.03803851912255524,0.0015646948035962789,0.03053159133016462,0.005594126051519289,0.03612571738168391,0.4008603877429906,0.5816807982923191,0.1409488483743308,0.5418092361173215
21421_fb12b69b,292562,193459.4873360388,0.15924843412595613,0.006381542298484791,0.1293428785510546,0.005943507002081951,0.13528638555313657,1.5184938319558066,2.2701107275991355,0.5723995294901072,2.0908933614459135
21422_b2a6bf27,5270,3484.8391050817418,0.0027182726578798846,0.00016107827026694892,0.0017382453564813811,0.005012785371538251,0.006751030728019632,0.07038965820834317,0.08479665479114189,0.015225268798075049,0.08561492700641822
21423_196855d1,27560,18224.319874013814,0.014862910514567227,0.0006437027192212383,0.011638650776427072,0.005377030597411242,0.017015681373838312,0.18566342697217159,0.25731967498865027,0.05845450689320264,0.24411793386537423
21424_9d516e3a,20736,13711.883051797911,0.011144875129460254,0.0004959490521210108,0.008607678744766714,0.0053125588242709885,0.013920237569037703,0.1508431998719583,0.2049811263722377,0.045220037590324634,0.19606323746228294
21425_d0d47a2a,11132,7361.144007166973,0.005912165305520136,0.00028800265428534485,0.004341932057769926,0.005174271255724854,0.00951620331349478,0.10136220109475327,0.13083667980243918,0.026594034778947097,0.12795623587370036
21426_51651a10,6184,4089.2305551851023,0.003216262743165314,0.00018086825440083052,0.0021442108366891135,0.005046894169101403,0.007191105005790516,0.0753081810554713,0.0920660715215431,0.01699788089403497,0.09230606194950627
21429_6d2d3974,12376,8183.75118870809,0.006589954874551947,0.0003149378186863828,0.004894471507855724,0.0051975648251120265,0.01009203633296775,0.10782525602291582,0.14049532745377896,0.02900664905397351,0.13683190507688933
21448_5646a1b6,22848,15108.463732999551,0.01229559182543709,0.0005416782058308116,0.009545752151986333,0.005334451796849269,0.014880203948835602,0.1616393095196239,0.22119942773344314,0.049316051536350186,0.2109553610559741
21450_ea24ffcc,95780,63335.46290032812,0.05203236742722808,0.002120806348995201,0.04193948782212896,0.0056686673168927235,0.04760815513902168,0.5302347251664401,0.7769604118822202,0.19076041191113013,0.7209951370775702
21451_fea6f0d1,9844,6509.441394767488,0.005210402471988808,0.0002601147991820194,0.0037698494117003848,0.005147364706411575,0.00891721411811196,0.09464265845229042,0.12080802359901856,0.02409608688004515,0.11873874533233557
21453_679a343c,40060,26490.067276959122,0.021673497020111947,0.0009143534869165555,0.01719069508999016,0.005462980969175832,0.022653676059165993,0.24912461109868841,0.35286471139782444,0.0826970136760243,0.3318216247747127
21459_a9de5e5b,39388,26045.70069657678,0.02130735988957386,0.0008998033016452551,0.016892217187693005,0.005459063810686609,0.022351280998379613,0.24571997317501526,0.3477353700436582,0.08139373651137981,0.3271137096863951
21467_67965037,10794,7137.638197391332,0.005728007046410207,0.00028068425752686345,0.0041918047795311796,0.005167511086388913,0.009359315865920093,0.09960184996313799,0.12820799648119438,0.0259385173955396,0.1255403673586776
21469_abec26c4,1452,960.1492183261269,0.0006380471156263055,7.841069978209127e-05,4.2428941346672223e-05,0.004746150091986834,0.004788579033333506,0.04860224814874346,0.05316702471673308,0.00782063752633,0.05642288567507346
21478_8fbd4409,4292,2838.1270282753007,0.002185412369686066,0.0001399025542024673,0.001303853409388205,0.004969344108945578,0.006273197518333783,0.06505729010722637,0.07694755025148795,0.013328535067387083,0.07838582517461345
21490_d07ff9f8,26680,17642.411256846462,0.014383445224576876,0.000624648905175488,0.01124778685675223,0.005369637176971962,0.016617424033724192,0.1811823344669943,0.2505796417669126,0.05674783441569199,0.2379301688826863
21492_8bd34fc1,48378,31990.426228775046,0.026205533704361624,0.0010944553337717273,0.02088524745800758,0.005506857677524211,0.02639210513553179,0.29122104039345126,0.4163086631335494,0.09882894738958514,0.3900499877830364
21495_ebbbd369,476,314.7596611041573,0.00010627652127337387,5.727828784044091e-05,0.0,0.0045269364374305315,0.004135861758774198,0.041522172396855794,0.043544246088895885,0.005927782596727285,0.04744995499358308
21496_f4025ad5,62318,41208.38773253965,0.03380069977534509,0.0013962850699055448,0.027076887276493128,0.005566297883504048,0.03264318515999717,0.36162883644522237,0.5224899293498795,0.12586419095378787,0.48749302739901024
21497_9833a679,2968,1962.6190633553338,0.001464035047018769,0.00011123522488817933,0.0007157808756956031,0.004892228069490238,0.005608008945185841,0.057655359723765356,0.06613526560936223,0.010760768748950612,0.06841612847271597
21503_34f299ca,9268,6128.555754439769,0.004896570645813308,0.00024764321180661915,0.0035140112097313977,0.005134222195347249,0.008648233405078646,0.09162654790840638,0.11631186468908558,0.022978992167492728,0.11460554007589911
21511_d07c59c2,6868,4541.53225307427,0.0035889380367487215,0.00019567826440911826,0.0024480187015272856,0.00506939342143381,0.0075174121229610955,0.07895873753076879,0.09747540484719006,0.01832443086519097,0.09728316839595977
21513_50fb4d62,10810,7148.218354067102,0.005736724597137304,0.0002810306905095135,0.004198911396252541,0.0051678356362979735,0.009366747032550514,0.09968522561315196,0.1283324774171034,0.02596954780422161,0.12565477341737358
21519_3e869afd,48652,32171.611411847607,0.02635482176056316,0.0011003879985996086,0.02100694826936088,0.005508176547806469,0.02651512481716735,0.29260645793083623,0.4183972587252749,0.0993603431382646,0.3919668010691008
21528_a5d5490f,6648,4396.055098782433,0.0034690717142511346,0.0001909148108976807,0.0023503027216085753,0.0050624003224535126,0.007412703044062088,0.0777870169657697,0.09573803890172083,0.01789776274581331,0.09568477971158301
21529_93e51dd9,39376,26037.765579069954,0.021300821726528536,0.0008995434769082677,0.016886887225151987,0.005458993281415644,0.02234588050656763,0.2456591702691131,0.34764376875959646,0.08137046370486829,0.3270296339739814
21531_79015e13,106936,70712.47714250875,0.058110679671696634,0.0023623567461479177,0.04689457633109774,0.005695210671429785,0.052589787002527526,0.5863709064431197,0.8617219144061624,0.2123963643646628,0.7987672708077825
21533_8837772a,1756,1161.1721951657569,0.0008036805794411531,8.499292645244139e-05,0.0001774546590525266,0.004784559511074426,0.004962014170126952,0.05050881520716312,0.05586029659121843,0.008410215291288223,0.05891903049845134
21539_cfe1f7fd,6624,4380.184863768777,0.0034559953881604885,0.00019039516142370567,0.002339642796526534,0.00506162407699511,0.007401266873521644,0.07765905928480064,0.09554837208799752,0.017851217132790292,0.09551027641759094
21541_abc67be6,36785,24324.44145738745,0.019889123355659226,0.0008434429857803823,0.01573605947983663,0.005443261099402001,0.02117932057923863,0.23252577213382591,0.3278603983528903,0.07634547689892503,0.3088712490327509
21545_4384f96e,357042,236097.51873939187,0.19438016355615803,0.007777667218564315,0.15798254393813843,0.005993913583327887,0.1639764575214663,1.8419224059893853,2.758971123312837,0.6974520764786144,2.539374482468
21549_18160a0a,16656,11013.943099476563,0.008921899694050456,0.00040760864154525936,0.006795491480819723,0.005263433825914117,0.012058925306733841,0.12991876140293412,0.17358079070041443,0.03730728337641164,0.16722604477934577
21550_0b16151d,14726,9737.711700461809,0.007870345137594353,0.0003658201630131024,0.005938255838805584,0.005236020519425683,0.011174276358231268,0.11997892888292014,0.15868470930320558,0.033564240329143985,0.15354316921206412
21551_c6c2d516,5092,3367.1348620638005,0.002621289906040928,0.0001572242033349676,0.0016591842454562423,0.005005487730856684,0.006664671976312926,0.06942523387250515,0.08337428184646312,0.014880055501487669,0.08430528937399283
21552_4e9c19b1,90472,59825.495923141425,0.04914031997351357,0.0020058772070010614,0.03958186772481753,0.00565498044268974,0.045236848167507275,0.5035146788555874,0.7366203142464437,0.18046607383087276,0.6839807526864602
21557_53eafe15,35296,23339.825626748607,0.019077846291118743,0.0008112030663325162,0.015074699961204996,0.0054337328086089,0.020508432769813897,0.22497337705559023,0.31648630042379855,0.0734577094909553,0.29843108654654554
21563_c72d37a2,39688,26244.078634247468,0.021470813965706933,0.0009062989200699427,0.01702546625121852,0.005460820387810472,0.022486286639028994,0.2472399792760668,0.3500253344213658,0.08197555667416753,0.32921553595023434
21564_fa5b2db7,356,235.40848603588236,4.08948908201446e-05,5.468004047056586e-05,0.0,0.004471521095259347,0.004027146791192808,0.04036704284321879,0.0420714535235521,0.005695054531612198,0.04606209737483099
21566_ff590631,2730,1805.2392328032552,0.0013343614799531975,0.00010608203427126049,0.000610069951965362,0.0048749201391430725,0.0054849900911084345,0.05629034442530881,0.06415660119369411,0.010299191419805688,0.0665895358451145
21570_9cb1d1c4,43124,28516.167280369074,0.023342907984351065,0.0009806954030940316,0.01855161219213074,0.005480079329775748,0.024031691521906488,0.26464051860650994,0.37624431044633605,0.08863933693862955,0.3532798555451395
21573_31a18ad0,1002,662.5823118200958,0.00039286600142669564,6.866727214505985e-05,0.0,0.004672085709063767,0.004514641055122169,0.04560794382479345,0.04900514576140264,0.006947907282148421,0.052555851106941866
21580_b8b2571b,66816,44182.734278015494,0.03625142122350031,0.0014936760421530278,0.02907473490228567,0.005582770530470497,0.03465750543275617,0.38432015159321503,0.5567237404136427,0.1345876145945184,0.5189077661877335
21581_8f948e0b,16218,10724.31131047736,0.00868325674289617,0.0003981250386452155,0.006600947848072473,0.005257489923990531,0.011858437772063003,0.1276657595021714,0.17020305185453502,0.03645782593874158,0.164123585440913
21582_a3d32115,570232,377071.49384610465,0.31053607852552434,0.012393670191761488,0.25267377011481956,0.006114090446318522,0.25878786056113806,2.9108083543286662,4.374815505394864,1.1109128781609945,4.021721232489661
21588_0c48dc5f,14564,9630.587614119637,0.007782079936482494,0.0003623125290637711,0.005866301344501805,0.005233565244604427,0.011099866589106232,0.1191430583566086,0.1574327947400142,0.033250057441238615,0.1523931157978472
21590_7d092186,25776,17044.63240466546,0.013890903608495883,0.0006050754416557627,0.01084626301199535,0.005361794859677533,0.01620805787167288,0.17657655776688047,0.2436532731315692,0.05499461632515833,0.2315711740920388
21592_c5e77a82,27702,18318.21876451127,0.014940278777270213,0.0006467773119422571,0.011701721999829148,0.005378202396270611,0.01707992439609976,0.18638630005021006,0.2584070551989976,0.05872990177025549,0.24511620182046556
21594_428d32af,90086,59570.24964333847,0.04893000906222235,0.00199751951129463,0.039410420596414704,0.005653955349104682,0.04506437594551939,0.5015712880287109,0.7336864622711549,0.17971746522141924,0.6812887532501302
21599_80057f94,23812,15745.918172714693,0.012820824256744698,0.0005625507930354745,0.009973925809448317,0.005343807253514214,0.015317733062962531,0.16656070567940548,0.22859561303215242,0.05118563365944139,0.21774633933884688
21600_0027c6fc,30336,20059.977057259908,0.0163754055657186,0.0007038088417110144,0.012871648777583162,0.005398955163561221,0.018270603941144384,0.19978525381887347,0.27856718561686644,0.06383828279953167,0.26362353661840515
21601_360ce1c7,46162,30525.074529180903,0.024998152928658656,0.0010464743656747014,0.019900981042099114,0.005495920469423329,0.025396901511522442,0.2800136424095578,0.3994142005803978,0.09453123578712652,0.3745448781966843
21603_98a15295,4616,3052.3752009596433,0.002361942771909785,0.00014691782210112995,0.0014477623979957605,0.004984701811976268,0.006432464209972028,0.06683350269373119,0.07955769920841183,0.01395690084319782,0.08079040353692901
21610_5dcf1187,10460,6916.7774267846335,0.005546028174982052,0.0002734524690140446,0.004043454155472774,0.00516062877785092,0.009204082933323695,0.09786030997723305,0.12560836466369044,0.025290757614302602,0.12315106759153566
21611_1d3ff1b6,11212,7414.044790545823,0.0059557530591556225,0.00028973481919859485,0.0043774651413767286,0.005175842510418736,0.009553307651795465,0.10177856439630886,0.1314585604230688,0.026749186822357156,0.12852775121866603
21612_e2981dae,10600,7009.35379769762,0.005622306743844153,0.0002764837576122321,0.0041056370517846795,0.005163538835881042,0.009269175887665721,0.0985905493781136,0.12669828774404088,0.025562273690270206,0.1241528230683838
21613_d57e983a,10514,6952.485455565357,0.0055754499086860055,0.00027462168033048835,0.004067438986907366,0.005161755622456109,0.009229194609363476,0.09814201768265124,0.12602880827993737,0.025395485243604392,0.12353750292625564
21614_5d6afa62,10606,7013.321356451034,0.005625575825366814,0.0002766136699807259,0.00410830203305519,0.005163662728577814,0.009271964761633004,0.09862183711167757,0.12674499034664483,0.02557391009352596,0.12419574720520353
21615_f2ecc6e8,11810,7809.478146302727,0.0062815715175808815,0.0003026827519251388,0.0046430749413375865,0.005187258562546058,0.009830333503883643,0.10488758930834245,0.1361037690753613,0.027908948346847342,0.13279653765518978
21616_c6c3347a,8238,5447.458168437075,0.004335378317756423,0.00022534158854852502,0.003056522758293799,0.0051086396848748165,0.008165162443168617,0.08621234433799112,0.10825067865951621,0.020981409608588224,0.10719375394657935
21617_ddd3657b,10806,7145.573314898159,0.005734545209455529,0.00028094408226385094,0.004197134742072199,0.005167754541967411,0.009364889284039609,0.09966438213211548,0.12830135762222664,0.025961790202051107,0.1256261723341666
21619_19435db0,9570,6328.2562116949275,0.005061114415787268,0.000254182134354138,0.003648148600347082,0.005141207411175291,0.008789356011522373,0.09320885666536513,0.1186701877499632,0.023564691131365702,0.11677354779673083
21621_711e1918,13644,9022.228605262862,0.007280820769674403,0.0003423926325613958,0.005457670883023562,0.005219105283448537,0.010676776166472099,0.1143909750669568,0.15031790086331906,0.03146580894202294,0.14585678400897972
21625_d5d4c9a7,2124,1404.5157987084667,0.0010041842461643896,9.296088505339153e-05,0.0003409068436438237,0.004823313722755195,0.005164220566399019,0.052739350795207966,0.05904178946338725,0.009123914690974493,0.061863265486182456
21626_b34008e6,20556,13592.856289195499,0.011046802683780409,0.0004920516810661983,0.008527729306651405,0.005310595313159696,0.0138383246198111,0.14992210056295763,0.20359789117822677,0.044870945492652005,0.19479304605560963
21630_316322ff,8512,5628.643351509637,0.0044846663739579636,0.0002312742533764064,0.0031782235696471025,0.005115731895035436,0.008293955464682538,0.08765549527415974,0.1103980290617357,0.021512805357267677,0.1091683006314274
21634_e5e20375,4814,3183.304639822297,0.0024698224621576134,0.00015120493026142377,0.0015357067799225996,0.004993586533384006,0.006529293313306605,0.0679139605254851,0.08114769626693376,0.014340902150637715,0.08225486267612281
21647_6b6cca6f,75970,50235.9064161404,0.041238949933240815,0.0016918790123516625,0.03314060799399419,0.005613246277182633,0.03875385427117682,0.4304693716573607,0.6263628630864227,0.15234088716171434,0.5828102588190751
21656_964b0c84,68192,45092.62775213171,0.03700113058603067,0.0015234692786609283,0.02968590394032269,0.005587597916037377,0.035273501856360065,0.39125961842829227,0.5671941778612521,0.1372562297411714,0.5285158481694636
21665_2e14b6ff,14052,9292.022600494996,0.007503118313215382,0.0003512266736189709,0.005638889609418262,0.005225629711529755,0.010864519320948018,0.11649953819631453,0.1534743388931853,0.032257084363414235,0.14875662255972877
21685_93737a7a,32456,21461.847816799433,0.01753048103705898,0.0007497112119121402,0.013813275493163461,0.005414440797881606,0.01922771629104507,0.2105573551594218,0.2947808690265591,0.06794981194989823,0.27850716710932005
21690_5d1f3475,4026,2662.2319235406244,0.002040483088848074,0.00013414310586591096,0.0011857059063955825,0.0049558817393683665,0.006141587645763949,0.06359050265235347,0.07479596026380048,0.012812654523048637,0.07640315717540211
21692_777db9e2,59806,39547.30313444376,0.03243204431119082,0.0013418950916294938,0.02596114845123949,0.005556595731017665,0.031517744182257154,0.3489513812253919,0.5033662425266082,0.12099241679071202,0.46994379801610386
21695_1f33863f,20208,13362.737881497502,0.010857195955466045,0.0004845167636935607,0.008373160392961808,0.005306752055007593,0.0136799124479694,0.1481408371988536,0.2009231567637451,0.04419603410381825,0.19233687130267185
21697_06656699,34390,22740.724254983128,0.018584214981196858,0.0007915862986899595,0.014672287789357941,0.0054277450186672495,0.020100032808025192,0.22037612936013873,0.30956365791029267,0.0717006125993364,0.29207674195947514
21700_28d193ac,82402,54489.12939979994,0.044743405325533905,0.0018311450713769648,0.035997467915981206,0.00563262252660446,0.041630090442585664,0.46287545482276754,0.6752736167868789,0.1648151114518831,0.6276905662746506
21706_adfb2ece,19928,13177.585139671526,0.010704638817741842,0.00047845418649718554,0.008248794600337995,0.005303613484638705,0.0135524080849767,0.14670717385400603,0.19877060047550033,0.04365300195188304,0.19036017580588907
21708_e61bd657,6888,4554.757448918982,0.003599834975157593,0.00019611130563743074,0.0024569019724289863,0.00507001848106015,0.007526920453489136,0.07906515081568638,0.0976332385505252,0.018363218876043485,0.09742836969172987
21709_4dd88551,22120,14627.066604252015,0.011898943267354163,0.0005259155051202363,0.009222401091164418,0.005327132691712624,0.014549533782877041,0.15792019660124482,0.21561134198230736,0.04790416794131865,0.20582436454256348
21715_53df62c9,16216,10722.988790892889,0.008682167049055283,0.0003980817345223842,0.006600059520982303,0.005257462431926869,0.011857521952909171,0.12765546831266938,0.17018762481780425,0.036453947137656324,0.1641094154503257
21718_1551037b,88036,58214.66706925545,0.04781307287531302,0.001953132785392598,0.03849988532899036,0.005648439702014394,0.044148325031004756,0.49124945597075315,0.7181043964390142,0.17574169410903645,0.6669911500797896
21719_d60b8a4a,171160,113181.2260390495,0.09310292829026495,0.0037529387385050413,0.07542053585063979,0.005809935205204448,0.08123047105584424,0.9091605775872125,1.3492980204068619,0.33695242481425786,1.2461130024014704
21722_68aeba65,43288,28624.613886295716,0.023432262879303813,0.000984246341166194,0.01862445501352469,0.005480961378650236,0.024105416392174926,0.2654706731422193,0.37749536166922537,0.08895739862762017,0.3544280717698395
21737_87d83240,20872,13801.814383541956,0.011218974310640579,0.0004988937324735359,0.00866808498689828,0.005314031571113278,0.013982116558011556,0.15153903362322968,0.2060261275490331,0.045483796064121736,0.1970228296873514
21739_57582b8f,59368,39257.67134544456,0.03219340136003654,0.00133241148872945,0.025766604818492245,0.005554864176309798,0.031321468994802044,0.3467405027967864,0.5000313723958242,0.12014295935304195,0.46688346214982834
21741_c6faf98e,89770,59361.29154899202,0.04875783743536218,0.0019906774598872925,0.03927006491616783,0.005653113017367668,0.044923177933535494,0.4999802942306044,0.7312846240765343,0.17910461464994948,0.679084908880554
21744_5ae4d9d5,37399,24730.454969820123,0.020223659364811585,0.0008567373514895763,0.016008775896518848,0.005447083006923231,0.02145585890344208,0.23563898575072195,0.33254950003090467,0.07753626883209723,0.3131752545828192
21745_56cbe841,22172,14661.452113448267,0.01192727530721723,0.0005270414123138489,0.00924549759550884,0.005327663080005122,0.014573160675513962,0.1581859234746707,0.2160105682589254,0.04800501676953519,0.2061909402442059
21761_fdb5f86d,480,317.4047002730998,0.00010845590895514819,5.736489608610341e-05,0.0,0.004528542959231846,0.004139244934755853,0.04155827015259978,0.04359089003510528,0.005935540198897788,0.04749381035149757
21762_90d34d16,83552,55249.57816087091,0.04536997928404402,0.001856044942004934,0.03650825599282901,0.005635933501372376,0.04214418949420139,0.46866791916806283,0.6840169823426111,0.16704542207590267,0.6357133412439655
21776_fb0bfbc6,3304,2184.8023535465036,0.001647103612287811,0.00011851031752382944,0.0008650198268441789,0.004914524957023908,0.005779544783868087,0.05956106176849251,0.06890691759613243,0.01141240733127286,0.07097346909976537
21779_b99623fc,45474,30070.127792122792,0.024623298247393472,0.001031577747420751,0.0195953965230806,0.005492422361459966,0.025087818884540567,0.2765330648402199,0.3941679458514841,0.09319692821380002,0.3697299930540199
21781_5985da6d,116,76.70613589933245,0.0,4.9483545730815776e-05,0.0,0.004263895964673679,0.0037129224097867284,0.03708883927351179,0.03814079918410196,0.005229598401382022,0.04231843767489381
21785_d595ced5,712,470.8169720717647,0.0002348603944980582,6.23881743345285e-05,0.0,0.004604888232129585,0.004318636150113323,0.04348361006996581,0.04612493092869885,0.006385481124786959,0.04986909119475277
21790_aaf9224a,377220,249440.4188271223,0.20537408471686855,0.008214562513808804,0.16694487595086452,0.0060079015216330505,0.17295277747249757,1.9431164219556532,2.9119341052158085,0.7365853006277164,2.6797017225833697
21793_4ad5e2c0,4986,3297.0413240868243,0.0025635361324739085,0.0001549290848249113,0.0016121029096772274,0.005001024998946389,0.006613127908623616,0.06884974430353498,0.08252606061827064,0.014674479043969341,0.08352422334750433
21794_4d137e7d,91640,60597.84736047264,0.04977670117659167,0.002031166814734512,0.04010065074547687,0.005658056964470672,0.04575870770994754,0.5093949450908016,0.7454976190633005,0.18273129366465962,0.6921262387554612
21797_69df08d5,15532,10270.68709300372,0.008309491755471875,0.0003832717245140964,0.00629625165614413,0.005247864295238735,0.011544115951382865,0.12413392299381464,0.16490958509703946,0.03512739716650032,0.15926132016031497
21805_2ba39d00,19108,12635.352110038315,0.01025786434297811,0.0004606994961363728,0.007884580493368258,0.00529417291870588,0.013178753412074138,0.14250609795985586,0.19246415118756477,0.04206269350692994,0.1845687914667858
21806_616e985a,22962,15183.847349314412,0.012357704374367657,0.0005441465408321928,0.009596386796126028,0.005335577649670106,0.014931964445796135,0.16222149537316122,0.22207427882341157,0.04953714319820952,0.21175863857137073
21809_8bd6b10e,57174,37806.8673612796,0.03099800721658333,0.0012849068659835678,0.024792110000575646,0.005546002154806584,0.03033811215538223,0.3356640356363892,0.4833246486225149,0.1158879145625211,0.45155195019891026
21810_718ae2fe,45142,29850.589541100566,0.024442409069806208,0.0010243892630307635,0.019447934226112365,0.005490716152789466,0.02493865037890183,0.27485330212185527,0.3916361380336814,0.09255304723364828,0.36740634935550354
21816_3891a442,87142,57623.5008149968,0.04732597972843646,0.001933775842487029,0.03810280311968433,0.0056459957268212915,0.04374879884650562,0.4867477440359797,0.7113087025534519,0.17400787002392903,0.6607556140599087
21817_945cd3c9,534,353.11272905382356,0.00013787764265910143,5.853410740254718e-05,0.0,0.004549059675129153,0.004183746482087753,0.042033876570939176,0.044208662794841765,0.006040267828199578,0.048074144399138756
21825_ce32b0a0,778,514.460118359316,0.00027082029124733437,6.381721038795977e-05,0.0,0.004622229387981758,0.004365292099941109,0.04398755850104639,0.046801269785476614,0.006513481560600257,0.05050104006164664
21828_21ab2114,13376,8845.010980943714,0.007134801794995524,0.0003365898801020082,0.005338635052940769,0.005214717171928122,0.010553352224868891,0.11300491392378643,0.14824351160978536,0.030946049596599242,0.14395096352038567
21831_54ca67d1,3674,2429.4684766736846,0.0018486969728519346,0.00012652158024761083,0.001029360338525646,0.004936693545010402,0.005966053883536048,0.06163575738846003,0.07193476717682726,0.01212998553204438,0.0737657429205044
21836_5bc91e49,11458,7576.714699435786,0.006089785401584742,0.0002950612263068387,0.004486729373467649,0.005180607720740727,0.009667337094208375,0.10305821756997534,0.1333701676058654,0.027226279355843083,0.13028449692581842
21837_b67d788c,8192,5417.040217994237,0.004310315359416018,0.00022434559372340625,0.0030360912352198873,0.005107426922640012,0.0081435181578599,0.08596984253173842,0.10788994967547627,0.02089219718362744,0.10686203971536587
21838_5bc448b4,7274,4810.003728721933,0.0038101458864488137,0.00020446900134386213,0.002628349100831814,0.005081753465045791,0.007710102565877605,0.08111564054656872,0.10067608420956663,0.019111827485497015,0.10022746803206574
21839_a8eb6d34,16114,10655.540292084854,0.008626592663170037,0.0003958732242579904,0.006554754839383628,0.0052560560135437315,0.011810810852927359,0.1271305744167016,0.16940080194832802,0.036256128282308495,0.16338670269901012
21840_6847d36c,3732,2467.8215446233507,0.001880298094237662,0.0001277773998097171,0.0010551218241405787,0.00493997324485237,0.005995095068992949,0.06195902618397687,0.07240741473023227,0.012242470763516672,0.07420149694749353
21843_effbd24d,8094,5352.236758355146,0.004256920361212548,0.000222223691704675,0.002992563207801553,0.005104821316381492,0.008097384524183045,0.08545298929474766,0.10712121727297061,0.02070213593045012,0.10615512522519778
21845_dff8b3a1,5992,3962.2686750758626,0.0031116521344401477,0.0001767110586090304,0.0020589314360327845,0.005040149401825055,0.007099080837857839,0.07427917157162757,0.09054329435891306,0.016625515989850827,0.0909046875614784
21848_0fff9631,20030,13245.033638479561,0.010760213203627089,0.0004806626967615794,0.008294099281936671,0.005304761682646343,0.013598860964583015,0.1472294855462188,0.19955479545721183,0.04385082080723087,0.1910803063534497
21849_a5f563a6,2872,1899.138123300714,0.0014117297426561857,0.00010915662699227929,0.0006731411753674388,0.00488541250149702,0.0055585536768644585,0.05710642313829305,0.06533883602084188,0.010574586296858542,0.0676810094351516
21856_f84d9348,89618,59260.78006057221,0.04867502070345476,0.0019873863465521176,0.039202552057314904,0.005652706833273622,0.04485525889058853,0.49921499595589214,0.7301292992042276,0.1788098257674704,0.6780248217233625
21858_f1409ea2,74626,49347.17325537572,0.04050667567216464,0.0016627786418090618,0.03254365218939988,0.0056089996154361586,0.038152651804836034,0.42369597236233403,0.6161406916536625,0.14973433283242538,0.5734303051947593
21859_35124f79,578518,382550.69248456904,0.3150506801083198,0.01257307917265136,0.2563541092493942,0.006117831484765404,0.26247194073415964,2.9523431666225672,4.437608643645808,1.1269827510571913,4.079325917679759
21862_ec534e16,13922,9206.058827504365,0.007432288213557716,0.00034841190563493957,0.005581148348557205,0.0052235707628968675,0.010804719111454072,0.11582789123373338,0.15246881374513588,0.03200496229287289,0.14783285352660627
21865_c190b734,13714,9068.516790719355,0.007318960054105453,0.00034390827686048953,0.0054887623311795156,0.005220237835994972,0.010709000167174488,0.11475287000271081,0.15085958058669466,0.03160156698000674,0.14635443698271755
21882_795be793,10722,7090.027492350367,0.005688778068138269,0.0002791253091049384,0.004159825004285056,0.005166044887374889,0.009325869891659944,0.09922660229384264,0.12764777401261362,0.025798880556470546,0.12502548285031317
21884_cc2c39f9,21800,14415.463470736617,0.01172459225281222,0.0005189868454672363,0.009080268756737203,0.005323842242222122,0.014404110998959326,0.1562846890878727,0.21315429498790495,0.04728355976767842,0.20356824885555114
21911_429c1a72,2651,1752.999709216641,0.001291318573238155,0.00010437152141942609,0.0005749810319036434,0.004868854270281237,0.005443835302184881,0.05583404311650639,0.06349655287626538,0.010145978776938253,0.06598002189344464
21912_3f74887c,6648,4396.055098782433,0.0034690717142511346,0.0001909148108976807,0.0023503027216085753,0.0050624003224535126,0.007412703044062088,0.0777870169657697,0.09573803890172083,0.01789776274581331,0.09568477971158301
21918_976c2754,34592,22874.298733014726,0.018694274059126464,0.0007959600150959159,0.014762008825465122,0.005429093021279647,0.020191101846744768,0.22140125254167006,0.31110724889893704,0.07209237150894679,0.29349362405061685
21923_41fa6eda,256170,169394.92097699994,0.13942036499717347,0.005593580479447353,0.11317887881831962,0.005910125609956291,0.11908900442827591,1.33590398975938,1.9941516062297917,0.5018208649428715,1.8377248547022516
21924_bbd9f7a9,190550,126003.05341049827,0.10366751007766592,0.004172772209354017,0.08403286698983885,0.005836432045973874,0.08986929903581273,1.0065332726451472,1.4964202870127448,0.3745574013357708,1.3810906739809181
21926_b4c7068b,112004,74063.7417695589,0.060871963864504684,0.002472089393402307,0.049145597177588755,0.005706403138212524,0.05485200031580128,0.6118640564159197,0.9002189563923302,0.22222524631469004,0.8340893027306098
21941_1a683ec2,165198,109238.79515774071,0.08985455095058034,0.003623849148345083,0.07277243279484275,0.0058012078803503005,0.07857364067519304,0.8792148068508557,1.3040552442209037,0.32538971877912326,1.2046045256299789
21958_e48ddf4e,3256,2153.0618835191935,0.0016209509601065192,0.00011747101857587943,0.0008436999766800967,0.004911476412774918,0.005755176389455015,0.059290185873232544,0.0685123587555729,0.011319316105226823,0.07060950197845936
21961_1a090a8b,728,481.3971287475347,0.00024357794522515542,6.273460731717851e-05,0.0,0.004609229330513764,0.004330083865218863,0.043607151204730965,0.04629028795184122,0.00641651153346897,0.050023662738199935
21974_1997ebc3,5032,3327.4592745296627,0.002588599090814313,0.00015592507965003007,0.0016325344327511393,0.005002972707549024,0.0066355071403001635,0.06909959557346598,0.08289426909173524,0.014763691468930125,0.08386328704239611
21976_807c9b26,42106,27843.00481187321,0.022788253819339504,0.0009586536045729249,0.018099453703234163,0.005474531241054399,0.023573984944288563,0.25948675686679806,0.3684778966112728,0.08666502718623655,0.3461517840530346
21977_ce9f4e71,26534,17545.86732718006,0.014303897574192115,0.0006214877042088066,0.011182938979169813,0.005368388002776955,0.01655132698194677,0.1804386550978686,0.24946117960959754,0.056464681936468634,0.23690333703433725
21979_29f59427,288540,190799.9004516671,0.15705705981193208,0.006294457707471147,0.12755645277272257,0.005940019515814296,0.13349647228853687,1.4983162404047718,2.239614111491713,0.5645992605076665,2.0629155009124385
21982_bdafa78d,441148,291713.4348251613,0.24020505864698555,0.009598735495986903,0.19533936306106137,0.00604791384273934,0.2013872769038007,2.2636765631809794,3.3965080777725807,0.8605672985166943,3.124243861697674
21986_67c5509a,209472,138515.41119918076,0.1139771035062993,0.0045824725154604805,0.09243732958993811,0.005859908221522247,0.09829723781146035,1.1015319541363633,1.6399673555314578,0.41125473840333493,1.5127866925396982
21989_a0b5037d,548877,362950.29098291293,0.29890087253945175,0.011931290420230809,0.2431886576095284,0.006104203528326869,0.24929286113785526,2.8037607743382353,4.212980101302248,1.0694969795732219,3.8732577539114574
21990_7bb6efcf,85407,56476.21507546799,0.04638067032146685,0.001896209515930919,0.03733217936896177,0.005641183372372076,0.04297336274133385,0.47801050725073624,0.6981194863002409,0.1706430100824734,0.6486535173332096
21991_ab98f156,288492,190768.15998163982,0.1570309071597508,0.006293418408523197,0.1275351329225585,0.005939977614444198,0.1334751105370027,1.4980754309383009,2.2392501510112526,0.5645061692816205,2.0625816002199215
21994_357aac6f,24576,16251.12065398271,0.013237087303963592,0.0005790929679570123,0.010313266757893293,0.005350967597864295,0.01566423435575759,0.1704585238294965,0.23445473362789085,0.05266733567400745,0.22312585950350394
22002_315afcfc,7056,4665.8490940145675,0.0036913692577921144,0.00019974885195525583,0.002531521448003275,0.005075201405736662,0.007606722853739936,0.07995834664714674,0.09895835394120288,0.01868903816720461,0.09864738481435134
22011_0832eefe,109754,72575.90723702875,0.05964605829350664,0.00242337225521715,0.04814622920114741,0.005701495254195416,0.053847724455342826,0.6005466751021521,0.8831283504921326,0.2178615950937821,0.8184082701959342
22014_5880c417,21854,14451.17149951734,0.011754013986516173,0.00052015605678368,0.009104253588171796,0.005324400736126327,0.014428654324298122,0.1565607132862811,0.21356895454528232,0.04738828739698021,0.2039490006832613
22017_6d3be48d,12688,8390.064243885605,0.0067599471137303425,0.0003216932618480579,0.005033050533922258,0.005203054623046685,0.010236105156968944,0.10944269194526784,0.14291416802952436,0.029611742023272738,0.1390544339685406
22021_520ec8c3,29020,19189.759170677826,0.01565838701841485,0.0006753147288880514,0.01228712955225124,0.00538881221010631,0.01767594176235755,0.1930931193708784,0.26849706963411585,0.061286031685436206,0.2543791510563146
22026_62afa265,2602,1720.5979793970953,0.0012646210741364197,0.00010331057041006045,0.000553217018194476,0.004865004304822032,0.0054182213230165085,0.05555014487471157,0.06308626441109834,0.010050948150349594,0.06560109302506116
22027_11a2e852,39020,25802.357093034072,0.021106856222850624,0.0008918353430443051,0.01672876500310171,0.005456891495079824,0.022185656498181532,0.24385525654771026,0.3449261681532473,0.08068003711169354,0.3245352936594038
22028_776fbf0d,10776,7125.7355211310905,0.005718199801842222,0.0002802945204213822,0.004183809835719648,0.005167145416622043,0.00935095525234169,0.09950804684568051,0.12806794981960162,0.025903608185772333,0.12541165503145285
22035_101c7ab4,76150,50354.93317874281,0.04133702237892065,0.0016957763834064747,0.03322055743210949,0.0056138095552237186,0.03883436698733321,0.43137646863565926,0.6277318482223354,0.152689979259387,0.5840664478950462
22040_6461a147,51422,34003.30103634029,0.02786404773019187,0.0011603642087208907,0.022237281289246458,0.005521124103358477,0.027758405392604935,0.3066084658649621,0.43950796928988095,0.10473248264133787,0.4113409485063
22043_041e1b7c,8264,5464.650923035201,0.004349544337687955,0.00022590454214533126,0.0030680710104660103,0.005109322293786921,0.008177393304252932,0.0863493819223626,0.10845453979395608,0.021031834022696493,0.1073812159450591
22045_ead71aca,2232,1475.931856269914,0.001063027713572296,9.529930768627905e-05,0.00038887650651300886,0.004833467501065404,0.005222344007578412,0.0533817670970427,0.05996307526026944,0.009333369949578074,0.06271513704662077
22046_fe3bae6e,65338,43205.39230509124,0.035446137475084696,0.0014616742953807336,0.028418261182649972,0.005577478082294043,0.033995739264944015,0.37686520441990556,0.54547606019772,0.13172118059251758,0.5085863850124231
22047_5a090f16,19562,12935.564055713288,0.010505224844859494,0.0004705295320190667,0.008086230742836868,0.005299446632050986,0.013385677374887855,0.14483252812575712,0.1959562475966508,0.042943181353282026,0.18777570947903915
22049_4da0d894,812,536.9429512953271,0.0002893450865424159,6.455338047609103e-05,0.0,0.004630620005475582,0.004388784277967825,0.044241741246696754,0.047144163705428,0.0065794211790495315,0.05082116242574629
22050_e8702dd4,688,454.9467370581097,0.0002217840684074123,6.186852486055348e-05,0.0,0.004598198176552759,0.004301286169454455,0.04329651428781252,0.04587507975027052,0.006338935511763941,0.04963544979957646
22053_de30641b,11226,7423.302427637122,0.0059633809160418326,0.0002900379480584136,0.00438368343100792,0.005176116375735117,0.009559799806743038,0.10185141693153063,0.13156737829376516,0.026776338429953913,0.12862775536148455
22056_79373464,46684,30870.2521407279,0.025282563021130203,0.0010577767417336579,0.02013283441263351,0.005498541405314275,0.025631375817947784,0.2826540979423417,0.40339430646500596,0.09554360287037715,0.37819770081271886
22057_4947db57,7314,4836.454120411358,0.003831939763266557,0.00020533508380048718,0.0026461156426352164,0.005082935226861654,0.00772905086949687,0.08132778354203575,0.10099105594816071,0.019189403507202045,0.10051718704923779
22058_71feafda,41640,27534.857748691407,0.022534355154412797,0.0009485637439532434,0.017892473491224532,0.0054719485566145296,0.023364422047839062,0.2571271393767567,0.3649223030711334,0.08576126653337296,0.34288840591012965
22059_b7d76712,4170,2757.4533336225545,0.0021189410453919494,0.00013726100270976103,0.0012496654568878293,0.004963271839411515,0.006212937296299344,0.06438557501109515,0.07596177087190012,0.013091928201186744,0.07747750321228189
22061_b50b6b66,81344,53789.51653961465,0.0441669572837046,0.0018082371903992331,0.035527542885281226,0.005629537114153767,0.04115707999943499,0.4575459944684538,0.6672293203632875,0.16276322567778506,0.6203092201462388
22062_2d6b3b72,7746,5122.118350657148,0.004067313632898182,0.00021468877433203733,0.0028379942941119565,0.005095318102915646,0.007933312397027603,0.08361512637750625,0.10438888195348942,0.020027224541616366,0.1036423509191226
22064_e1ba20dd,5662,3744.0529436381066,0.002931852650693767,0.00016956587834187405,0.0019123574661547194,0.005028057975517056,0.006940415441671776,0.0725055729457534,0.08792094427790192,0.015985513810784335,0.08849108675653773
22065_0d414124,7158,4733.297592822601,0.003746943643677359,0.00020195736221964962,0.002576826129601949,0.00507829082813577,0.007655116957737719,0.0805000705832742,0.0997623046056994,0.018886857022552432,0.09938692760582662
22066_308cdcfe,8374,5537.389500181121,0.00440947749893675,0.0002282862689010501,0.003116929000425366,0.005112187682107401,0.008229116682532766,0.08692893059316546,0.10931679949078862,0.021245168082385323,0.10817409867555078
22067_624b28e3,1814,1199.525263115423,0.0008352817008268807,8.624874601454765e-05,0.0002032161446674592,0.004791156408402969,0.004994372553070428,0.05086525597754571,0.056366702993712756,0.008522700522760517,0.059387956500306226
22070_fd1b8e5e,8318,5500.358951815925,0.004378966071391909,0.000227073753461775,0.0030920558419006033,0.005110733473079123,0.008202789314979727,0.08663393297465094,0.1088778770611926,0.021136561651998283,0.10777049462664923
22072_5163223a,32348,21390.431759237985,0.017471637569651075,0.0007473727892792526,0.013765305830294276,0.005413675649244615,0.019178981479538892,0.21000882515431926,0.29395513055044276,0.06774035669129465,0.2777491818456139
22073_951645ae,5878,3886.8850587610013,0.0030495395855095796,0.00017424272360764913,0.0020082967918930894,0.0050360460893146206,0.0070443428812077095,0.07366721112119433,0.0896381419037901,0.016404424327991496,0.09007163544918582
22074_c0265b0d,2578,1704.7277443834403,0.0012515447480457738,0.00010279092093608543,0.000542557093112435,0.004863093206430122,0.005405650299542557,0.05541083866440743,0.06288504829134912,0.010004402537326576,0.065415241201734
22075_12b129d5,33870,22396.869163020605,0.0183008945825662,0.0007803272267538344,0.014441322745913717,0.005424239718867223,0.01986556246478094,0.21773684645712943,0.30558969917832657,0.070692124317171,0.2884289707743004
22076_20e8a107,482053,318762.26662655955,0.26249202192773013,0.010484413068193059,0.2135078728727652,0.006070695609341903,0.2195785684821071,2.468762119816994,3.706539102281649,0.9398984777127999,3.408660597529794
22078_1758e9fc,4496,2973.024025891368,0.0022965611414565556,0.0001443195747312549,0.0013944627725855545,0.004979137776711999,0.006373600549297554,0.06617688620916334,0.07859223933989595,0.013724172778082732,0.07990105898724607
22079_31335df2,199096,131654.1795949439,0.10832377185977674,0.004357810726211951,0.08782868864613566,0.005847299161873207,0.09367598780800887,1.0494414606660774,1.5612550895649424,0.3911315183730504,1.4405729790391277
22080_594bcb66,1228,812.027024865347,0.0005160014054469441,7.356063802499119e-05,0.0,0.004712550976646223,0.004655487283893845,0.04714443488241039,0.05112859700171365,0.007386211804781837,0.05453064668719222
22081_ab3124af,27758,18355.24931287647,0.014970790204815057,0.0006479898273815322,0.011726595158353913,0.005378662933335187,0.0171052580916891,0.18667136094908757,0.2588358651098175,0.058838508200642535,0.2455098691497301
22082_39503fa6,11446,7568.7795819289595,0.00608324723853942,0.00029480140156985124,0.00448139941092663,0.005180377554536801,0.009661776965463432,0.10299581829474358,0.13327694170971752,0.027203006549331575,0.13019882484407516
22085_e039a7d3,43736,28920.858273217276,0.023676354299662535,0.0009939464646803943,0.01882344028172279,0.005483354666277514,0.024306794948000306,0.267738250244346,0.3809127024632944,0.0898262500707165,0.3575645003150625
22092_897b0ffa,5644,3732.150267377865,0.0029220454061257826,0.0001691761412363928,0.001904362522343188,0.005027379185581396,0.0069317417079245835,0.07240863862660801,0.08777771101781216,0.015950604601017073,0.08835924322762509
22095_af226cbc,8058,5328.431405834663,0.004237305872076579,0.00022144421749371244,0.002976573320178491,0.00510385656155274,0.00808042988173123,0.08526304890688259,0.10683874850130749,0.020632317510915592,0.10589536641779818
22125_e3a4cad4,141301,93436.66990268599,0.07683434409274018,0.003106429836695883,0.06215825655794537,0.005762900910943759,0.06792115746888913,0.7591523486183275,1.1226784539861165,0.2790438640119961,1.0381962126303237
22126_e1cca10f,22070,14594.003614640234,0.011871700921331985,0.000524832902049455,0.009200192913910166,0.005326621575789462,0.014526814489699627,0.1576646787203777,0.2152274590912593,0.04780719791418736,0.20547187663456506
22129_48b47c52,16002,10581.479195354465,0.008565569808080358,0.00039344819337944035,0.006505008522334103,0.0052545018574110145,0.011759510379745118,0.12655412179891098,0.16853673930261565,0.036038915421534416,0.1625930372204454
22131_6b4b60f8,16694,11039.070971581517,0.008942603877027314,0.00040843141987905314,0.0068123696955329546,0.005263942428587908,0.012076312124120862,0.13011415653811498,0.173873764500922,0.037380980597031425,0.1674951371351464
22133_465d7a91,2946,1948.07134792615,0.0014520484147690104,0.00011075887953703557,0.0007060092777037323,0.00489068501201373,0.005596694289717462,0.05752975019148066,0.06595294226431683,0.010718101937012846,0.0682478521284935
22134_5e72e871,8734,5775.4430253859455,0.004605622390296438,0.0002360810110106752,0.003276827876655983,0.005121319606539738,0.008398147483195721,0.08882317823326433,0.1121362397453725,0.021943352277730588,0.11076653051099491
22135_2aa77ff2,9556,6318.998574603628,0.005053486558901058,0.00025387900549431923,0.0036419303107158908,0.005140888289611643,0.008782818600327534,0.09313555156767071,0.11856090931011837,0.02353753952376894,0.11667309109143965
22136_a539c50b,20372,13471.184487424143,0.01094655085041879,0.0004880677017657232,0.008446003214355756,0.005308571076925795,0.013754574291281551,0.14898036146500004,0.2021837434851121,0.04451409579280887,0.19349445725780892
22140_9cda24cc,10964,7250.052362071388,0.005820631022885615,0.00028436510796751976,0.004267312582195638,0.005170936118383972,0.00943824870057961,0.10048748313664924,0.1295303691932269,0.026268215487785972,0.1267556986244352
22141_5db99710,576,380.8856403277198,0.00016076121331773166,5.944349398200345e-05,0.0,0.004563686604150458,0.004217028280002629,0.042390487507326026,0.04467561215905191,0.006121722650989859,0.04851221015831589
22142_7891a26a,8992,5946.048051782736,0.00474619289577088,0.00024166724285590654,0.0033914220712879246,0.005127645037488773,0.008519067108776698,0.09017853122639377,0.11415460868003015,0.022443717617728027,0.1126222488441218
22147_12995368,6566,4341.831795819111,0.003424394266774761,0.00018913934186159942,0.0023138813109116014,0.005059736974636503,0.0073736182855481044,0.07734971646411741,0.0950898968859443,0.017738731901318,0.09508844836543541
22154_24342da4,15800,10447.904717322868,0.008455510730150755,0.00038907447697348403,0.006415287486226924,0.005251672303909033,0.011666959790135958,0.12551418310848383,0.1669780706910375,0.035647156511924016,0.16116133962040785
22155_ab18f2b6,12774,8446.932586017869,0.0068068039488884905,0.0003235553391298017,0.005071248598799571,0.005204545111840676,0.010275793710640246,0.10988829639442076,0.14358066845886114,0.02977853046993855,0.1396668268643593
22162_439af02a,19624,12976.562162831897,0.010539005353926994,0.0004718719598268355,0.008113768882632141,0.005300157716727008,0.013413926599359149,0.14515014330734533,0.1964330490668427,0.04306342418692482,0.18821356749427015
22168_a84560a9,12906,8534.21887859297,0.006878723742387041,0.0003264134112366642,0.005129878186750798,0.005206814248826652,0.01033669243557745,0.11057206150939822,0.14460347992892322,0.030034531341565147,0.14060659285096336
22178_976d2411,388,256.56879938742236,5.832999227433909e-05,5.537290643586588e-05,0.0,0.0044878701870238215,0.004057709116400004,0.04069079406271024,0.04248019293679342,0.005757115348976221,0.046447909411686465
22180_ce7c3bd8,3662,2421.5333591668573,0.0018421588098066117,0.00012626175551062332,0.0010240303759846256,0.004936008799960384,0.00596003917594501,0.06156881232476733,0.07183691506872594,0.01210671272553287,0.0736755250503002
22193_c8773ded,146586,96931.42790465127,0.07971386006728448,0.0032208609812774637,0.06450566089371985,0.005771880398593028,0.07027754129231288,0.7857101339716908,1.1627964515310132,0.2892935958797731,1.0750037298514639
22196_0deb2e34,6054,4003.266782194471,0.003145432643507649,0.0001780534864167992,0.002086469575828057,0.00504234974996642,0.007128819325794478,0.07461167938786922,0.09103525194229514,0.016745758823493623,0.09135743821136284
22196_e5bf8c9d,5530,3656.766651063004,0.0028599328571952145,0.00016670780623501152,0.001853727878203493,0.0050230314254173306,0.0068767593036208234,0.07179423369963846,0.08687007083879497,0.01572951293915774,0.0875237466387962
22197_66c5655e,8068,5335.044003757019,0.004242754341281014,0.0002216607381078687,0.0029810149556293414,0.005104124962363447,0.00808513991799279,0.08531581425931678,0.10691721625570527,0.02065171151634185,0.10596752577565863
22197_94c66357,7708,5096.990478552194,0.004046609449921326,0.00021386599599824356,0.0028211160793987244,0.005094255746777518,0.007915371826176243,0.083414193707682,0.10409027264900271,0.019953527320996586,0.10336772102867858
22199_8ec9eeb2,44700,29558.31271293242,0.024201586730970146,0.0010148190518850572,0.019251613939184776,0.005488425890051283,0.02474003982923606,0.2726168040752158,0.3882652874722344,0.0916958321938077,0.36431263626902355
22210_649a5363,10270,6791.138066259865,0.005442507260097772,0.00026933857734507576,0.003959063081906614,0.005156619179648922,0.009115682261555536,0.0968686684529982,0.12412857034655936,0.024922271511203714,0.12179093996420191
22211_b1ee53f0,64272,42500.489366568065,0.034865330657891845,0.0014385931979116768,0.02794478284358931,0.0055735892836488695,0.03351837212723818,0.37148764512818533,0.5373629987692159,0.12965377961407853,0.5011414247422639
22214_b098105d,11518,7616.390286969924,0.006122476216811357,0.00029636034999177624,0.004513379186172752,0.00518175510042383,0.009695134286596583,0.10337017943276895,0.1338362619626335,0.027342643388400627,0.13071282282116958
22216_4b032400,8470,5600.870440235741,0.004461782803299333,0.00023036486679695013,0.003159568700753531,0.0051146590818139746,0.008274227782567506,0.08743442549577134,0.11006901883189353,0.021431350534477395,0.10886577603024873
22218_2f85f6ae,14574,9637.200212041993,0.0077875284056869295,0.00036252904967792735,0.0058707429799526555,0.005233717560344161,0.011104460540296818,0.11919466285833304,0.15751008110608394,0.03326945144666487,0.1524641143049979
22224_1e749c32,5982,3955.6560771535064,0.003106203665235712,0.0001764945379948742,0.002054489800581934,0.005039792466589447,0.007094282267171381,0.0742255208749444,0.09046392559687211,0.01660612198442457,0.09083164285936897
22227_aca28ff2,30734,20323.158454569686,0.01659225464005514,0.0007124263621544332,0.013048425868527011,0.005401939800985413,0.018450365669512424,0.20180833769733383,0.28161186322387566,0.06461016421549672,0.26641850191283056
22228_1c82530b,17938,11861.678153122633,0.009620393446059123,0.00043536658428009107,0.0073649091456187525,0.005280008262687086,0.012644917408305839,0.1365049341133976,0.18345885607794538,0.03979359487205784,0.17629852898545542
22232_cb53774e,13044,8625.472729921486,0.006953912617408255,0.0003294013957120205,0.005191172755972534,0.005209162888413412,0.010400335644385946,0.11128667045697974,0.1456725422471919,0.030302168616447498,0.14158883907342723
22236_db209dff,5304,3507.321938017753,0.0027367974531749663,0.00016181444035508018,0.0017533469170142725,0.005014152407605277,0.00676749932461955,0.07057360513972555,0.08506807029402183,0.015291208416524324,0.08586481355624988
22241_535ad84b,31192,20626.0154394136,0.016841794529618297,0.0007223430062827896,0.013251852772175962,0.005405328920251044,0.018657181692427006,0.20413595446017113,0.2851150747767258,0.06549840966401929,0.2696343641241904
22242_4ceddc2b,221592,146529.87988107651,0.12058064818207545,0.004844895499817859,0.09782059175636887,0.005873900379121785,0.10369449213549066,1.1623704650368,1.7319021011216946,0.43476027297995884,1.597130738016759
22245_ca848576,18286,12091.79656082063,0.009810000174373487,0.0004429015016527287,0.007519478059308348,0.0052843116285175235,0.012803789687825872,0.13829079855428494,0.18613827297085667,0.04046850626089159,0.17875930481517655
22251_88fd728c,28058,18553.627250547153,0.015134244280948127,0.0006544854458062197,0.011859844221879424,0.005381115046885719,0.017240959268765142,0.1881983224144058,0.2611329079051832,0.05942032836343025,0.24761865077783604
22257_6fb4c50c,17632,11659.332656698532,0.009453670288403389,0.00042874105348690973,0.007228995100822729,0.005276157692773578,0.012505152793596307,0.13493393927785338,0.18110213954918353,0.03920013830601436,0.17413407758386773
22259_613f9d44,3652,2414.920761244501,0.001836710340602176,0.00012604523489646708,0.0010195887405337752,0.004935436535722226,0.005955025276256001,0.06151300833805865,0.07175535492093507,0.012087318720106613,0.07360032705816527
22261_6efe61e3,10656,7046.384346062816,0.005652818171388993,0.00027769627305150715,0.004130510210309442,0.005164692565377643,0.009295202775687086,0.09888254220131136,0.12713415221787597,0.025670880120657248,0.12455342232196862
22266_078a1f68,20034,13247.678677648502,0.010762392591308862,0.00048074930500724184,0.00829587593611701,0.005304806595840811,0.013600682531957821,0.1472499672158943,0.1995855470396086,0.04385857840940137,0.19110854562529567
22270_c6999138,5418,3582.705554332614,0.002798910002105534,0.00016428277535646146,0.001803981561153968,0.005018675539974157,0.006822657101128124,0.07118976378874324,0.08597749522170735,0.015512300078383657,0.0867020638671269
22278_12f1fb79,23792,15732.692976869981,0.012809927318335827,0.000562117751807162,0.009965042538546617,0.005343616869637069,0.015308659408183687,0.16645863915197986,0.22844220298857207,0.05114684564858887,0.21760548480056874
22283_36ba29c9,20275,13407.04228757729,0.010893700699135764,0.0004859674518084076,0.008402919350482508,0.005307496893868619,0.013710416244351126,0.14848383059445544,0.2014381698781189,0.04432597394017417,0.19280980453462962
22298_51433023,30036,19861.59911958922,0.016211951489585524,0.0006973132232863267,0.012738399714057649,0.005396680547880499,0.01813508026193815,0.19826006733225335,0.27627194920288894,0.06325646263674395,0.2615165299689973
22304_33009be6,44692,29553.022634594534,0.024197227955606596,0.001014645835393732,0.019248060630824095,0.00548838423784275,0.024736444868666843,0.2725763224776688,0.3882042745721577,0.0916803169894667,0.3642566394671355
22306_c3dca308,45096,29820.171590657726,0.0244173461114658,0.0010233932682056448,0.019427502703038453,0.005490478803160145,0.0249179815061986,0.27462055444165745,0.3912853357444136,0.09246383480868749,0.3670843892503449
22311_553b3456,1428,944.278983312472,0.0006249707895356597,7.789105030811625e-05,3.17690162646312e-05,0.004742797216912693,0.004774566233177324,0.04844852417161702,0.052951135752924115,0.007774091913306983,0.056222616084924
22312_3f366a4a,3296,2179.5122752086186,0.0016427448369242623,0.00011833710103250444,0.0008614665184834985,0.0049140198236857285,0.005775486342169227,0.05951594535964903,0.0688411878862864,0.011396892126931853,0.07091283748658089
22313_3a8b93dc,496,327.9848569488698,0.0001171734596822454,5.771132906875342e-05,0.0,0.004534843387122637,0.0041526519793680045,0.041701404582431045,0.04377618699531731,0.0059665706075798,0.04766797519001084
22323_aa6edb8b,16712,11050.973647841758,0.008952411121595297,0.0004088211569845344,0.006820364639344486,0.005264182958818034,0.01208454759816252,0.13020670826020503,0.1740125376276248,0.037415889806798684,0.16762259806700372
22331_152ee5c0,9798,6479.02344432465,0.005185339513648404,0.0002591188043569006,0.003749417888626473,0.005146342554891678,0.00889576044351815,0.0944020627531868,0.12044923444472508,0.024006874455084367,0.11840893720827117
22334_677d00e0,244334,161568.2500760991,0.13297155684680328,0.005337306680532012,0.107921759098693,0.005898283198033179,0.11382004229672618,1.276509286494597,1.9043896482437774,0.47886612012035323,1.7553754066149503
22341_0f9c52ed,13308,8800.045315071691,0.0070977522044053595,0.0003351175399257456,0.005308431931874986,0.00521359038111369,0.010522022312988676,0.11265309287421786,0.14771703777532222,0.03081417035970069,0.14346726323391856
22345_bc482c26,55506,36703.88602783058,0.030089202553283446,0.0012487912275423048,0.02405124520737379,0.005539044082574665,0.029590289289948456,0.3272408866803103,0.4706210285237546,0.11265299445742137,0.4398938811377317
22349_6f67a96e,16318,10790.437289700922,0.008737741434940528,0.00040029024478677796,0.006645364202580977,0.0052588604042955915,0.011904224606876568,0.128180277748493,0.17097436173287858,0.03665176599300415,0.16483204374149715
22357_e2f7b060,54838,36262.164486617185,0.029725244810427136,0.0012343276505166671,0.023754543959256982,0.005536201212991302,0.029290745172248285,0.32386702418342667,0.4655329146248982,0.11135747489494738,0.435224499078374
22360_42cd6a21,59418,39290.73433505634,0.03222064370605872,0.0013334940918002312,0.02578881299574649,0.005555062459779901,0.03134387545552639,0.3469928923531228,0.5004120716164349,0.12023992938017324,0.46723282173329606
22365_a4eb929c,19152,12664.447540896683,0.010281837607477627,0.0004616521868386603,0.007904123689352,0.005294689249164452,0.013198812938516453,0.1427316191794808,0.19280264538981268,0.042148027130805475,0.18487964631028628
22367_b4a67e61,5712,3777.115933249888,0.002959094996715946,0.00017064848141265531,0.0019345656434089716,0.005029932716831472,0.006964498360240443,0.07277472708053302,0.08831870467367615,0.016082483837915624,0.08885721091844864
22372_e91792a1,9628,6366.609279644594,0.005092715537172996,0.0002554379539162443,0.0036739100859620147,0.0051425247413189445,0.008816434827280959,0.09351250176389883,0.1191228644265148,0.023677176362837993,0.11718967812673682
22374_aa5bb54d,5630,3722.8926302865666,0.0029144175492395725,0.00016887301237657404,0.0018981442327119977,0.005026849803120951,0.006924994035832948,0.07233323091994563,0.08766629276991757,0.015923452993420312,0.08825668391336594
22376_3ebc82a2,55698,36830.84790793982,0.030193813162008608,0.0012529484233341048,0.02413652460803012,0.0055398551340337596,0.02967637974206388,0.3282105590059815,0.4720834187430012,0.11302535936160552,0.441235918367587
22377_d490f505,1162,768.3838785777958,0.00048004150869766803,7.213160197155991e-05,0.0,0.0047015253183076595,0.0046151468315796685,0.04670364142646591,0.050516530449599244,0.0072582113689685385,0.053961852795434445
22378_234fea2c,19760,13066.493494575941,0.010613104535107321,0.0004748166401793605,0.008174175124763707,0.005301710009866557,0.013475885134630263,0.1458467725215893,0.19747885977983717,0.04332718266072192,0.18917395518231123
22383_e5f707a7,15188,10043.213724474666,0.008122064414839286,0.00037582341538712136,0.006143459396634875,0.005242883114152239,0.011386342510787115,0.12236131293809756,0.16225356463785118,0.034460243379837066,0.15682155631793462
22399_97987ada,31894,21090.21981356301,0.01722427706776969,0.0007375427533965587,0.013563655580825664,0.005410432203214867,0.01897408778404053,0.20770269766157154,0.29048369600673773,0.06685986884494256,0.2745625665065141
22402_a62e84b4,255940,169242.83122478577,0.13929505020547148,0.00558860050532176,0.11307672120295006,0.005909900521307921,0.11898662172425799,1.3347498679533731,1.9924073815139711,0.5013748028180676,1.8361246707714407
22404_66db7dd7,193416,127898.22397504556,0.10522904135165721,0.004234827017371199,0.0853058397100526,0.005840127577545353,0.09114596728759795,1.020923541245008,1.5181639085888599,0.3801157232909362,1.4010392645359442
22405_20f11d58,230950,152717.9490168175,0.12567932566358644,0.005047515490545281,0.10197707421127473,0.00588421121983717,0.1078612854311119,1.2093396954652507,1.8028810269137192,0.45290918325785046,1.6622488787231011
22413_901f5867,122850,81235.76547614648,0.06678137356363573,0.0027069276515161796,0.05396299498758118,0.005728810718281455,0.05969180570586263,0.6664063582737783,0.9825905453794804,0.24325998460000875,0.909666342873787
22414_14ead4a3,63474,41972.80405236404,0.03443054281537787,0.0014213148529020078,0.027590340334611444,0.005570637519117331,0.033160977853728776,0.36746163620556765,0.5312892052600944,0.1281061379810632,0.4955677741866309
22415_658c81dd,148734,98351.8139383734,0.08088419125239729,0.003267369609198227,0.06545972418856254,0.005775441635682226,0.07123516582424476,0.7965032191040431,1.1791008428509742,0.29345942824533316,1.0899626473493762
22416_4cd31921,4204,2779.9361665585657,0.002137465840687031,0.00013799717279789226,0.0012647670174207209,0.004964981034832803,0.006229748052253524,0.06457294353602017,0.07623666850270637,0.013157867819636017,0.07773081135565618
22417_4a15d62e,4120,2724.3903440107733,0.0020916986993697703,0.00013617839963897977,0.001227457279633577,0.00496073391732087,0.006188191196954447,0.06410978906855322,0.07555726133929144,0.012994958174055457,0.07710474724260867
22418_2722dfe8,1788,1182.3325085172967,0.0008211156808953475,8.568579241774139e-05,0.00019166789249524792,0.004788224535357294,0.004979892427852542,0.05070572575183851,0.056139951281080167,0.008472276108652248,0.059178001860490756
22419_dfeb5d33,6640,4390.765020444547,0.0034647129388875857,0.00019074159440635565,0.0023467494132478946,0.005062141872557076,0.007408891285804971,0.07774436739134365,0.09567481966920281,0.0178822475414723,0.09562661493281595
22421_19401bdd,6450,4265.125659919779,0.003361192024003306,0.00018662770273738686,0.0022623583396817358,0.005055914396880887,0.007318272736562623,0.07673054709236692,0.09417245419335935,0.017513761438373417,0.09424430853074034
22428_c1ffa51a,35648,23572.589073615545,0.019269632407114882,0.0008188245919508163,0.01523104552907493,0.005436019569456917,0.020667065098531848,0.22675910798438417,0.3191754889962488,0.07414037848195956,0.30089948646634374
22430_c6f08b03,80838,53454.91908474342,0.04389126474196015,0.0017972812473229266,0.035302796131468195,0.0056280478729148885,0.040930844004383085,0.4549969860331139,0.6633819096610066,0.16178188900321644,0.6167788750363303
22434_2ad62ed6,22862,15117.721370090849,0.0123032196823233,0.0005419813346906303,0.009551970441617522,0.005334590348851604,0.014886560790469126,0.16171080892170517,0.22130686853154524,0.04934320314394695,0.2110540120656521
22440_014f1bac,26432,17478.41882837203,0.01424832318830687,0.0006192791939444129,0.01113763429757114,0.0053675113804815934,0.016505145678052734,0.17991905916277864,0.24867974843182725,0.05626686308112081,0.23618592224389945
22442_7d5c5d5f,14243,9418.323220812,0.007607184075020105,0.00035536221734935533,0.005723724846529506,0.005228621933113963,0.01095234677964347,0.11748601408880416,0.15495135307732033,0.03262750986705575,0.15011352395585992
22443_fa24c6f9,204092,134957.8335169531,0.11104582707431286,0.0044659844250444156,0.09004772971738056,0.005853446981625907,0.09590117669900647,1.0745235784894218,1.5991554915080453,0.4008207634840085,1.4753443419734302
22448_1f21757a,18702,12366.88063439065,0.010036656493278017,0.00045190875920162886,0.007704250094063728,0.005289354139904515,0.012993604233968243,0.14042460759216208,0.18934021866396233,0.041275296886623895,0.18169990447878598
22461_0ba0e480,15622,10330.200474304927,0.008358527978311799,0.00038522041004150273,0.006336226375201785,0.005249150073975415,0.0115853764491772,0.12459751288012531,0.16560429671323726,0.03530194321533664,0.15989945609546197
22469_9d87f800,42152,27873.422762316048,0.02281331677767991,0.0009596495993980437,0.018119885226308075,0.005474784698039024,0.023594669924347098,0.25971966562054893,0.3688288628237857,0.08675423961119733,0.34647390523174626
22472_f65d3470,62374,41245.41828090485,0.033831211202889934,0.0013974975853448199,0.027101760435017892,0.005566509878067159,0.03266827031308505,0.36191141191908527,0.5229162098638718,0.12597279738417488,0.48788420930326015
22474_b10fea1a,28232,18668.686454396153,0.01522904764510531,0.0006582529044925385,0.011937128678724223,0.0053825257938555846,0.017319654472579805,0.1890838452753959,0.26246507590677076,0.05975778405784713,0.24884162933324303
22483_f4e4b62a,507722,335736.14423345577,0.2764776975285963,0.011040199832670745,0.22490910691155327,0.006084064230593977,0.23099317114214726,2.5974496087827394,3.9010825624547065,0.9896809502414599,3.5871305590241995
22491_a33562ad,36946,24430.904283937387,0.019976843709850645,0.0008469289676682981,0.015807569810595324,0.005444269136145819,0.021251838946741142,0.23334216214493037,0.3290900108657298,0.07665772038628776,0.30999988253121813
22492_047b125b,132058,87324.6456430521,0.07179832400708018,0.002906299833031258,0.05805285291072428,0.00574639406347606,0.06379924697420034,0.7126970935821149,1.0525074389406648,0.26111798479650644,0.9738150783786212
22498_b8bdb105,1600,1058.0156675769992,0.0007186844598519549,8.161520487160381e-05,0.0001081651460192592,0.004765722935982448,0.004873888082001707,0.04953918048474063,0.05448711262388908,0.008107668806638609,0.05764684929137924
22508_6bb410af,14144,9352.858501380675,0.007553244229896192,0.00035321866326920847,0.0056797526555660855,0.0052270758208582185,0.010906828476424303,0.11697474765740844,0.15418582943301304,0.03243550921333581,0.14941025687074425
22528_f3370a64,48722,32217.899597304102,0.026392961044994213,0.0011019036428987024,0.021038039717516836,0.005508512344748754,0.02654655206226559,0.2929603853105488,0.41893082993165376,0.0994961011762484,0.3924564864867972
22533_e7298b05,35056,23181.123276612056,0.018947083030212284,0.0008060065715927661,0.014968100710384583,0.00543216109836651,0.020400261808751093,0.223755707689316,0.31465263498834173,0.07299225336072514,0.29674796105004114
22534_e899f645,28294,18709.68456151476,0.01526282815417281,0.0006595953323003073,0.011964666818519496,0.005383026462588656,0.01734769328110815,0.1893993562975546,0.2629397359910208,0.059878026891489924,0.24927738318904452
22535_0ba01cc9,38374,25375.183267249857,0.020754885112244072,0.000877848111369811,0.016441835352976768,0.005453030249037126,0.021894865602013893,0.24058138924375283,0.3399943100945493,0.07942718436115731,0.32000857360491014
22561_067b78ae,38270,25306.412248857352,0.02069822103251794,0.000875596296982586,0.016395642344287923,0.005452402813796873,0.021848045158084795,0.24005426891034848,0.3392002676209423,0.07922548670472424,0.3192797556150727
22576_d05619d1,13106,8666.470837040097,0.006987693126475758,0.00033074382351978935,0.0052187108957678086,0.0052102103375699475,0.010428921233337756,0.11160764928337312,0.1461527668713511,0.03042241145009029,0.14203006073346341
22577_cd96733e,3596,2377.890212879306,0.0018061989130573359,0.00012483271945719208,0.0009947155820090126,0.0049322038585918855,0.005926919440600898,0.06120022603852351,0.07129833316607709,0.011978712289719572,0.07317893832824308
22581_406c16c4,121398,80275.61625782035,0.06599025583515165,0.0026754888583406917,0.05331806952011769,0.005725923389317025,0.05904399290943471,0.6591056737878396,0.9715642561452573,0.24044397501211617,0.8995496487999557
22586_ff3651b2,2928,1936.1686716659087,0.001442241170201026,0.0001103691424315543,0.0006980143338922013,0.004889414280701013,0.005587428614593214,0.057426896458564726,0.06580368486496536,0.010683192727245583,0.06811008918581031
22589_2c8f7c0b,9976,6596.727687342591,0.00528232226548736,0.0002629728712888819,0.003828478999651611,0.005150272642329457,0.008978751641981067,0.0953328115565869,0.12183733607386793,0.024352087751671747,0.11968489930825865
22612_28fe0ac2,17906,11840.517839771093,0.009602958344604928,0.00043467371831479106,0.00735069591217603,0.0052796085459520525,0.012630304458128083,0.13634067664420055,0.1832124321574857,0.03973153405469381,0.17607221069889437
22617_a286f13c,64670,42763.67076387784,0.03508217973222839,0.0014472107183550957,0.028121559934533157,0.00557504837470449,0.033696608309237645,0.37349547354296,0.540392151014879,0.1304256610300436,0.5039211345730036
22630_b6010fff,46586,30805.44868108881,0.025229168022926733,0.0010556548397149266,0.020089306385215173,0.005498051499093595,0.02558735788430877,0.28215840170572937,0.40264710536975123,0.09535354161719983,0.3775119433229292
22638_37f9fe91,10936,7231.537087888791,0.005805375309113195,0.00028375885024788225,0.0042548760029332555,0.005170375509047825,0.009425251511981082,0.10034164927917189,0.1293126023863171,0.02621391227259245,0.12655556155176434
22652_dc7405ef,110694,73197.49144173024,0.060158214398723604,0.002443725192947838,0.04856374293352735,0.005703557270787517,0.05426730020431487,0.6052749416348202,0.8902685440174605,0.21968463160385032,0.8249595732386705
22653_58d6287d,632,417.9161886929147,0.00019127264086257195,6.0656009421278465e-05,0.0,0.0045816754532142625,0.004259890287591196,0.042850831526195815,0.045282806275806824,0.0062303290813769,0.04908116060757271
22654_4c426b0f,14748,9752.25941589099,0.007882331769844111,0.00036629650836424616,0.005948027436797454,0.005236351955144522,0.011184379391941977,0.12009242219762811,0.15885470207214386,0.03360690714108175,0.15369932933870986
22659_0e686e14,12374,8182.428669123618,0.006588865180711059,0.0003148945145635515,0.0048935831807655535,0.005197529208405035,0.010091112389170587,0.10781488358698048,0.14047981773321366,0.029002770252888256,0.13681765383986874
22666_bdaa1303,52040,34411.95958794191,0.028200763127026005,0.0011737451826757475,0.02251177436010902,0.0055239214792130965,0.028035695839322118,0.3097314667029229,0.4442169388969008,0.10593103217668058,0.4156624988796035
22668_9c30f6c0,6550,4331.251639143341,0.0034156767160476637,0.0001887929088789494,0.0023067746941902406,0.005059213585370551,0.007365988279560792,0.07726435242053453,0.0949633923780684,0.017707701492635987,0.09497205391317051
22670_9353c710,325360,215147.48600178282,0.17711832342266462,0.007091686608794473,0.143910554502754,0.005970344624816377,0.14988089912757038,1.683019001307163,2.5187836412943723,0.6360079884871459,2.3190269897943088
22671_fdd1b1e6,1124,743.256006472842,0.00045933732572081207,7.130882363776615e-05,0.0,0.004694901924034175,0.004591645222592952,0.0464470983752881,0.050161326912194215,0.00718451414834876,0.05363161252363686
22678_ff42f120,5484,3626.3487006201653,0.0028348698988548103,0.00016571181140989275,0.001833296355129581,0.00502125271676361,0.006854549071893191,0.0715460724291966,0.08650358226406858,0.015640300514196955,0.08718637294339356
22680_1f4026f6,6676,4414.5703729650295,0.0034843274280235543,0.0001915210686173182,0.002362739300870956,0.0050633025576665444,0.007426041858537501,0.07793626708201588,0.09595928240740106,0.01795206596100683,0.09588833304302272
22681_124bf3a9,4730,3127.7588172745045,0.002424055320840353,0.00014938615710251123,0.0014983970421354556,0.004989860805527648,0.006488257847663104,0.0674560199545739,0.08047359524364783,0.014177992505057153,0.08163401245963105
22706_58a933f4,4512,2983.604182567138,0.002305278692183653,0.0001446660077139049,0.0014015693893069153,0.004979887808131889,0.006381457197438805,0.06626451667428561,0.07872105036654352,0.013755203186764743,0.08001971986105036
22710_77324fc2,3906,2582.8807484723498,0.001975101458394845,0.0001315448584960359,0.0011324062809853772,0.004949527338908247,0.006081933619893625,0.06292598251582712,0.07382245691295347,0.01257992645793355,0.07550590897376067
22714_c1ebb6b4,2820,1864.7526141044614,0.0013833977027931195,0.00010803071979866678,0.0006500446710230162,0.004881629085483085,0.005531673756506102,0.0568081659876528,0.06490650394561652,0.010473737468642004,0.06728190345629481
22717_08784417,38172,25241.608789218262,0.02064482603431447,0.0008734743949638548,0.01635211431686959,0.005451810080749163,0.021803924397618753,0.23955754440546584,0.33845202006543007,0.07903542545154692,0.31859296985701274
22727_c514268a,1678,1109.593931371378,0.0007611825196465539,8.33040656620226e-05,0.00014280990253589274,0.004775350918604961,0.004918160821140854,0.050026094796717116,0.05517583865729658,0.008258942048963417,0.05828503684568053
22729_232da678,3000,1983.7793767068738,0.0014814701484729634,0.00011192809085347934,0.0007299941091383248,0.0048944530760994896,0.005624447185237814,0.05783787009170459,0.06640026535645183,0.010822829566314637,0.06866069965801923
22732_cd2af0ac,92,60.83590088567746,0.0,4.896389625684077e-05,0.0,0.004222193557837068,0.0036605600778680768,0.03655161997876065,0.037534630153865246,0.005183052788359004,0.04173467276711965
22746_920025a0,31926,21111.38012691455,0.017241712169223888,0.0007382356193618587,0.013577868814268387,0.005410662259949326,0.01898853107421771,0.20786525853076288,0.2907283933111671,0.06692192966230659,0.27478718819306946
22747_3f6faf4c,1148,759.1262414864971,0.000472413651811458,7.182847311174115e-05,0.0,0.0046991095843864445,0.004606512808027262,0.04660937020519582,0.05038591495627346,0.007231059761371778,0.0538404299665676
22749_346e10ae,2952,1952.0389066795638,0.0014553174962916716,0.00011088879190552932,0.0007086742589742425,0.004891106937346003,0.0055997811963202455,0.05756401825139966,0.06600267792081835,0.0107297383402686,0.06829375659166825
22761_ca309655,1628,1076.5309417595968,0.0007339401736243751,8.222146259124132e-05,0.00012060172528164054,0.004769229844789364,0.004889831570071005,0.04971447733692567,0.05473486368094022,0.00816197202183213,0.0578764493587578
22762_dcbdd14d,5876,3885.56253917653,0.003048449891668693,0.0001741994194848179,0.0020074084648029193,0.005035973423286965,0.007043381888089884,0.07365646819205235,0.08962225513530099,0.016400545526906243,0.09005701371895859
22764_b884dce6,16530,10930.624365654874,0.008853248982074567,0.00040488048180689054,0.006739526874139007,0.005261739419759091,0.012001266293898097,0.12927079240286243,0.17260926997598885,0.0370629189080408,0.16633371131090324
22776_facf9bcf,12542,8293.520314219204,0.006680399463345581,0.0003185320608813766,0.0049682026563398415,0.005200501963911702,0.010168704620251543,0.10868597772674239,0.14178244041196553,0.02932858954404938,0.13801456727079178
22778_7d85debd,59334,39235.18851250855,0.03217487656474145,0.0013316753186413187,0.025751503257959347,0.005554729252186144,0.03130623251014549,0.3465688769848377,0.4997724959960051,0.12007701973459267,0.46664589671943035
22784_bcace961,6038,3992.6866255187015,0.0031367150927805523,0.00017770705343414923,0.002079362959106697,0.005041783991265334,0.007121146950372031,0.07452589164993502,0.09090831624412304,0.016714728414811614,0.09124062006474663
22787_49022c32,116728,77187.53302807998,0.06344582071668015,0.0025743737315297214,0.05124382576457052,0.005716407471116605,0.05696023323568712,0.635622526805081,0.9360985794523197,0.231386974478054,0.867009501283135
22812_cf865ed1,42546,28133.959120456882,0.02302798646433468,0.0009681805115958,0.018294885663071584,0.005476944825862345,0.02377183048893393,0.26171447186526975,0.3718348549591617,0.08751836342499188,0.3492328352902616
22824_65fa15ec,2640,1745.725851502049,0.0012853252571132757,0.0001041333487438542,0.0005700952329077079,0.004867995959464078,0.005438091192371786,0.05577037052957499,0.06340450802958218,0.010124645370969371,0.06589501590054436
22825_f4c18d65,15402,10184.72332001309,0.008238661655814212,0.00038045695653006516,0.0062385103952830746,0.00524599440728706,0.011484504802570135,0.12346416663804563,0.16390598400416964,0.034875275095958974,0.1583394417340046
22826_199df203,5146,3402.842890844524,0.002650711639744881,0.00015839341465141135,0.0016831690768908348,0.005007727105399333,0.006690896182290168,0.06971806687729798,0.08380604758942037,0.014984783130789459,0.08470285000808744
22827_f33929ec,37460,24770.791817146495,0.02025689502695864,0.0008580581272359295,0.016035869872769035,0.005447459420649548,0.021483329293418583,0.23594824608838041,0.33301532195593736,0.0776545722651974,0.31360281835357784
22832_731d3b9f,36560,24175.658004134435,0.019766532798559423,0.0008385712719618666,0.015636122682192496,0.005441845251539282,0.02107796793373178,0.23138478340783908,0.3261419235079553,0.07590911177683424,0.3072938951846733
22837_7644c972,3110,2056.5179538527923,0.001541403309721757,0.00011430981760919812,0.0007788520990976797,0.004901931924165133,0.005680784023262813,0.058463553359959085,0.06730947585797627,0.011036163626003466,0.06949971698596255
22839_113f2990,48,31.740470027309982,0.0,4.801120555455325e-05,0.0,0.0041073152148159275,0.0035261385388631944,0.03518247863351002,0.03603228304889663,0.005097719164483472,0.04028019779799349
22843_cb38a007,880,581.9086171673497,0.0003263946771325792,6.602572065235357e-05,0.0,0.004646436960783138,0.004434804354341164,0.04474046394119657,0.047820138149435,0.0067113004159480814,0.05145176435714466
22843_ff77027f,960,634.8094005461996,0.00036998243076806535,6.775788556560359e-05,0.0,0.00466361082446163,0.0044875113016264595,0.04531285333259826,0.04860080525300464,0.00686645245935814,0.0521793057919564
22844_9b75b8e0,1224,809.3819856964045,0.0005138220177651698,7.347402977932868e-05,0.0,0.004711899098418639,0.00465305875148592,0.0471178835624037,0.051091668385529074,0.0073784542026113335,0.05449633776501503
22852_dc1dbed6,13220,8741.854453354958,0.0070498056754063265,0.00033321215852117063,0.005269345539907502,0.00521212396871835,0.010481469508625853,0.11219771292018604,0.14703563511730247,0.030643503111949626,0.14284121603213568
22862_f5406bb0,4620,3055.0202401285856,0.0023641221595915593,0.00014700443034679244,0.0014495390521761004,0.004984884884764699,0.006434423936940799,0.06685536595934634,0.07958985682976219,0.013964658445368323,0.08082002440471467
22886_a6331748,2008,1327.8096628091341,0.0009409820033929345,9.044924592917897e-05,0.0002893838724139583,0.004811841676896882,0.005101225549310841,0.05204368674243052,0.058046498755923034,0.008898944228029908,0.060942630970460425
22890_4ecfa491,206998,136879.4544731898,0.11262915222512188,0.004528905315518222,0.0913384689793977,0.0058569569915447525,0.09719542597094244,1.0891123172500645,1.6212001700900738,0.4064566614608789,1.4955689787109434
22891_b8c84495,4466,2953.1862321242993,0.0022802157338432483,0.0001436700128887861,0.001381137866233003,0.00497772455277587,0.0063588624190088735,0.06601250993682077,0.0783506482912965,0.01366599076180396,0.07967850069862473
22892_68138f24,22546,14908.763275744392,0.012131048055463129,0.0005351392832832928,0.009411614761370648,0.005331443070204812,0.01474305783157546,0.160096765654501,0.21888157307964626,0.04873035257247721,0.20882711822697822
22893_eb8aa8ac,9474,6264.775271640307,0.005008809111424684,0.00025210353645823796,0.003605508900018918,0.005139010110018934,0.008744519010037852,0.09270610274826144,0.11792075788751605,0.02337850867927363,0.11608461142753507
22894_5f7c276d,53518,35389.30156086616,0.029006046875441612,0.0012057469294480417,0.02316824807974472,0.0055304847085477496,0.02869873278829247,0.31719912168781433,0.45547755174933924,0.10879746617868141,0.42599658786649575
22895_4533b542,2756,1822.4319874013813,0.0013485274998847306,0.00010664498786806674,0.0006216182041375732,0.004876879778352409,0.005498497982489982,0.05644015231265262,0.06437345856162961,0.010349615833913956,0.06678976814656658
22899_5b97e4f5,2436,1610.8288538859815,0.0011741764853427858,9.971632821506663e-05,0.0004794858697103584,0.004851424794251233,0.005330910663961592,0.05458299945317377,0.061690844900761176,0.009729007660273722,0.06431200711344749
22900_09de4c7a,3362,2223.1554214961698,0.0016787047336735384,0.00011976613708593572,0.0008907813124591115,0.004918152528402049,0.005808933840861161,0.05988780927937108,0.06938310540987458,0.011524892562745151,0.07141270184211623
22902_83870421,5580,3689.8296406747854,0.002887175203217394,0.00016779040930579278,0.0018759360554577455,0.0050249488054131064,0.0069008848608708515,0.0720638142212317,0.08726826516496236,0.015826482966289024,0.08789029718752073
22907_ff18dbd5,1146,757.8037219020258,0.00047132395797057076,7.17851689889099e-05,0.0,0.004698762178834696,0.0046052770753853434,0.04659587988081291,0.0503672321859876,0.007227180960286527,0.05382306084109943
22910_97f0cc18,36454,24105.56446615746,0.019708779024992403,0.0008362761534518103,0.015589041346413477,0.005441175336038267,0.021030216682451745,0.23084722200296168,0.3253323014639544,0.07570353531931591,0.3065507573222776
22919_3ee91d1a,94262,62331.670535714446,0.051205289801994736,0.002087938519766282,0.04126524756068986,0.00566482877887207,0.04693007633956193,0.5225939917173803,0.7654245829470444,0.18781640188742427,0.7104103936048045
22980_3cb3bcc8,5592,3697.7647581816127,0.002893713366262717,0.0001680502340427803,0.001881266017998766,0.005025406528112235,0.006906672546111001,0.0721284890614155,0.0873638068850586,0.015849755772800535,0.08797824483421604
22981_93f268ae,2606,1723.2430185660378,0.001266800461818194,0.00010339717865572295,0.0005549936723748164,0.004865321179121634,0.0054203148514964505,0.05557334615543842,0.06311978371954803,0.010058705752520096,0.06563205190795851
22983_0ab3faaf,55930,36984.260179738485,0.030320217647551523,0.00125797170158253,0.02423957055048985,0.005540831590059489,0.02978040214054934,0.3293822107546274,0.47385043731575965,0.11347530028749468,0.4428575110421221
22987_37973191,25276,16714.002508547648,0.013618480148274097,0.00059424941094795,0.010624181239452826,0.005357343409404004,0.01598152464885683,0.17402797604779033,0.23982115802551204,0.05402491605384546,0.2280528921016358
23002_4d53fb3f,4320,2856.642302457898,0.002200668083458486,0.00014050881192210482,0.0013162899886505863,0.004970714406954343,0.00628700439560493,0.06521122085142989,0.07717355719418072,0.013382838282580602,0.07859405913401049
23006_92c5b990,1006,665.2273509890383,0.00039504538910846996,6.875388039072236e-05,0.0,0.004672875014119365,0.004517207014358107,0.04563586941308027,0.04904347295924133,0.006955664884318924,0.05259153429739919
23008_3d1bb7b2,2442,1614.7964126393952,0.0011774455668654472,9.984624058356038e-05,0.00048215085098086844,0.004851930854436779,0.005334081705417647,0.05461810886162548,0.061741436790823175,0.009740644063529477,0.06435875292515496
23020_1d0d0f01,343621,227222.75106779757,0.1870677730368848,0.007487074902305208,0.15202142499955204,0.005984184159546389,0.15800560915909842,1.7746109395301743,2.6572264716396137,0.6714233817960344,2.446034321326209
23021_047d1f8a,31066,20542.696705591912,0.01677314381764241,0.0007196148465444209,0.013195888165495245,0.005404401318892887,0.018600289484388133,0.20349565350806817,0.28415135776236666,0.06525404519564845,0.2687496987037166
23022_86e6a8a0,1048,693.0002622629346,0.00041792895976710024,6.966326697017862e-05,0.0,0.004680985945734748,0.004543972814867061,0.04592732037540789,0.049444109547687264,0.007037119707109204,0.0529644400825171
23026_e6f08109,66624,44055.77239790625,0.036146810614775135,0.0014895188463612276,0.02898945550162934,0.00558208938586594,0.03457154488749528,0.3833517783360892,0.5552626722458915,0.13421524969033427,0.5175670280264235
23028_2ca87745,4096,2708.5201089971183,0.0020786223732791246,0.00013565875016500475,0.0012167973545515358,0.004959505220503181,0.006176302575054717,0.06397730687399131,0.0753629899648749,0.012948412561032439,0.07692571943502374
23034_b38134ee,14780,9773.41972924253,0.007899766871298305,0.00036698937432954617,0.005962240670240175,0.0052368331992744595,0.011199073869514634,0.12025749494077419,0.1591019556902722,0.03366896795844577,0.15392646289921996
23035_6087bb57,19496,12891.920909425737,0.010469264948110218,0.0004691004959656354,0.008056915948861255,0.0052986872955123,0.013355603244373555,0.1444943978878114,0.19544866056670748,0.04281518091746873,0.18730957880528012
23036_7f9d143f,59938,39634.589427018866,0.03250396410468938,0.0013447531637363565,0.026019778039190717,0.0055571151884796595,0.03157689322767038,0.3496176495451295,0.5043712476504266,0.12124841766233861,0.47086606720746815
23037_d0df320c,2728,1803.9167132187838,0.0013332717861123103,0.00010603873014842924,0.0006091816248751918,0.004874768658275014,0.005483950283150206,0.0562788133477628,0.06413991233298293,0.010295312618720437,0.06657412596648324
23039_b3d04774,792,523.7177554506146,0.0002784481481335443,6.412033924777853e-05,0.0,0.004625726070090054,0.004375007071680595,0.044092639204187274,0.046942886000607094,0.006540633168197017,0.05063327237238429
23041_8d3ea25c,15022,9933.444598963553,0.008031619826045652,0.00037222917319212754,0.006069728248150757,0.005240440632715335,0.01131016888086609,0.12150553780789869,0.1609714857674234,0.0341383028897612,0.15564384069765988
23043_c0827516,9500,6281.968026238434,0.005022975131356217,0.0002526664900550442,0.003617057152191129,0.005139607310257367,0.008756664462448495,0.09284228624589622,0.11812374982482877,0.0234289330933819,0.11627121933927811
23044_9a964a68,17414,11515.178021991167,0.00933489365974669,0.00042402090409830343,0.007132167447994189,0.005273375242519066,0.012405542690513255,0.13381434146897755,0.17942277228565007,0.03877734898772195,0.1725916904566995
23045_a8c4e4bc,25972,17174.239323943642,0.013997693604902826,0.0006093192456932253,0.010933319066832018,0.005363517303491298,0.016296836370323316,0.17757537655382918,0.24515523302116987,0.055374738831512976,0.23295011538534216
23048_8a1a5553,31994,21156.345792786575,0.01727876175981405,0.0007397079595381213,0.01360807193533417,0.0054111503982322935,0.019019222333566465,0.20821069305501683,0.29124836763074835,0.06705380889920513,0.275264501954222
23049_207a41f0,30522,20182.971378615734,0.0164767470929211,0.0007078361251343206,0.012954263196968982,0.005400354632184473,0.018354617829153454,0.20073076150958996,0.2799901223530436,0.06419901130046006,0.26492977281005003
23053_139f2009,35240,23302.79507838341,0.0190473348635739,0.0008099905508932411,0.015049826802680232,0.005433366993622123,0.020483193796302354,0.22468926337749068,0.31605845449186226,0.07334910306056827,0.2980383664380589
23083_fdb942ac,19444,12857.535400229484,0.010440932908247151,0.0004679745887720229,0.008033819444516832,0.0052980872946171405,0.013331906739133974,0.14422797488835892,0.19504872584829255,0.04271433208925219,0.1869423069776111
23096_7da0f913,868,573.9734996605222,0.00031985651408725625,6.576589591536606e-05,0.0,0.004643732748235778,0.004426770179252784,0.04465332420253046,0.04770173408482236,0.006688027609436572,0.05134135181196703
23101_6aec02ee,25582,16916.348004971747,0.01378520330592983,0.0006008749417411313,0.01076009528424885,0.005360077596437489,0.01612017288068634,0.17558780705453436,0.24216651321648047,0.05461837261988894,0.2302061796744233
23102_211ad1db,5992,3962.2686750758626,0.0031116521344401477,0.0001767110586090304,0.0020589314360327845,0.005040149401825055,0.007099080837857839,0.07427917157162757,0.09054329435891306,0.016625515989850827,0.0909046875614784
23103_43bde2a6,728,481.3971287475347,0.00024357794522515542,6.273460731717851e-05,0.0,0.004609229330513764,0.004330083865218863,0.043607151204730965,0.04629028795184122,0.00641651153346897,0.050023662738199935
23103_66470b7e,2174,1437.578788320248,0.0010314265921865684,9.404348812417279e-05,0.00036311502089807603,0.004828074561664154,0.00519118958256223,0.05303736590593304,0.05946892143970367,0.00922088471810578,0.06225825062403882
23120_f7c9092f,16220,10725.63383006183,0.008684346436737057,0.00039816834276804665,0.006601836175162643,0.005257517412807821,0.011859353587970464,0.12767605065920976,0.1702184788582277,0.03646170473982682,0.16413775539903658
23121_cbdf3ebc,11096,7337.338654646491,0.005892550816384168,0.0002872231800743823,0.004325942170146863,0.005173560660302825,0.009499502830449688,0.10117480230095544,0.13055679759039182,0.02652421635941257,0.127699018660368
23123_f35404c4,47304,31280.233211913986,0.025620368111805222,0.0010712010198113456,0.020408215810586237,0.005501618175814681,0.02590983398640092,0.2857899089956258,0.4081212667008519,0.09674603120680511,0.38253594020243087
23127_38d73061,3050,2016.842366318655,0.0015087124944951423,0.0001130106939242606,0.000752202286392577,0.0048978845557429975,0.005650086842135574,0.05812259160977515,0.06681386855161807,0.010919799593445922,0.06904239120322107
23128_cb135b1b,2726,1802.5941936343127,0.0013321820922714233,0.000105995426025598,0.0006082932977850219,0.004874617071022088,0.0054829103688071095,0.05626728120636812,0.06412322238960158,0.010291433817635184,0.0665587150240033
23130_7417d5b3,40112,26524.452786155372,0.02170182905997501,0.0009154793941101679,0.01721379159433458,0.005463281454220343,0.022677073048554923,0.24938803893963443,0.3532615979677819,0.08279786250424084,0.3321859014438753
23132_1847c4ef,20236,13381.253155680099,0.010872451669238465,0.00048512302141319816,0.00838559697222419,0.005307063618158893,0.013692660590383083,0.14828418059448248,0.20113838904788245,0.04425033731901177,0.19253451791349424
23136_2b469508,16452,10879.046101860496,0.008810750922279969,0.0004031916210164718,0.006704882117622374,0.005260684292708758,0.011965566410331132,0.12886960664660776,0.17200778919665408,0.036911645665715996,0.16578125231232377
23144_88ca00a5,236612,156462.00196045561,0.128764248927138,0.005170109462280552,0.10449192820354627,0.0058902571580539955,0.11038218536160027,1.2377562120054213,1.8458244270107504,0.46389006913019737,1.7016462811356186
23152_6f2706c9,37154,24568.446320722396,0.020090171869302908,0.0008514325964427481,0.015899955827973013,0.005445565234884142,0.021345521062857156,0.23439681509431723,0.33067851538957116,0.07706111569915391,0.31145793079347117
23154_7c74d190,31194,20627.337958998072,0.016842884223459188,0.0007223863104056209,0.013252741099266132,0.005405343615133455,0.018658084714399586,0.20414611767786067,0.28513037157758353,0.06550228846510456,0.26964840614296526
23155_d7305c5f,23554,15575.313146317902,0.012680253751270255,0.0005569645611902431,0.009859331614816376,0.0053413394628305634,0.01520067107764694,0.1652439290889299,0.22661650298879896,0.05068526831944395,0.21592919740837385
23156_7788f78a,129888,85889.7118939008,0.07061600618971763,0.0028593148597593513,0.05708901801788974,0.005742358526741419,0.06283137654463115,0.7017890864957885,1.036031600937201,0.2569094856190086,0.9586985721147971
23158_c7e753c2,14770,9766.807131320174,0.00789431840209387,0.0003667728537153899,0.005957799034789324,0.005236682917752545,0.01119448195254187,0.12020591078122796,0.15902469002627187,0.03364957395301951,0.15385548473424748
23161_e7f63a9f,7592,5020.284342652862,0.0039834072071498715,0.000211354356874031,0.002769593108168859,0.0050909814611571486,0.007860574569326009,0.082800507257284,0.10317840988089487,0.019728556858052,0.102529064115336
23162_7e2f3d77,46278,30601.780665080234,0.02506135517143011,0.0010489860047989139,0.01995250401332898,0.005496505343498017,0.025449009356826997,0.28060043474449897,0.4002986934258896,0.09475620625007111,0.3753566409945701
23163_7b143a6f,508,335.9199744556973,0.00012371162272756836,5.797115380574092e-05,0.0,0.004539442257529731,0.00416258081231612,0.04180749089969451,0.04391387283890798,0.005989843414091309,0.04779733431378582
23164_659c91ef,144,95.22141008192995,0.0,5.0089803450453284e-05,0.0,0.004303166929569037,0.003764629953944468,0.03762177668658124,0.03875251813187928,0.005283901616575542,0.04290567830315678
23168_7fdf5427,11664,7712.934216636325,0.006202023867196119,0.00029952155095845753,0.00457822706375517,0.005184523323618254,0.009762750387373424,0.10412904929188882,0.13497018335809707,0.027625795867623985,0.1317548451595128
23170_6ea8ded5,34980,23130.86753240215,0.018905674664258573,0.0008043610149251786,0.01493434428095812,0.0054316612415360125,0.02036600552249413,0.22337009090412505,0.3140719524011178,0.07284485891948557,0.29621494982361063
23172_4ab01e83,22934,15165.332075131815,0.012342448660595237,0.0005435402831125554,0.009583950216863646,0.005335301621121095,0.014919251837984742,0.16207850732355522,0.22185940817203226,0.049482839983015996,0.21156134730657122
23174_8ef93daf,126946,83944.2855851436,0.06901306654977263,0.0027956144950745812,0.05578228886824953,0.005736782959323419,0.06151907182757295,0.6869993993205766,1.0136932508042424,0.25120376922260373,0.9382031685431804
23176_1bf2a2d5,17894,11832.582722264266,0.009596420181559605,0.0004344138935778035,0.007345365949635011,0.0052794584757974335,0.012624824425432444,0.13627907832946184,0.1831200213923188,0.0397082612481823,0.17598733957764415
23178_eb4b4280,62026,41015.29987320685,0.03364160447457557,0.0013899626679721824,0.026947191521328295,0.005565189519121124,0.03251238104044942,0.36015537754704197,0.5202671507894655,0.12529788599534114,0.4854532635423831
23184_731e5af0,1710,1130.754244722918,0.0007786176211007484,8.399693162732261e-05,0.00015702313597861428,0.004779177397022285,0.004936200533000899,0.050224619882737055,0.055457136452756337,0.00832100286632744,0.058545622749064496
23194_b675acc0,14576,9638.522731626465,0.007788618099527818,0.0003625723538007586,0.005871631307042826,0.005233748011482079,0.011105379318524905,0.11920498363857762,0.1575255382570728,0.033273330247750116,0.15247831388632774
23195_2629864e,63476,41974.12657194851,0.03443163250921876,0.001421358157024839,0.027591228661701616,0.00557064496134624,0.03316187362304786,0.36747172689672214,0.5313044282512872,0.12811001678214845,0.4955817436788706
23199_75dc1efd,2044,1351.6150153296167,0.0009605964925289033,9.122872014014148e-05,0.0003053737600370199,0.004815468446612685,0.005120842206649705,0.05226024727916609,0.05835605863663502,0.008968762647564434,0.06122900992673053
23204_ff1672a9,87952,58159.121246707655,0.047767305733995756,0.0019513140122336856,0.03846257559120322,0.005648211080806744,0.04411078667200996,0.49082648646632904,0.7174658851857317,0.17557878446345593,0.666405270929785
23209_1592b0a4,3326,2199.3500689756875,0.0016590902445375699,0.0001189866628749732,0.00087479142483605,0.004915908058165062,0.005790699483001112,0.05968507173742366,0.06908761307855947,0.011455074143210623,0.07114014588063429
23210_f535bfd2,3120,2063.130551775149,0.001546851778926193,0.00011452633822335439,0.0007832937345485303,0.0049025992066160165,0.005685892941164547,0.058520307528795015,0.06739200299839179,0.011055557631429723,0.06957586516022474
23211_3aac9c7e,3278,2167.6095989483774,0.001632937592356278,0.00011794736392702319,0.0008534715746719677,0.0049128789674519596,0.005766350542123927,0.05941439037752257,0.06869325221505282,0.011361982917164589,0.07077637329468717
23213_3df3cb34,122464,80980.51919634354,0.06657106265234451,0.0026985699558097487,0.05379154785917835,0.005728046352262762,0.05951959421144111,0.6644655747225653,0.9796593468074338,0.24251137599055522,0.9069769507131205
23214_0c411aa1,114104,75452.3873332537,0.06201614239743619,0.0025175587223751203,0.050078340622267355,0.005710899382385483,0.05578924000465284,0.6224261011663397,0.9161693291497305,0.2262979874542041,0.8487240886205438
23215_08a54de0,13918,9203.413788335423,0.007430108825875943,0.00034832529738927713,0.005579371694376865,0.005223507119090818,0.010802878813467684,0.11580722225794206,0.15243787154282812,0.031997204690702385,0.14780442694864443
23217_7c6062e3,13516,8937.587351856702,0.007211080363857625,0.0003396211687001957,0.005400817949252677,0.005217019864862018,0.010617837814114694,0.11372907967370477,0.14932725358493826,0.03121756567256684,0.1449466453462716
23218_02d26ab4,2194,1450.8039841649604,0.0010423235305954401,9.447652935248529e-05,0.00037199829179977706,0.004829949596024958,0.005201947887824735,0.05315627893819527,0.05963947603427212,0.009259672728958295,0.062415951667153566
23219_40625e2c,2652,1753.6609690088765,0.0012918634201585985,0.00010439317348084171,0.0005754251954487285,0.004868932129343698,0.005444357324792427,0.05583982984156371,0.06350491886773026,0.01014791817748088,0.06598774801904458
23221_42f37ae3,2516,1663.7296372648314,0.001217764238978272,0.00010144849312831666,0.0005150189533171619,0.004858076216643926,0.005373095169961088,0.05505016443171747,0.062364425974977454,0.009884159703683781,0.06493432413540126
23226_8d1b5098,63640,42082.57317787515,0.034520987404171505,0.0014249090950970017,0.027664071483095562,0.0055712544612647645,0.03323532594436033,0.36829915594287177,0.5325527057656134,0.12842807847113907,0.49672723441401084
23233_ac09e2e5,19836,13116.74923878585,0.010654512901061033,0.000476462196846948,0.008207931554190171,0.005302573017560191,0.013510504571750362,0.1462360208154116,0.19806323812386634,0.043474577101961474,0.18971059791737307
23235_f9ccb8b0,115584,76431.05182576244,0.0628225158396927,0.002549603773270246,0.05073570266899323,0.0057140208090205695,0.0564497234780138,0.629869354393101,0.9274100623081936,0.22916830025729018,0.8590376546503912
23236_d5867507,3192,2110.7412568161135,0.0015860807571981303,0.0001160852866452794,0.0008152735097946536,0.004907344044216191,0.005722617554010844,0.058928341583951854,0.06798559190526755,0.011195194470498776,0.07012353605445062
23238_3c864758,8008,5295.368416222882,0.0042100635260544,0.00022036161442293118,0.002954365142924239,0.005102509754627951,0.008056874897552191,0.08499917411599923,0.1064463608508885,0.020535347483784307,0.10553452159978355
23239_ba13cf5e,6278,4151.388975655251,0.0032674783536870105,0.00018290354817389928,0.0021859622099271074,0.00505012349586971,0.007236085705796817,0.07581123895982908,0.09281085697249153,0.017180184545041787,0.09299142350487087
23244_34b5f55e,2714,1794.6590761274852,0.0013256439292261004,0.00010573560128861049,0.0006029633352440014,0.004873705304839497,0.005476668640083499,0.0561980659313497,0.06402305990589384,0.010268161011123676,0.06646622694247337
23245_ccd099b6,4102,2712.487667750532,0.0020818914548017863,0.0001357886625334985,0.0012194623358220463,0.00495981303976081,0.006179275375582856,0.06401043387316384,0.07541156437313308,0.012960048964288193,0.07697048283745203
23250_aa321310,576,380.8856403277198,0.00016076121331773166,5.944349398200345e-05,0.0,0.004563686604150458,0.004217028280002629,0.042390487507326026,0.04467561215905191,0.006121722650989859,0.04851221015831589
23251_3eb3d2e6,11298,7470.913132678086,0.00600260989431377,0.0002915968964803386,0.004415663206254042,0.005177519680167982,0.009593182886422025,0.10222603565501436,0.1321269606893076,0.02691597526902297,0.12914201092403732
23252_ef165bed,10920,7220.956931213021,0.005796657758386097,0.00028341241726523227,0.004247769386211894,0.0051700545434194035,0.009417823929631298,0.1002583094719643,0.12918815792734065,0.02618288186391044,0.12644119133587475
23258_87a2ba81,76898,50849.55550333506,0.041744567875412454,0.0017119721253453628,0.033552791763833106,0.005616136711866596,0.0391689284756997,0.4351458247577548,0.6334206038419044,0.15414065086527107,0.5892864756230258
23259_d655fcc1,8348,5520.1967455829945,0.004395311479005216,0.0002277233153042438,0.0031053807482531548,0.005111513675458131,0.008216894423711285,0.08679197903142231,0.10911302590087817,0.021194743668277054,0.10798672269969936
23265_07de6a0b,2392,1581.733423027614,0.0011502032208432684,9.876363751277912e-05,0.00045994267372661624,0.0048476767951892204,0.005307619468915836,0.05432516154751441,0.06131946226991301,0.00964367403639819,0.0639688355839126
23271_f833d903,64164,42429.07330900661,0.03480648719048393,0.0014362547752787892,0.027896813180720122,0.0055731918568870265,0.03347000503760715,0.37094279234183425,0.5365410025687222,0.12944432435547498,0.5003871166973093
23273_8f301ce3,87686,57983.22614197298,0.04762237645315777,0.001945554563897129,0.03834442808821059,0.00564748573173468,0.04399191381994527,0.48948706921650764,0.7154439188200385,0.17506290391911744,0.664549973135625
23282_a1b17daa,15640,10342.103150565168,0.008368335222879782,0.000385610147146984,0.006344221319013315,0.005249406378297601,0.011593627697310916,0.12469022234313593,0.16574323037159228,0.0353368524251039,0.16002707476823982
23283_fadf3820,25956,17163.659167267873,0.013988976054175728,0.0006089728127105753,0.010926212450110658,0.005363377163219297,0.016289589613329956,0.1774938450001859,0.24503262880714227,0.05534370842283096,0.23283755342301685
23305_2662b29a,1420,938.988904974587,0.0006206120141721111,7.771783381679126e-05,2.821570790395079e-05,0.00474166759132941,0.00476988329923336,0.0483971628403225,0.05287905063627904,0.007758576708965978,0.05615573954928848
23308_245d257c,2906,1921.620956236725,0.0014302545379512672,0.00010989279708041056,0.0006882427359003302,0.004887850966560671,0.0055760937024610015,0.057301084359641694,0.06562115536949928,0.010640525915307817,0.06794161027494951
23309_76dcf100,8624,5702.704448240026,0.004545689229047643,0.0002336992842549564,0.0032279698866966274,0.005118568138022037,0.008346538024718665,0.08824476876048926,0.11127513940110961,0.02173001821804176,0.10997478697853101
23310_7daded69,178784,118222.67069505391,0.09725684121172679,0.003918014054737769,0.07880683871836819,0.005820680694594297,0.08462751941296248,0.9474500493960893,1.4071487018959323,0.35173841455123644,1.299188463947326
23311_ad36a9ec,14164,9366.083697225387,0.007564141168305063,0.000353651704497521,0.005688635926467787,0.005227389000291796,0.010916024926759582,0.11707804214039841,0.15434048915698634,0.03247429722418832,0.14955233936458673
23313_210c6783,9872,6527.956668950086,0.005225658185761229,0.0002607210569016569,0.003782285990962766,0.005147984648539138,0.008930270639501903,0.09478908563768192,0.12102639423092208,0.024150390095238672,0.11893947573292059
23318_65e3a7c9,8246,5452.7482467749605,0.0043397370931199716,0.00022551480503985,0.0030600760666544802,0.005108849937858881,0.008168926004513362,0.08625451194329344,0.1083134073959761,0.02099692481292923,0.10725143675622267
23320_e0711ae9,26276,17375.26230078327,0.014163327068717672,0.0006159014723635753,0.011068344784537871,0.005366164378151942,0.016434509162689813,0.17912432016797938,0.24748455442436887,0.0559643165964712,0.23508863676445058
23321_c9497b79,7866,5201.469525725423,0.004132695263351412,0.00021728702170191238,0.0028912939195221625,0.005098640447332068,0.00798993436685423,0.08424932595359563,0.10533152831652556,0.020259952606731454,0.10450927856032709
23322_8f85d82d,8450,5587.6452443910275,0.004450885864890461,0.0002299318255686376,0.0031506854298518293,0.005114146426683855,0.008264831856535685,0.08732913625581594,0.1099123290599765,0.02139256252362488,0.10872169877944082
23323_075a079e,28362,18754.650227386785,0.015299877744762975,0.0006610676724765699,0.01199486993958528,0.0053835743765561226,0.0173784443161414,0.18974538857865356,0.26346031864288266,0.060009906128388475,0.24975529470704202
23329_6939d5d9,91658,60609.750036732876,0.049786508421159656,0.0020315565518399933,0.040108645689288396,0.00565810408221026,0.04576674977149865,0.5094855626879862,0.7456344238468141,0.18276620287442685,0.692251765562413
23331_192866b6,15864,10490.225344025948,0.008490380933059144,0.00039046020890408405,0.006443713953112365,0.005252572527046588,0.011696286480158954,0.12584370594355276,0.16747194426020734,0.03577127814665207,0.16161498409020483
23339_87a4d11f,76010,50262.35680782983,0.04126074381005856,0.0016927450948082874,0.033158374535797584,0.005613371560443375,0.038771746096240955,0.4306709498672764,0.6266670831286669,0.1524184631834194,0.5830894130506958
23341_d5ead6d2,2188,1446.8364254115465,0.0010390544490727785,9.434661698399153e-05,0.0003693333105292667,0.004829388810135435,0.0051987221206647016,0.05312062227270379,0.05958832720517066,0.009248036325702539,0.06236865859840633
23342_7193a931,7022,4643.366261078556,0.0036728444624970326,0.00019901268186712454,0.0025164198874703825,0.005074162088443097,0.007590581975913479,0.07977767690349895,0.09869027360563261,0.018623098548755334,0.09840077545225429
23343_f000bdae,10000,6612.597922356246,0.005295398591578007,0.0002634925207628569,0.003839138924733652,0.0051507973963912206,0.008989936321124872,0.09545825432358959,0.1220244434800972,0.024398633364694767,0.11985688768828436
23351_6104d55d,13116,8673.083434962453,0.006993141595680194,0.0003309603441339456,0.005223152531218658,0.005210378836454506,0.010433531367673164,0.11165941561654578,0.14623021793196983,0.03044180545551655,0.14210122107206233
23354_8182b4eb,62586,41385.6053568588,0.033946718750023974,0.0014020878223649324,0.027195923106575922,0.005567310781268679,0.0327632338878446,0.36298114545083493,0.5245299693274696,0.12638395029921157,0.4893650957500465
23363_60e39812,8886,5875.95451380576,0.004688439122203861,0.00023937212434585025,0.0033443407355089098,0.00512506752165404,0.00846940825716295,0.08962189381817921,0.11332557314254592,0.0222381411602097,0.11186003497838891
23366_cc0bc28e,2016,1333.0997411470191,0.0009453407787564832,9.062246242050398e-05,0.0002929371807746386,0.004812652976137587,0.0051055901569122255,0.052091864810299246,0.058115344291263804,0.008914459432370913,0.06100632424267016
23368_648717d8,26094,17254.913018596388,0.014064164929196942,0.0006119607971859316,0.010987507019332394,0.005364583162572645,0.01635209018190504,0.17819702754543326,0.24609006256866708,0.05561134569771331,0.23380837324314657
23369_447545f6,10290,6804.363262104577,0.005453404198506644,0.0002697716185733883,0.0039679463528083155,0.0051570445728440105,0.009124990925652325,0.09697308507360328,0.12428437206085911,0.02496105952205623,0.1219341445956595
23372_4cb88567,67522,44649.58369133384,0.03663608314933347,0.0015089623975124591,0.02938831436511571,0.005585259140922953,0.03497357350603866,0.3878807806072326,0.5620960468385823,0.13595683137761216,0.5238376119848447
23373_f5dac851,5280,3491.451703004098,0.0027237211270843206,0.00016129479088110516,0.0017426869919322315,0.005013188315617315,0.006755875307549546,0.0704437689934609,0.08487649178144158,0.015244662803501306,0.0856884317969622
23374_57cca189,2344,1549.992953000304,0.0011240505686619766,9.77243385648291e-05,0.000438622823562534,0.004843512015903362,0.005282134839465896,0.054043123301885765,0.060913543596147764,0.009550582810352155,0.06359370611223791
23376_9b48819a,492090,325399.33116122853,0.2679606504682223,0.010701734808621691,0.21796594237478384,0.006076002319042977,0.22404194469382682,2.5190818322151123,3.7826095935728,0.9593642409591344,3.4784460731742466
23377_690165aa,22614,14953.728941616415,0.012168097646053292,0.0005366116234595552,0.009441817882436431,0.005332123884012392,0.014773941766448823,0.16044412693400106,0.21940350824237445,0.04886223180937576,0.20930635874337683
23378_8d6426ae,17390,11499.307786977512,0.009321817333656043,0.0004235012546243284,0.007121507522912147,0.00527306688206817,0.012394574404980317,0.13369106263808356,0.179237867099603,0.03873080337469893,0.17242186601278248
23379_636204a6,22392,14806.929267740106,0.012047141629714818,0.0005318048658252864,0.00934321357542755,0.005329893929386704,0.014673107504814254,0.15931002154368265,0.21769946917746172,0.04843168488891285,0.20774170643259549
23380_abffc859,45674,30202.37975056992,0.02473226763148219,0.0010359081597038763,0.019684229232097613,0.005493444449779302,0.025177673681876914,0.2775449126099552,0.3956930727846347,0.09358480832232516,0.37112972093228036
23387_c4aa9424,60514,40015.47506734659,0.03281779593086488,0.0013572247511117567,0.02627561624115971,0.005559369167043466,0.031834985408203176,0.3525248747640084,0.5087565948504821,0.12236551237489104,0.4748903871388994
23403_e539620b,2812,1859.4625357665764,0.0013790389274295708,0.00010785750330734176,0.0006464913626623358,0.00488104109973713,0.005527532462399466,0.056762221054731575,0.06483993105355351,0.010458222264300997,0.06722044331903257
23406_1d36b046,6924,4578.562801439464,0.0036194494642935613,0.00019689077984839324,0.002472891860052048,0.005071139221381505,0.007544031081433552,0.07925665105847748,0.09791729477386288,0.018433037295578013,0.0976896883540555
23408_e5fd25ba,9556,6318.998574603628,0.005053486558901058,0.00025387900549431923,0.0036419303107158908,0.005140888289611643,0.008782818600327534,0.09313555156767071,0.11856090931011837,0.02353753952376894,0.11667309109143965
23409_e27e3b8b,83734,55369.927443057786,0.04546914142356474,0.0018599856171825776,0.036589093758034485,0.005636453495453634,0.04222554725348812,0.46958459957562854,0.6854006742334185,0.16739839297466058,0.6369829925502891
23413_6702ec7f,107374,71002.10893150796,0.058349322622850926,0.0023718403490479616,0.047089119963844996,0.005696197814841269,0.052785317778686267,0.5885743407587616,0.8650492087237136,0.21324582180233287,0.8018201625610945
23414_f7d4a688,23432,15494.639451665156,0.012613782426976139,0.0005543230096975368,0.009805143662316,0.005340163495535949,0.015145307157851949,0.16462117701519316,0.22568055287896854,0.05044866145324361,0.21506983846843677
23417_9a9e9937,90734,59998.74598870716,0.04928306986666979,0.0020115500470919553,0.039698238573629814,0.005655673848211905,0.04535391242184172,0.504833744132179,0.7386116610207583,0.18097419677304072,0.6858079409052197
23419_ea47995f,32530,21510.781041424867,0.017570799709171806,0.0007513134644568963,0.013846143595499754,0.005414963660053842,0.019261107255553595,0.21093318572916464,0.29534663848504095,0.06809332759005253,0.2790265133192172
23422_f214bd4d,585402,387102.8048943191,0.3188014063086534,0.012722131963436524,0.2594117310937597,0.006120900717105704,0.2655326318108654,2.9868498563807435,4.489776721164358,1.1403335843926268,4.12718344077337
23434_6635ed57,11586,7661.355952841946,0.00615952580740152,0.00029783269016803876,0.004543582307238536,0.005183048565229615,0.00972663087246815,0.10372366722225107,0.13436443202475384,0.027474522625299178,0.13119818984755025
23435_e1c96b4d,3240,2142.4817268434235,0.0016122334093794219,0.00011712458559322942,0.0008365933599587358,0.004910450661427304,0.005747044021386039,0.059199798208833046,0.06838074174964053,0.01128828569654481,0.07048808390537786
23438_b1ef78f4,376,248.63368188059485,5.1791829229016134e-05,5.5113081698878374e-05,0.0,0.004481896049525952,0.004046405016361114,0.040570955074539033,0.04232851111184715,0.005733842542464712,0.04630479761700375
23439_18900af2,46274,30599.13562591129,0.025059175783748333,0.0010488993965532514,0.01995072735914864,0.0054964851988081485,0.02544721255795679,0.28058020075986945,0.4002681939105502,0.09474844864790061,0.37532864940777005
23440_5956321f,33642,22246.101930390883,0.018176669484705064,0.0007753905567510718,0.014340053457634328,0.005422686499650117,0.019762739957284444,0.21657945961430058,0.3038471054379366,0.07024994099345234,0.2868294006077529
23442_28996649,14236,9413.694402266352,0.0076033701465770005,0.000355210652919446,0.005720615701713911,0.0052285129506629575,0.010949128652376868,0.11744986732326514,0.15489722858895796,0.03261393406325737,0.1500638013865225
23451_14c8d09e,34238,22640.212766563316,0.01850139824928944,0.0007882951853547845,0.014604774930505016,0.005426725671424893,0.02003150060192991,0.21960469945394331,0.3084020929264838,0.07140582371685728,0.29101052317080056
23466_1cf60d09,21852,14449.848979932869,0.011752924292675286,0.0005201127526608488,0.009103365261081625,0.005324380074744187,0.014427745335825812,0.15655049040359426,0.21355359702384197,0.047384408595894954,0.20393489899948922
23467_9f431540,28070,18561.562368053983,0.015140782443993452,0.0006547452705432073,0.011865174184420447,0.005381212608379898,0.017246386792800345,0.1882593956425401,0.2612247842939824,0.05944360116994176,0.24770299681248187
23468_a0bfb573,7436,4917.127815064105,0.003898411087560674,0.00020797663529319345,0.002700303595135592,0.005086501750885026,0.007786805346020618,0.08197444118306005,0.10195133455943614,0.019426010373402386,0.10140045155646243
23473_1dfa6e40,27962,18490.146310492535,0.015081938976585545,0.0006524068479103198,0.011817204521551262,0.005380333113387626,0.01719753763493889,0.18770972217388476,0.26039788212430626,0.05923414591133818,0.24694386808522295
23475_b14d1dc8,25936,17150.43397142316,0.013978079115766857,0.0006085397714822628,0.010917329179208958,0.005363201871503261,0.01628053105071222,0.17739192939437134,0.24487937235525825,0.055304920411978445,0.2326968498063498
23476_705b76d1,10502,6944.55033805853,0.005568911745640682,0.00027436185559350087,0.004062109024366345,0.0051615056922760276,0.009223614716642372,0.09807942076765791,0.12593538124741124,0.025372212437092884,0.12345163320475079
23480_3f7a8d50,5202,3439.873439209719,0.002681223067289721,0.00015960593009068638,0.0017080422354155975,0.005010025775787144,0.006718068011202742,0.07002150910940783,0.0842535640336066,0.0150933895611765,0.08511489867058433
23493_57512264,20240,13383.898194849042,0.010874631056920239,0.0004852096296588607,0.00838737362640453,0.0053071080934769515,0.013694481719881482,0.14830465788539393,0.20116913617404658,0.044258094921182274,0.1925627528065762
23495_6366269c,123110,81407.69302212774,0.06692303376295106,0.0027125571874842425,0.05407847750930329,0.005729324281021984,0.05980780179032527,0.667713608853688,0.9845649146561956,0.24376422874109144,0.9114778375947794
23501_6c48b3c1,43832,28984.3392132719,0.02372865960402512,0.0009960250625762944,0.018866079982050955,0.005483864458311062,0.024349944440362016,0.2682241290702216,0.38164495868261533,0.09001243252280856,0.35823656159303013
23502_5a80f907,353222,233571.5063330518,0.19229884832006358,0.007694956343956627,0.15628583919591357,0.005991180456822154,0.16227701965273572,1.8227640011913773,2.7300120567390405,0.6900435664057841,2.5128075675971613
23505_161e8ec5,3548,2346.149742851996,0.001780046260876044,0.00012379342050924204,0.0009733957318449303,0.004929394390080683,0.0059027901219256135,0.06093174090064142,0.07090620737986102,0.011885621063673538,0.07281736196431496
23511_8651ac1f,744734,492462.65011080564,0.4056129558367695,0.016171998212910946,0.33018119705925036,0.006183696628446491,0.33636489368769684,3.7854338909266487,5.697136786548763,1.44934215165027,5.234776042576919
7778_3a9748b3,457522,302540.90266322746,0.2491263821223287,0.009953266349606355,0.20261209694828394,0.006057266700729295,0.20866936364901323,2.345773284962067,3.520613815090365,0.8923230430016481,3.2380963279637154
7780_6c885e81,32428,21443.332542616834,0.017515225323286563,0.0007491049541925026,0.013800838913901079,0.005414242660395196,0.019215081574296276,0.2104151460204418,0.2945667910661903,0.06789550873470471,0.2783106547551465
